ISO-10303-21;
HEADER;
FILE_DESCRIPTION(('ViewDefinition[CoordinationView_V2.0, QuantityTakeOffAddOnView]', 'Option [BaseQuantities:On]', 'Option [GridExport:Off]', 'Option [Assemblies:On]', 'Option [Bolts:On]', 'Option [Rebars:On]', 'Option [PourObjects:Off]', 'Option [Welds:On]', 'Option [SurfaceTreatments:On]', 'Option [LocationBy:-1]', 'Option [ViewColors:Off]', 'Option [SectionedSpine:Off]', 'Option [PropertySets:On]', 'Option [Export all:Off]'),'2;1');
FILE_NAME('SIM25031-A06-CIV-3D-3008-TANQUE-SUMIDERO.ifc','2026-05-06T16:53:17',('HYTECH\\gluduena'),('Structural Designer'),'IFC Parser Version: 3.13.2','Tekla Structures 2022 Service Pack 4, IFC Export Version: 4.0.0.0 Aug 24 2022','');
FILE_SCHEMA(('IFC2X3'));
ENDSEC;

DATA;
#1= IFCPERSON('HYTECH\\gluduena','Undefined',$,$,$,$,$,$);
#2= IFCORGANIZATION($,'Trimble Solutions Corporation',$,$,$);
#3= IFCPERSONANDORGANIZATION(#1,#2,$);
#4= IFCAPPLICATION(#2,'2022 Service Pack 4','Tekla Structures','Multi material modeling');
#5= IFCOWNERHISTORY(#3,#4,$,.NOCHANGE.,$,$,$,1778097196);
#6= IFCCARTESIANPOINT((0.,0.,0.));
#7= IFCDIRECTION((1.,0.,0.));
#8= IFCDIRECTION((0.,1.,0.));
#9= IFCDIRECTION((0.,0.,1.));
#10= IFCAXIS2PLACEMENT3D(#6,#9,#7);
#11= IFCDIRECTION((0.,1.));
#12= IFCGEOMETRICREPRESENTATIONCONTEXT($,'Model',3,1.E-05,#10,#11);
#13= IFCGEOMETRICREPRESENTATIONSUBCONTEXT('Body','Model',*,*,*,*,#12,$,.MODEL_VIEW.,$);
#14= IFCGEOMETRICREPRESENTATIONSUBCONTEXT('Axis','Model',*,*,*,*,#12,$,.GRAPH_VIEW.,$);
#15= IFCSIUNIT(*,.LENGTHUNIT.,.MILLI.,.METRE.);
#16= IFCMEASUREWITHUNIT(IFCRATIOMEASURE(304.8),#15);
#17= IFCDIMENSIONALEXPONENTS(1,0,0,0,0,0,0);
#18= IFCCONVERSIONBASEDUNIT(#17,.LENGTHUNIT.,'FOOT',#16);
#19= IFCSIUNIT(*,.AREAUNIT.,$,.SQUARE_METRE.);
#20= IFCMEASUREWITHUNIT(IFCRATIOMEASURE(0.09290304),#19);
#21= IFCDIMENSIONALEXPONENTS(2,0,0,0,0,0,0);
#22= IFCCONVERSIONBASEDUNIT(#21,.AREAUNIT.,'SQUARE FOOT',#20);
#23= IFCSIUNIT(*,.VOLUMEUNIT.,$,.CUBIC_METRE.);
#24= IFCMEASUREWITHUNIT(IFCRATIOMEASURE(0.028316846592),#23);
#25= IFCDIMENSIONALEXPONENTS(3,0,0,0,0,0,0);
#26= IFCCONVERSIONBASEDUNIT(#25,.VOLUMEUNIT.,'CUBIC FOOT',#24);
#27= IFCSIUNIT(*,.MASSUNIT.,.KILO.,.GRAM.);
#28= IFCSIUNIT(*,.TIMEUNIT.,$,.SECOND.);
#29= IFCSIUNIT(*,.PLANEANGLEUNIT.,$,.RADIAN.);
#30= IFCMEASUREWITHUNIT(IFCRATIOMEASURE(0.0174532925199433),#29);
#31= IFCDIMENSIONALEXPONENTS(0,0,0,0,0,0,0);
#32= IFCCONVERSIONBASEDUNIT(#31,.PLANEANGLEUNIT.,'DEGREE',#30);
#33= IFCSIUNIT(*,.SOLIDANGLEUNIT.,$,.STERADIAN.);
#34= IFCSIUNIT(*,.THERMODYNAMICTEMPERATUREUNIT.,$,.DEGREE_CELSIUS.);
#35= IFCSIUNIT(*,.LUMINOUSINTENSITYUNIT.,$,.LUMEN.);
#36= IFCUNITASSIGNMENT((#15,#19,#23,#27,#28,#29,#33,#34,#35));
#37= IFCPROJECT('3dcdgrtPLAE8CYnHrN_f4s',#5,'ID Interconnecting OSBL Estabilizadora Temprana TTY',$,$,$,$,(#12),#36);
#38= IFCCARTESIANPOINT((0.,0.,100000.));
#39= IFCAXIS2PLACEMENT3D(#38,#9,#7);
#40= IFCLOCALPLACEMENT($,#39);
#41= IFCSITE('3mxpRQ34D5kOeXibuwqHr7',#5,'Undefined',$,$,#40,$,$,.ELEMENT.,(0,0,0),(0,0,0),$,$,$);
#42= IFCPOSTALADDRESS($,$,$,'NEUQU\S\IN',$,$,$,$,$,$);
#43= IFCLOCALPLACEMENT(#40,#10);
#44= IFCBUILDING('1rZqRCzI9DNQQhk7CUnKON',#5,'Undefined',$,$,#43,$,$,.ELEMENT.,$,$,#42);
#45= IFCLOCALPLACEMENT(#43,#10);
#46= IFCBUILDINGSTOREY('172ap5twj3rAKk_SwfWdiv',#5,'Undefined',$,$,#45,$,$,.ELEMENT.,0.);
#47= IFCOWNERHISTORY(#3,#4,$,.NOCHANGE.,$,$,$,1778094000);
#48= IFCLOCALPLACEMENT(#45,#10);
#49= IFCELEMENTASSEMBLY('3pTqlK$Ub5FxEct2zxQ$bS',#47,'H\S\0 LIMPIEZA',$,$,#48,$,'Z0(?)',.NOTDEFINED.,.NOTDEFINED.);
#50= IFCPROPERTYSINGLEVALUE('AREA_FORM_BOTTOM',$,IFCAREAMEASURE(0.81),$);
#51= IFCPROPERTYSINGLEVALUE('CAST_UNIT_REBAR_WEIGHT',$,IFCMASSMEASURE(0.),$);
#52= IFCPROPERTYSINGLEVALUE('CAST_UNIT_HEIGHT_TOTAL',$,IFCLENGTHMEASURE(900.),$);
#53= IFCPROPERTYSINGLEVALUE('BOTTOM_LEVEL_BASEPOINT',$,IFCLABEL(' +98.250'),$);
#54= IFCPROPERTYSINGLEVALUE('TOP_LEVEL_BASEPOINT',$,IFCLABEL(' +98.300'),$);
#55= IFCPROPERTYSINGLEVALUE('COG_Y_BASEPOINT',$,IFCLENGTHMEASURE(394500.),$);
#56= IFCPROPERTYSINGLEVALUE('COG_X_BASEPOINT',$,IFCLENGTHMEASURE(447600.),$);
#57= IFCPROPERTYSINGLEVALUE('WEIGHT_NET',$,IFCMASSMEASURE(97.2),$);
#58= IFCPROPERTYSINGLEVALUE('VOLUME_NET',$,IFCVOLUMEMEASURE(0.0405),$);
#59= IFCPROPERTYSINGLEVALUE('ATT_303_STATUS_OBRA',$,$,$);
#60= IFCPROPERTYSINGLEVALUE('ATT_303_STATUS_FUND',$,$,$);
#61= IFCPROPERTYSINGLEVALUE('ATT_303_PROVEEDOR_FUND',$,$,$);
#62= IFCPROPERTYSINGLEVALUE('ATT_303_MC_HYTECH',$,$,$);
#63= IFCPROPERTYSINGLEVALUE('ATT_303_PDH_HYTECH',$,$,$);
#64= IFCPROPERTYSINGLEVALUE('ATT_303_EWP_FUND',$,$,$);
#65= IFCPROPERTYSINGLEVALUE('ATT_303_DESC_EQUIP',$,$,$);
#66= IFCPROPERTYSINGLEVALUE('ATT_301_SUPPLIER_HYTECH',$,$,$);
#67= IFCPROPERTYSINGLEVALUE('ATT_301_OWNER_HYTECH',$,$,$);
#68= IFCPROPERTYSINGLEVALUE('ATT_301_GA_HYTECH',$,$,$);
#69= IFCPROPERTYSINGLEVALUE('HISTORY.CREATED_BY',$,IFCLABEL('HYTECH\\gluduena'),$);
#70= IFCPROPERTYSINGLEVALUE('HISTORY.CREATED',$,IFCLABEL('06.05.2026 16:46:05'),$);
#71= IFCPROPERTYSINGLEVALUE('CREATED_BY',$,$,$);
#72= IFCPROPERTYSINGLEVALUE('HISTORY.MODIFIED_BY',$,$,$);
#73= IFCPROPERTYSINGLEVALUE('HISTORY.MODIFIED_ACTION',$,$,$);
#74= IFCPROPERTYSINGLEVALUE('HISTORY.MODIFIED',$,$,$);
#75= IFCPROPERTYSINGLEVALUE('GUID',$,IFCLABEL('f3774bd4-fde9-453f-b3a6-dc2f7b6bf95c'),$);
#76= IFCPROPERTYSET('3MlVbIIZz9KernI5fb4dxD',#5,'Fundacion',$,(#50,#51,#52,#53,#54,#55,#56,#57,#58,#59,#60,#61,#62,#63,#64,#65,#66,#67,#68,#69,#70,#71,#72,#73,#74,#75));
#77= IFCQUANTITYLENGTH('Width',$,$,900.);
#78= IFCELEMENTQUANTITY('0ZAP2U7Un3ivnw$YuQ8zns',#5,'BaseQuantities',$,$,(#77));
#79= IFCCOLOURRGB('Light Yellow',1.,0.898039215686275,0.);
#80= IFCSURFACESTYLERENDERING(#79,0.,$,$,$,$,IFCNORMALISEDRATIOMEASURE(0.00390625),IFCSPECULAREXPONENT(10.),.NOTDEFINED.);
#81= IFCSURFACESTYLE('CONCRETE/H30',.POSITIVE.,(#80));
#82= IFCPRESENTATIONSTYLEASSIGNMENT((#81));
#83= IFCDIRECTION((1.,0.));
#84= IFCCARTESIANPOINT((0.,0.));
#85= IFCAXIS2PLACEMENT2D(#84,#83);
#86= IFCRECTANGLEPROFILEDEF(.AREA.,'900*900',#85,900.,900.);
#87= IFCDIRECTION((0.,-1.,0.));
#88= IFCDIRECTION((-1.,0.,0.));
#89= IFCCARTESIANPOINT((50.,0.,0.));
#90= IFCAXIS2PLACEMENT3D(#89,#88,#87);
#91= IFCEXTRUDEDAREASOLID(#86,#90,#9,50.);
#92= IFCSHAPEREPRESENTATION(#13,'Body','SweptSolid',(#91));
#93= IFCSTYLEDITEM(#91,(#82),$);
#94= IFCPRODUCTDEFINITIONSHAPE($,$,(#92));
#95= IFCCARTESIANPOINT((447600.,394500.,-1750.));
#96= IFCAXIS2PLACEMENT3D(#95,#87,#9);
#97= IFCLOCALPLACEMENT(#48,#96);
#98= IFCFOOTING('1wC_C_UGL6u9D7KornIqAH',#47,'H\S\0 LIMPIEZA','900*900',$,#97,#94,'ID7a33e33e-7905-46e0-9347-532d714b4291',.PAD_FOOTING.);
#99= IFCPROPERTYSINGLEVALUE('AREA_FORM_BOTTOM',$,IFCAREAMEASURE(0.045),$);
#100= IFCPROPERTYSINGLEVALUE('CAST_UNIT_REBAR_WEIGHT',$,$,$);
#101= IFCPROPERTYSINGLEVALUE('CAST_UNIT_HEIGHT_TOTAL',$,$,$);
#102= IFCPROPERTYSINGLEVALUE('CREATED_BY',$,IFCLABEL('HYTECH\\gluduena'),$);
#103= IFCPROPERTYSINGLEVALUE('GUID',$,IFCLABEL('7a33e33e-7905-46e0-9347-532d714b4291'),$);
#104= IFCPROPERTYSET('2J6hSB2Fn7UOZfNnToxj_8',#5,'Fundacion',$,(#99,#100,#101,#53,#54,#55,#56,#57,#58,#59,#60,#61,#62,#63,#64,#65,#66,#67,#68,#69,#70,#102,#72,#73,#74,#103));
#105= IFCQUANTITYLENGTH('Length',$,$,50.);
#106= IFCQUANTITYAREA('OuterSurfaceArea',$,$,1.8);
#107= IFCQUANTITYAREA('GrossSurfaceArea',$,$,1.8);
#108= IFCQUANTITYAREA('CrossSectionArea',$,$,0.81);
#109= IFCQUANTITYVOLUME('NetVolume',$,$,0.0405);
#110= IFCQUANTITYVOLUME('GrossVolume',$,$,0.0405);
#111= IFCQUANTITYWEIGHT('NetWeight',$,$,97.2);
#112= IFCQUANTITYWEIGHT('GrossWeight',$,$,97.2);
#113= IFCQUANTITYLENGTH('Height',$,$,900.);
#114= IFCELEMENTQUANTITY('3AtyMHnu153Q3cYVcjmH1o',#5,'BaseQuantities',$,$,(#105,#106,#107,#108,#109,#110,#111,#112,#77,#113));
#115= IFCMATERIAL('CONCRETE/H30');
#116= IFCOWNERHISTORY(#3,#4,$,.NOCHANGE.,$,$,$,1778014800);
#117= IFCLOCALPLACEMENT(#45,#10);
#118= IFCELEMENTASSEMBLY('0WnImhyaLDFuV51ZJ10peg',#116,'ANCLAJE',$,$,#117,$,'CPS0(?)',.NOTDEFINED.,.NOTDEFINED.);
#119= IFCPROPERTYSINGLEVALUE('AREA_FORM_BOTTOM',$,IFCAREAMEASURE(9.E-05),$);
#120= IFCPROPERTYSINGLEVALUE('BOTTOM_LEVEL_BASEPOINT',$,IFCLABEL(' +98.970'),$);
#121= IFCPROPERTYSINGLEVALUE('TOP_LEVEL_BASEPOINT',$,IFCLABEL(' +99.190'),$);
#122= IFCPROPERTYSINGLEVALUE('COG_Y_BASEPOINT',$,IFCLENGTHMEASURE(393543.63872),$);
#123= IFCPROPERTYSINGLEVALUE('COG_X_BASEPOINT',$,IFCLENGTHMEASURE(442221.12022),$);
#124= IFCPROPERTYSINGLEVALUE('WEIGHT_NET',$,IFCMASSMEASURE(0.40022),$);
#125= IFCPROPERTYSINGLEVALUE('VOLUME_NET',$,IFCVOLUMEMEASURE(5.E-05),$);
#126= IFCPROPERTYSINGLEVALUE('HISTORY.CREATED',$,IFCLABEL('14.04.2026 19:02:04'),$);
#127= IFCPROPERTYSINGLEVALUE('HISTORY.MODIFIED_BY',$,IFCLABEL('HYTECH\\gluduena'),$);
#128= IFCPROPERTYSINGLEVALUE('HISTORY.MODIFIED_ACTION',$,IFCLABEL('update'),$);
#129= IFCPROPERTYSINGLEVALUE('HISTORY.MODIFIED',$,IFCLABEL('05.05.2026 18:33:44'),$);
#130= IFCPROPERTYSINGLEVALUE('GUID',$,IFCLABEL('20c52c2b-f245-4d3f-87c5-0634c1033a2a'),$);
#131= IFCPROPERTYSET('0Z5xdqvwf9fgnkynlseJjX',#5,'Fundacion',$,(#119,#100,#101,#120,#121,#122,#123,#124,#125,#59,#60,#61,#62,#63,#64,#65,#66,#67,#68,#69,#126,#71,#127,#128,#129,#130));
#132= IFCQUANTITYLENGTH('Width',$,$,33.3400001525879);
#133= IFCELEMENTQUANTITY('1blvjwpsD5pReK6SYpw9ti',#5,'BaseQuantities',$,$,(#132));
#134= IFCCOLOURRGB($,0.701960784313725,1.,1.);
#135= IFCSURFACESTYLERENDERING(#134,0.,$,$,$,$,IFCNORMALISEDRATIOMEASURE(0.00390625),IFCSPECULAREXPONENT(10.),.NOTDEFINED.);
#136= IFCSURFACESTYLE($,.POSITIVE.,(#135));
#137= IFCPRESENTATIONSTYLEASSIGNMENT((#136));
#138= IFCCARTESIANPOINT((2.86321948713157,0.,20.5015190294944));
#139= IFCCARTESIANPOINT((1.92929206835106,0.,16.2422988684848));
#140= IFCCARTESIANPOINT((-1.91430019889958,0.,16.1766152007622));
#141= IFCCARTESIANPOINT((-2.91694886906771,0.,20.4027409513947));
#142= IFCPOLYLOOP((#138,#139,#140,#141));
#143= IFCFACEOUTERBOUND(#142,.T.);
#144= IFCFACE((#143));
#145= IFCCARTESIANPOINT((1.92929206835106,-4.24264068711932,16.2422988684848));
#146= IFCCARTESIANPOINT((-1.91430019889958,-4.24264068711932,16.1766152007622));
#147= IFCPOLYLOOP((#139,#145,#146,#140));
#148= IFCFACEOUTERBOUND(#147,.T.);
#149= IFCFACE((#148));
#150= IFCPOLYLOOP((#145,#138,#141,#146));
#151= IFCFACEOUTERBOUND(#150,.T.);
#152= IFCFACE((#151));
#153= IFCCARTESIANPOINT((6.35616269323509,0.,18.8194062364637));
#154= IFCCARTESIANPOINT((4.51534988800995,0.,14.9969190596021));
#155= IFCPOLYLOOP((#153,#154,#139,#138));
#156= IFCFACEOUTERBOUND(#155,.T.);
#157= IFCFACE((#156));
#158= IFCCARTESIANPOINT((4.51534988800995,-4.24264068711932,14.9969190596021));
#159= IFCPOLYLOOP((#154,#158,#145,#139));
#160= IFCFACEOUTERBOUND(#159,.T.);
#161= IFCFACE((#160));
#162= IFCPOLYLOOP((#158,#153,#138,#145));
#163= IFCFACEOUTERBOUND(#162,.T.);
#164= IFCFACE((#163));
#165= IFCCARTESIANPOINT((7.9826332667144,0.,18.0361392900231));
#166= IFCCARTESIANPOINT((5.26936270744773,0.,14.6338056235109));
#167= IFCPOLYLOOP((#165,#166,#154,#153));
#168= IFCFACEOUTERBOUND(#167,.T.);
#169= IFCFACE((#168));
#170= IFCCARTESIANPOINT((5.26936270744773,-4.24264068711932,14.6338056235109));
#171= IFCPOLYLOOP((#166,#170,#158,#154));
#172= IFCFACEOUTERBOUND(#171,.T.);
#173= IFCFACE((#172));
#174= IFCPOLYLOOP((#170,#165,#153,#158));
#175= IFCFACEOUTERBOUND(#174,.T.);
#176= IFCFACE((#175));
#177= IFCCARTESIANPOINT((11.5015528633958,0.,13.6235536840395));
#178= IFCCARTESIANPOINT((7.58076330641052,0.,11.7354009478586));
#179= IFCPOLYLOOP((#177,#178,#166,#165));
#180= IFCFACEOUTERBOUND(#179,.T.);
#181= IFCFACE((#180));
#182= IFCCARTESIANPOINT((7.58076330641052,-4.24264068711932,11.7354009478586));
#183= IFCPOLYLOOP((#178,#182,#170,#166));
#184= IFCFACEOUTERBOUND(#183,.T.);
#185= IFCFACE((#184));
#186= IFCPOLYLOOP((#182,#177,#165,#170));
#187= IFCFACEOUTERBOUND(#186,.T.);
#188= IFCFACE((#187));
#189= IFCCARTESIANPOINT((12.1461935486877,0.,10.7991983016836));
#190= IFCCARTESIANPOINT((8.00992472138023,0.,9.85512193362229));
#191= IFCPOLYLOOP((#189,#190,#178,#177));
#192= IFCFACEOUTERBOUND(#191,.T.);
#193= IFCFACE((#192));
#194= IFCCARTESIANPOINT((8.00992472138023,-4.24264068711932,9.85512193362229));
#195= IFCPOLYLOOP((#190,#194,#182,#178));
#196= IFCFACEOUTERBOUND(#195,.T.);
#197= IFCFACE((#196));
#198= IFCPOLYLOOP((#194,#189,#177,#182));
#199= IFCFACEOUTERBOUND(#198,.T.);
#200= IFCFACE((#199));
#201= IFCCARTESIANPOINT((12.7574407268548,0.,8.12114943395136));
#202= IFCCARTESIANPOINT((8.40569262916688,0.,8.12114943400957));
#203= IFCPOLYLOOP((#201,#202,#190,#189));
#204= IFCFACEOUTERBOUND(#203,.T.);
#205= IFCFACE((#204));
#206= IFCCARTESIANPOINT((8.40569262916688,-4.24264068711932,8.12114943400957));
#207= IFCPOLYLOOP((#202,#206,#194,#190));
#208= IFCFACEOUTERBOUND(#207,.T.);
#209= IFCFACE((#208));
#210= IFCPOLYLOOP((#206,#201,#189,#194));
#211= IFCFACEOUTERBOUND(#210,.T.);
#212= IFCFACE((#211));
#213= IFCCARTESIANPOINT((11.5015528631629,0.,2.618745183805));
#214= IFCCARTESIANPOINT((7.58076330617769,0.,4.50689792016055));
#215= IFCPOLYLOOP((#213,#214,#202,#201));
#216= IFCFACEOUTERBOUND(#215,.T.);
#217= IFCFACE((#216));
#218= IFCCARTESIANPOINT((7.58076330617769,-4.24264068711932,4.50689792016055));
#219= IFCPOLYLOOP((#214,#218,#206,#202));
#220= IFCFACEOUTERBOUND(#219,.T.);
#221= IFCFACE((#220));
#222= IFCPOLYLOOP((#218,#213,#201,#206));
#223= IFCFACEOUTERBOUND(#222,.T.);
#224= IFCFACE((#223));
#225= IFCCARTESIANPOINT((10.2548676308361,0.,1.05545134906424));
#226= IFCCARTESIANPOINT((6.93783757288475,0.,3.70069455058547));
#227= IFCPOLYLOOP((#225,#226,#214,#213));
#228= IFCFACEOUTERBOUND(#227,.T.);
#229= IFCFACE((#228));
#230= IFCCARTESIANPOINT((6.93783757288475,-4.24264068711932,3.70069455058547));
#231= IFCPOLYLOOP((#226,#230,#218,#214));
#232= IFCFACEOUTERBOUND(#231,.T.);
#233= IFCFACE((#232));
#234= IFCPOLYLOOP((#230,#225,#213,#218));
#235= IFCFACEOUTERBOUND(#234,.T.);
#236= IFCFACE((#235));
#237= IFCCARTESIANPOINT((7.95880860538455,0.,-1.8237156016985));
#238= IFCCARTESIANPOINT((5.26936270715669,0.,1.6084932446829));
#239= IFCPOLYLOOP((#237,#238,#226,#225));
#240= IFCFACEOUTERBOUND(#239,.T.);
#241= IFCFACE((#240));
#242= IFCCARTESIANPOINT((5.26936270715669,-4.24264068711932,1.6084932446829));
#243= IFCPOLYLOOP((#238,#242,#230,#226));
#244= IFCFACEOUTERBOUND(#243,.T.);
#245= IFCFACE((#244));
#246= IFCPOLYLOOP((#242,#237,#225,#230));
#247= IFCFACEOUTERBOUND(#246,.T.);
#248= IFCFACE((#247));
#249= IFCCARTESIANPOINT((2.70819866331294,0.,-4.24264068726916));
#250= IFCCARTESIANPOINT((1.77790665795328,0.,-5.82076609134674E-11));
#251= IFCPOLYLOOP((#249,#250,#238,#237));
#252= IFCFACEOUTERBOUND(#251,.T.);
#253= IFCFACE((#252));
#254= IFCCARTESIANPOINT((1.77790665795328,-4.24264068711932,-5.82076609134674E-11));
#255= IFCPOLYLOOP((#250,#254,#242,#238));
#256= IFCFACEOUTERBOUND(#255,.T.);
#257= IFCFACE((#256));
#258= IFCPOLYLOOP((#254,#249,#237,#242));
#259= IFCFACEOUTERBOUND(#258,.T.);
#260= IFCFACE((#259));
#261= IFCCARTESIANPOINT((-2.74626170896227,0.,-4.24264068715274));
#262= IFCCARTESIANPOINT((-1.77790665777866,0.,0.));
#263= IFCPOLYLOOP((#261,#262,#250,#249));
#264= IFCFACEOUTERBOUND(#263,.T.);
#265= IFCFACE((#264));
#266= IFCCARTESIANPOINT((-1.77790665777866,-4.24264068711932,0.));
#267= IFCPOLYLOOP((#262,#266,#254,#250));
#268= IFCFACEOUTERBOUND(#267,.T.);
#269= IFCFACE((#268));
#270= IFCPOLYLOOP((#266,#261,#249,#254));
#271= IFCFACEOUTERBOUND(#270,.T.);
#272= IFCFACE((#271));
#273= IFCCARTESIANPOINT((-6.02973549941089,0.,-2.66140304808505));
#274= IFCCARTESIANPOINT((-4.18892269430216,0.,1.16108412877657));
#275= IFCPOLYLOOP((#273,#274,#262,#261));
#276= IFCFACEOUTERBOUND(#275,.T.);
#277= IFCFACE((#276));
#278= IFCCARTESIANPOINT((-4.18892269430216,-4.24264068711932,1.16108412877657));
#279= IFCPOLYLOOP((#274,#278,#266,#262));
#280= IFCFACEOUTERBOUND(#279,.T.);
#281= IFCFACE((#280));
#282= IFCPOLYLOOP((#278,#273,#261,#266));
#283= IFCFACEOUTERBOUND(#282,.T.);
#284= IFCFACE((#283));
#285= IFCCARTESIANPOINT((-7.831247856142,0.,-1.79384042159654));
#286= IFCCARTESIANPOINT((-5.11797729687532,0.,1.60849324491573));
#287= IFCPOLYLOOP((#285,#286,#274,#273));
#288= IFCFACEOUTERBOUND(#287,.T.);
#289= IFCFACE((#288));
#290= IFCCARTESIANPOINT((-5.11797729687532,-4.24264068711932,1.60849324491573));
#291= IFCPOLYLOOP((#286,#290,#278,#274));
#292= IFCFACEOUTERBOUND(#291,.T.);
#293= IFCFACE((#292));
#294= IFCPOLYLOOP((#290,#285,#273,#278));
#295= IFCFACEOUTERBOUND(#294,.T.);
#296= IFCFACE((#295));
#297= IFCCARTESIANPOINT((-11.3501674528234,0.,2.61874518432887));
#298= IFCCARTESIANPOINT((-7.42937789583812,0.,4.50689792056801));
#299= IFCPOLYLOOP((#297,#298,#286,#285));
#300= IFCFACEOUTERBOUND(#299,.T.);
#301= IFCFACE((#300));
#302= IFCCARTESIANPOINT((-7.42937789583812,-4.24264068711932,4.50689792056801));
#303= IFCPOLYLOOP((#298,#302,#290,#286));
#304= IFCFACEOUTERBOUND(#303,.T.);
#305= IFCFACE((#304));
#306= IFCPOLYLOOP((#302,#297,#285,#290));
#307= IFCFACEOUTERBOUND(#306,.T.);
#308= IFCFACE((#307));
#309= IFCCARTESIANPOINT((-11.9614146308741,0.,5.29679405211937));
#310= IFCCARTESIANPOINT((-7.82514580362476,0.,6.24087042012252));
#311= IFCPOLYLOOP((#309,#310,#298,#297));
#312= IFCFACEOUTERBOUND(#311,.T.);
#313= IFCFACE((#312));
#314= IFCCARTESIANPOINT((-7.82514580362476,-4.24264068711932,6.24087042012252));
#315= IFCPOLYLOOP((#310,#314,#302,#298));
#316= IFCFACEOUTERBOUND(#315,.T.);
#317= IFCFACE((#316));
#318= IFCPOLYLOOP((#314,#309,#297,#302));
#319= IFCFACEOUTERBOUND(#318,.T.);
#320= IFCFACE((#319));
#321= IFCCARTESIANPOINT((-12.6060553162824,0.,8.12114943453344));
#322= IFCCARTESIANPOINT((-8.25430721859448,0.,8.12114943435881));
#323= IFCPOLYLOOP((#321,#322,#310,#309));
#324= IFCFACEOUTERBOUND(#323,.T.);
#325= IFCFACE((#324));
#326= IFCCARTESIANPOINT((-8.25430721859448,-4.24264068711932,8.12114943435881));
#327= IFCPOLYLOOP((#322,#326,#314,#310));
#328= IFCFACEOUTERBOUND(#327,.T.);
#329= IFCFACE((#328));
#330= IFCPOLYLOOP((#326,#321,#309,#314));
#331= IFCFACEOUTERBOUND(#330,.T.);
#332= IFCFACE((#331));
#333= IFCCARTESIANPOINT((-11.3501674525905,0.,13.6235536846216));
#334= IFCCARTESIANPOINT((-7.42937789566349,0.,11.7354009482078));
#335= IFCPOLYLOOP((#333,#334,#322,#321));
#336= IFCFACEOUTERBOUND(#335,.T.);
#337= IFCFACE((#336));
#338= IFCCARTESIANPOINT((-7.42937789566349,-4.24264068711932,11.7354009482078));
#339= IFCPOLYLOOP((#334,#338,#326,#322));
#340= IFCFACEOUTERBOUND(#339,.T.);
#341= IFCFACE((#340));
#342= IFCPOLYLOOP((#338,#333,#321,#326));
#343= IFCFACEOUTERBOUND(#342,.T.);
#344= IFCFACE((#343));
#345= IFCCARTESIANPOINT((-10.224614892737,0.,15.0349519525189));
#346= IFCCARTESIANPOINT((-6.90758483472746,0.,12.3897087509977));
#347= IFCPOLYLOOP((#345,#346,#334,#333));
#348= IFCFACEOUTERBOUND(#347,.T.);
#349= IFCFACE((#348));
#350= IFCCARTESIANPOINT((-6.90758483472746,-4.24264068711932,12.3897087509977));
#351= IFCPOLYLOOP((#346,#350,#338,#334));
#352= IFCFACEOUTERBOUND(#351,.T.);
#353= IFCFACE((#352));
#354= IFCPOLYLOOP((#350,#345,#333,#338));
#355= IFCFACEOUTERBOUND(#354,.T.);
#356= IFCFACE((#355));
#357= IFCCARTESIANPOINT((-7.83124785567634,0.,18.0361392903724));
#358= IFCCARTESIANPOINT((-5.11797729664249,0.,14.6338056237437));
#359= IFCPOLYLOOP((#357,#358,#346,#345));
#360= IFCFACEOUTERBOUND(#359,.T.);
#361= IFCFACE((#360));
#362= IFCCARTESIANPOINT((-5.11797729664249,-4.24264068711932,14.6338056237437));
#363= IFCPOLYLOOP((#358,#362,#350,#346));
#364= IFCFACEOUTERBOUND(#363,.T.);
#365= IFCFACE((#364));
#366= IFCPOLYLOOP((#362,#357,#345,#350));
#367= IFCFACEOUTERBOUND(#366,.T.);
#368= IFCFACE((#367));
#369= IFCPOLYLOOP((#141,#140,#358,#357));
#370= IFCFACEOUTERBOUND(#369,.T.);
#371= IFCFACE((#370));
#372= IFCPOLYLOOP((#140,#146,#362,#358));
#373= IFCFACEOUTERBOUND(#372,.T.);
#374= IFCFACE((#373));
#375= IFCPOLYLOOP((#146,#141,#357,#362));
#376= IFCFACEOUTERBOUND(#375,.T.);
#377= IFCFACE((#376));
#378= IFCPOLYLOOP((#146,#141,#140));
#379= IFCFACEOUTERBOUND(#378,.T.);
#380= IFCFACE((#379));
#381= IFCPOLYLOOP((#146,#140,#141));
#382= IFCFACEOUTERBOUND(#381,.T.);
#383= IFCFACE((#382));
#384= IFCCARTESIANPOINT((-7.80742319481215,7.94000005500004,18.0660144701251));
#385= IFCCARTESIANPOINT((-5.11797729664249,7.94000005500004,14.6338056237437));
#386= IFCCARTESIANPOINT((-1.62652124738088,7.94000005500004,16.2422988684848));
#387= IFCCARTESIANPOINT((-2.55681325274054,7.94000005500004,20.4849395556957));
#388= IFCPOLYLOOP((#384,#385,#386,#387));
#389= IFCFACEOUTERBOUND(#388,.T.);
#390= IFCFACE((#389));
#391= IFCCARTESIANPOINT((-5.11797729664249,12.1826407421194,14.6338056237437));
#392= IFCCARTESIANPOINT((-1.62652124738088,12.1826407421194,16.2422988684848));
#393= IFCPOLYLOOP((#385,#391,#392,#386));
#394= IFCFACEOUTERBOUND(#393,.T.);
#395= IFCFACE((#394));
#396= IFCPOLYLOOP((#391,#384,#387,#392));
#397= IFCFACEOUTERBOUND(#396,.T.);
#398= IFCFACE((#397));
#399= IFCCARTESIANPOINT((-10.224614892737,7.94000005500004,15.0349519525189));
#400= IFCCARTESIANPOINT((-6.90758483472746,7.94000005500004,12.3897087509977));
#401= IFCPOLYLOOP((#399,#400,#385,#384));
#402= IFCFACEOUTERBOUND(#401,.T.);
#403= IFCFACE((#402));
#404= IFCCARTESIANPOINT((-6.90758483472746,12.1826407421194,12.3897087509977));
#405= IFCPOLYLOOP((#400,#404,#391,#385));
#406= IFCFACEOUTERBOUND(#405,.T.);
#407= IFCFACE((#406));
#408= IFCPOLYLOOP((#404,#399,#384,#391));
#409= IFCFACEOUTERBOUND(#408,.T.);
#410= IFCFACE((#409));
#411= IFCCARTESIANPOINT((-11.3501674525905,7.94000005500004,13.6235536846216));
#412= IFCCARTESIANPOINT((-7.42937789566349,7.94000005500004,11.7354009482078));
#413= IFCPOLYLOOP((#411,#412,#400,#399));
#414= IFCFACEOUTERBOUND(#413,.T.);
#415= IFCFACE((#414));
#416= IFCCARTESIANPOINT((-7.42937789566349,12.1826407421194,11.7354009482078));
#417= IFCPOLYLOOP((#412,#416,#404,#400));
#418= IFCFACEOUTERBOUND(#417,.T.);
#419= IFCFACE((#418));
#420= IFCPOLYLOOP((#416,#411,#399,#404));
#421= IFCFACEOUTERBOUND(#420,.T.);
#422= IFCFACE((#421));
#423= IFCCARTESIANPOINT((-12.6060553162824,7.94000005500004,8.12114943453344));
#424= IFCCARTESIANPOINT((-8.25430721859448,7.94000005500004,8.12114943435881));
#425= IFCPOLYLOOP((#423,#424,#412,#411));
#426= IFCFACEOUTERBOUND(#425,.T.);
#427= IFCFACE((#426));
#428= IFCCARTESIANPOINT((-8.25430721859448,12.1826407421194,8.12114943435881));
#429= IFCPOLYLOOP((#424,#428,#416,#412));
#430= IFCFACEOUTERBOUND(#429,.T.);
#431= IFCFACE((#430));
#432= IFCPOLYLOOP((#428,#423,#411,#416));
#433= IFCFACEOUTERBOUND(#432,.T.);
#434= IFCFACE((#433));
#435= IFCCARTESIANPOINT((-11.9614146308741,7.94000005500004,5.29679405211937));
#436= IFCCARTESIANPOINT((-7.82514580362476,7.94000005500004,6.24087042012252));
#437= IFCPOLYLOOP((#435,#436,#424,#423));
#438= IFCFACEOUTERBOUND(#437,.T.);
#439= IFCFACE((#438));
#440= IFCCARTESIANPOINT((-7.82514580362476,12.1826407421194,6.24087042012252));
#441= IFCPOLYLOOP((#436,#440,#428,#424));
#442= IFCFACEOUTERBOUND(#441,.T.);
#443= IFCFACE((#442));
#444= IFCPOLYLOOP((#440,#435,#423,#428));
#445= IFCFACEOUTERBOUND(#444,.T.);
#446= IFCFACE((#445));
#447= IFCCARTESIANPOINT((-11.3501674528234,7.94000005500004,2.61874518432887));
#448= IFCCARTESIANPOINT((-7.42937789583812,7.94000005500004,4.50689792056801));
#449= IFCPOLYLOOP((#447,#448,#436,#435));
#450= IFCFACEOUTERBOUND(#449,.T.);
#451= IFCFACE((#450));
#452= IFCCARTESIANPOINT((-7.42937789583812,12.1826407421194,4.50689792056801));
#453= IFCPOLYLOOP((#448,#452,#440,#436));
#454= IFCFACEOUTERBOUND(#453,.T.);
#455= IFCFACE((#454));
#456= IFCPOLYLOOP((#452,#447,#435,#440));
#457= IFCFACEOUTERBOUND(#456,.T.);
#458= IFCFACE((#457));
#459= IFCCARTESIANPOINT((-7.831247856142,7.94000005500004,-1.79384042159654));
#460= IFCCARTESIANPOINT((-5.11797729687532,7.94000005500004,1.60849324491573));
#461= IFCPOLYLOOP((#459,#460,#448,#447));
#462= IFCFACEOUTERBOUND(#461,.T.);
#463= IFCFACE((#462));
#464= IFCCARTESIANPOINT((-5.11797729687532,12.1826407421194,1.60849324491573));
#465= IFCPOLYLOOP((#460,#464,#452,#448));
#466= IFCFACEOUTERBOUND(#465,.T.);
#467= IFCFACE((#466));
#468= IFCPOLYLOOP((#464,#459,#447,#452));
#469= IFCFACEOUTERBOUND(#468,.T.);
#470= IFCFACE((#469));
#471= IFCCARTESIANPOINT((-6.02973549941089,7.94000005500004,-2.66140304808505));
#472= IFCCARTESIANPOINT((-4.18892269430216,7.94000005500004,1.16108412877657));
#473= IFCPOLYLOOP((#471,#472,#460,#459));
#474= IFCFACEOUTERBOUND(#473,.T.);
#475= IFCFACE((#474));
#476= IFCCARTESIANPOINT((-4.18892269430216,12.1826407421194,1.16108412877657));
#477= IFCPOLYLOOP((#472,#476,#464,#460));
#478= IFCFACEOUTERBOUND(#477,.T.);
#479= IFCFACE((#478));
#480= IFCPOLYLOOP((#476,#471,#459,#464));
#481= IFCFACEOUTERBOUND(#480,.T.);
#482= IFCFACE((#481));
#483= IFCCARTESIANPOINT((-2.74626170896227,7.94000005500004,-4.24264068715274));
#484= IFCCARTESIANPOINT((-1.77790665777866,7.94000005500004,0.));
#485= IFCPOLYLOOP((#483,#484,#472,#471));
#486= IFCFACEOUTERBOUND(#485,.T.);
#487= IFCFACE((#486));
#488= IFCCARTESIANPOINT((-1.77790665777866,12.1826407421194,0.));
#489= IFCPOLYLOOP((#484,#488,#476,#472));
#490= IFCFACEOUTERBOUND(#489,.T.);
#491= IFCFACE((#490));
#492= IFCPOLYLOOP((#488,#483,#471,#476));
#493= IFCFACEOUTERBOUND(#492,.T.);
#494= IFCFACE((#493));
#495= IFCCARTESIANPOINT((2.70819866331294,7.94000005500004,-4.24264068726916));
#496= IFCCARTESIANPOINT((1.77790665795328,7.94000005500004,-5.82076609134674E-11));
#497= IFCPOLYLOOP((#495,#496,#484,#483));
#498= IFCFACEOUTERBOUND(#497,.T.);
#499= IFCFACE((#498));
#500= IFCCARTESIANPOINT((1.77790665795328,12.1826407421194,-5.82076609134674E-11));
#501= IFCPOLYLOOP((#496,#500,#488,#484));
#502= IFCFACEOUTERBOUND(#501,.T.);
#503= IFCFACE((#502));
#504= IFCPOLYLOOP((#500,#495,#483,#488));
#505= IFCFACEOUTERBOUND(#504,.T.);
#506= IFCFACE((#505));
#507= IFCCARTESIANPOINT((7.95880860538455,7.94000005500004,-1.8237156016985));
#508= IFCCARTESIANPOINT((5.26936270715669,7.94000005500004,1.6084932446829));
#509= IFCPOLYLOOP((#507,#508,#496,#495));
#510= IFCFACEOUTERBOUND(#509,.T.);
#511= IFCFACE((#510));
#512= IFCCARTESIANPOINT((5.26936270715669,12.1826407421194,1.6084932446829));
#513= IFCPOLYLOOP((#508,#512,#500,#496));
#514= IFCFACEOUTERBOUND(#513,.T.);
#515= IFCFACE((#514));
#516= IFCPOLYLOOP((#512,#507,#495,#500));
#517= IFCFACEOUTERBOUND(#516,.T.);
#518= IFCFACE((#517));
#519= IFCCARTESIANPOINT((10.2548676308361,7.94000005500004,1.05545134906424));
#520= IFCCARTESIANPOINT((6.93783757288475,7.94000005500004,3.70069455058547));
#521= IFCPOLYLOOP((#519,#520,#508,#507));
#522= IFCFACEOUTERBOUND(#521,.T.);
#523= IFCFACE((#522));
#524= IFCCARTESIANPOINT((6.93783757288475,12.1826407421194,3.70069455058547));
#525= IFCPOLYLOOP((#520,#524,#512,#508));
#526= IFCFACEOUTERBOUND(#525,.T.);
#527= IFCFACE((#526));
#528= IFCPOLYLOOP((#524,#519,#507,#512));
#529= IFCFACEOUTERBOUND(#528,.T.);
#530= IFCFACE((#529));
#531= IFCCARTESIANPOINT((11.5015528631629,7.94000005500004,2.618745183805));
#532= IFCCARTESIANPOINT((7.58076330617769,7.94000005500004,4.50689792016055));
#533= IFCPOLYLOOP((#531,#532,#520,#519));
#534= IFCFACEOUTERBOUND(#533,.T.);
#535= IFCFACE((#534));
#536= IFCCARTESIANPOINT((7.58076330617769,12.1826407421194,4.50689792016055));
#537= IFCPOLYLOOP((#532,#536,#524,#520));
#538= IFCFACEOUTERBOUND(#537,.T.);
#539= IFCFACE((#538));
#540= IFCPOLYLOOP((#536,#531,#519,#524));
#541= IFCFACEOUTERBOUND(#540,.T.);
#542= IFCFACE((#541));
#543= IFCCARTESIANPOINT((12.7574407268548,7.94000005500004,8.12114943395136));
#544= IFCCARTESIANPOINT((8.40569262916688,7.94000005500004,8.12114943400957));
#545= IFCPOLYLOOP((#543,#544,#532,#531));
#546= IFCFACEOUTERBOUND(#545,.T.);
#547= IFCFACE((#546));
#548= IFCCARTESIANPOINT((8.40569262916688,12.1826407421194,8.12114943400957));
#549= IFCPOLYLOOP((#544,#548,#536,#532));
#550= IFCFACEOUTERBOUND(#549,.T.);
#551= IFCFACE((#550));
#552= IFCPOLYLOOP((#548,#543,#531,#536));
#553= IFCFACEOUTERBOUND(#552,.T.);
#554= IFCFACE((#553));
#555= IFCCARTESIANPOINT((12.1461935486877,7.94000005500004,10.7991983016836));
#556= IFCCARTESIANPOINT((8.00992472138023,7.94000005500004,9.85512193362229));
#557= IFCPOLYLOOP((#555,#556,#544,#543));
#558= IFCFACEOUTERBOUND(#557,.T.);
#559= IFCFACE((#558));
#560= IFCCARTESIANPOINT((8.00992472138023,12.1826407421194,9.85512193362229));
#561= IFCPOLYLOOP((#556,#560,#548,#544));
#562= IFCFACEOUTERBOUND(#561,.T.);
#563= IFCFACE((#562));
#564= IFCPOLYLOOP((#560,#555,#543,#548));
#565= IFCFACEOUTERBOUND(#564,.T.);
#566= IFCFACE((#565));
#567= IFCCARTESIANPOINT((11.5015528633958,7.94000005500004,13.6235536840395));
#568= IFCCARTESIANPOINT((7.58076330641052,7.94000005500004,11.7354009478586));
#569= IFCPOLYLOOP((#567,#568,#556,#555));
#570= IFCFACEOUTERBOUND(#569,.T.);
#571= IFCFACE((#570));
#572= IFCCARTESIANPOINT((7.58076330641052,12.1826407421194,11.7354009478586));
#573= IFCPOLYLOOP((#568,#572,#560,#556));
#574= IFCFACEOUTERBOUND(#573,.T.);
#575= IFCFACE((#574));
#576= IFCPOLYLOOP((#572,#567,#555,#560));
#577= IFCFACEOUTERBOUND(#576,.T.);
#578= IFCFACE((#577));
#579= IFCCARTESIANPOINT((7.9826332667144,7.94000005500004,18.0361392900231));
#580= IFCCARTESIANPOINT((5.26936270744773,7.94000005500004,14.6338056235109));
#581= IFCPOLYLOOP((#579,#580,#568,#567));
#582= IFCFACEOUTERBOUND(#581,.T.);
#583= IFCFACE((#582));
#584= IFCCARTESIANPOINT((5.26936270744773,12.1826407421194,14.6338056235109));
#585= IFCPOLYLOOP((#580,#584,#572,#568));
#586= IFCFACEOUTERBOUND(#585,.T.);
#587= IFCFACE((#586));
#588= IFCPOLYLOOP((#584,#579,#567,#572));
#589= IFCFACEOUTERBOUND(#588,.T.);
#590= IFCFACE((#589));
#591= IFCCARTESIANPOINT((6.35616269323509,7.94000005500004,18.8194062364637));
#592= IFCCARTESIANPOINT((4.51534988800995,7.94000005500004,14.9969190596021));
#593= IFCPOLYLOOP((#591,#592,#580,#579));
#594= IFCFACEOUTERBOUND(#593,.T.);
#595= IFCFACE((#594));
#596= IFCCARTESIANPOINT((4.51534988800995,12.1826407421194,14.9969190596021));
#597= IFCPOLYLOOP((#592,#596,#584,#580));
#598= IFCFACEOUTERBOUND(#597,.T.);
#599= IFCFACE((#598));
#600= IFCPOLYLOOP((#596,#591,#579,#584));
#601= IFCFACEOUTERBOUND(#600,.T.);
#602= IFCFACE((#601));
#603= IFCCARTESIANPOINT((2.89764711953467,7.94000005500004,20.4849395555793));
#604= IFCCARTESIANPOINT((1.92929206835106,7.94000005500004,16.2422988684848));
#605= IFCPOLYLOOP((#603,#604,#592,#591));
#606= IFCFACEOUTERBOUND(#605,.T.);
#607= IFCFACE((#606));
#608= IFCCARTESIANPOINT((1.92929206835106,12.1826407421194,16.2422988684848));
#609= IFCPOLYLOOP((#604,#608,#596,#592));
#610= IFCFACEOUTERBOUND(#609,.T.);
#611= IFCFACE((#610));
#612= IFCPOLYLOOP((#608,#603,#591,#596));
#613= IFCFACEOUTERBOUND(#612,.T.);
#614= IFCFACE((#613));
#615= IFCPOLYLOOP((#387,#386,#604,#603));
#616= IFCFACEOUTERBOUND(#615,.T.);
#617= IFCFACE((#616));
#618= IFCPOLYLOOP((#386,#392,#608,#604));
#619= IFCFACEOUTERBOUND(#618,.T.);
#620= IFCFACE((#619));
#621= IFCPOLYLOOP((#392,#387,#603,#608));
#622= IFCFACEOUTERBOUND(#621,.T.);
#623= IFCFACE((#622));
#624= IFCPOLYLOOP((#392,#387,#386));
#625= IFCFACEOUTERBOUND(#624,.T.);
#626= IFCFACE((#625));
#627= IFCPOLYLOOP((#392,#386,#387));
#628= IFCFACEOUTERBOUND(#627,.T.);
#629= IFCFACE((#628));
#630= IFCCLOSEDSHELL((#144,#149,#152,#157,#161,#164,#169,#173,#176,#181,#185,#188,#193,#197,#200,#205,#209,#212,#217,#221,#224,#229,#233,#236,#241,#245,#248,#253,#257,#260,#265,#269,#272,#277,#281,#284,#289,#293,#296,#301,#305,#308,#313,#317,#320,#325,#329,#332,#337,#341,#344,#349,#353,#356,#361,#365,#368,#371,#374,#377,#380,#383,#390,#395,#398,#403,#407,#410,#415,#419,#422,#427,#431,#434,#439,#443,#446,#451,#455,#458,#463,#467,#470,#475,#479,#482,#487,#491,#494,#499,#503,#506,#511,#515,#518,#523,#527,#530,#535,#539,#542,#547,#551,#554,#559,#563,#566,#571,#575,#578,#583,#587,#590,#595,#599,#602,#607,#611,#614,#617,#620,#623,#626,#629));
#631= IFCFACETEDBREP(#630);
#632= IFCSTYLEDITEM(#631,(#137),$);
#633= IFCSHAPEREPRESENTATION(#13,'Body','Brep',(#631));
#634= IFCPRODUCTDEFINITIONSHAPE($,$,(#633));
#635= IFCCARTESIANPOINT((442219.239294394,393551.53941343,-854.119999999915));
#636= IFCDIRECTION((0.222520934042988,-0.974927912162041,0.));
#637= IFCDIRECTION((0.974927912162043,0.222520934042979,0.));
#638= IFCAXIS2PLACEMENT3D(#635,#636,#637);
#639= IFCLOCALPLACEMENT(#117,#638);
#640= IFCFASTENER('38cHfvP2L97e9fppOuNuK5',#116,'Weld',$,$,#639,#634,'IDc8991a79-6425-491e-8269-cf36385f8505');
#641= IFCCOLOURRGB('Light Gray',0.615686274509804,0.615686274509804,0.611764705882353);
#642= IFCSURFACESTYLERENDERING(#641,0.,$,$,$,$,IFCNORMALISEDRATIOMEASURE(0.00390625),IFCSPECULAREXPONENT(10.),.NOTDEFINED.);
#643= IFCSURFACESTYLE('STEEL/S275JR',.POSITIVE.,(#642));
#644= IFCPRESENTATIONSTYLEASSIGNMENT((#643));
#645= IFCCARTESIANPOINT((10.3935750445817,13.0331308724126));
#646= IFCCARTESIANPOINT((15.0191510966979,7.2328419641708));
#647= IFCCARTESIANPOINT((16.6700000762939,0.));
#648= IFCCARTESIANPOINT((15.0191510966979,-7.2328419641708));
#649= IFCCARTESIANPOINT((10.3935750445817,-13.0331308724126));
#650= IFCCARTESIANPOINT((3.70942398603074,-16.2520483704284));
#651= IFCCARTESIANPOINT((-3.70942398603074,-16.2520483704284));
#652= IFCCARTESIANPOINT((-10.3935750445817,-13.0331308724126));
#653= IFCCARTESIANPOINT((-15.0191510966979,-7.2328419641708));
#654= IFCCARTESIANPOINT((-16.6700000762939,0.));
#655= IFCCARTESIANPOINT((-15.0191510966979,7.2328419641708));
#656= IFCCARTESIANPOINT((-10.3935750445817,13.0331308724126));
#657= IFCCARTESIANPOINT((-3.70942398603074,16.2520483704284));
#658= IFCCARTESIANPOINT((3.70942398603074,16.2520483704284));
#659= IFCPOLYLINE((#645,#646,#647,#648,#649,#650,#651,#652,#653,#654,#655,#656,#657,#658,#645));
#660= IFCCARTESIANPOINT((6.51265618932666,-5.19367000192869));
#661= IFCCARTESIANPOINT((8.12114943406777,-1.85359936289024));
#662= IFCCARTESIANPOINT((8.12114943406777,1.85359936289024));
#663= IFCCARTESIANPOINT((6.51265618932666,5.19367000192869));
#664= IFCCARTESIANPOINT((3.6142515137326,7.50507060089149));
#665= IFCCARTESIANPOINT((0.,8.32999992370605));
#666= IFCCARTESIANPOINT((-3.6142515137326,7.50507060089149));
#667= IFCCARTESIANPOINT((-6.51265618932666,5.19367000192869));
#668= IFCCARTESIANPOINT((-8.12114943406777,1.85359936289024));
#669= IFCCARTESIANPOINT((-8.12114943406777,-1.85359936289024));
#670= IFCCARTESIANPOINT((-6.51265618932666,-5.19367000192869));
#671= IFCCARTESIANPOINT((-3.6142515137326,-7.50507060089149));
#672= IFCCARTESIANPOINT((0.,-8.32999992370605));
#673= IFCCARTESIANPOINT((3.6142515137326,-7.50507060089149));
#674= IFCPOLYLINE((#660,#661,#662,#663,#664,#665,#666,#667,#668,#669,#670,#671,#672,#673,#660));
#675= IFCARBITRARYPROFILEDEFWITHVOIDS(.AREA.,'5/8_WASHER',#659,(#674));
#676= IFCDIRECTION((0.,0.,-1.));
#677= IFCCARTESIANPOINT((0.,0.,7.94000005500004));
#678= IFCAXIS2PLACEMENT3D(#677,#676,#8);
#679= IFCEXTRUDEDAREASOLID(#675,#678,#9,7.94);
#680= IFCSHAPEREPRESENTATION(#13,'Body','SweptSolid',(#679));
#681= IFCSTYLEDITEM(#679,(#644),$);
#682= IFCPRODUCTDEFINITIONSHAPE($,$,(#680));
#683= IFCCARTESIANPOINT((442221.120215082,393543.638721379,-846.179999944915));
#684= IFCAXIS2PLACEMENT3D(#683,#676,#8);
#685= IFCLOCALPLACEMENT(#117,#684);
#686= IFCCOLUMN('1uEKmJz8n0iP9xtc13DsfI',#116,'ARANDELA','5/8_WASHER',$,#685,#682,'ID78394c13-f48c-40b1-927b-de6043376a52');
#687= IFCCOLUMNTYPE('2XUL3u_x5EGfnqTQGZx_lA',#5,'5/8_WASHER',$,$,$,$,$,$,.NOTDEFINED.);
#688= IFCPROPERTYSINGLEVALUE('LoadBearing',$,IFCBOOLEAN(.F.),$);
#689= IFCPROPERTYSINGLEVALUE('Reference',$,IFCIDENTIFIER('PS0(?)'),$);
#690= IFCPROPERTYSET('1QsChsWfT7j8EeYU7VI33b',#5,'Pset_ColumnCommon','Common Properties to column elements',(#688,#689));
#691= IFCQUANTITYLENGTH('Length',$,$,7.94000005500004);
#692= IFCQUANTITYAREA('OuterSurfaceArea',$,$,0.00250327801715229);
#693= IFCQUANTITYVOLUME('NetVolume',$,$,5.02803146572343E-06);
#694= IFCQUANTITYWEIGHT('NetWeight',$,$,0.0394700470059289);
#695= IFCELEMENTQUANTITY('2PY42CjnL8qPmTMku2r9VX',#5,'BaseQuantities',$,$,(#691,#692,#693,#694));
#696= IFCMATERIAL('STEEL/S275JR');
#697= IFCLOCALPLACEMENT(#45,#10);
#698= IFCELEMENTASSEMBLY('0iqYSq_mj5fBlVwKqh3l3L',#116,'ANCLAJE',$,$,#697,$,'CPS0(?)',.NOTDEFINED.,.NOTDEFINED.);
#699= IFCPROPERTYSINGLEVALUE('COG_X_BASEPOINT',$,IFCLENGTHMEASURE(442091.12022),$);
#700= IFCPROPERTYSINGLEVALUE('GUID',$,IFCLABEL('2cd22734-fb0b-45a4-bbdf-e94d2b0ef0d5'),$);
#701= IFCPROPERTYSET('14hdEM0eb6xB4XoEmPTOxv',#5,'Fundacion',$,(#119,#100,#101,#120,#121,#122,#699,#124,#125,#59,#60,#61,#62,#63,#64,#65,#66,#67,#68,#69,#126,#71,#127,#128,#129,#700));
#702= IFCCARTESIANPOINT((3.06867394881556,0.,20.4192248141044));
#703= IFCCARTESIANPOINT((2.0621071086498,0.,16.1765841270681));
#704= IFCCARTESIANPOINT((-1.78204635600559,0.,16.1765841270098));
#705= IFCCARTESIANPOINT((-2.71233836136525,0.,20.419224813988));
#706= IFCPOLYLOOP((#702,#703,#704,#705));
#707= IFCFACEOUTERBOUND(#706,.T.);
#708= IFCFACE((#707));
#709= IFCCARTESIANPOINT((2.0621071086498,-4.24264068711932,16.1765841270681));
#710= IFCCARTESIANPOINT((-1.78204635600559,-4.24264068711932,16.1765841270098));
#711= IFCPOLYLOOP((#703,#709,#710,#704));
#712= IFCFACEOUTERBOUND(#711,.T.);
#713= IFCFACE((#712));
#714= IFCPOLYLOOP((#709,#702,#705,#710));
#715= IFCFACEOUTERBOUND(#714,.T.);
#716= IFCFACE((#715));
#717= IFCCARTESIANPOINT((6.35878967377357,0.,18.764949173783));
#718= IFCCARTESIANPOINT((4.45293214038247,0.,14.9744733380503));
#719= IFCPOLYLOOP((#717,#718,#703,#702));
#720= IFCFACEOUTERBOUND(#719,.T.);
#721= IFCFACE((#720));
#722= IFCCARTESIANPOINT((4.45293214038247,-4.24264068711932,14.9744733380503));
#723= IFCPOLYLOOP((#718,#722,#709,#703));
#724= IFCFACEOUTERBOUND(#723,.T.);
#725= IFCFACE((#724));
#726= IFCPOLYLOOP((#722,#717,#702,#709));
#727= IFCFACEOUTERBOUND(#726,.T.);
#728= IFCFACE((#727));
#729= IFCCARTESIANPOINT((8.14521530194907,0.,17.8667314067716));
#730= IFCCARTESIANPOINT((5.37420639418997,0.,14.5112551161437));
#731= IFCPOLYLOOP((#729,#730,#718,#717));
#732= IFCFACEOUTERBOUND(#731,.T.);
#733= IFCFACE((#732));
#734= IFCCARTESIANPOINT((5.37420639418997,-4.24264068711932,14.5112551161437));
#735= IFCPOLYLOOP((#730,#734,#722,#718));
#736= IFCFACEOUTERBOUND(#735,.T.);
#737= IFCFACE((#736));
#738= IFCPOLYLOOP((#734,#729,#717,#722));
#739= IFCFACEOUTERBOUND(#738,.T.);
#740= IFCFACE((#739));
#741= IFCCARTESIANPOINT((11.5882249177666,0.,13.3946634689346));
#742= IFCCARTESIANPOINT((7.63574555964442,0.,11.5737795001478));
#743= IFCPOLYLOOP((#741,#742,#730,#729));
#744= IFCFACEOUTERBOUND(#743,.T.);
#745= IFCFACE((#744));
#746= IFCCARTESIANPOINT((7.63574555964442,-4.24264068711932,11.5737795001478));
#747= IFCPOLYLOOP((#742,#746,#734,#730));
#748= IFCFACEOUTERBOUND(#747,.T.);
#749= IFCFACE((#748));
#750= IFCPOLYLOOP((#746,#741,#729,#734));
#751= IFCFACEOUTERBOUND(#750,.T.);
#752= IFCFACE((#751));
#753= IFCCARTESIANPOINT((12.1536240036949,0.,10.7065614017774));
#754= IFCCARTESIANPOINT((8.0018279258511,0.,9.83329779468477));
#755= IFCPOLYLOOP((#753,#754,#742,#741));
#756= IFCFACEOUTERBOUND(#755,.T.);
#757= IFCFACE((#756));
#758= IFCCARTESIANPOINT((8.0018279258511,-4.24264068711932,9.83329779468477));
#759= IFCPOLYLOOP((#754,#758,#746,#742));
#760= IFCFACEOUTERBOUND(#759,.T.);
#761= IFCFACE((#760));
#762= IFCPOLYLOOP((#758,#753,#741,#746));
#763= IFCFACEOUTERBOUND(#762,.T.);
#764= IFCFACE((#763));
#765= IFCCARTESIANPOINT((12.7499118350679,0.,7.87160359596601));
#766= IFCCARTESIANPOINT((8.39879903750261,0.,7.94596035062568));
#767= IFCPOLYLOOP((#765,#766,#754,#753));
#768= IFCFACEOUTERBOUND(#767,.T.);
#769= IFCFACE((#768));
#770= IFCCARTESIANPOINT((8.39879903750261,-4.24264068711932,7.94596035062568));
#771= IFCPOLYLOOP((#766,#770,#758,#754));
#772= IFCFACEOUTERBOUND(#771,.T.);
#773= IFCFACE((#772));
#774= IFCPOLYLOOP((#770,#765,#753,#758));
#775= IFCFACEOUTERBOUND(#774,.T.);
#776= IFCFACE((#775));
#777= IFCCARTESIANPOINT((11.4001897127018,0.,2.39146153151523));
#778= IFCCARTESIANPOINT((7.51223472820129,0.,4.34633174241753));
#779= IFCPOLYLOOP((#777,#778,#766,#765));
#780= IFCFACEOUTERBOUND(#779,.T.);
#781= IFCFACE((#780));
#782= IFCCARTESIANPOINT((7.51223472820129,-4.24264068711932,4.34633174241753));
#783= IFCPOLYLOOP((#778,#782,#770,#766));
#784= IFCFACEOUTERBOUND(#783,.T.);
#785= IFCFACE((#784));
#786= IFCPOLYLOOP((#782,#777,#765,#770));
#787= IFCFACEOUTERBOUND(#786,.T.);
#788= IFCFACE((#787));
#789= IFCCARTESIANPOINT((10.2506854146486,0.,0.999501221580431));
#790= IFCCARTESIANPOINT((6.97933792031836,0.,3.70103515055962));
#791= IFCPOLYLOOP((#789,#790,#778,#777));
#792= IFCFACEOUTERBOUND(#791,.T.);
#793= IFCFACE((#792));
#794= IFCCARTESIANPOINT((6.97933792031836,-4.24264068711932,3.70103515055962));
#795= IFCPOLYLOOP((#790,#794,#782,#778));
#796= IFCFACEOUTERBOUND(#795,.T.);
#797= IFCFACE((#796));
#798= IFCPOLYLOOP((#794,#789,#777,#782));
#799= IFCFACEOUTERBOUND(#798,.T.);
#800= IFCFACE((#799));
#801= IFCCARTESIANPOINT((7.80638757033739,0.,-1.96035337913781));
#802= IFCCARTESIANPOINT((5.151647566061,0.,1.48784426797647));
#803= IFCPOLYLOOP((#801,#802,#790,#789));
#804= IFCFACEOUTERBOUND(#803,.T.);
#805= IFCFACE((#804));
#806= IFCCARTESIANPOINT((5.151647566061,-4.24264068711932,1.48784426797647));
#807= IFCPOLYLOOP((#802,#806,#794,#790));
#808= IFCFACEOUTERBOUND(#807,.T.);
#809= IFCFACE((#808));
#810= IFCPOLYLOOP((#806,#801,#789,#794));
#811= IFCFACEOUTERBOUND(#810,.T.);
#812= IFCFACE((#811));
#813= IFCCARTESIANPOINT((2.85236873774556,0.,-4.24264068703633));
#814= IFCCARTESIANPOINT((1.9220767323859,0.,0.));
#815= IFCPOLYLOOP((#813,#814,#802,#801));
#816= IFCFACEOUTERBOUND(#815,.T.);
#817= IFCFACE((#816));
#818= IFCCARTESIANPOINT((1.9220767323859,-4.24264068711932,0.));
#819= IFCPOLYLOOP((#814,#818,#806,#802));
#820= IFCFACEOUTERBOUND(#819,.T.);
#821= IFCFACE((#820));
#822= IFCPOLYLOOP((#818,#813,#801,#806));
#823= IFCFACEOUTERBOUND(#822,.T.);
#824= IFCFACE((#823));
#825= IFCCARTESIANPOINT((-2.92864357249346,0.,-4.24264068709454));
#826= IFCCARTESIANPOINT((-1.9220767323277,0.,-1.16415321826935E-10));
#827= IFCPOLYLOOP((#825,#826,#814,#813));
#828= IFCFACEOUTERBOUND(#827,.T.);
#829= IFCFACE((#828));
#830= IFCCARTESIANPOINT((-1.9220767323277,-4.24264068711932,-1.16415321826935E-10));
#831= IFCPOLYLOOP((#826,#830,#818,#814));
#832= IFCFACEOUTERBOUND(#831,.T.);
#833= IFCFACE((#832));
#834= IFCPOLYLOOP((#830,#825,#813,#818));
#835= IFCFACEOUTERBOUND(#834,.T.);
#836= IFCFACE((#835));
#837= IFCCARTESIANPOINT((-6.21875929750968,0.,-2.58836504677311));
#838= IFCCARTESIANPOINT((-4.31290176406037,0.,1.20211078895954));
#839= IFCPOLYLOOP((#837,#838,#826,#825));
#840= IFCFACEOUTERBOUND(#839,.T.);
#841= IFCFACE((#840));
#842= IFCCARTESIANPOINT((-4.31290176406037,-4.24264068711932,1.20211078895954));
#843= IFCPOLYLOOP((#838,#842,#830,#826));
#844= IFCFACEOUTERBOUND(#843,.T.);
#845= IFCFACE((#844));
#846= IFCPOLYLOOP((#842,#837,#825,#830));
#847= IFCFACEOUTERBOUND(#846,.T.);
#848= IFCFACE((#847));
#849= IFCCARTESIANPOINT((-8.00518492556876,0.,-1.69014727976173));
#850= IFCCARTESIANPOINT((-5.23417601786787,0.,1.66532901080791));
#851= IFCPOLYLOOP((#849,#850,#838,#837));
#852= IFCFACEOUTERBOUND(#851,.T.);
#853= IFCFACE((#852));
#854= IFCCARTESIANPOINT((-5.23417601786787,-4.24264068711932,1.66532901080791));
#855= IFCPOLYLOOP((#850,#854,#842,#838));
#856= IFCFACEOUTERBOUND(#855,.T.);
#857= IFCFACE((#856));
#858= IFCPOLYLOOP((#854,#849,#837,#842));
#859= IFCFACEOUTERBOUND(#858,.T.);
#860= IFCFACE((#859));
#861= IFCCARTESIANPOINT((-11.4481945413863,0.,2.78192065795884));
#862= IFCCARTESIANPOINT((-7.49571518338053,0.,4.60280462680385));
#863= IFCPOLYLOOP((#861,#862,#850,#849));
#864= IFCFACEOUTERBOUND(#863,.T.);
#865= IFCFACE((#864));
#866= IFCCARTESIANPOINT((-7.49571518338053,-4.24264068711932,4.60280462680385));
#867= IFCPOLYLOOP((#862,#866,#854,#850));
#868= IFCFACEOUTERBOUND(#867,.T.);
#869= IFCFACE((#868));
#870= IFCPOLYLOOP((#866,#861,#849,#854));
#871= IFCFACEOUTERBOUND(#870,.T.);
#872= IFCFACE((#871));
#873= IFCCARTESIANPOINT((-12.0135936273145,0.,5.4700227251742));
#874= IFCCARTESIANPOINT((-7.86179754958721,0.,6.34328633232508));
#875= IFCPOLYLOOP((#873,#874,#862,#861));
#876= IFCFACEOUTERBOUND(#875,.T.);
#877= IFCFACE((#876));
#878= IFCCARTESIANPOINT((-7.86179754958721,-4.24264068711932,6.34328633232508));
#879= IFCPOLYLOOP((#874,#878,#866,#862));
#880= IFCFACEOUTERBOUND(#879,.T.);
#881= IFCFACE((#880));
#882= IFCPOLYLOOP((#878,#873,#861,#866));
#883= IFCFACEOUTERBOUND(#882,.T.);
#884= IFCFACE((#883));
#885= IFCCARTESIANPOINT((-12.6098814586876,0.,8.30498053098563));
#886= IFCCARTESIANPOINT((-8.25876866118051,0.,8.23062377632596));
#887= IFCPOLYLOOP((#885,#886,#874,#873));
#888= IFCFACEOUTERBOUND(#887,.T.);
#889= IFCFACE((#888));
#890= IFCCARTESIANPOINT((-8.25876866118051,-4.24264068711932,8.23062377632596));
#891= IFCPOLYLOOP((#886,#890,#878,#874));
#892= IFCFACEOUTERBOUND(#891,.T.);
#893= IFCFACE((#892));
#894= IFCPOLYLOOP((#890,#885,#873,#878));
#895= IFCFACEOUTERBOUND(#894,.T.);
#896= IFCFACE((#895));
#897= IFCCARTESIANPOINT((-11.2601593364379,0.,13.7851225955528));
#898= IFCCARTESIANPOINT((-7.37220435176278,0.,11.8302523845341));
#899= IFCPOLYLOOP((#897,#898,#886,#885));
#900= IFCFACEOUTERBOUND(#899,.T.);
#901= IFCFACE((#900));
#902= IFCCARTESIANPOINT((-7.37220435176278,-4.24264068711932,11.8302523845341));
#903= IFCPOLYLOOP((#898,#902,#890,#886));
#904= IFCFACEOUTERBOUND(#903,.T.);
#905= IFCFACE((#904));
#906= IFCPOLYLOOP((#902,#897,#885,#890));
#907= IFCFACEOUTERBOUND(#906,.T.);
#908= IFCFACE((#907));
#909= IFCCARTESIANPOINT((-10.1106550383847,0.,15.1770829054294));
#910= IFCCARTESIANPOINT((-6.83930754393805,0.,12.4755489763338));
#911= IFCPOLYLOOP((#909,#910,#898,#897));
#912= IFCFACEOUTERBOUND(#911,.T.);
#913= IFCFACE((#912));
#914= IFCCARTESIANPOINT((-6.83930754393805,-4.24264068711932,12.4755489763338));
#915= IFCPOLYLOOP((#910,#914,#902,#898));
#916= IFCFACEOUTERBOUND(#915,.T.);
#917= IFCFACE((#916));
#918= IFCPOLYLOOP((#914,#909,#897,#902));
#919= IFCFACEOUTERBOUND(#918,.T.);
#920= IFCFACE((#919));
#921= IFCCARTESIANPOINT((-7.66635719395708,0.,18.1369375060895));
#922= IFCCARTESIANPOINT((-5.01161718968069,0.,14.6887398590334));
#923= IFCPOLYLOOP((#921,#922,#910,#909));
#924= IFCFACEOUTERBOUND(#923,.T.);
#925= IFCFACE((#924));
#926= IFCCARTESIANPOINT((-5.01161718968069,-4.24264068711932,14.6887398590334));
#927= IFCPOLYLOOP((#922,#926,#914,#910));
#928= IFCFACEOUTERBOUND(#927,.T.);
#929= IFCFACE((#928));
#930= IFCPOLYLOOP((#926,#921,#909,#914));
#931= IFCFACEOUTERBOUND(#930,.T.);
#932= IFCFACE((#931));
#933= IFCPOLYLOOP((#705,#704,#922,#921));
#934= IFCFACEOUTERBOUND(#933,.T.);
#935= IFCFACE((#934));
#936= IFCPOLYLOOP((#704,#710,#926,#922));
#937= IFCFACEOUTERBOUND(#936,.T.);
#938= IFCFACE((#937));
#939= IFCPOLYLOOP((#710,#705,#921,#926));
#940= IFCFACEOUTERBOUND(#939,.T.);
#941= IFCFACE((#940));
#942= IFCPOLYLOOP((#710,#705,#704));
#943= IFCFACEOUTERBOUND(#942,.T.);
#944= IFCFACE((#943));
#945= IFCPOLYLOOP((#710,#704,#705));
#946= IFCFACEOUTERBOUND(#945,.T.);
#947= IFCFACE((#946));
#948= IFCCARTESIANPOINT((-7.64202554477379,7.94000005500004,18.1664012410911));
#949= IFCCARTESIANPOINT((-5.01161718968069,7.94000005500004,14.6887398590334));
#950= IFCCARTESIANPOINT((-1.4931871034205,7.94000005500004,16.2373410303844));
#951= IFCCARTESIANPOINT((-2.35085082234582,7.94000005500004,20.4952579106321));
#952= IFCPOLYLOOP((#948,#949,#950,#951));
#953= IFCFACEOUTERBOUND(#952,.T.);
#954= IFCFACE((#953));
#955= IFCCARTESIANPOINT((-5.01161718968069,12.1826407421194,14.6887398590334));
#956= IFCCARTESIANPOINT((-1.4931871034205,12.1826407421194,16.2373410303844));
#957= IFCPOLYLOOP((#949,#955,#956,#950));
#958= IFCFACEOUTERBOUND(#957,.T.);
#959= IFCFACE((#958));
#960= IFCPOLYLOOP((#955,#948,#951,#956));
#961= IFCFACEOUTERBOUND(#960,.T.);
#962= IFCFACE((#961));
#963= IFCCARTESIANPOINT((-10.1106550383847,7.94000005500004,15.1770829054294));
#964= IFCCARTESIANPOINT((-6.83930754393805,7.94000005500004,12.4755489763338));
#965= IFCPOLYLOOP((#963,#964,#949,#948));
#966= IFCFACEOUTERBOUND(#965,.T.);
#967= IFCFACE((#966));
#968= IFCCARTESIANPOINT((-6.83930754393805,12.1826407421194,12.4755489763338));
#969= IFCPOLYLOOP((#964,#968,#955,#949));
#970= IFCFACEOUTERBOUND(#969,.T.);
#971= IFCFACE((#970));
#972= IFCPOLYLOOP((#968,#963,#948,#955));
#973= IFCFACEOUTERBOUND(#972,.T.);
#974= IFCFACE((#973));
#975= IFCCARTESIANPOINT((-11.2601593364379,7.94000005500004,13.7851225955528));
#976= IFCCARTESIANPOINT((-7.37220435176278,7.94000005500004,11.8302523845341));
#977= IFCPOLYLOOP((#975,#976,#964,#963));
#978= IFCFACEOUTERBOUND(#977,.T.);
#979= IFCFACE((#978));
#980= IFCCARTESIANPOINT((-7.37220435176278,12.1826407421194,11.8302523845341));
#981= IFCPOLYLOOP((#976,#980,#968,#964));
#982= IFCFACEOUTERBOUND(#981,.T.);
#983= IFCFACE((#982));
#984= IFCPOLYLOOP((#980,#975,#963,#968));
#985= IFCFACEOUTERBOUND(#984,.T.);
#986= IFCFACE((#985));
#987= IFCCARTESIANPOINT((-12.6098814586876,7.94000005500004,8.30498053098563));
#988= IFCCARTESIANPOINT((-8.25876866118051,7.94000005500004,8.23062377632596));
#989= IFCPOLYLOOP((#987,#988,#976,#975));
#990= IFCFACEOUTERBOUND(#989,.T.);
#991= IFCFACE((#990));
#992= IFCCARTESIANPOINT((-8.25876866118051,12.1826407421194,8.23062377632596));
#993= IFCPOLYLOOP((#988,#992,#980,#976));
#994= IFCFACEOUTERBOUND(#993,.T.);
#995= IFCFACE((#994));
#996= IFCPOLYLOOP((#992,#987,#975,#980));
#997= IFCFACEOUTERBOUND(#996,.T.);
#998= IFCFACE((#997));
#999= IFCCARTESIANPOINT((-12.0135936273145,7.94000005500004,5.4700227251742));
#1000= IFCCARTESIANPOINT((-7.86179754958721,7.94000005500004,6.34328633232508));
#1001= IFCPOLYLOOP((#999,#1000,#988,#987));
#1002= IFCFACEOUTERBOUND(#1001,.T.);
#1003= IFCFACE((#1002));
#1004= IFCCARTESIANPOINT((-7.86179754958721,12.1826407421194,6.34328633232508));
#1005= IFCPOLYLOOP((#1000,#1004,#992,#988));
#1006= IFCFACEOUTERBOUND(#1005,.T.);
#1007= IFCFACE((#1006));
#1008= IFCPOLYLOOP((#1004,#999,#987,#992));
#1009= IFCFACEOUTERBOUND(#1008,.T.);
#1010= IFCFACE((#1009));
#1011= IFCCARTESIANPOINT((-11.4481945413863,7.94000005500004,2.78192065795884));
#1012= IFCCARTESIANPOINT((-7.49571518338053,7.94000005500004,4.60280462680385));
#1013= IFCPOLYLOOP((#1011,#1012,#1000,#999));
#1014= IFCFACEOUTERBOUND(#1013,.T.);
#1015= IFCFACE((#1014));
#1016= IFCCARTESIANPOINT((-7.49571518338053,12.1826407421194,4.60280462680385));
#1017= IFCPOLYLOOP((#1012,#1016,#1004,#1000));
#1018= IFCFACEOUTERBOUND(#1017,.T.);
#1019= IFCFACE((#1018));
#1020= IFCPOLYLOOP((#1016,#1011,#999,#1004));
#1021= IFCFACEOUTERBOUND(#1020,.T.);
#1022= IFCFACE((#1021));
#1023= IFCCARTESIANPOINT((-8.00518492556876,7.94000005500004,-1.69014727976173));
#1024= IFCCARTESIANPOINT((-5.23417601786787,7.94000005500004,1.66532901080791));
#1025= IFCPOLYLOOP((#1023,#1024,#1012,#1011));
#1026= IFCFACEOUTERBOUND(#1025,.T.);
#1027= IFCFACE((#1026));
#1028= IFCCARTESIANPOINT((-5.23417601786787,12.1826407421194,1.66532901080791));
#1029= IFCPOLYLOOP((#1024,#1028,#1016,#1012));
#1030= IFCFACEOUTERBOUND(#1029,.T.);
#1031= IFCFACE((#1030));
#1032= IFCPOLYLOOP((#1028,#1023,#1011,#1016));
#1033= IFCFACEOUTERBOUND(#1032,.T.);
#1034= IFCFACE((#1033));
#1035= IFCCARTESIANPOINT((-6.21875929750968,7.94000005500004,-2.58836504677311));
#1036= IFCCARTESIANPOINT((-4.31290176406037,7.94000005500004,1.20211078895954));
#1037= IFCPOLYLOOP((#1035,#1036,#1024,#1023));
#1038= IFCFACEOUTERBOUND(#1037,.T.);
#1039= IFCFACE((#1038));
#1040= IFCCARTESIANPOINT((-4.31290176406037,12.1826407421194,1.20211078895954));
#1041= IFCPOLYLOOP((#1036,#1040,#1028,#1024));
#1042= IFCFACEOUTERBOUND(#1041,.T.);
#1043= IFCFACE((#1042));
#1044= IFCPOLYLOOP((#1040,#1035,#1023,#1028));
#1045= IFCFACEOUTERBOUND(#1044,.T.);
#1046= IFCFACE((#1045));
#1047= IFCCARTESIANPOINT((-2.92864357249346,7.94000005500004,-4.24264068709454));
#1048= IFCCARTESIANPOINT((-1.9220767323277,7.94000005500004,-1.16415321826935E-10));
#1049= IFCPOLYLOOP((#1047,#1048,#1036,#1035));
#1050= IFCFACEOUTERBOUND(#1049,.T.);
#1051= IFCFACE((#1050));
#1052= IFCCARTESIANPOINT((-1.9220767323277,12.1826407421194,-1.16415321826935E-10));
#1053= IFCPOLYLOOP((#1048,#1052,#1040,#1036));
#1054= IFCFACEOUTERBOUND(#1053,.T.);
#1055= IFCFACE((#1054));
#1056= IFCPOLYLOOP((#1052,#1047,#1035,#1040));
#1057= IFCFACEOUTERBOUND(#1056,.T.);
#1058= IFCFACE((#1057));
#1059= IFCCARTESIANPOINT((2.85236873774556,7.94000005500004,-4.24264068703633));
#1060= IFCCARTESIANPOINT((1.9220767323859,7.94000005500004,0.));
#1061= IFCPOLYLOOP((#1059,#1060,#1048,#1047));
#1062= IFCFACEOUTERBOUND(#1061,.T.);
#1063= IFCFACE((#1062));
#1064= IFCCARTESIANPOINT((1.9220767323859,12.1826407421194,0.));
#1065= IFCPOLYLOOP((#1060,#1064,#1052,#1048));
#1066= IFCFACEOUTERBOUND(#1065,.T.);
#1067= IFCFACE((#1066));
#1068= IFCPOLYLOOP((#1064,#1059,#1047,#1052));
#1069= IFCFACEOUTERBOUND(#1068,.T.);
#1070= IFCFACE((#1069));
#1071= IFCCARTESIANPOINT((7.80638757033739,7.94000005500004,-1.96035337913781));
#1072= IFCCARTESIANPOINT((5.151647566061,7.94000005500004,1.48784426797647));
#1073= IFCPOLYLOOP((#1071,#1072,#1060,#1059));
#1074= IFCFACEOUTERBOUND(#1073,.T.);
#1075= IFCFACE((#1074));
#1076= IFCCARTESIANPOINT((5.151647566061,12.1826407421194,1.48784426797647));
#1077= IFCPOLYLOOP((#1072,#1076,#1064,#1060));
#1078= IFCFACEOUTERBOUND(#1077,.T.);
#1079= IFCFACE((#1078));
#1080= IFCPOLYLOOP((#1076,#1071,#1059,#1064));
#1081= IFCFACEOUTERBOUND(#1080,.T.);
#1082= IFCFACE((#1081));
#1083= IFCCARTESIANPOINT((10.2506854146486,7.94000005500004,0.999501221580431));
#1084= IFCCARTESIANPOINT((6.97933792031836,7.94000005500004,3.70103515055962));
#1085= IFCPOLYLOOP((#1083,#1084,#1072,#1071));
#1086= IFCFACEOUTERBOUND(#1085,.T.);
#1087= IFCFACE((#1086));
#1088= IFCCARTESIANPOINT((6.97933792031836,12.1826407421194,3.70103515055962));
#1089= IFCPOLYLOOP((#1084,#1088,#1076,#1072));
#1090= IFCFACEOUTERBOUND(#1089,.T.);
#1091= IFCFACE((#1090));
#1092= IFCPOLYLOOP((#1088,#1083,#1071,#1076));
#1093= IFCFACEOUTERBOUND(#1092,.T.);
#1094= IFCFACE((#1093));
#1095= IFCCARTESIANPOINT((11.4001897127018,7.94000005500004,2.39146153151523));
#1096= IFCCARTESIANPOINT((7.51223472820129,7.94000005500004,4.34633174241753));
#1097= IFCPOLYLOOP((#1095,#1096,#1084,#1083));
#1098= IFCFACEOUTERBOUND(#1097,.T.);
#1099= IFCFACE((#1098));
#1100= IFCCARTESIANPOINT((7.51223472820129,12.1826407421194,4.34633174241753));
#1101= IFCPOLYLOOP((#1096,#1100,#1088,#1084));
#1102= IFCFACEOUTERBOUND(#1101,.T.);
#1103= IFCFACE((#1102));
#1104= IFCPOLYLOOP((#1100,#1095,#1083,#1088));
#1105= IFCFACEOUTERBOUND(#1104,.T.);
#1106= IFCFACE((#1105));
#1107= IFCCARTESIANPOINT((12.7499118350679,7.94000005500004,7.87160359596601));
#1108= IFCCARTESIANPOINT((8.39879903750261,7.94000005500004,7.94596035062568));
#1109= IFCPOLYLOOP((#1107,#1108,#1096,#1095));
#1110= IFCFACEOUTERBOUND(#1109,.T.);
#1111= IFCFACE((#1110));
#1112= IFCCARTESIANPOINT((8.39879903750261,12.1826407421194,7.94596035062568));
#1113= IFCPOLYLOOP((#1108,#1112,#1100,#1096));
#1114= IFCFACEOUTERBOUND(#1113,.T.);
#1115= IFCFACE((#1114));
#1116= IFCPOLYLOOP((#1112,#1107,#1095,#1100));
#1117= IFCFACEOUTERBOUND(#1116,.T.);
#1118= IFCFACE((#1117));
#1119= IFCCARTESIANPOINT((12.1536240036949,7.94000005500004,10.7065614017774));
#1120= IFCCARTESIANPOINT((8.0018279258511,7.94000005500004,9.83329779468477));
#1121= IFCPOLYLOOP((#1119,#1120,#1108,#1107));
#1122= IFCFACEOUTERBOUND(#1121,.T.);
#1123= IFCFACE((#1122));
#1124= IFCCARTESIANPOINT((8.0018279258511,12.1826407421194,9.83329779468477));
#1125= IFCPOLYLOOP((#1120,#1124,#1112,#1108));
#1126= IFCFACEOUTERBOUND(#1125,.T.);
#1127= IFCFACE((#1126));
#1128= IFCPOLYLOOP((#1124,#1119,#1107,#1112));
#1129= IFCFACEOUTERBOUND(#1128,.T.);
#1130= IFCFACE((#1129));
#1131= IFCCARTESIANPOINT((11.5882249177666,7.94000005500004,13.3946634689346));
#1132= IFCCARTESIANPOINT((7.63574555964442,7.94000005500004,11.5737795001478));
#1133= IFCPOLYLOOP((#1131,#1132,#1120,#1119));
#1134= IFCFACEOUTERBOUND(#1133,.T.);
#1135= IFCFACE((#1134));
#1136= IFCCARTESIANPOINT((7.63574555964442,12.1826407421194,11.5737795001478));
#1137= IFCPOLYLOOP((#1132,#1136,#1124,#1120));
#1138= IFCFACEOUTERBOUND(#1137,.T.);
#1139= IFCFACE((#1138));
#1140= IFCPOLYLOOP((#1136,#1131,#1119,#1124));
#1141= IFCFACEOUTERBOUND(#1140,.T.);
#1142= IFCFACE((#1141));
#1143= IFCCARTESIANPOINT((8.14521530194907,7.94000005500004,17.8667314067716));
#1144= IFCCARTESIANPOINT((5.37420639418997,7.94000005500004,14.5112551161437));
#1145= IFCPOLYLOOP((#1143,#1144,#1132,#1131));
#1146= IFCFACEOUTERBOUND(#1145,.T.);
#1147= IFCFACE((#1146));
#1148= IFCCARTESIANPOINT((5.37420639418997,12.1826407421194,14.5112551161437));
#1149= IFCPOLYLOOP((#1144,#1148,#1136,#1132));
#1150= IFCFACEOUTERBOUND(#1149,.T.);
#1151= IFCFACE((#1150));
#1152= IFCPOLYLOOP((#1148,#1143,#1131,#1136));
#1153= IFCFACEOUTERBOUND(#1152,.T.);
#1154= IFCFACE((#1153));
#1155= IFCCARTESIANPOINT((6.35878967377357,7.94000005500004,18.764949173783));
#1156= IFCCARTESIANPOINT((4.45293214038247,7.94000005500004,14.9744733380503));
#1157= IFCPOLYLOOP((#1155,#1156,#1144,#1143));
#1158= IFCFACEOUTERBOUND(#1157,.T.);
#1159= IFCFACE((#1158));
#1160= IFCCARTESIANPOINT((4.45293214038247,12.1826407421194,14.9744733380503));
#1161= IFCPOLYLOOP((#1156,#1160,#1148,#1144));
#1162= IFCFACEOUTERBOUND(#1161,.T.);
#1163= IFCFACE((#1162));
#1164= IFCPOLYLOOP((#1160,#1155,#1143,#1148));
#1165= IFCFACEOUTERBOUND(#1164,.T.);
#1166= IFCFACE((#1165));
#1167= IFCCARTESIANPOINT((3.10281326773111,7.94000005500004,20.4020595079637));
#1168= IFCCARTESIANPOINT((2.0621071086498,7.94000005500004,16.1765841270681));
#1169= IFCPOLYLOOP((#1167,#1168,#1156,#1155));
#1170= IFCFACEOUTERBOUND(#1169,.T.);
#1171= IFCFACE((#1170));
#1172= IFCCARTESIANPOINT((2.0621071086498,12.1826407421194,16.1765841270681));
#1173= IFCPOLYLOOP((#1168,#1172,#1160,#1156));
#1174= IFCFACEOUTERBOUND(#1173,.T.);
#1175= IFCFACE((#1174));
#1176= IFCPOLYLOOP((#1172,#1167,#1155,#1160));
#1177= IFCFACEOUTERBOUND(#1176,.T.);
#1178= IFCFACE((#1177));
#1179= IFCPOLYLOOP((#951,#950,#1168,#1167));
#1180= IFCFACEOUTERBOUND(#1179,.T.);
#1181= IFCFACE((#1180));
#1182= IFCPOLYLOOP((#950,#956,#1172,#1168));
#1183= IFCFACEOUTERBOUND(#1182,.T.);
#1184= IFCFACE((#1183));
#1185= IFCPOLYLOOP((#956,#951,#1167,#1172));
#1186= IFCFACEOUTERBOUND(#1185,.T.);
#1187= IFCFACE((#1186));
#1188= IFCPOLYLOOP((#956,#951,#950));
#1189= IFCFACEOUTERBOUND(#1188,.T.);
#1190= IFCFACE((#1189));
#1191= IFCPOLYLOOP((#956,#950,#951));
#1192= IFCFACEOUTERBOUND(#1191,.T.);
#1193= IFCFACE((#1192));
#1194= IFCCLOSEDSHELL((#708,#713,#716,#721,#725,#728,#733,#737,#740,#745,#749,#752,#757,#761,#764,#769,#773,#776,#781,#785,#788,#793,#797,#800,#805,#809,#812,#817,#821,#824,#829,#833,#836,#841,#845,#848,#853,#857,#860,#865,#869,#872,#877,#881,#884,#889,#893,#896,#901,#905,#908,#913,#917,#920,#925,#929,#932,#935,#938,#941,#944,#947,#954,#959,#962,#967,#971,#974,#979,#983,#986,#991,#995,#998,#1003,#1007,#1010,#1015,#1019,#1022,#1027,#1031,#1034,#1039,#1043,#1046,#1051,#1055,#1058,#1063,#1067,#1070,#1075,#1079,#1082,#1087,#1091,#1094,#1099,#1103,#1106,#1111,#1115,#1118,#1123,#1127,#1130,#1135,#1139,#1142,#1147,#1151,#1154,#1159,#1163,#1166,#1171,#1175,#1178,#1181,#1184,#1187,#1190,#1193));
#1195= IFCFACETEDBREP(#1194);
#1196= IFCSTYLEDITEM(#1195,(#137),$);
#1197= IFCSHAPEREPRESENTATION(#13,'Body','Brep',(#1195));
#1198= IFCPRODUCTDEFINITIONSHAPE($,$,(#1197));
#1199= IFCCARTESIANPOINT((442089.386884256,393551.53941343,-854.119999999915));
#1200= IFCDIRECTION((0.20583020605915,-0.97858772027532,0.));
#1201= IFCDIRECTION((0.978587720275323,0.205830206059134,0.));
#1202= IFCAXIS2PLACEMENT3D(#1199,#1200,#1201);
#1203= IFCLOCALPLACEMENT(#697,#1202);
#1204= IFCFASTENER('3sFV2sO8n3$OJFUIS9TcZx',#116,'Weld',$,$,#1203,#1198,'IDf63df0b6-608c-43fd-84cf-7927097668fb');
#1205= IFCSHAPEREPRESENTATION(#13,'Body','SweptSolid',(#679));
#1206= IFCPRODUCTDEFINITIONSHAPE($,$,(#1205));
#1207= IFCCARTESIANPOINT((442091.120215082,393543.638721379,-846.179999944915));
#1208= IFCAXIS2PLACEMENT3D(#1207,#676,#87);
#1209= IFCLOCALPLACEMENT(#697,#1208);
#1210= IFCCOLUMN('0KATTOL0T0dhTsuGgob1JX',#116,'ARANDELA','5/8_WASHER',$,#1209,#1206,'ID1429d758-5407-409e-b776-e10ab29414e1');
#1211= IFCLOCALPLACEMENT(#45,#10);
#1212= IFCELEMENTASSEMBLY('0uAblkGxb8KAYP0GwRu9dn',#116,'ANCLAJE',$,$,#1211,$,'CPS0(?)',.NOTDEFINED.,.NOTDEFINED.);
#1213= IFCPROPERTYSINGLEVALUE('COG_Y_BASEPOINT',$,IFCLENGTHMEASURE(393413.63872),$);
#1214= IFCPROPERTYSINGLEVALUE('GUID',$,IFCLABEL('382a5bee-43b9-4850-a899-010e9be099f1'),$);
#1215= IFCPROPERTYSET('3_SNH0CAr6aO4K88UYN5Gb',#5,'Fundacion',$,(#119,#100,#101,#120,#121,#1213,#123,#124,#125,#59,#60,#61,#62,#63,#64,#65,#66,#67,#68,#69,#126,#71,#127,#128,#129,#1214));
#1216= IFCCARTESIANPOINT((2.86321948707337,0.,-20.5015190296108));
#1217= IFCCARTESIANPOINT((1.92929206835106,0.,-16.2422988684848));
#1218= IFCCARTESIANPOINT((-1.91430019895779,0.,-16.1766152008786));
#1219= IFCCARTESIANPOINT((-2.91694886912592,0.,-20.4027409515111));
#1220= IFCPOLYLOOP((#1216,#1217,#1218,#1219));
#1221= IFCFACEOUTERBOUND(#1220,.T.);
#1222= IFCFACE((#1221));
#1223= IFCCARTESIANPOINT((1.92929206835106,4.24264068711932,-16.2422988684848));
#1224= IFCCARTESIANPOINT((-1.91430019895779,4.24264068711932,-16.1766152008786));
#1225= IFCPOLYLOOP((#1217,#1223,#1224,#1218));
#1226= IFCFACEOUTERBOUND(#1225,.T.);
#1227= IFCFACE((#1226));
#1228= IFCPOLYLOOP((#1223,#1216,#1219,#1224));
#1229= IFCFACEOUTERBOUND(#1228,.T.);
#1230= IFCFACE((#1229));
#1231= IFCCARTESIANPOINT((6.35616269317688,0.,-18.8194062365219));
#1232= IFCCARTESIANPOINT((4.51534988800995,0.,-14.9969190597185));
#1233= IFCPOLYLOOP((#1231,#1232,#1217,#1216));
#1234= IFCFACEOUTERBOUND(#1233,.T.);
#1235= IFCFACE((#1234));
#1236= IFCCARTESIANPOINT((4.51534988800995,4.24264068711932,-14.9969190597185));
#1237= IFCPOLYLOOP((#1232,#1236,#1223,#1217));
#1238= IFCFACEOUTERBOUND(#1237,.T.);
#1239= IFCFACE((#1238));
#1240= IFCPOLYLOOP((#1236,#1231,#1216,#1223));
#1241= IFCFACEOUTERBOUND(#1240,.T.);
#1242= IFCFACE((#1241));
#1243= IFCCARTESIANPOINT((7.98263326665619,0.,-18.0361392900813));
#1244= IFCCARTESIANPOINT((5.26936270744773,0.,-14.6338056236273));
#1245= IFCPOLYLOOP((#1243,#1244,#1232,#1231));
#1246= IFCFACEOUTERBOUND(#1245,.T.);
#1247= IFCFACE((#1246));
#1248= IFCCARTESIANPOINT((5.26936270744773,4.24264068711932,-14.6338056236273));
#1249= IFCPOLYLOOP((#1244,#1248,#1236,#1232));
#1250= IFCFACEOUTERBOUND(#1249,.T.);
#1251= IFCFACE((#1250));
#1252= IFCPOLYLOOP((#1248,#1243,#1231,#1236));
#1253= IFCFACEOUTERBOUND(#1252,.T.);
#1254= IFCFACE((#1253));
#1255= IFCCARTESIANPOINT((11.5015528633376,0.,-13.6235536841559));
#1256= IFCCARTESIANPOINT((7.58076330641052,0.,-11.7354009479168));
#1257= IFCPOLYLOOP((#1255,#1256,#1244,#1243));
#1258= IFCFACEOUTERBOUND(#1257,.T.);
#1259= IFCFACE((#1258));
#1260= IFCCARTESIANPOINT((7.58076330641052,4.24264068711932,-11.7354009479168));
#1261= IFCPOLYLOOP((#1256,#1260,#1248,#1244));
#1262= IFCFACEOUTERBOUND(#1261,.T.);
#1263= IFCFACE((#1262));
#1264= IFCPOLYLOOP((#1260,#1255,#1243,#1248));
#1265= IFCFACEOUTERBOUND(#1264,.T.);
#1266= IFCFACE((#1265));
#1267= IFCCARTESIANPOINT((12.1461935486877,0.,-10.7991983017419));
#1268= IFCCARTESIANPOINT((8.00992472132202,0.,-9.85512193368049));
#1269= IFCPOLYLOOP((#1267,#1268,#1256,#1255));
#1270= IFCFACEOUTERBOUND(#1269,.T.);
#1271= IFCFACE((#1270));
#1272= IFCCARTESIANPOINT((8.00992472132202,4.24264068711932,-9.85512193368049));
#1273= IFCPOLYLOOP((#1268,#1272,#1260,#1256));
#1274= IFCFACEOUTERBOUND(#1273,.T.);
#1275= IFCFACE((#1274));
#1276= IFCPOLYLOOP((#1272,#1267,#1255,#1260));
#1277= IFCFACEOUTERBOUND(#1276,.T.);
#1278= IFCFACE((#1277));
#1279= IFCCARTESIANPOINT((12.7574407267966,0.,-8.12114943400957));
#1280= IFCCARTESIANPOINT((8.40569262910867,0.,-8.12114943406777));
#1281= IFCPOLYLOOP((#1279,#1280,#1268,#1267));
#1282= IFCFACEOUTERBOUND(#1281,.T.);
#1283= IFCFACE((#1282));
#1284= IFCCARTESIANPOINT((8.40569262910867,4.24264068711932,-8.12114943406777));
#1285= IFCPOLYLOOP((#1280,#1284,#1272,#1268));
#1286= IFCFACEOUTERBOUND(#1285,.T.);
#1287= IFCFACE((#1286));
#1288= IFCPOLYLOOP((#1284,#1279,#1267,#1272));
#1289= IFCFACEOUTERBOUND(#1288,.T.);
#1290= IFCFACE((#1289));
#1291= IFCCARTESIANPOINT((11.5015528631047,0.,-2.61874518392142));
#1292= IFCCARTESIANPOINT((7.58076330617769,0.,-4.50689792027697));
#1293= IFCPOLYLOOP((#1291,#1292,#1280,#1279));
#1294= IFCFACEOUTERBOUND(#1293,.T.);
#1295= IFCFACE((#1294));
#1296= IFCCARTESIANPOINT((7.58076330617769,4.24264068711932,-4.50689792027697));
#1297= IFCPOLYLOOP((#1292,#1296,#1284,#1280));
#1298= IFCFACEOUTERBOUND(#1297,.T.);
#1299= IFCFACE((#1298));
#1300= IFCPOLYLOOP((#1296,#1291,#1279,#1284));
#1301= IFCFACEOUTERBOUND(#1300,.T.);
#1302= IFCFACE((#1301));
#1303= IFCCARTESIANPOINT((10.2548676307779,0.,-1.05545134912245));
#1304= IFCCARTESIANPOINT((6.93783757282654,0.,-3.70069455064368));
#1305= IFCPOLYLOOP((#1303,#1304,#1292,#1291));
#1306= IFCFACEOUTERBOUND(#1305,.T.);
#1307= IFCFACE((#1306));
#1308= IFCCARTESIANPOINT((6.93783757282654,4.24264068711932,-3.70069455064368));
#1309= IFCPOLYLOOP((#1304,#1308,#1296,#1292));
#1310= IFCFACEOUTERBOUND(#1309,.T.);
#1311= IFCFACE((#1310));
#1312= IFCPOLYLOOP((#1308,#1303,#1291,#1296));
#1313= IFCFACEOUTERBOUND(#1312,.T.);
#1314= IFCFACE((#1313));
#1315= IFCCARTESIANPOINT((7.95880860532634,0.,1.82371560158208));
#1316= IFCCARTESIANPOINT((5.26936270715669,0.,-1.60849324474111));
#1317= IFCPOLYLOOP((#1315,#1316,#1304,#1303));
#1318= IFCFACEOUTERBOUND(#1317,.T.);
#1319= IFCFACE((#1318));
#1320= IFCCARTESIANPOINT((5.26936270715669,4.24264068711932,-1.60849324474111));
#1321= IFCPOLYLOOP((#1316,#1320,#1308,#1304));
#1322= IFCFACEOUTERBOUND(#1321,.T.);
#1323= IFCFACE((#1322));
#1324= IFCPOLYLOOP((#1320,#1315,#1303,#1308));
#1325= IFCFACEOUTERBOUND(#1324,.T.);
#1326= IFCFACE((#1325));
#1327= IFCCARTESIANPOINT((2.70819866325473,0.,4.24264068721095));
#1328= IFCPOLYLOOP((#1327,#250,#1316,#1315));
#1329= IFCFACEOUTERBOUND(#1328,.T.);
#1330= IFCFACE((#1329));
#1331= IFCCARTESIANPOINT((1.77790665795328,4.24264068711932,0.));
#1332= IFCPOLYLOOP((#250,#1331,#1320,#1316));
#1333= IFCFACEOUTERBOUND(#1332,.T.);
#1334= IFCFACE((#1333));
#1335= IFCPOLYLOOP((#1331,#1327,#1315,#1320));
#1336= IFCFACEOUTERBOUND(#1335,.T.);
#1337= IFCFACE((#1336));
#1338= IFCCARTESIANPOINT((-2.74626170902047,0.,4.24264068709454));
#1339= IFCPOLYLOOP((#1338,#262,#250,#1327));
#1340= IFCFACEOUTERBOUND(#1339,.T.);
#1341= IFCFACE((#1340));
#1342= IFCCARTESIANPOINT((-1.77790665783687,4.24264068711932,-1.16415321826935E-10));
#1343= IFCPOLYLOOP((#262,#1342,#1331,#250));
#1344= IFCFACEOUTERBOUND(#1343,.T.);
#1345= IFCFACE((#1344));
#1346= IFCPOLYLOOP((#1342,#1338,#1327,#1331));
#1347= IFCFACEOUTERBOUND(#1346,.T.);
#1348= IFCFACE((#1347));
#1349= IFCCARTESIANPOINT((-6.2047772827209,0.,2.57710736792069));
#1350= IFCCARTESIANPOINT((-4.36396447749576,0.,-1.24537980882451));
#1351= IFCPOLYLOOP((#1349,#1350,#262,#1338));
#1352= IFCFACEOUTERBOUND(#1351,.T.);
#1353= IFCFACE((#1352));
#1354= IFCCARTESIANPOINT((-4.36396447749576,4.24264068711932,-1.24537980882451));
#1355= IFCPOLYLOOP((#1350,#1354,#1342,#262));
#1356= IFCFACEOUTERBOUND(#1355,.T.);
#1357= IFCFACE((#1356));
#1358= IFCPOLYLOOP((#1354,#1349,#1338,#1342));
#1359= IFCFACEOUTERBOUND(#1358,.T.);
#1360= IFCFACE((#1359));
#1361= IFCCARTESIANPOINT((-7.83124785620021,0.,1.79384042148013));
#1362= IFCCARTESIANPOINT((-5.11797729693353,0.,-1.60849324497394));
#1363= IFCPOLYLOOP((#1361,#1362,#1350,#1349));
#1364= IFCFACEOUTERBOUND(#1363,.T.);
#1365= IFCFACE((#1364));
#1366= IFCCARTESIANPOINT((-5.11797729693353,4.24264068711932,-1.60849324497394));
#1367= IFCPOLYLOOP((#1362,#1366,#1354,#1350));
#1368= IFCFACEOUTERBOUND(#1367,.T.);
#1369= IFCFACE((#1368));
#1370= IFCPOLYLOOP((#1366,#1361,#1349,#1354));
#1371= IFCFACEOUTERBOUND(#1370,.T.);
#1372= IFCFACE((#1371));
#1373= IFCCARTESIANPOINT((-11.3501674528816,0.,-2.61874518438708));
#1374= IFCCARTESIANPOINT((-7.42937789583812,0.,-4.50689792062622));
#1375= IFCPOLYLOOP((#1373,#1374,#1362,#1361));
#1376= IFCFACEOUTERBOUND(#1375,.T.);
#1377= IFCFACE((#1376));
#1378= IFCCARTESIANPOINT((-7.42937789583812,4.24264068711932,-4.50689792062622));
#1379= IFCPOLYLOOP((#1374,#1378,#1366,#1362));
#1380= IFCFACEOUTERBOUND(#1379,.T.);
#1381= IFCFACE((#1380));
#1382= IFCPOLYLOOP((#1378,#1373,#1361,#1366));
#1383= IFCFACEOUTERBOUND(#1382,.T.);
#1384= IFCFACE((#1383));
#1385= IFCCARTESIANPOINT((-11.9948081381153,0.,-5.44310056680115));
#1386= IFCCARTESIANPOINT((-7.85853931080783,0.,-6.38717693492072));
#1387= IFCPOLYLOOP((#1385,#1386,#1374,#1373));
#1388= IFCFACEOUTERBOUND(#1387,.T.);
#1389= IFCFACE((#1388));
#1390= IFCCARTESIANPOINT((-7.85853931080783,4.24264068711932,-6.38717693492072));
#1391= IFCPOLYLOOP((#1386,#1390,#1378,#1374));
#1392= IFCFACEOUTERBOUND(#1391,.T.);
#1393= IFCFACE((#1392));
#1394= IFCPOLYLOOP((#1390,#1385,#1373,#1378));
#1395= IFCFACEOUTERBOUND(#1394,.T.);
#1396= IFCFACE((#1395));
#1397= IFCCARTESIANPOINT((-12.6060553163406,0.,-8.12114943459164));
#1398= IFCCARTESIANPOINT((-8.25430721865268,0.,-8.12114943447523));
#1399= IFCPOLYLOOP((#1397,#1398,#1386,#1385));
#1400= IFCFACEOUTERBOUND(#1399,.T.);
#1401= IFCFACE((#1400));
#1402= IFCCARTESIANPOINT((-8.25430721865268,4.24264068711932,-8.12114943447523));
#1403= IFCPOLYLOOP((#1398,#1402,#1390,#1386));
#1404= IFCFACEOUTERBOUND(#1403,.T.);
#1405= IFCFACE((#1404));
#1406= IFCPOLYLOOP((#1402,#1397,#1385,#1390));
#1407= IFCFACEOUTERBOUND(#1406,.T.);
#1408= IFCFACE((#1407));
#1409= IFCCARTESIANPOINT((-11.3501674525905,0.,-13.6235536846798));
#1410= IFCCARTESIANPOINT((-7.42937789566349,0.,-11.735400948266));
#1411= IFCPOLYLOOP((#1409,#1410,#1398,#1397));
#1412= IFCFACEOUTERBOUND(#1411,.T.);
#1413= IFCFACE((#1412));
#1414= IFCCARTESIANPOINT((-7.42937789566349,4.24264068711932,-11.735400948266));
#1415= IFCPOLYLOOP((#1410,#1414,#1402,#1398));
#1416= IFCFACEOUTERBOUND(#1415,.T.);
#1417= IFCFACE((#1416));
#1418= IFCPOLYLOOP((#1414,#1409,#1397,#1402));
#1419= IFCFACEOUTERBOUND(#1418,.T.);
#1420= IFCFACE((#1419));
#1421= IFCCARTESIANPOINT((-10.1034822202637,0.,-15.1868475194206));
#1422= IFCCARTESIANPOINT((-6.78645216231234,0.,-12.5416043179575));
#1423= IFCPOLYLOOP((#1421,#1422,#1410,#1409));
#1424= IFCFACEOUTERBOUND(#1423,.T.);
#1425= IFCFACE((#1424));
#1426= IFCCARTESIANPOINT((-6.78645216231234,4.24264068711932,-12.5416043179575));
#1427= IFCPOLYLOOP((#1422,#1426,#1414,#1410));
#1428= IFCFACEOUTERBOUND(#1427,.T.);
#1429= IFCFACE((#1428));
#1430= IFCPOLYLOOP((#1426,#1421,#1409,#1414));
#1431= IFCFACEOUTERBOUND(#1430,.T.);
#1432= IFCFACE((#1431));
#1433= IFCCARTESIANPOINT((-7.83124785567634,0.,-18.0361392904306));
#1434= IFCCARTESIANPOINT((-5.11797729664249,0.,-14.6338056238601));
#1435= IFCPOLYLOOP((#1433,#1434,#1422,#1421));
#1436= IFCFACEOUTERBOUND(#1435,.T.);
#1437= IFCFACE((#1436));
#1438= IFCCARTESIANPOINT((-5.11797729664249,4.24264068711932,-14.6338056238601));
#1439= IFCPOLYLOOP((#1434,#1438,#1426,#1422));
#1440= IFCFACEOUTERBOUND(#1439,.T.);
#1441= IFCFACE((#1440));
#1442= IFCPOLYLOOP((#1438,#1433,#1421,#1426));
#1443= IFCFACEOUTERBOUND(#1442,.T.);
#1444= IFCFACE((#1443));
#1445= IFCPOLYLOOP((#1219,#1218,#1434,#1433));
#1446= IFCFACEOUTERBOUND(#1445,.T.);
#1447= IFCFACE((#1446));
#1448= IFCPOLYLOOP((#1218,#1224,#1438,#1434));
#1449= IFCFACEOUTERBOUND(#1448,.T.);
#1450= IFCFACE((#1449));
#1451= IFCPOLYLOOP((#1224,#1219,#1433,#1438));
#1452= IFCFACEOUTERBOUND(#1451,.T.);
#1453= IFCFACE((#1452));
#1454= IFCPOLYLOOP((#1224,#1219,#1218));
#1455= IFCFACEOUTERBOUND(#1454,.T.);
#1456= IFCFACE((#1455));
#1457= IFCPOLYLOOP((#1224,#1218,#1219));
#1458= IFCFACEOUTERBOUND(#1457,.T.);
#1459= IFCFACE((#1458));
#1460= IFCCARTESIANPOINT((7.95880860532634,-7.94000005500004,1.82371560158208));
#1461= IFCCARTESIANPOINT((5.26936270715669,-7.94000005500004,-1.60849324474111));
#1462= IFCCARTESIANPOINT((1.77790665795328,-7.94000005500004,0.));
#1463= IFCCARTESIANPOINT((2.70819866325473,-7.94000005500004,4.24264068721095));
#1464= IFCPOLYLOOP((#1460,#1461,#1462,#1463));
#1465= IFCFACEOUTERBOUND(#1464,.T.);
#1466= IFCFACE((#1465));
#1467= IFCCARTESIANPOINT((5.26936270715669,-12.1826407421194,-1.60849324474111));
#1468= IFCCARTESIANPOINT((1.77790665795328,-12.1826407421194,0.));
#1469= IFCPOLYLOOP((#1461,#1467,#1468,#1462));
#1470= IFCFACEOUTERBOUND(#1469,.T.);
#1471= IFCFACE((#1470));
#1472= IFCPOLYLOOP((#1467,#1460,#1463,#1468));
#1473= IFCFACEOUTERBOUND(#1472,.T.);
#1474= IFCFACE((#1473));
#1475= IFCCARTESIANPOINT((10.3760003032512,-7.94000005500004,-1.2073469159659));
#1476= IFCCARTESIANPOINT((7.05897024529986,-7.94000005500004,-3.85259011748713));
#1477= IFCPOLYLOOP((#1475,#1476,#1461,#1460));
#1478= IFCFACEOUTERBOUND(#1477,.T.);
#1479= IFCFACE((#1478));
#1480= IFCCARTESIANPOINT((7.05897024529986,-12.1826407421194,-3.85259011748713));
#1481= IFCPOLYLOOP((#1476,#1480,#1467,#1461));
#1482= IFCFACEOUTERBOUND(#1481,.T.);
#1483= IFCFACE((#1482));
#1484= IFCPOLYLOOP((#1480,#1475,#1460,#1467));
#1485= IFCFACEOUTERBOUND(#1484,.T.);
#1486= IFCFACE((#1485));
#1487= IFCCARTESIANPOINT((11.5015528631047,-7.94000005500004,-2.61874518392142));
#1488= IFCCARTESIANPOINT((7.58076330617769,-7.94000005500004,-4.50689792027697));
#1489= IFCPOLYLOOP((#1487,#1488,#1476,#1475));
#1490= IFCFACEOUTERBOUND(#1489,.T.);
#1491= IFCFACE((#1490));
#1492= IFCCARTESIANPOINT((7.58076330617769,-12.1826407421194,-4.50689792027697));
#1493= IFCPOLYLOOP((#1488,#1492,#1480,#1476));
#1494= IFCFACEOUTERBOUND(#1493,.T.);
#1495= IFCFACE((#1494));
#1496= IFCPOLYLOOP((#1492,#1487,#1475,#1480));
#1497= IFCFACEOUTERBOUND(#1496,.T.);
#1498= IFCFACE((#1497));
#1499= IFCCARTESIANPOINT((12.7574407267966,-7.94000005500004,-8.12114943400957));
#1500= IFCCARTESIANPOINT((8.40569262910867,-7.94000005500004,-8.12114943406777));
#1501= IFCPOLYLOOP((#1499,#1500,#1488,#1487));
#1502= IFCFACEOUTERBOUND(#1501,.T.);
#1503= IFCFACE((#1502));
#1504= IFCCARTESIANPOINT((8.40569262910867,-12.1826407421194,-8.12114943406777));
#1505= IFCPOLYLOOP((#1500,#1504,#1492,#1488));
#1506= IFCFACEOUTERBOUND(#1505,.T.);
#1507= IFCFACE((#1506));
#1508= IFCPOLYLOOP((#1504,#1499,#1487,#1492));
#1509= IFCFACEOUTERBOUND(#1508,.T.);
#1510= IFCFACE((#1509));
#1511= IFCCARTESIANPOINT((12.1128000414465,-7.94000005500004,-10.9455048164236));
#1512= IFCCARTESIANPOINT((7.97653121413896,-7.94000005500004,-10.0014284483041));
#1513= IFCPOLYLOOP((#1511,#1512,#1500,#1499));
#1514= IFCFACEOUTERBOUND(#1513,.T.);
#1515= IFCFACE((#1514));
#1516= IFCCARTESIANPOINT((7.97653121413896,-12.1826407421194,-10.0014284483041));
#1517= IFCPOLYLOOP((#1512,#1516,#1504,#1500));
#1518= IFCFACEOUTERBOUND(#1517,.T.);
#1519= IFCFACE((#1518));
#1520= IFCPOLYLOOP((#1516,#1511,#1499,#1504));
#1521= IFCFACEOUTERBOUND(#1520,.T.);
#1522= IFCFACE((#1521));
#1523= IFCCARTESIANPOINT((11.5015528633376,-7.94000005500004,-13.6235536841559));
#1524= IFCCARTESIANPOINT((7.58076330641052,-7.94000005500004,-11.7354009479168));
#1525= IFCPOLYLOOP((#1523,#1524,#1512,#1511));
#1526= IFCFACEOUTERBOUND(#1525,.T.);
#1527= IFCFACE((#1526));
#1528= IFCCARTESIANPOINT((7.58076330641052,-12.1826407421194,-11.7354009479168));
#1529= IFCPOLYLOOP((#1524,#1528,#1516,#1512));
#1530= IFCFACEOUTERBOUND(#1529,.T.);
#1531= IFCFACE((#1530));
#1532= IFCPOLYLOOP((#1528,#1523,#1511,#1516));
#1533= IFCFACEOUTERBOUND(#1532,.T.);
#1534= IFCFACE((#1533));
#1535= IFCCARTESIANPOINT((7.98263326665619,-7.94000005500004,-18.0361392900813));
#1536= IFCCARTESIANPOINT((5.26936270744773,-7.94000005500004,-14.6338056236273));
#1537= IFCPOLYLOOP((#1535,#1536,#1524,#1523));
#1538= IFCFACEOUTERBOUND(#1537,.T.);
#1539= IFCFACE((#1538));
#1540= IFCCARTESIANPOINT((5.26936270744773,-12.1826407421194,-14.6338056236273));
#1541= IFCPOLYLOOP((#1536,#1540,#1528,#1524));
#1542= IFCFACEOUTERBOUND(#1541,.T.);
#1543= IFCFACE((#1542));
#1544= IFCPOLYLOOP((#1540,#1535,#1523,#1528));
#1545= IFCFACEOUTERBOUND(#1544,.T.);
#1546= IFCFACE((#1545));
#1547= IFCCARTESIANPOINT((6.18112090998329,-7.94000005500004,-18.9037019165698));
#1548= IFCCARTESIANPOINT((4.34030810481636,-7.94000005500004,-15.0812147397664));
#1549= IFCPOLYLOOP((#1547,#1548,#1536,#1535));
#1550= IFCFACEOUTERBOUND(#1549,.T.);
#1551= IFCFACE((#1550));
#1552= IFCCARTESIANPOINT((4.34030810481636,-12.1826407421194,-15.0812147397664));
#1553= IFCPOLYLOOP((#1548,#1552,#1540,#1536));
#1554= IFCFACEOUTERBOUND(#1553,.T.);
#1555= IFCFACE((#1554));
#1556= IFCPOLYLOOP((#1552,#1547,#1535,#1540));
#1557= IFCFACEOUTERBOUND(#1556,.T.);
#1558= IFCFACE((#1557));
#1559= IFCCARTESIANPOINT((2.86321948707337,-7.94000005500004,-20.5015190296108));
#1560= IFCCARTESIANPOINT((1.92929206835106,-7.94000005500004,-16.2422988684848));
#1561= IFCPOLYLOOP((#1559,#1560,#1548,#1547));
#1562= IFCFACEOUTERBOUND(#1561,.T.);
#1563= IFCFACE((#1562));
#1564= IFCCARTESIANPOINT((1.92929206835106,-12.1826407421194,-16.2422988684848));
#1565= IFCPOLYLOOP((#1560,#1564,#1552,#1548));
#1566= IFCFACEOUTERBOUND(#1565,.T.);
#1567= IFCFACE((#1566));
#1568= IFCPOLYLOOP((#1564,#1559,#1547,#1552));
#1569= IFCFACEOUTERBOUND(#1568,.T.);
#1570= IFCFACE((#1569));
#1571= IFCCARTESIANPOINT((-2.91694886912592,-7.94000005500004,-20.4027409515111));
#1572= IFCCARTESIANPOINT((-1.91430019895779,-7.94000005500004,-16.1766152008786));
#1573= IFCPOLYLOOP((#1571,#1572,#1560,#1559));
#1574= IFCFACEOUTERBOUND(#1573,.T.);
#1575= IFCFACE((#1574));
#1576= IFCCARTESIANPOINT((-1.91430019895779,-12.1826407421194,-16.1766152008786));
#1577= IFCPOLYLOOP((#1572,#1576,#1564,#1560));
#1578= IFCFACEOUTERBOUND(#1577,.T.);
#1579= IFCFACE((#1578));
#1580= IFCPOLYLOOP((#1576,#1571,#1559,#1564));
#1581= IFCFACEOUTERBOUND(#1580,.T.);
#1582= IFCFACE((#1581));
#1583= IFCCARTESIANPOINT((-7.83124785567634,-7.94000005500004,-18.0361392904306));
#1584= IFCCARTESIANPOINT((-5.11797729664249,-7.94000005500004,-14.6338056238601));
#1585= IFCPOLYLOOP((#1583,#1584,#1572,#1571));
#1586= IFCFACEOUTERBOUND(#1585,.T.);
#1587= IFCFACE((#1586));
#1588= IFCCARTESIANPOINT((-5.11797729664249,-12.1826407421194,-14.6338056238601));
#1589= IFCPOLYLOOP((#1584,#1588,#1576,#1572));
#1590= IFCFACEOUTERBOUND(#1589,.T.);
#1591= IFCFACE((#1590));
#1592= IFCPOLYLOOP((#1588,#1583,#1571,#1576));
#1593= IFCFACEOUTERBOUND(#1592,.T.);
#1594= IFCFACE((#1593));
#1595= IFCCARTESIANPOINT((-10.1034822202637,-7.94000005500004,-15.1868475194206));
#1596= IFCCARTESIANPOINT((-6.78645216231234,-7.94000005500004,-12.5416043179575));
#1597= IFCPOLYLOOP((#1595,#1596,#1584,#1583));
#1598= IFCFACEOUTERBOUND(#1597,.T.);
#1599= IFCFACE((#1598));
#1600= IFCCARTESIANPOINT((-6.78645216231234,-12.1826407421194,-12.5416043179575));
#1601= IFCPOLYLOOP((#1596,#1600,#1588,#1584));
#1602= IFCFACEOUTERBOUND(#1601,.T.);
#1603= IFCFACE((#1602));
#1604= IFCPOLYLOOP((#1600,#1595,#1583,#1588));
#1605= IFCFACEOUTERBOUND(#1604,.T.);
#1606= IFCFACE((#1605));
#1607= IFCCARTESIANPOINT((-11.3501674525905,-7.94000005500004,-13.6235536846798));
#1608= IFCCARTESIANPOINT((-7.42937789566349,-7.94000005500004,-11.735400948266));
#1609= IFCPOLYLOOP((#1607,#1608,#1596,#1595));
#1610= IFCFACEOUTERBOUND(#1609,.T.);
#1611= IFCFACE((#1610));
#1612= IFCCARTESIANPOINT((-7.42937789566349,-12.1826407421194,-11.735400948266));
#1613= IFCPOLYLOOP((#1608,#1612,#1600,#1596));
#1614= IFCFACEOUTERBOUND(#1613,.T.);
#1615= IFCFACE((#1614));
#1616= IFCPOLYLOOP((#1612,#1607,#1595,#1600));
#1617= IFCFACEOUTERBOUND(#1616,.T.);
#1618= IFCFACE((#1617));
#1619= IFCCARTESIANPOINT((-12.6060553163406,-7.94000005500004,-8.12114943459164));
#1620= IFCCARTESIANPOINT((-8.25430721865268,-7.94000005500004,-8.12114943447523));
#1621= IFCPOLYLOOP((#1619,#1620,#1608,#1607));
#1622= IFCFACEOUTERBOUND(#1621,.T.);
#1623= IFCFACE((#1622));
#1624= IFCCARTESIANPOINT((-8.25430721865268,-12.1826407421194,-8.12114943447523));
#1625= IFCPOLYLOOP((#1620,#1624,#1612,#1608));
#1626= IFCFACEOUTERBOUND(#1625,.T.);
#1627= IFCFACE((#1626));
#1628= IFCPOLYLOOP((#1624,#1619,#1607,#1612));
#1629= IFCFACEOUTERBOUND(#1628,.T.);
#1630= IFCFACE((#1629));
#1631= IFCCARTESIANPOINT((-11.9948081381153,-7.94000005500004,-5.44310056680115));
#1632= IFCCARTESIANPOINT((-7.85853931080783,-7.94000005500004,-6.38717693492072));
#1633= IFCPOLYLOOP((#1631,#1632,#1620,#1619));
#1634= IFCFACEOUTERBOUND(#1633,.T.);
#1635= IFCFACE((#1634));
#1636= IFCCARTESIANPOINT((-7.85853931080783,-12.1826407421194,-6.38717693492072));
#1637= IFCPOLYLOOP((#1632,#1636,#1624,#1620));
#1638= IFCFACEOUTERBOUND(#1637,.T.);
#1639= IFCFACE((#1638));
#1640= IFCPOLYLOOP((#1636,#1631,#1619,#1624));
#1641= IFCFACEOUTERBOUND(#1640,.T.);
#1642= IFCFACE((#1641));
#1643= IFCCARTESIANPOINT((-11.3501674528816,-7.94000005500004,-2.61874518438708));
#1644= IFCCARTESIANPOINT((-7.42937789583812,-7.94000005500004,-4.50689792062622));
#1645= IFCPOLYLOOP((#1643,#1644,#1632,#1631));
#1646= IFCFACEOUTERBOUND(#1645,.T.);
#1647= IFCFACE((#1646));
#1648= IFCCARTESIANPOINT((-7.42937789583812,-12.1826407421194,-4.50689792062622));
#1649= IFCPOLYLOOP((#1644,#1648,#1636,#1632));
#1650= IFCFACEOUTERBOUND(#1649,.T.);
#1651= IFCFACE((#1650));
#1652= IFCPOLYLOOP((#1648,#1643,#1631,#1636));
#1653= IFCFACEOUTERBOUND(#1652,.T.);
#1654= IFCFACE((#1653));
#1655= IFCCARTESIANPOINT((-7.83124785620021,-7.94000005500004,1.79384042148013));
#1656= IFCCARTESIANPOINT((-5.11797729693353,-7.94000005500004,-1.60849324497394));
#1657= IFCPOLYLOOP((#1655,#1656,#1644,#1643));
#1658= IFCFACEOUTERBOUND(#1657,.T.);
#1659= IFCFACE((#1658));
#1660= IFCCARTESIANPOINT((-5.11797729693353,-12.1826407421194,-1.60849324497394));
#1661= IFCPOLYLOOP((#1656,#1660,#1648,#1644));
#1662= IFCFACEOUTERBOUND(#1661,.T.);
#1663= IFCFACE((#1662));
#1664= IFCPOLYLOOP((#1660,#1655,#1643,#1648));
#1665= IFCFACEOUTERBOUND(#1664,.T.);
#1666= IFCFACE((#1665));
#1667= IFCCARTESIANPOINT((-6.2047772827209,-7.94000005500004,2.57710736792069));
#1668= IFCCARTESIANPOINT((-4.36396447749576,-7.94000005500004,-1.24537980882451));
#1669= IFCPOLYLOOP((#1667,#1668,#1656,#1655));
#1670= IFCFACEOUTERBOUND(#1669,.T.);
#1671= IFCFACE((#1670));
#1672= IFCCARTESIANPOINT((-4.36396447749576,-12.1826407421194,-1.24537980882451));
#1673= IFCPOLYLOOP((#1668,#1672,#1660,#1656));
#1674= IFCFACEOUTERBOUND(#1673,.T.);
#1675= IFCFACE((#1674));
#1676= IFCPOLYLOOP((#1672,#1667,#1655,#1660));
#1677= IFCFACEOUTERBOUND(#1676,.T.);
#1678= IFCFACE((#1677));
#1679= IFCCARTESIANPOINT((-2.74626170902047,-7.94000005500004,4.24264068709454));
#1680= IFCCARTESIANPOINT((-1.77790665783687,-7.94000005500004,-1.16415321826935E-10));
#1681= IFCPOLYLOOP((#1679,#1680,#1668,#1667));
#1682= IFCFACEOUTERBOUND(#1681,.T.);
#1683= IFCFACE((#1682));
#1684= IFCCARTESIANPOINT((-1.77790665783687,-12.1826407421194,-1.16415321826935E-10));
#1685= IFCPOLYLOOP((#1680,#1684,#1672,#1668));
#1686= IFCFACEOUTERBOUND(#1685,.T.);
#1687= IFCFACE((#1686));
#1688= IFCPOLYLOOP((#1684,#1679,#1667,#1672));
#1689= IFCFACEOUTERBOUND(#1688,.T.);
#1690= IFCFACE((#1689));
#1691= IFCPOLYLOOP((#1463,#1462,#1680,#1679));
#1692= IFCFACEOUTERBOUND(#1691,.T.);
#1693= IFCFACE((#1692));
#1694= IFCPOLYLOOP((#1462,#1468,#1684,#1680));
#1695= IFCFACEOUTERBOUND(#1694,.T.);
#1696= IFCFACE((#1695));
#1697= IFCPOLYLOOP((#1468,#1463,#1679,#1684));
#1698= IFCFACEOUTERBOUND(#1697,.T.);
#1699= IFCFACE((#1698));
#1700= IFCPOLYLOOP((#1468,#1463,#1462));
#1701= IFCFACEOUTERBOUND(#1700,.T.);
#1702= IFCFACE((#1701));
#1703= IFCPOLYLOOP((#1468,#1462,#1463));
#1704= IFCFACEOUTERBOUND(#1703,.T.);
#1705= IFCFACE((#1704));
#1706= IFCCLOSEDSHELL((#1222,#1227,#1230,#1235,#1239,#1242,#1247,#1251,#1254,#1259,#1263,#1266,#1271,#1275,#1278,#1283,#1287,#1290,#1295,#1299,#1302,#1307,#1311,#1314,#1319,#1323,#1326,#1330,#1334,#1337,#1341,#1345,#1348,#1353,#1357,#1360,#1365,#1369,#1372,#1377,#1381,#1384,#1389,#1393,#1396,#1401,#1405,#1408,#1413,#1417,#1420,#1425,#1429,#1432,#1437,#1441,#1444,#1447,#1450,#1453,#1456,#1459,#1466,#1471,#1474,#1479,#1483,#1486,#1491,#1495,#1498,#1503,#1507,#1510,#1515,#1519,#1522,#1527,#1531,#1534,#1539,#1543,#1546,#1551,#1555,#1558,#1563,#1567,#1570,#1575,#1579,#1582,#1587,#1591,#1594,#1599,#1603,#1606,#1611,#1615,#1618,#1623,#1627,#1630,#1635,#1639,#1642,#1647,#1651,#1654,#1659,#1663,#1666,#1671,#1675,#1678,#1683,#1687,#1690,#1693,#1696,#1699,#1702,#1705));
#1707= IFCFACETEDBREP(#1706);
#1708= IFCSTYLEDITEM(#1707,(#137),$);
#1709= IFCSHAPEREPRESENTATION(#13,'Body','Brep',(#1707));
#1710= IFCPRODUCTDEFINITIONSHAPE($,$,(#1709));
#1711= IFCCARTESIANPOINT((442219.239294394,393405.738029328,-846.179999944915));
#1712= IFCDIRECTION((-0.222520934042988,-0.974927912162041,0.));
#1713= IFCDIRECTION((0.974927912162043,-0.222520934042979,0.));
#1714= IFCAXIS2PLACEMENT3D(#1711,#1712,#1713);
#1715= IFCLOCALPLACEMENT(#1211,#1714);
#1716= IFCFASTENER('3jY9G5w7nEFxTBQC_Nl1S1',#116,'Weld',$,$,#1715,#1710,'IDed889405-e87c-4e3f-b74b-68cf97bc1701');
#1717= IFCSHAPEREPRESENTATION(#13,'Body','SweptSolid',(#679));
#1718= IFCPRODUCTDEFINITIONSHAPE($,$,(#1717));
#1719= IFCCARTESIANPOINT((442221.120215082,393413.638721379,-846.179999944915));
#1720= IFCAXIS2PLACEMENT3D(#1719,#676,#8);
#1721= IFCLOCALPLACEMENT(#1211,#1720);
#1722= IFCCOLUMN('0HK9OwEFb4v9CuiO83hoVs',#116,'ARANDELA','5/8_WASHER',$,#1721,#1718,'ID1150963a-38f9-44e4-9338-b18203af27f6');
#1723= IFCLOCALPLACEMENT(#45,#10);
#1724= IFCELEMENTASSEMBLY('0Qm0p6kKz72eb_6N5s0fs1',#116,'ANCLAJE',$,$,#1723,$,'CPS0(?)',.NOTDEFINED.,.NOTDEFINED.);
#1725= IFCPROPERTYSINGLEVALUE('GUID',$,IFCLABEL('1ac00cc6-b94f-470a-897e-197176029d81'),$);
#1726= IFCPROPERTYSET('2gn6TRFEL2SvNBcJNqSGnl',#5,'Fundacion',$,(#119,#100,#101,#120,#121,#1213,#699,#124,#125,#59,#60,#61,#62,#63,#64,#65,#66,#67,#68,#69,#126,#71,#127,#128,#129,#1725));
#1727= IFCCARTESIANPOINT((-6.02973549958551,0.,2.66140304802684));
#1728= IFCCARTESIANPOINT((-4.18892269441858,0.,-1.16108412889298));
#1729= IFCPOLYLOOP((#1727,#1728,#262,#1338));
#1730= IFCFACEOUTERBOUND(#1729,.T.);
#1731= IFCFACE((#1730));
#1732= IFCCARTESIANPOINT((-4.18892269441858,4.24264068711932,-1.16108412889298));
#1733= IFCPOLYLOOP((#1728,#1732,#1342,#262));
#1734= IFCFACEOUTERBOUND(#1733,.T.);
#1735= IFCFACE((#1734));
#1736= IFCPOLYLOOP((#1732,#1727,#1338,#1342));
#1737= IFCFACEOUTERBOUND(#1736,.T.);
#1738= IFCFACE((#1737));
#1739= IFCPOLYLOOP((#1361,#1362,#1728,#1727));
#1740= IFCFACEOUTERBOUND(#1739,.T.);
#1741= IFCFACE((#1740));
#1742= IFCPOLYLOOP((#1362,#1366,#1732,#1728));
#1743= IFCFACEOUTERBOUND(#1742,.T.);
#1744= IFCFACE((#1743));
#1745= IFCPOLYLOOP((#1366,#1361,#1727,#1732));
#1746= IFCFACEOUTERBOUND(#1745,.T.);
#1747= IFCFACE((#1746));
#1748= IFCCARTESIANPOINT((-11.9614146310487,0.,-5.29679405217757));
#1749= IFCCARTESIANPOINT((-7.82514580379939,0.,-6.24087042018073));
#1750= IFCPOLYLOOP((#1748,#1749,#1374,#1373));
#1751= IFCFACEOUTERBOUND(#1750,.T.);
#1752= IFCFACE((#1751));
#1753= IFCCARTESIANPOINT((-7.82514580379939,4.24264068711932,-6.24087042018073));
#1754= IFCPOLYLOOP((#1749,#1753,#1378,#1374));
#1755= IFCFACEOUTERBOUND(#1754,.T.);
#1756= IFCFACE((#1755));
#1757= IFCPOLYLOOP((#1753,#1748,#1373,#1378));
#1758= IFCFACEOUTERBOUND(#1757,.T.);
#1759= IFCFACE((#1758));
#1760= IFCPOLYLOOP((#1397,#1398,#1749,#1748));
#1761= IFCFACEOUTERBOUND(#1760,.T.);
#1762= IFCFACE((#1761));
#1763= IFCPOLYLOOP((#1398,#1402,#1753,#1749));
#1764= IFCFACEOUTERBOUND(#1763,.T.);
#1765= IFCFACE((#1764));
#1766= IFCPOLYLOOP((#1402,#1397,#1748,#1753));
#1767= IFCFACEOUTERBOUND(#1766,.T.);
#1768= IFCFACE((#1767));
#1769= IFCCARTESIANPOINT((-10.2246148929116,0.,-15.0349519525771));
#1770= IFCCARTESIANPOINT((-6.90758483490208,0.,-12.3897087510559));
#1771= IFCPOLYLOOP((#1769,#1770,#1410,#1409));
#1772= IFCFACEOUTERBOUND(#1771,.T.);
#1773= IFCFACE((#1772));
#1774= IFCCARTESIANPOINT((-6.90758483490208,4.24264068711932,-12.3897087510559));
#1775= IFCPOLYLOOP((#1770,#1774,#1414,#1410));
#1776= IFCFACEOUTERBOUND(#1775,.T.);
#1777= IFCFACE((#1776));
#1778= IFCPOLYLOOP((#1774,#1769,#1409,#1414));
#1779= IFCFACEOUTERBOUND(#1778,.T.);
#1780= IFCFACE((#1779));
#1781= IFCPOLYLOOP((#1433,#1434,#1770,#1769));
#1782= IFCFACEOUTERBOUND(#1781,.T.);
#1783= IFCFACE((#1782));
#1784= IFCPOLYLOOP((#1434,#1438,#1774,#1770));
#1785= IFCFACEOUTERBOUND(#1784,.T.);
#1786= IFCFACE((#1785));
#1787= IFCPOLYLOOP((#1438,#1433,#1769,#1774));
#1788= IFCFACEOUTERBOUND(#1787,.T.);
#1789= IFCFACE((#1788));
#1790= IFCCARTESIANPOINT((-10.2246148929116,-7.94000005500004,-15.0349519525771));
#1791= IFCCARTESIANPOINT((-6.90758483490208,-7.94000005500004,-12.3897087510559));
#1792= IFCPOLYLOOP((#1790,#1791,#1584,#1583));
#1793= IFCFACEOUTERBOUND(#1792,.T.);
#1794= IFCFACE((#1793));
#1795= IFCCARTESIANPOINT((-6.90758483490208,-12.1826407421194,-12.3897087510559));
#1796= IFCPOLYLOOP((#1791,#1795,#1588,#1584));
#1797= IFCFACEOUTERBOUND(#1796,.T.);
#1798= IFCFACE((#1797));
#1799= IFCPOLYLOOP((#1795,#1790,#1583,#1588));
#1800= IFCFACEOUTERBOUND(#1799,.T.);
#1801= IFCFACE((#1800));
#1802= IFCPOLYLOOP((#1607,#1608,#1791,#1790));
#1803= IFCFACEOUTERBOUND(#1802,.T.);
#1804= IFCFACE((#1803));
#1805= IFCPOLYLOOP((#1608,#1612,#1795,#1791));
#1806= IFCFACEOUTERBOUND(#1805,.T.);
#1807= IFCFACE((#1806));
#1808= IFCPOLYLOOP((#1612,#1607,#1790,#1795));
#1809= IFCFACEOUTERBOUND(#1808,.T.);
#1810= IFCFACE((#1809));
#1811= IFCCARTESIANPOINT((-11.9614146310487,-7.94000005500004,-5.29679405217757));
#1812= IFCCARTESIANPOINT((-7.82514580379939,-7.94000005500004,-6.24087042018073));
#1813= IFCPOLYLOOP((#1811,#1812,#1620,#1619));
#1814= IFCFACEOUTERBOUND(#1813,.T.);
#1815= IFCFACE((#1814));
#1816= IFCCARTESIANPOINT((-7.82514580379939,-12.1826407421194,-6.24087042018073));
#1817= IFCPOLYLOOP((#1812,#1816,#1624,#1620));
#1818= IFCFACEOUTERBOUND(#1817,.T.);
#1819= IFCFACE((#1818));
#1820= IFCPOLYLOOP((#1816,#1811,#1619,#1624));
#1821= IFCFACEOUTERBOUND(#1820,.T.);
#1822= IFCFACE((#1821));
#1823= IFCPOLYLOOP((#1643,#1644,#1812,#1811));
#1824= IFCFACEOUTERBOUND(#1823,.T.);
#1825= IFCFACE((#1824));
#1826= IFCPOLYLOOP((#1644,#1648,#1816,#1812));
#1827= IFCFACEOUTERBOUND(#1826,.T.);
#1828= IFCFACE((#1827));
#1829= IFCPOLYLOOP((#1648,#1643,#1811,#1816));
#1830= IFCFACEOUTERBOUND(#1829,.T.);
#1831= IFCFACE((#1830));
#1832= IFCCARTESIANPOINT((-6.02973549958551,-7.94000005500004,2.66140304802684));
#1833= IFCCARTESIANPOINT((-4.18892269441858,-7.94000005500004,-1.16108412889298));
#1834= IFCPOLYLOOP((#1832,#1833,#1656,#1655));
#1835= IFCFACEOUTERBOUND(#1834,.T.);
#1836= IFCFACE((#1835));
#1837= IFCCARTESIANPOINT((-4.18892269441858,-12.1826407421194,-1.16108412889298));
#1838= IFCPOLYLOOP((#1833,#1837,#1660,#1656));
#1839= IFCFACEOUTERBOUND(#1838,.T.);
#1840= IFCFACE((#1839));
#1841= IFCPOLYLOOP((#1837,#1832,#1655,#1660));
#1842= IFCFACEOUTERBOUND(#1841,.T.);
#1843= IFCFACE((#1842));
#1844= IFCPOLYLOOP((#1679,#1680,#1833,#1832));
#1845= IFCFACEOUTERBOUND(#1844,.T.);
#1846= IFCFACE((#1845));
#1847= IFCPOLYLOOP((#1680,#1684,#1837,#1833));
#1848= IFCFACEOUTERBOUND(#1847,.T.);
#1849= IFCFACE((#1848));
#1850= IFCPOLYLOOP((#1684,#1679,#1832,#1837));
#1851= IFCFACEOUTERBOUND(#1850,.T.);
#1852= IFCFACE((#1851));
#1853= IFCCLOSEDSHELL((#1222,#1227,#1230,#1235,#1239,#1242,#1247,#1251,#1254,#1259,#1263,#1266,#1271,#1275,#1278,#1283,#1287,#1290,#1295,#1299,#1302,#1307,#1311,#1314,#1319,#1323,#1326,#1330,#1334,#1337,#1341,#1345,#1348,#1731,#1735,#1738,#1741,#1744,#1747,#1377,#1381,#1384,#1752,#1756,#1759,#1762,#1765,#1768,#1413,#1417,#1420,#1773,#1777,#1780,#1783,#1786,#1789,#1447,#1450,#1453,#1456,#1459,#1466,#1471,#1474,#1479,#1483,#1486,#1491,#1495,#1498,#1503,#1507,#1510,#1515,#1519,#1522,#1527,#1531,#1534,#1539,#1543,#1546,#1551,#1555,#1558,#1563,#1567,#1570,#1575,#1579,#1582,#1587,#1591,#1594,#1794,#1798,#1801,#1804,#1807,#1810,#1623,#1627,#1630,#1815,#1819,#1822,#1825,#1828,#1831,#1659,#1663,#1666,#1836,#1840,#1843,#1846,#1849,#1852,#1693,#1696,#1699,#1702,#1705));
#1854= IFCFACETEDBREP(#1853);
#1855= IFCSTYLEDITEM(#1854,(#137),$);
#1856= IFCSHAPEREPRESENTATION(#13,'Body','Brep',(#1854));
#1857= IFCPRODUCTDEFINITIONSHAPE($,$,(#1856));
#1858= IFCCARTESIANPOINT((442093.001135769,393405.738029328,-854.119999999915));
#1859= IFCDIRECTION((-0.974927912162043,-0.222520934042979,0.));
#1860= IFCAXIS2PLACEMENT3D(#1858,#636,#1859);
#1861= IFCLOCALPLACEMENT(#1723,#1860);
#1862= IFCFASTENER('3xDt5IvULEvf1gGp7yd3Lj',#116,'Weld',$,$,#1861,#1857,'IDfb377152-e5e5-4ee6-906a-4331fc9c356d');
#1863= IFCSHAPEREPRESENTATION(#13,'Body','SweptSolid',(#679));
#1864= IFCPRODUCTDEFINITIONSHAPE($,$,(#1863));
#1865= IFCCARTESIANPOINT((442091.120215082,393413.638721379,-846.179999944915));
#1866= IFCAXIS2PLACEMENT3D(#1865,#676,#87);
#1867= IFCLOCALPLACEMENT(#1723,#1866);
#1868= IFCCOLUMN('0GMY$UOHL6qOz4ELligS4c',#116,'ARANDELA','5/8_WASHER',$,#1867,#1864,'ID105a2fde-6115-46d1-8f44-395beca9c126');
#1869= IFCLOCALPLACEMENT(#45,#10);
#1870= IFCELEMENTASSEMBLY('1osXgNZFLDKf9Npvvuo1lt',#116,'ANCLAJE',$,$,#1869,$,'CPS0(?)',.NOTDEFINED.,.NOTDEFINED.);
#1871= IFCPROPERTYSINGLEVALUE('COG_Y_BASEPOINT',$,IFCLENGTHMEASURE(392784.54748),$);
#1872= IFCPROPERTYSINGLEVALUE('COG_X_BASEPOINT',$,IFCLENGTHMEASURE(441652.85825),$);
#1873= IFCPROPERTYSINGLEVALUE('GUID',$,IFCLABEL('72da1a97-8cf5-4d52-9257-cf9e78c81bf7'),$);
#1874= IFCPROPERTYSET('1qhEtZbV57b8igPLO9Bh7n',#5,'Fundacion',$,(#119,#100,#101,#120,#121,#1871,#1872,#124,#125,#59,#60,#61,#62,#63,#64,#65,#66,#67,#68,#69,#126,#71,#127,#128,#129,#1873));
#1875= IFCQUANTITYLENGTH('Width',$,$,33.3400001519421);
#1876= IFCELEMENTQUANTITY('11vwBfR$14kh__T0hP1vY0',#5,'BaseQuantities',$,$,(#1875));
#1877= IFCCARTESIANPOINT((-7.80742319481215,-7.94000005500004,-18.066014469834));
#1878= IFCCARTESIANPOINT((-1.62652124767192,-7.94000005500004,-16.242298868252));
#1879= IFCCARTESIANPOINT((-2.55681325297337,-7.94000005500004,-20.4849395555211));
#1880= IFCPOLYLOOP((#1877,#1584,#1878,#1879));
#1881= IFCFACEOUTERBOUND(#1880,.T.);
#1882= IFCFACE((#1881));
#1883= IFCCARTESIANPOINT((-1.62652124767192,-12.1826407421194,-16.242298868252));
#1884= IFCPOLYLOOP((#1584,#1588,#1883,#1878));
#1885= IFCFACEOUTERBOUND(#1884,.T.);
#1886= IFCFACE((#1885));
#1887= IFCPOLYLOOP((#1588,#1877,#1879,#1883));
#1888= IFCFACEOUTERBOUND(#1887,.T.);
#1889= IFCFACE((#1888));
#1890= IFCPOLYLOOP((#1595,#1596,#1584,#1877));
#1891= IFCFACEOUTERBOUND(#1890,.T.);
#1892= IFCFACE((#1891));
#1893= IFCPOLYLOOP((#1600,#1595,#1877,#1588));
#1894= IFCFACEOUTERBOUND(#1893,.T.);
#1895= IFCFACE((#1894));
#1896= IFCCARTESIANPOINT((10.2548676295555,-7.94000005500004,-1.05545134749264));
#1897= IFCCARTESIANPOINT((6.93783757154597,-7.94000005500004,-3.70069454889745));
#1898= IFCPOLYLOOP((#1896,#1897,#1461,#1460));
#1899= IFCFACEOUTERBOUND(#1898,.T.);
#1900= IFCFACE((#1899));
#1901= IFCCARTESIANPOINT((6.93783757154597,-12.1826407421194,-3.70069454889745));
#1902= IFCPOLYLOOP((#1897,#1901,#1467,#1461));
#1903= IFCFACEOUTERBOUND(#1902,.T.);
#1904= IFCFACE((#1903));
#1905= IFCPOLYLOOP((#1901,#1896,#1460,#1467));
#1906= IFCFACEOUTERBOUND(#1905,.T.);
#1907= IFCFACE((#1906));
#1908= IFCPOLYLOOP((#1487,#1488,#1897,#1896));
#1909= IFCFACEOUTERBOUND(#1908,.T.);
#1910= IFCFACE((#1909));
#1911= IFCPOLYLOOP((#1488,#1492,#1901,#1897));
#1912= IFCFACEOUTERBOUND(#1911,.T.);
#1913= IFCFACE((#1912));
#1914= IFCPOLYLOOP((#1492,#1487,#1896,#1901));
#1915= IFCFACEOUTERBOUND(#1914,.T.);
#1916= IFCFACE((#1915));
#1917= IFCCARTESIANPOINT((12.1461935492989,-7.94000005500004,-10.7991982988315));
#1918= IFCCARTESIANPOINT((8.0099247219332,-7.94000005500004,-9.8551219307119));
#1919= IFCPOLYLOOP((#1917,#1918,#1500,#1499));
#1920= IFCFACEOUTERBOUND(#1919,.T.);
#1921= IFCFACE((#1920));
#1922= IFCCARTESIANPOINT((8.0099247219332,-12.1826407421194,-9.8551219307119));
#1923= IFCPOLYLOOP((#1918,#1922,#1504,#1500));
#1924= IFCFACEOUTERBOUND(#1923,.T.);
#1925= IFCFACE((#1924));
#1926= IFCPOLYLOOP((#1922,#1917,#1499,#1504));
#1927= IFCFACEOUTERBOUND(#1926,.T.);
#1928= IFCFACE((#1927));
#1929= IFCPOLYLOOP((#1523,#1524,#1918,#1917));
#1930= IFCFACEOUTERBOUND(#1929,.T.);
#1931= IFCFACE((#1930));
#1932= IFCPOLYLOOP((#1524,#1528,#1922,#1918));
#1933= IFCFACEOUTERBOUND(#1932,.T.);
#1934= IFCFACE((#1933));
#1935= IFCPOLYLOOP((#1528,#1523,#1917,#1922));
#1936= IFCFACEOUTERBOUND(#1935,.T.);
#1937= IFCFACE((#1936));
#1938= IFCCARTESIANPOINT((6.35616269489401,-7.94000005500004,-18.8194062354742));
#1939= IFCCARTESIANPOINT((4.51534988975618,-7.94000005500004,-14.9969190586125));
#1940= IFCPOLYLOOP((#1938,#1939,#1536,#1535));
#1941= IFCFACEOUTERBOUND(#1940,.T.);
#1942= IFCFACE((#1941));
#1943= IFCCARTESIANPOINT((4.51534988975618,-12.1826407421194,-14.9969190586125));
#1944= IFCPOLYLOOP((#1939,#1943,#1540,#1536));
#1945= IFCFACEOUTERBOUND(#1944,.T.);
#1946= IFCFACE((#1945));
#1947= IFCPOLYLOOP((#1943,#1938,#1535,#1540));
#1948= IFCFACEOUTERBOUND(#1947,.T.);
#1949= IFCFACE((#1948));
#1950= IFCCARTESIANPOINT((2.89764711947646,-7.94000005500004,-20.4849395554047));
#1951= IFCPOLYLOOP((#1950,#1560,#1939,#1938));
#1952= IFCFACEOUTERBOUND(#1951,.T.);
#1953= IFCFACE((#1952));
#1954= IFCPOLYLOOP((#1560,#1564,#1943,#1939));
#1955= IFCFACEOUTERBOUND(#1954,.T.);
#1956= IFCFACE((#1955));
#1957= IFCPOLYLOOP((#1564,#1950,#1938,#1943));
#1958= IFCFACEOUTERBOUND(#1957,.T.);
#1959= IFCFACE((#1958));
#1960= IFCPOLYLOOP((#1879,#1878,#1560,#1950));
#1961= IFCFACEOUTERBOUND(#1960,.T.);
#1962= IFCFACE((#1961));
#1963= IFCPOLYLOOP((#1878,#1883,#1564,#1560));
#1964= IFCFACEOUTERBOUND(#1963,.T.);
#1965= IFCFACE((#1964));
#1966= IFCPOLYLOOP((#1883,#1879,#1950,#1564));
#1967= IFCFACEOUTERBOUND(#1966,.T.);
#1968= IFCFACE((#1967));
#1969= IFCPOLYLOOP((#1883,#1879,#1878));
#1970= IFCFACEOUTERBOUND(#1969,.T.);
#1971= IFCFACE((#1970));
#1972= IFCPOLYLOOP((#1883,#1878,#1879));
#1973= IFCFACEOUTERBOUND(#1972,.T.);
#1974= IFCFACE((#1973));
#1975= IFCCLOSEDSHELL((#1222,#1227,#1230,#1235,#1239,#1242,#1247,#1251,#1254,#1259,#1263,#1266,#1271,#1275,#1278,#1283,#1287,#1290,#1295,#1299,#1302,#1307,#1311,#1314,#1319,#1323,#1326,#1330,#1334,#1337,#1341,#1345,#1348,#1353,#1357,#1360,#1365,#1369,#1372,#1377,#1381,#1384,#1389,#1393,#1396,#1401,#1405,#1408,#1413,#1417,#1420,#1425,#1429,#1432,#1437,#1441,#1444,#1447,#1450,#1453,#1456,#1459,#1882,#1886,#1889,#1892,#1603,#1895,#1611,#1615,#1618,#1623,#1627,#1630,#1635,#1639,#1642,#1647,#1651,#1654,#1659,#1663,#1666,#1671,#1675,#1678,#1683,#1687,#1690,#1693,#1696,#1699,#1466,#1471,#1474,#1900,#1904,#1907,#1910,#1913,#1916,#1503,#1507,#1510,#1921,#1925,#1928,#1931,#1934,#1937,#1539,#1543,#1546,#1942,#1946,#1949,#1953,#1956,#1959,#1962,#1965,#1968,#1971,#1974));
#1976= IFCFACETEDBREP(#1975);
#1977= IFCSTYLEDITEM(#1976,(#137),$);
#1978= IFCSHAPEREPRESENTATION(#13,'Body','Brep',(#1976));
#1979= IFCPRODUCTDEFINITIONSHAPE($,$,(#1978));
#1980= IFCCARTESIANPOINT((441660.640910912,392786.868897947,-846.179999944915));
#1981= IFCDIRECTION((0.955572805921203,0.294755173973042,0.));
#1982= IFCDIRECTION((-0.294755173973034,0.955572805921206,0.));
#1983= IFCAXIS2PLACEMENT3D(#1980,#1981,#1982);
#1984= IFCLOCALPLACEMENT(#1869,#1983);
#1985= IFCFASTENER('3j98cwQbfAjeDmMht7iRyw',#116,'Weld',$,$,#1984,#1979,'IDed2489ba-6a5a-4ab6-8370-5abdc7b1bf3a');
#1986= IFCSHAPEREPRESENTATION(#13,'Body','SweptSolid',(#679));
#1987= IFCPRODUCTDEFINITIONSHAPE($,$,(#1986));
#1988= IFCCARTESIANPOINT((441652.858250541,392784.54747702,-846.179999944915));
#1989= IFCDIRECTION((-0.866025403838336,-0.499999999906648,0.));
#1990= IFCAXIS2PLACEMENT3D(#1988,#676,#1989);
#1991= IFCLOCALPLACEMENT(#1869,#1990);
#1992= IFCCOLUMN('05HMaDvOf3yf4aPDv_Ry50',#116,'ARANDELA','5/8_WASHER',$,#1991,#1987,'ID0545690d-e58a-43f2-9124-64de7e6fc140');
#1993= IFCQUANTITYAREA('OuterSurfaceArea',$,$,0.00250327801707927);
#1994= IFCQUANTITYVOLUME('NetVolume',$,$,5.02803146552864E-06);
#1995= IFCQUANTITYWEIGHT('NetWeight',$,$,0.0394700470043998);
#1996= IFCELEMENTQUANTITY('2uN4n6m_5A$Q0DNg3sYANS',#5,'BaseQuantities',$,$,(#691,#1993,#1994,#1995));
#1997= IFCLOCALPLACEMENT(#45,#10);
#1998= IFCELEMENTASSEMBLY('2EN1iLJVv1NR56nTxx48WI',#116,'ANCLAJE',$,$,#1997,$,'CPS0(?)',.NOTDEFINED.,.NOTDEFINED.);
#1999= IFCPROPERTYSINGLEVALUE('COG_Y_BASEPOINT',$,IFCLENGTHMEASURE(392671.96417),$);
#2000= IFCPROPERTYSINGLEVALUE('COG_X_BASEPOINT',$,IFCLENGTHMEASURE(441717.85825),$);
#2001= IFCPROPERTYSINGLEVALUE('GUID',$,IFCLABEL('8e5c1b15-4dfe-415d-b146-c5defb108812'),$);
#2002= IFCPROPERTYSET('2K1A5lU21Fu8uLIBpDxIHW',#5,'Fundacion',$,(#119,#100,#101,#120,#121,#1999,#2000,#124,#125,#59,#60,#61,#62,#63,#64,#65,#66,#67,#68,#69,#126,#71,#127,#128,#129,#2001));
#2003= IFCPOLYLOOP((#1790,#1791,#1584,#1877));
#2004= IFCFACEOUTERBOUND(#2003,.T.);
#2005= IFCFACE((#2004));
#2006= IFCPOLYLOOP((#1795,#1790,#1877,#1588));
#2007= IFCFACEOUTERBOUND(#2006,.T.);
#2008= IFCFACE((#2007));
#2009= IFCCLOSEDSHELL((#1222,#1227,#1230,#1235,#1239,#1242,#1247,#1251,#1254,#1259,#1263,#1266,#1271,#1275,#1278,#1283,#1287,#1290,#1295,#1299,#1302,#1307,#1311,#1314,#1319,#1323,#1326,#1330,#1334,#1337,#1341,#1345,#1348,#1731,#1735,#1738,#1741,#1744,#1747,#1377,#1381,#1384,#1752,#1756,#1759,#1762,#1765,#1768,#1413,#1417,#1420,#1773,#1777,#1780,#1783,#1786,#1789,#1447,#1450,#1453,#1456,#1459,#1882,#1886,#1889,#2005,#1798,#2008,#1804,#1807,#1810,#1623,#1627,#1630,#1815,#1819,#1822,#1825,#1828,#1831,#1659,#1663,#1666,#1836,#1840,#1843,#1846,#1849,#1852,#1693,#1696,#1699,#1466,#1471,#1474,#1900,#1904,#1907,#1910,#1913,#1916,#1503,#1507,#1510,#1921,#1925,#1928,#1931,#1934,#1937,#1539,#1543,#1546,#1942,#1946,#1949,#1953,#1956,#1959,#1962,#1965,#1968,#1971,#1974));
#2010= IFCFACETEDBREP(#2009);
#2011= IFCSTYLEDITEM(#2010,(#137),$);
#2012= IFCSHAPEREPRESENTATION(#13,'Body','Brep',(#2010));
#2013= IFCPRODUCTDEFINITIONSHAPE($,$,(#2012));
#2014= IFCCARTESIANPOINT((441723.759990205,392677.543445651,-854.119999999915));
#2015= IFCDIRECTION((0.733051871798528,0.680172737804651,0.));
#2016= IFCDIRECTION((0.680172737804636,-0.733051871798542,0.));
#2017= IFCAXIS2PLACEMENT3D(#2014,#2015,#2016);
#2018= IFCLOCALPLACEMENT(#1997,#2017);
#2019= IFCFASTENER('2pbikR02nCxB9CGsqIZmiB',#116,'Weld',$,$,#2018,#2013,'IDb396cb9b-002c-4cec-b24c-436d128f0b0b');
#2020= IFCSHAPEREPRESENTATION(#13,'Body','SweptSolid',(#679));
#2021= IFCPRODUCTDEFINITIONSHAPE($,$,(#2020));
#2022= IFCCARTESIANPOINT((441717.858250524,392671.964174526,-846.179999944915));
#2023= IFCDIRECTION((0.866025403838336,0.499999999906648,0.));
#2024= IFCAXIS2PLACEMENT3D(#2022,#676,#2023);
#2025= IFCLOCALPLACEMENT(#1997,#2024);
#2026= IFCCOLUMN('07V9N7wPbDkQsKTkOamLhz',#116,'ARANDELA','5/8_WASHER',$,#2025,#2021,'ID077c95c7-e999-4db9-ad94-76e624c15afd');
#2027= IFCLOCALPLACEMENT(#45,#10);
#2028= IFCELEMENTASSEMBLY('2$xHL1L7H5Wg6qTjbxDAtI',#116,'ANCLAJE',$,$,#2027,$,'CPS0(?)',.NOTDEFINED.,.NOTDEFINED.);
#2029= IFCPROPERTYSINGLEVALUE('COG_Y_BASEPOINT',$,IFCLENGTHMEASURE(392849.54748),$);
#2030= IFCPROPERTYSINGLEVALUE('COG_X_BASEPOINT',$,IFCLENGTHMEASURE(441765.44155),$);
#2031= IFCPROPERTYSINGLEVALUE('GUID',$,IFCLABEL('bfed1541-5474-4582-a1b4-76d97b34add2'),$);
#2032= IFCPROPERTYSET('2qTpfchU95gOpVOaCrHiWn',#5,'Fundacion',$,(#119,#100,#101,#120,#121,#2029,#2030,#124,#125,#59,#60,#61,#62,#63,#64,#65,#66,#67,#68,#69,#126,#71,#127,#128,#129,#2031));
#2033= IFCSHAPEREPRESENTATION(#13,'Body','Brep',(#631));
#2034= IFCPRODUCTDEFINITIONSHAPE($,$,(#2033));
#2035= IFCCARTESIANPOINT((441759.539813357,392843.968205879,-854.119999999915));
#2036= IFCDIRECTION((-0.680172737806453,0.733051871796856,0.));
#2037= IFCAXIS2PLACEMENT3D(#2035,#2015,#2036);
#2038= IFCLOCALPLACEMENT(#2027,#2037);
#2039= IFCFASTENER('3ok1Yj_D14nOwufjhgQXY8',#116,'Weld',$,$,#2038,#2034,'IDf2b818ad-f8d0-44c5-8eb8-a6daea6a1888');
#2040= IFCSHAPEREPRESENTATION(#13,'Body','SweptSolid',(#679));
#2041= IFCPRODUCTDEFINITIONSHAPE($,$,(#2040));
#2042= IFCCARTESIANPOINT((441765.441553036,392849.547477003,-846.179999944915));
#2043= IFCAXIS2PLACEMENT3D(#2042,#676,#1989);
#2044= IFCLOCALPLACEMENT(#2027,#2043);
#2045= IFCCOLUMN('1YT4Xwr9TAk94W2$HVf07V',#116,'ARANDELA','5/8_WASHER',$,#2044,#2041,'ID6274487a-d497-4ab8-9120-0bf45fa401df');
#2046= IFCLOCALPLACEMENT(#45,#10);
#2047= IFCELEMENTASSEMBLY('1_pNE3fi10PuOFQiUbonFp',#116,'ANCLAJE',$,$,#2046,$,'CPS0(?)',.NOTDEFINED.,.NOTDEFINED.);
#2048= IFCPROPERTYSINGLEVALUE('COG_Y_BASEPOINT',$,IFCLENGTHMEASURE(392736.96417),$);
#2049= IFCPROPERTYSINGLEVALUE('COG_X_BASEPOINT',$,IFCLENGTHMEASURE(441830.44155),$);
#2050= IFCPROPERTYSINGLEVALUE('GUID',$,IFCLABEL('7ecd7383-a6c0-4067-860f-6ac7a5cb13f3'),$);
#2051= IFCPROPERTYSET('2c3U8Mb9n6EulXM8dnqH$5',#5,'Fundacion',$,(#119,#100,#101,#120,#121,#2048,#2049,#124,#125,#59,#60,#61,#62,#63,#64,#65,#66,#67,#68,#69,#126,#71,#127,#128,#129,#2050));
#2052= IFCSHAPEREPRESENTATION(#13,'Body','Brep',(#1195));
#2053= IFCPRODUCTDEFINITIONSHAPE($,$,(#2052));
#2054= IFCCARTESIANPOINT((441824.466018407,392731.512719957,-854.119999999915));
#2055= IFCDIRECTION((0.7445667229839,0.667548046978655,0.));
#2056= IFCDIRECTION((-0.667548046978654,0.744566722983901,0.));
#2057= IFCAXIS2PLACEMENT3D(#2054,#2055,#2056);
#2058= IFCLOCALPLACEMENT(#2046,#2057);
#2059= IFCFASTENER('27gouEYyf0KQPCnFwGXoB6',#116,'Weld',$,$,#2058,#2053,'ID87ab2e0e-8bca-4051-a64c-c4fe908722c6');
#2060= IFCSHAPEREPRESENTATION(#13,'Body','SweptSolid',(#679));
#2061= IFCPRODUCTDEFINITIONSHAPE($,$,(#2060));
#2062= IFCCARTESIANPOINT((441830.441553019,392736.964174508,-846.179999944915));
#2063= IFCAXIS2PLACEMENT3D(#2062,#676,#2023);
#2064= IFCLOCALPLACEMENT(#2046,#2063);
#2065= IFCCOLUMN('2P$_FMFYP9je23S563mcpx',#116,'ARANDELA','5/8_WASHER',$,#2064,#2061,'ID99ffe3d6-3e26-49b6-8083-705183c26cfb');
#2066= IFCLOCALPLACEMENT(#45,#10);
#2067= IFCELEMENTASSEMBLY('0Qzp06AvrCBQA25bzDDLHE',#116,'ANCLAJE',$,$,#2066,$,'CPS0(?)',.NOTDEFINED.,.NOTDEFINED.);
#2068= IFCPROPERTYSINGLEVALUE('COG_Y_BASEPOINT',$,IFCLENGTHMEASURE(392671.9638),$);
#2069= IFCPROPERTYSINGLEVALUE('COG_X_BASEPOINT',$,IFCLENGTHMEASURE(442594.38153),$);
#2070= IFCPROPERTYSINGLEVALUE('GUID',$,IFCLABEL('1af73006-2b9d-4c2d-a282-165f4d35544e'),$);
#2071= IFCPROPERTYSET('1jQeq7WvDCchAxGW$cXfxz',#5,'Fundacion',$,(#119,#100,#101,#120,#121,#2068,#2069,#124,#125,#59,#60,#61,#62,#63,#64,#65,#66,#67,#68,#69,#126,#71,#127,#128,#129,#2070));
#2072= IFCSHAPEREPRESENTATION(#13,'Body','Brep',(#1976));
#2073= IFCPRODUCTDEFINITIONSHAPE($,$,(#2072));
#2074= IFCCARTESIANPOINT((442588.479794539,392677.543072818,-846.179999944971));
#2075= IFCDIRECTION((-0.733051871790375,0.680172737813438,0.));
#2076= IFCDIRECTION((-0.680172737813433,-0.73305187179038,0.));
#2077= IFCAXIS2PLACEMENT3D(#2074,#2075,#2076);
#2078= IFCLOCALPLACEMENT(#2066,#2077);
#2079= IFCFASTENER('1F3zHcG6P7tQ61$iHoePjH',#116,'Weld',$,$,#2078,#2073,'ID4f0fd466-4066-47dd-a181-fec472a19b51');
#2080= IFCSHAPEREPRESENTATION(#13,'Body','SweptSolid',(#679));
#2081= IFCPRODUCTDEFINITIONSHAPE($,$,(#2080));
#2082= IFCCARTESIANPOINT((442594.381534221,392671.963801693,-846.179999944971));
#2083= IFCDIRECTION((0.866025403838336,-0.499999999906648,0.));
#2084= IFCAXIS2PLACEMENT3D(#2082,#676,#2083);
#2085= IFCLOCALPLACEMENT(#2066,#2084);
#2086= IFCCOLUMN('2bRZ6EWOz6zR68ju1YFLw8',#116,'ARANDELA','5/8_WASHER',$,#2085,#2081,'IDa56e318e-818f-46f5-b188-b780623d5e88');
#2087= IFCLOCALPLACEMENT(#45,#10);
#2088= IFCELEMENTASSEMBLY('2svVCpIdr24w4ci4OmPQBf',#116,'ANCLAJE',$,$,#2087,$,'CPS0(?)',.NOTDEFINED.,.NOTDEFINED.);
#2089= IFCPROPERTYSINGLEVALUE('COG_Y_BASEPOINT',$,IFCLENGTHMEASURE(392784.5471),$);
#2090= IFCPROPERTYSINGLEVALUE('COG_X_BASEPOINT',$,IFCLENGTHMEASURE(442659.38153),$);
#2091= IFCPROPERTYSINGLEVALUE('GUID',$,IFCLABEL('b6e5f333-4a7d-4213-a126-b0463065a2e9'),$);
#2092= IFCPROPERTYSET('3poQtX6kLA8eapR8llLPL0',#5,'Fundacion',$,(#119,#100,#101,#120,#121,#2089,#2090,#124,#125,#59,#60,#61,#62,#63,#64,#65,#66,#67,#68,#69,#126,#71,#127,#128,#129,#2091));
#2093= IFCSHAPEREPRESENTATION(#13,'Body','Brep',(#2010));
#2094= IFCPRODUCTDEFINITIONSHAPE($,$,(#2093));
#2095= IFCCARTESIANPOINT((442651.598873833,392786.868525115,-854.119999999971));
#2096= IFCDIRECTION((-0.955572805922625,0.294755173968434,0.));
#2097= IFCDIRECTION((0.294755173968424,0.955572805922628,0.));
#2098= IFCAXIS2PLACEMENT3D(#2095,#2096,#2097);
#2099= IFCLOCALPLACEMENT(#2087,#2098);
#2100= IFCFASTENER('0aut36TL59dfZqfpUaO$gH',#116,'Weld',$,$,#2099,#2094,'ID24e370c6-7551-499e-98f4-a737a463fa91');
#2101= IFCSHAPEREPRESENTATION(#13,'Body','SweptSolid',(#679));
#2102= IFCPRODUCTDEFINITIONSHAPE($,$,(#2101));
#2103= IFCCARTESIANPOINT((442659.381534203,392784.547104188,-846.179999944971));
#2104= IFCDIRECTION((-0.866025403838336,0.499999999906648,0.));
#2105= IFCAXIS2PLACEMENT3D(#2103,#676,#2104);
#2106= IFCLOCALPLACEMENT(#2087,#2105);
#2107= IFCCOLUMN('257yx2Lnn0cfP3j9WuylII',#116,'ARANDELA','5/8_WASHER',$,#2106,#2102,'ID851fcec2-571c-409a-9643-b49838f2f492');
#2108= IFCLOCALPLACEMENT(#45,#10);
#2109= IFCELEMENTASSEMBLY('0oBmBUyRr9SBW5b6mHrGuQ',#116,'ANCLAJE',$,$,#2108,$,'CPS0(?)',.NOTDEFINED.,.NOTDEFINED.);
#2110= IFCPROPERTYSINGLEVALUE('COG_Y_BASEPOINT',$,IFCLENGTHMEASURE(392736.9638),$);
#2111= IFCPROPERTYSINGLEVALUE('COG_X_BASEPOINT',$,IFCLENGTHMEASURE(442481.79823),$);
#2112= IFCPROPERTYSINGLEVALUE('GUID',$,IFCLABEL('322f02de-f1bd-4970-b805-946c11d50e1a'),$);
#2113= IFCPROPERTYSET('3FCaB7hzf7$edzmTiR5cID',#5,'Fundacion',$,(#119,#100,#101,#120,#121,#2110,#2111,#124,#125,#59,#60,#61,#62,#63,#64,#65,#66,#67,#68,#69,#126,#71,#127,#128,#129,#2112));
#2114= IFCSHAPEREPRESENTATION(#13,'Body','Brep',(#631));
#2115= IFCPRODUCTDEFINITIONSHAPE($,$,(#2114));
#2116= IFCCARTESIANPOINT((442489.580892094,392734.642380751,-854.119999999971));
#2117= IFCDIRECTION((-0.294755173967457,-0.955572805922926,0.));
#2118= IFCAXIS2PLACEMENT3D(#2116,#2096,#2117);
#2119= IFCLOCALPLACEMENT(#2108,#2118);
#2120= IFCFASTENER('3GxYT4QR13893Ul_DK1EV1',#116,'Weld',$,$,#2119,#2115,'IDd0ee2744-69b0-4320-90de-bfe35404e7c1');
#2121= IFCSHAPEREPRESENTATION(#13,'Body','SweptSolid',(#679));
#2122= IFCPRODUCTDEFINITIONSHAPE($,$,(#2121));
#2123= IFCCARTESIANPOINT((442481.798231726,392736.963801676,-846.179999944971));
#2124= IFCAXIS2PLACEMENT3D(#2123,#676,#2083);
#2125= IFCLOCALPLACEMENT(#2108,#2124);
#2126= IFCCOLUMN('13Kx3cgrv09xHLMh7BD$ic',#116,'ARANDELA','5/8_WASHER',$,#2125,#2122,'ID4353b0e6-ab5e-4027-b455-5ab1cb37fb26');
#2127= IFCLOCALPLACEMENT(#45,#10);
#2128= IFCELEMENTASSEMBLY('05l6P1U8X6fwQ$vcywEJxa',#116,'ANCLAJE',$,$,#2127,$,'CPS0(?)',.NOTDEFINED.,.NOTDEFINED.);
#2129= IFCPROPERTYSINGLEVALUE('COG_Y_BASEPOINT',$,IFCLENGTHMEASURE(392849.5471),$);
#2130= IFCPROPERTYSINGLEVALUE('COG_X_BASEPOINT',$,IFCLENGTHMEASURE(442546.79823),$);
#2131= IFCPROPERTYSINGLEVALUE('GUID',$,IFCLABEL('05bc6641-7888-46a7-a6bf-e66f3a393ee4'),$);
#2132= IFCPROPERTYSET('1xBTcLFk9FoQisQZXsLxBR',#5,'Fundacion',$,(#119,#100,#101,#120,#121,#2129,#2130,#124,#125,#59,#60,#61,#62,#63,#64,#65,#66,#67,#68,#69,#126,#71,#127,#128,#129,#2131));
#2133= IFCSHAPEREPRESENTATION(#13,'Body','Brep',(#1195));
#2134= IFCPRODUCTDEFINITIONSHAPE($,$,(#2133));
#2135= IFCCARTESIANPOINT((442554.507097144,392847.097866673,-854.119999999971));
#2136= IFCDIRECTION((-0.950396928605933,0.311039672865713,0.));
#2137= IFCDIRECTION((-0.311039672865717,-0.950396928605932,0.));
#2138= IFCAXIS2PLACEMENT3D(#2135,#2136,#2137);
#2139= IFCLOCALPLACEMENT(#2127,#2138);
#2140= IFCFASTENER('07UYhJNuj0lA8hp24Twg1j',#116,'Weld',$,$,#2139,#2134,'ID077a2ad3-5f8b-40bc-a22b-cc211deaa06d');
#2141= IFCSHAPEREPRESENTATION(#13,'Body','SweptSolid',(#679));
#2142= IFCPRODUCTDEFINITIONSHAPE($,$,(#2141));
#2143= IFCCARTESIANPOINT((442546.798231708,392849.547104171,-846.179999944971));
#2144= IFCAXIS2PLACEMENT3D(#2143,#676,#2104);
#2145= IFCLOCALPLACEMENT(#2127,#2144);
#2146= IFCCOLUMN('3o3vJLv8HCIQvFDAlGsNyz',#116,'ARANDELA','5/8_WASHER',$,#2145,#2142,'IDf20f94d5-e484-4c49-ae4f-34abd0d97f3d');
#2147= IFCLOCALPLACEMENT(#45,#10);
#2148= IFCELEMENTASSEMBLY('0VXpVaXb12hPi$tW52yCGB',#116,'ESP\S\ARRAGO',$,$,#2147,$,'CPS0(?)',.NOTDEFINED.,.NOTDEFINED.);
#2149= IFCPROPERTYSINGLEVALUE('AREA_FORM_BOTTOM',$,IFCAREAMEASURE(0.00039),$);
#2150= IFCPROPERTYSINGLEVALUE('BOTTOM_LEVEL_BASEPOINT',$,IFCLABEL(' +99.632'),$);
#2151= IFCPROPERTYSINGLEVALUE('TOP_LEVEL_BASEPOINT',$,IFCLABEL(' +99.762'),$);
#2152= IFCPROPERTYSINGLEVALUE('COG_Y_BASEPOINT',$,IFCLENGTHMEASURE(392770.01275),$);
#2153= IFCPROPERTYSINGLEVALUE('COG_X_BASEPOINT',$,IFCLENGTHMEASURE(442217.75798),$);
#2154= IFCPROPERTYSINGLEVALUE('WEIGHT_NET',$,IFCMASSMEASURE(1.1217),$);
#2155= IFCPROPERTYSINGLEVALUE('VOLUME_NET',$,IFCVOLUMEMEASURE(0.00014),$);
#2156= IFCPROPERTYSINGLEVALUE('HISTORY.CREATED',$,IFCLABEL('05.05.2026 18:18:51'),$);
#2157= IFCPROPERTYSINGLEVALUE('GUID',$,IFCLABEL('1f8737e4-8650-42ad-9b3f-de0142f0c40b'),$);
#2158= IFCPROPERTYSET('2vZ$X0WJb3gPWUFFOaENTW',#5,'Fundacion',$,(#2149,#100,#101,#2150,#2151,#2152,#2153,#2154,#2155,#59,#60,#61,#62,#63,#64,#65,#66,#67,#68,#69,#2156,#71,#72,#73,#74,#2157));
#2159= IFCQUANTITYLENGTH('Width',$,$,52.3800012746691);
#2160= IFCELEMENTQUANTITY('13Cvz5IhjB7Pt3AAQJd2Jo',#5,'BaseQuantities',$,$,(#2159));
#2161= IFCCARTESIANPOINT((-13.1000003811205,-22.6800003047101));
#2162= IFCCARTESIANPOINT((-26.190000533592,2.91038304567337E-11));
#2163= IFCCARTESIANPOINT((-13.1000003812369,22.6800003047683));
#2164= IFCCARTESIANPOINT((13.1000003812369,22.6800003047101));
#2165= IFCCARTESIANPOINT((26.190000533592,-2.91038304567337E-11));
#2166= IFCCARTESIANPOINT((13.1000003812369,-22.6800003047101));
#2167= IFCPOLYLINE((#2161,#2162,#2163,#2164,#2165,#2166,#2161));
#2168= IFCCARTESIANPOINT((6.54296675266232,13.5866104589368));
#2169= IFCCARTESIANPOINT((0.,15.0799999234732));
#2170= IFCCARTESIANPOINT((-6.54296675266232,13.5866104589659));
#2171= IFCCARTESIANPOINT((-11.7900186957559,9.40222616429674));
#2172= IFCCARTESIANPOINT((-14.7019128409447,3.35561566700926));
#2173= IFCCARTESIANPOINT((-14.7019128409447,-3.35561566703836));
#2174= IFCCARTESIANPOINT((-11.7900186957559,-9.40222616423853));
#2175= IFCCARTESIANPOINT((-6.54296675266232,-13.5866104589368));
#2176= IFCCARTESIANPOINT((0.,-15.079999923415));
#2177= IFCCARTESIANPOINT((6.54296675266232,-13.5866104589368));
#2178= IFCCARTESIANPOINT((11.7900186957559,-9.40222616429674));
#2179= IFCCARTESIANPOINT((14.7019128410611,-3.35561566700926));
#2180= IFCCARTESIANPOINT((14.7019128410611,3.35561566703836));
#2181= IFCCARTESIANPOINT((11.7900186957559,9.40222616423853));
#2182= IFCPOLYLINE((#2168,#2169,#2170,#2171,#2172,#2173,#2174,#2175,#2176,#2177,#2178,#2179,#2180,#2181,#2168));
#2183= IFCARBITRARYPROFILEDEFWITHVOIDS(.AREA.,'1-1/8_HEAVY_HEX_NUT',#2167,(#2182));
#2184= IFCCARTESIANPOINT((29.,0.,0.));
#2185= IFCAXIS2PLACEMENT3D(#2184,#88,#87);
#2186= IFCEXTRUDEDAREASOLID(#2183,#2185,#9,29.);
#2187= IFCSHAPEREPRESENTATION(#13,'Body','SweptSolid',(#2186));
#2188= IFCSTYLEDITEM(#2186,(#644),$);
#2189= IFCPRODUCTDEFINITIONSHAPE($,$,(#2187));
#2190= IFCCARTESIANPOINT((442217.757981222,392770.012747299,-335.517008813815));
#2191= IFCAXIS2PLACEMENT3D(#2190,#2083,#676);
#2192= IFCLOCALPLACEMENT(#2147,#2191);
#2193= IFCBEAM('26P$IY7UnBGgpa4k9J3E$z',#116,'TUERCA','1-1/8_HEAVY_HEX_NUT',$,#2192,#2189,'ID8667f4a2-1dec-4b42-ace4-12e2530ceffd');
#2194= IFCBEAMTYPE('269f0Sr094sRnmSA_KAaqq',#5,'1-1/8_HEAVY_HEX_NUT',$,$,$,$,$,$,.NOTDEFINED.);
#2195= IFCPROPERTYSINGLEVALUE('AREA_FORM_TOP',$,IFCAREAMEASURE(0.00076),$);
#2196= IFCPROPERTYSINGLEVALUE('AREA_FORM_BOTTOM',$,IFCAREAMEASURE(0.00076),$);
#2197= IFCPROPERTYSINGLEVALUE('ATT_303_PROVEEDOR_F',$,$,$);
#2198= IFCPROPERTYSINGLEVALUE('ATT_301_SUPPLIER_HY',$,$,$);
#2199= IFCPROPERTYSINGLEVALUE('ATT_301_OWNER_HYTEC',$,$,$);
#2200= IFCPROPERTYSINGLEVALUE('PROFILE_WEIGHT',$,IFCMASSMEASURE(0.24848),$);
#2201= IFCPROPERTYSINGLEVALUE('PROFILE_TYPE',$,IFCLABEL('Z'),$);
#2202= IFCPROPERTYSINGLEVALUE('HAS_HOLES',$,IFCINTEGER(0),$);
#2203= IFCPROPERTYSINGLEVALUE('HAS_CONNECTIONS',$,IFCINTEGER(0),$);
#2204= IFCPROPERTYSINGLEVALUE('VOLUME_NET',$,IFCVOLUMEMEASURE(3.E-05),$);
#2205= IFCPROPERTYSINGLEVALUE('TOP_LEVEL_BASEPOINT',$,IFCLABEL(' +99.664'),$);
#2206= IFCPROPERTYSINGLEVALUE('RADIUS',$,IFCREAL(0.),$);
#2207= IFCPROPERTYSINGLEVALUE('PROFILE',$,IFCLABEL('1-1/8_HEAVY_HEX_NUT'),$);
#2208= IFCPROPERTYSINGLEVALUE('NAME',$,IFCLABEL('TUERCA'),$);
#2209= IFCPROPERTYSINGLEVALUE('MODEL_TOTAL',$,IFCINTEGER(111),$);
#2210= IFCPROPERTYSINGLEVALUE('MATERIAL',$,IFCLABEL('S275JR'),$);
#2211= IFCPROPERTYSINGLEVALUE('LENGTH_NET',$,IFCLENGTHMEASURE(29.),$);
#2212= IFCPROPERTYSINGLEVALUE('HEIGHT',$,IFCLENGTHMEASURE(45.36),$);
#2213= IFCPROPERTYSINGLEVALUE('GUID',$,IFCLABEL('8667f4a2-1dec-4b42-ace4-12e2530ceffd'),$);
#2214= IFCPROPERTYSINGLEVALUE('DIMENSION_B',$,$,$);
#2215= IFCPROPERTYSINGLEVALUE('DIMENSION_A',$,$,$);
#2216= IFCPROPERTYSINGLEVALUE('COMMENT',$,IFCLABEL(''),$);
#2217= IFCPROPERTYSINGLEVALUE('CAST_UNIT_POS',$,IFCLABEL('CPS0(?)'),$);
#2218= IFCPROPERTYSINGLEVALUE('BOTTOM_LEVEL_BASEPOINT',$,IFCLABEL(' +99.635'),$);
#2219= IFCPROPERTYSINGLEVALUE('ASSEMBLY_PREFIX',$,IFCLABEL('CPS'),$);
#2220= IFCPROPERTYSINGLEVALUE('ASSEMBLY_TOP_LEVEL_BASEPOINT',$,IFCLABEL(' +99.762'),$);
#2221= IFCPROPERTYSINGLEVALUE('ASSEMBLY_POS',$,IFCLABEL('CPS0(?)'),$);
#2222= IFCPROPERTYSINGLEVALUE('ASSEMBLY_DEFAULT_PREFIX',$,IFCLABEL('CPS'),$);
#2223= IFCPROPERTYSINGLEVALUE('ASSEMBLY_BOTTOM_LEVEL_BASEPOINT',$,IFCLABEL(' +99.632'),$);
#2224= IFCPROPERTYSET('0y4rIx3aD0BQe0z4QhIiXG',#5,'VIGAS',$,(#2195,#2196,#59,#60,#2197,#63,#62,#64,#65,#2198,#2199,#68,#72,#73,#74,#69,#2156,#2200,#2201,#2202,#2203,#2204,#2205,#2206,#2207,#2208,#2209,#2210,#2211,#2212,#2213,#2214,#2215,#2216,#2152,#2153,#2217,#2218,#2219,#2220,#2221,#2222,#2223));
#2225= IFCPROPERTYSET('07F4HWuPj7Qg5MthYAxRrq',#5,'Pset_BeamCommon','Common Properties to beam elements',(#688,#689));
#2226= IFCQUANTITYLENGTH('Length',$,$,29.);
#2227= IFCQUANTITYAREA('OuterSurfaceArea',$,$,0.00946502674744499);
#2228= IFCQUANTITYVOLUME('NetVolume',$,$,3.16540480575598E-05);
#2229= IFCQUANTITYWEIGHT('NetWeight',$,$,0.248484277251845);
#2230= IFCELEMENTQUANTITY('1iKWWt29f2gQBEG8d7xhV2',#5,'BaseQuantities',$,$,(#2226,#2227,#2228,#2229));
#2231= IFCLOCALPLACEMENT(#45,#10);
#2232= IFCELEMENTASSEMBLY('3XEHvkifP9k9N4qnrPLb6p',#116,'ESP\S\ARRAGO',$,$,#2231,$,'CPS0(?)',.NOTDEFINED.,.NOTDEFINED.);
#2233= IFCPROPERTYSINGLEVALUE('COG_X_BASEPOINT',$,IFCLENGTHMEASURE(442094.48246),$);
#2234= IFCPROPERTYSINGLEVALUE('GUID',$,IFCLABEL('e1391e6e-b296-49b8-95c4-d31d595651b3'),$);
#2235= IFCPROPERTYSET('1eEZQ4qaL4q8YP$YqPlvSC',#5,'Fundacion',$,(#2149,#100,#101,#2150,#2151,#2152,#2233,#2154,#2155,#59,#60,#61,#62,#63,#64,#65,#66,#67,#68,#69,#2156,#71,#72,#73,#74,#2234));
#2236= IFCSHAPEREPRESENTATION(#13,'Body','SweptSolid',(#2186));
#2237= IFCPRODUCTDEFINITIONSHAPE($,$,(#2236));
#2238= IFCCARTESIANPOINT((442094.48245741,392770.012744854,-335.517008813815));
#2239= IFCAXIS2PLACEMENT3D(#2238,#2083,#676);
#2240= IFCLOCALPLACEMENT(#2231,#2239);
#2241= IFCBEAM('13TjVcreTCrhKK5hFKuaw6',#116,'TUERCA','1-1/8_HEAVY_HEX_NUT',$,#2240,#2237,'ID4376d7e6-d687-4cd6-b514-16b3d4e24e86');
#2242= IFCPROPERTYSINGLEVALUE('GUID',$,IFCLABEL('4376d7e6-d687-4cd6-b514-16b3d4e24e86'),$);
#2243= IFCPROPERTYSET('3U8fjqceXCEvPJF7wO8CKG',#5,'VIGAS',$,(#2195,#2196,#59,#60,#2197,#63,#62,#64,#65,#2198,#2199,#68,#72,#73,#74,#69,#2156,#2200,#2201,#2202,#2203,#2204,#2205,#2206,#2207,#2208,#2209,#2210,#2211,#2212,#2242,#2214,#2215,#2216,#2152,#2233,#2217,#2218,#2219,#2220,#2221,#2222,#2223));
#2244= IFCLOCALPLACEMENT(#45,#10);
#2245= IFCELEMENTASSEMBLY('3tAj88KwrBZOgtO6iYhztO',#116,'ESP\S\ARRAGO',$,$,#2244,$,'CPS0(?)',.NOTDEFINED.,.NOTDEFINED.);
#2246= IFCPROPERTYSINGLEVALUE('COG_Y_BASEPOINT',$,IFCLENGTHMEASURE(392831.6505),$);
#2247= IFCPROPERTYSINGLEVALUE('COG_X_BASEPOINT',$,IFCLENGTHMEASURE(441987.72272),$);
#2248= IFCPROPERTYSINGLEVALUE('GUID',$,IFCLABEL('f72ad208-53ad-4b8d-8ab7-606b22afddd8'),$);
#2249= IFCPROPERTYSET('0aD8BsM7P3OOKKi7JDCUMO',#5,'Fundacion',$,(#2149,#100,#101,#2150,#2151,#2246,#2247,#2154,#2155,#59,#60,#61,#62,#63,#64,#65,#66,#67,#68,#69,#2156,#71,#72,#73,#74,#2248));
#2250= IFCSHAPEREPRESENTATION(#13,'Body','SweptSolid',(#2186));
#2251= IFCPRODUCTDEFINITIONSHAPE($,$,(#2250));
#2252= IFCCARTESIANPOINT((441987.722720902,392831.650504643,-335.517008813815));
#2253= IFCAXIS2PLACEMENT3D(#2252,#2083,#676);
#2254= IFCLOCALPLACEMENT(#2244,#2253);
#2255= IFCBEAM('0Lcm_DEUzBsfNA8T3hBkZt',#116,'TUERCA','1-1/8_HEAVY_HEX_NUT',$,#2254,#2251,'ID159b0f8d-39ef-4bda-95ca-21d0eb2ee8f7');
#2256= IFCPROPERTYSINGLEVALUE('GUID',$,IFCLABEL('159b0f8d-39ef-4bda-95ca-21d0eb2ee8f7'),$);
#2257= IFCPROPERTYSET('3IRoeG0bHCy9om59agUwQk',#5,'VIGAS',$,(#2195,#2196,#59,#60,#2197,#63,#62,#64,#65,#2198,#2199,#68,#72,#73,#74,#69,#2156,#2200,#2201,#2202,#2203,#2204,#2205,#2206,#2207,#2208,#2209,#2210,#2211,#2212,#2256,#2214,#2215,#2216,#2246,#2247,#2217,#2218,#2219,#2220,#2221,#2222,#2223));
#2258= IFCLOCALPLACEMENT(#45,#10);
#2259= IFCELEMENTASSEMBLY('3iCouhlyvAUORN2isKshhd',#116,'ESP\S\ARRAGO',$,$,#2258,$,'CPS0(?)',.NOTDEFINED.,.NOTDEFINED.);
#2260= IFCPROPERTYSINGLEVALUE('COG_Y_BASEPOINT',$,IFCLENGTHMEASURE(392938.41024),$);
#2261= IFCPROPERTYSINGLEVALUE('COG_X_BASEPOINT',$,IFCLENGTHMEASURE(441926.08496),$);
#2262= IFCPROPERTYSINGLEVALUE('GUID',$,IFCLABEL('ec332e2b-bfce-4a79-86d7-0acd94dabae7'),$);
#2263= IFCPROPERTYSET('2_RnBDDrjAhwLra2x48LJE',#5,'Fundacion',$,(#2149,#100,#101,#2150,#2151,#2260,#2261,#2154,#2155,#59,#60,#61,#62,#63,#64,#65,#66,#67,#68,#69,#2156,#71,#72,#73,#74,#2262));
#2264= IFCSHAPEREPRESENTATION(#13,'Body','SweptSolid',(#2186));
#2265= IFCPRODUCTDEFINITIONSHAPE($,$,(#2264));
#2266= IFCCARTESIANPOINT((441926.084956879,392938.410238707,-335.517008813815));
#2267= IFCAXIS2PLACEMENT3D(#2266,#2083,#676);
#2268= IFCLOCALPLACEMENT(#2258,#2267);
#2269= IFCBEAM('2eEqRnXrbFNB0d8IA0wtxh',#116,'TUERCA','1-1/8_HEAVY_HEX_NUT',$,#2268,#2265,'IDa83b46f1-8759-4f5c-b027-212280eb7eeb');
#2270= IFCPROPERTYSINGLEVALUE('GUID',$,IFCLABEL('a83b46f1-8759-4f5c-b027-212280eb7eeb'),$);
#2271= IFCPROPERTYSET('18L6xQChD3i8rx2Y1xGRV7',#5,'VIGAS',$,(#2195,#2196,#59,#60,#2197,#63,#62,#64,#65,#2198,#2199,#68,#72,#73,#74,#69,#2156,#2200,#2201,#2202,#2203,#2204,#2205,#2206,#2207,#2208,#2209,#2210,#2211,#2212,#2270,#2214,#2215,#2216,#2260,#2261,#2217,#2218,#2219,#2220,#2221,#2222,#2223));
#2272= IFCLOCALPLACEMENT(#45,#10);
#2273= IFCELEMENTASSEMBLY('0OMpB6mO94RQAJmZeucqHS',#116,'ESP\S\ARRAGO',$,$,#2272,$,'CPS0(?)',.NOTDEFINED.,.NOTDEFINED.);
#2274= IFCPROPERTYSINGLEVALUE('COG_Y_BASEPOINT',$,IFCLENGTHMEASURE(393061.68576),$);
#2275= IFCPROPERTYSINGLEVALUE('GUID',$,IFCLABEL('185b32c6-c182-446d-a293-c23a389b445c'),$);
#2276= IFCPROPERTYSET('3O7FhSx615V9nrEu45LMoj',#5,'Fundacion',$,(#2149,#100,#101,#2150,#2151,#2274,#2261,#2154,#2155,#59,#60,#61,#62,#63,#64,#65,#66,#67,#68,#69,#2156,#71,#72,#73,#74,#2275));
#2277= IFCSHAPEREPRESENTATION(#13,'Body','SweptSolid',(#2186));
#2278= IFCPRODUCTDEFINITIONSHAPE($,$,(#2277));
#2279= IFCCARTESIANPOINT((441926.084954435,393061.685762519,-335.517008813815));
#2280= IFCAXIS2PLACEMENT3D(#2279,#2083,#676);
#2281= IFCLOCALPLACEMENT(#2272,#2280);
#2282= IFCBEAM('0rpgWi6pX83u2$_884swJ_',#116,'TUERCA','1-1/8_HEAVY_HEX_NUT',$,#2281,#2278,'ID35cea82c-1b38-480f-80bf-f88204dba4fe');
#2283= IFCPROPERTYSINGLEVALUE('GUID',$,IFCLABEL('35cea82c-1b38-480f-80bf-f88204dba4fe'),$);
#2284= IFCPROPERTYSET('2_eC1wPbLFKxSwVs1nhAKk',#5,'VIGAS',$,(#2195,#2196,#59,#60,#2197,#63,#62,#64,#65,#2198,#2199,#68,#72,#73,#74,#69,#2156,#2200,#2201,#2202,#2203,#2204,#2205,#2206,#2207,#2208,#2209,#2210,#2211,#2212,#2283,#2214,#2215,#2216,#2274,#2261,#2217,#2218,#2219,#2220,#2221,#2222,#2223));
#2285= IFCLOCALPLACEMENT(#45,#10);
#2286= IFCELEMENTASSEMBLY('2yB0jMLGj7vO4yG6X5Kdaa',#116,'ESP\S\ARRAGO',$,$,#2285,$,'CPS0(?)',.NOTDEFINED.,.NOTDEFINED.);
#2287= IFCPROPERTYSINGLEVALUE('COG_Y_BASEPOINT',$,IFCLENGTHMEASURE(393168.4455),$);
#2288= IFCPROPERTYSINGLEVALUE('GUID',$,IFCLABEL('bc2c0b56-550b-47e5-813c-406845527924'),$);
#2289= IFCPROPERTYSET('25EkpMiIXD_RVftARhXCUm',#5,'Fundacion',$,(#2149,#100,#101,#2150,#2151,#2287,#2247,#2154,#2155,#59,#60,#61,#62,#63,#64,#65,#66,#67,#68,#69,#2156,#71,#72,#73,#74,#2288));
#2290= IFCSHAPEREPRESENTATION(#13,'Body','SweptSolid',(#2186));
#2291= IFCPRODUCTDEFINITIONSHAPE($,$,(#2290));
#2292= IFCCARTESIANPOINT((441987.722714224,393168.445499027,-335.517008813815));
#2293= IFCAXIS2PLACEMENT3D(#2292,#2083,#676);
#2294= IFCLOCALPLACEMENT(#2285,#2293);
#2295= IFCBEAM('3xZuiHisvC$Om7SYfjPnB9',#116,'TUERCA','1-1/8_HEAVY_HEX_NUT',$,#2294,#2291,'IDfb8f8b11-b36e-4cfd-8c07-722a6d6712c9');
#2296= IFCPROPERTYSINGLEVALUE('GUID',$,IFCLABEL('fb8f8b11-b36e-4cfd-8c07-722a6d6712c9'),$);
#2297= IFCPROPERTYSET('2f6NmU1Oj7oedPSDynYk56',#5,'VIGAS',$,(#2195,#2196,#59,#60,#2197,#63,#62,#64,#65,#2198,#2199,#68,#72,#73,#74,#69,#2156,#2200,#2201,#2202,#2203,#2204,#2205,#2206,#2207,#2208,#2209,#2210,#2211,#2212,#2296,#2214,#2215,#2216,#2287,#2247,#2217,#2218,#2219,#2220,#2221,#2222,#2223));
#2298= IFCLOCALPLACEMENT(#45,#10);
#2299= IFCELEMENTASSEMBLY('2CuIdFULPFQxGNvcUabBQc',#116,'ESP\S\ARRAGO',$,$,#2298,$,'CPS0(?)',.NOTDEFINED.,.NOTDEFINED.);
#2300= IFCPROPERTYSINGLEVALUE('COG_Y_BASEPOINT',$,IFCLENGTHMEASURE(393230.08326),$);
#2301= IFCPROPERTYSINGLEVALUE('COG_X_BASEPOINT',$,IFCLENGTHMEASURE(442094.48245),$);
#2302= IFCPROPERTYSINGLEVALUE('GUID',$,IFCLABEL('8ce129cf-7956-4f6b-b417-e667a494b6a6'),$);
#2303= IFCPROPERTYSET('1qczUrAqT3JxUF4$SjRAv2',#5,'Fundacion',$,(#2149,#100,#101,#2150,#2151,#2300,#2301,#2154,#2155,#59,#60,#61,#62,#63,#64,#65,#66,#67,#68,#69,#2156,#71,#72,#73,#74,#2302));
#2304= IFCSHAPEREPRESENTATION(#13,'Body','SweptSolid',(#2186));
#2305= IFCPRODUCTDEFINITIONSHAPE($,$,(#2304));
#2306= IFCCARTESIANPOINT((442094.482448288,393230.08326305,-335.517008813815));
#2307= IFCAXIS2PLACEMENT3D(#2306,#2083,#676);
#2308= IFCLOCALPLACEMENT(#2298,#2307);
#2309= IFCBEAM('1morQAOYjBCPtVQieqEZ9G',#116,'TUERCA','1-1/8_HEAVY_HEX_NUT',$,#2308,#2305,'ID70cb568a-622b-4b31-9ddf-6aca343a3250');
#2310= IFCPROPERTYSINGLEVALUE('GUID',$,IFCLABEL('70cb568a-622b-4b31-9ddf-6aca343a3250'),$);
#2311= IFCPROPERTYSET('3$aNMeqJv798AxfgtwFRnD',#5,'VIGAS',$,(#2195,#2196,#59,#60,#2197,#63,#62,#64,#65,#2198,#2199,#68,#72,#73,#74,#69,#2156,#2200,#2201,#2202,#2203,#2204,#2205,#2206,#2207,#2208,#2209,#2210,#2211,#2212,#2310,#2214,#2215,#2216,#2300,#2301,#2217,#2218,#2219,#2220,#2221,#2222,#2223));
#2312= IFCLOCALPLACEMENT(#45,#10);
#2313= IFCELEMENTASSEMBLY('2TAS29YLb9_g0Fz8n$ib9M',#116,'ESP\S\ARRAGO',$,$,#2312,$,'CPS0(?)',.NOTDEFINED.,.NOTDEFINED.);
#2314= IFCPROPERTYSINGLEVALUE('COG_Y_BASEPOINT',$,IFCLENGTHMEASURE(393230.08327),$);
#2315= IFCPROPERTYSINGLEVALUE('COG_X_BASEPOINT',$,IFCLENGTHMEASURE(442217.75797),$);
#2316= IFCPROPERTYSINGLEVALUE('GUID',$,IFCLABEL('9d29c089-8959-49fa-a00f-f48c7fb25256'),$);
#2317= IFCPROPERTYSET('1$S5ZdTlD1Wfrg12Be0OBI',#5,'Fundacion',$,(#2149,#100,#101,#2150,#2151,#2314,#2315,#2154,#2155,#59,#60,#61,#62,#63,#64,#65,#66,#67,#68,#69,#2156,#71,#72,#73,#74,#2316));
#2318= IFCSHAPEREPRESENTATION(#13,'Body','SweptSolid',(#2186));
#2319= IFCPRODUCTDEFINITIONSHAPE($,$,(#2318));
#2320= IFCCARTESIANPOINT((442217.757972099,393230.083265494,-335.517008813815));
#2321= IFCAXIS2PLACEMENT3D(#2320,#2083,#676);
#2322= IFCLOCALPLACEMENT(#2312,#2321);
#2323= IFCBEAM('1w1o5xYCP239kzx9GIqykH',#116,'TUERCA','1-1/8_HEAVY_HEX_NUT',$,#2322,#2319,'ID7a07217b-88c6-420c-9bbd-ec9412d3cb91');
#2324= IFCPROPERTYSINGLEVALUE('GUID',$,IFCLABEL('7a07217b-88c6-420c-9bbd-ec9412d3cb91'),$);
#2325= IFCPROPERTYSET('1DYh8ZU49FbRPMNZVwID89',#5,'VIGAS',$,(#2195,#2196,#59,#60,#2197,#63,#62,#64,#65,#2198,#2199,#68,#72,#73,#74,#69,#2156,#2200,#2201,#2202,#2203,#2204,#2205,#2206,#2207,#2208,#2209,#2210,#2211,#2212,#2324,#2214,#2215,#2216,#2314,#2315,#2217,#2218,#2219,#2220,#2221,#2222,#2223));
#2326= IFCLOCALPLACEMENT(#45,#10);
#2327= IFCELEMENTASSEMBLY('1GN7TePN16EeLEg6uJ302y',#116,'ESP\S\ARRAGO',$,$,#2326,$,'CPS0(?)',.NOTDEFINED.,.NOTDEFINED.);
#2328= IFCPROPERTYSINGLEVALUE('COG_Y_BASEPOINT',$,IFCLENGTHMEASURE(393168.44551),$);
#2329= IFCPROPERTYSINGLEVALUE('COG_X_BASEPOINT',$,IFCLENGTHMEASURE(442324.51771),$);
#2330= IFCPROPERTYSINGLEVALUE('GUID',$,IFCLABEL('505c7768-6570-463a-854e-a86e130c00bc'),$);
#2331= IFCPROPERTYSET('1J5hT9Jbb3gPoOiAVTJIK8',#5,'Fundacion',$,(#2149,#100,#101,#2150,#2151,#2328,#2329,#2154,#2155,#59,#60,#61,#62,#63,#64,#65,#66,#67,#68,#69,#2156,#71,#72,#73,#74,#2330));
#2332= IFCSHAPEREPRESENTATION(#13,'Body','SweptSolid',(#2186));
#2333= IFCPRODUCTDEFINITIONSHAPE($,$,(#2332));
#2334= IFCCARTESIANPOINT((442324.517708607,393168.445505705,-335.517008813815));
#2335= IFCAXIS2PLACEMENT3D(#2334,#2083,#676);
#2336= IFCLOCALPLACEMENT(#2326,#2335);
#2337= IFCBEAM('3peCXAlrPCt8tfolWcB8Gw',#116,'TUERCA','1-1/8_HEAVY_HEX_NUT',$,#2336,#2333,'IDf3a0c84a-bf56-4cdc-8de9-caf8262c843a');
#2338= IFCPROPERTYSINGLEVALUE('GUID',$,IFCLABEL('f3a0c84a-bf56-4cdc-8de9-caf8262c843a'),$);
#2339= IFCPROPERTYSET('06heZDVyDD9P7neaE3lWEG',#5,'VIGAS',$,(#2195,#2196,#59,#60,#2197,#63,#62,#64,#65,#2198,#2199,#68,#72,#73,#74,#69,#2156,#2200,#2201,#2202,#2203,#2204,#2205,#2206,#2207,#2208,#2209,#2210,#2211,#2212,#2338,#2214,#2215,#2216,#2328,#2329,#2217,#2218,#2219,#2220,#2221,#2222,#2223));
#2340= IFCLOCALPLACEMENT(#45,#10);
#2341= IFCELEMENTASSEMBLY('3yyZlHWVn1PwJ9oA7MLQTP',#116,'ESP\S\ARRAGO',$,$,#2340,$,'CPS0(?)',.NOTDEFINED.,.NOTDEFINED.);
#2342= IFCPROPERTYSINGLEVALUE('COG_Y_BASEPOINT',$,IFCLENGTHMEASURE(393061.68577),$);
#2343= IFCPROPERTYSINGLEVALUE('COG_X_BASEPOINT',$,IFCLENGTHMEASURE(442386.15547),$);
#2344= IFCPROPERTYSINGLEVALUE('GUID',$,IFCLABEL('fcf23bd1-81fc-4167-a4c9-c8a1d655a759'),$);
#2345= IFCPROPERTYSET('20ORSIPnnCwuQn_n35El0B',#5,'Fundacion',$,(#2149,#100,#101,#2150,#2151,#2342,#2343,#2154,#2155,#59,#60,#61,#62,#63,#64,#65,#66,#67,#68,#69,#2156,#71,#72,#73,#74,#2344));
#2346= IFCSHAPEREPRESENTATION(#13,'Body','SweptSolid',(#2186));
#2347= IFCPRODUCTDEFINITIONSHAPE($,$,(#2346));
#2348= IFCCARTESIANPOINT((442386.15547263,393061.685771641,-335.517008813815));
#2349= IFCAXIS2PLACEMENT3D(#2348,#2083,#676);
#2350= IFCLOCALPLACEMENT(#2340,#2349);
#2351= IFCBEAM('3ewXRflFbBlOaboyf6djA0',#116,'TUERCA','1-1/8_HEAVY_HEX_NUT',$,#2350,#2347,'IDe8ea16e9-bcf9-4bbd-8925-cbca469ed280');
#2352= IFCPROPERTYSINGLEVALUE('GUID',$,IFCLABEL('e8ea16e9-bcf9-4bbd-8925-cbca469ed280'),$);
#2353= IFCPROPERTYSET('0E5gaWi6bAr808PEFALDnH',#5,'VIGAS',$,(#2195,#2196,#59,#60,#2197,#63,#62,#64,#65,#2198,#2199,#68,#72,#73,#74,#69,#2156,#2200,#2201,#2202,#2203,#2204,#2205,#2206,#2207,#2208,#2209,#2210,#2211,#2212,#2352,#2214,#2215,#2216,#2342,#2343,#2217,#2218,#2219,#2220,#2221,#2222,#2223));
#2354= IFCLOCALPLACEMENT(#45,#10);
#2355= IFCELEMENTASSEMBLY('0QrouLJQ1D2faB18rDUJj4',#116,'ESP\S\ARRAGO',$,$,#2354,$,'CPS0(?)',.NOTDEFINED.,.NOTDEFINED.);
#2356= IFCPROPERTYSINGLEVALUE('GUID',$,IFCLABEL('1ad72e15-4da0-4d0a-990b-048d4d793b44'),$);
#2357= IFCPROPERTYSET('3B9$8nC2jASuIQsFpXubzu',#5,'Fundacion',$,(#2149,#100,#101,#2150,#2151,#2260,#2343,#2154,#2155,#59,#60,#61,#62,#63,#64,#65,#66,#67,#68,#69,#2156,#71,#72,#73,#74,#2356));
#2358= IFCSHAPEREPRESENTATION(#13,'Body','SweptSolid',(#2186));
#2359= IFCPRODUCTDEFINITIONSHAPE($,$,(#2358));
#2360= IFCCARTESIANPOINT((442386.155475074,392938.41024783,-335.517008813815));
#2361= IFCAXIS2PLACEMENT3D(#2360,#2083,#676);
#2362= IFCLOCALPLACEMENT(#2354,#2361);
#2363= IFCBEAM('0MqaT9Sw5Bo84pwv5kW$9g',#116,'TUERCA','1-1/8_HEAVY_HEX_NUT',$,#2362,#2359,'ID16d24749-73a1-4bc8-8133-eb916e83f26a');
#2364= IFCPROPERTYSINGLEVALUE('GUID',$,IFCLABEL('16d24749-73a1-4bc8-8133-eb916e83f26a'),$);
#2365= IFCPROPERTYSET('1y9aYMDpv4I8u2TJd3U2Uk',#5,'VIGAS',$,(#2195,#2196,#59,#60,#2197,#63,#62,#64,#65,#2198,#2199,#68,#72,#73,#74,#69,#2156,#2200,#2201,#2202,#2203,#2204,#2205,#2206,#2207,#2208,#2209,#2210,#2211,#2212,#2364,#2214,#2215,#2216,#2260,#2343,#2217,#2218,#2219,#2220,#2221,#2222,#2223));
#2366= IFCLOCALPLACEMENT(#45,#10);
#2367= IFCELEMENTASSEMBLY('3Z3AWewvb4kx0JEjfW_7MF',#116,'ESP\S\ARRAGO',$,$,#2366,$,'CPS0(?)',.NOTDEFINED.,.NOTDEFINED.);
#2368= IFCPROPERTYSINGLEVALUE('COG_X_BASEPOINT',$,IFCLENGTHMEASURE(442324.51772),$);
#2369= IFCPROPERTYSINGLEVALUE('GUID',$,IFCLABEL('e30ca828-eb99-44bb-b013-3ada60f8758f'),$);
#2370= IFCPROPERTYSET('03uBDD_YjDfhhY736QHZ_Y',#5,'Fundacion',$,(#2149,#100,#101,#2150,#2151,#2246,#2368,#2154,#2155,#59,#60,#61,#62,#63,#64,#65,#66,#67,#68,#69,#2156,#71,#72,#73,#74,#2369));
#2371= IFCSHAPEREPRESENTATION(#13,'Body','SweptSolid',(#2186));
#2372= IFCPRODUCTDEFINITIONSHAPE($,$,(#2371));
#2373= IFCCARTESIANPOINT((442324.517715285,392831.650511322,-335.517008813815));
#2374= IFCAXIS2PLACEMENT3D(#2373,#2083,#676);
#2375= IFCLOCALPLACEMENT(#2366,#2374);
#2376= IFCBEAM('2AB1cmEeXB2fFeTF0dvB3k',#116,'TUERCA','1-1/8_HEAVY_HEX_NUT',$,#2375,#2372,'ID8a2c19b0-3a88-4b0a-93e8-74f027e4b0ee');
#2377= IFCPROPERTYSINGLEVALUE('GUID',$,IFCLABEL('8a2c19b0-3a88-4b0a-93e8-74f027e4b0ee'),$);
#2378= IFCPROPERTYSET('1DqmnxnlrAmfDbBoLPIOX3',#5,'VIGAS',$,(#2195,#2196,#59,#60,#2197,#63,#62,#64,#65,#2198,#2199,#68,#72,#73,#74,#69,#2156,#2200,#2201,#2202,#2203,#2204,#2205,#2206,#2207,#2208,#2209,#2210,#2211,#2212,#2377,#2214,#2215,#2216,#2246,#2368,#2217,#2218,#2219,#2220,#2221,#2222,#2223));
#2379= IFCSHAPEREPRESENTATION(#13,'Body','SweptSolid',(#2186));
#2380= IFCPRODUCTDEFINITIONSHAPE($,$,(#2379));
#2381= IFCCARTESIANPOINT((442217.757981642,392770.012747296,-243.569999944997));
#2382= IFCAXIS2PLACEMENT3D(#2381,#2083,#676);
#2383= IFCLOCALPLACEMENT(#2147,#2382);
#2384= IFCBEAM('28vMEqGED9FeYCN_ao2Egk',#116,'TUERCA','1-1/8_HEAVY_HEX_NUT',$,#2383,#2380,'ID88e563b4-40e3-493e-888c-5fe93208eaae');
#2385= IFCPROPERTYSINGLEVALUE('TOP_LEVEL_BASEPOINT',$,IFCLABEL(' +99.756'),$);
#2386= IFCPROPERTYSINGLEVALUE('GUID',$,IFCLABEL('88e563b4-40e3-493e-888c-5fe93208eaae'),$);
#2387= IFCPROPERTYSINGLEVALUE('BOTTOM_LEVEL_BASEPOINT',$,IFCLABEL(' +99.727'),$);
#2388= IFCPROPERTYSET('0IDov6GrTCLgzSo1n1xiYr',#5,'VIGAS',$,(#2195,#2196,#59,#60,#2197,#63,#62,#64,#65,#2198,#2199,#68,#72,#73,#74,#69,#2156,#2200,#2201,#2202,#2203,#2204,#2385,#2206,#2207,#2208,#2209,#2210,#2211,#2212,#2386,#2214,#2215,#2216,#2152,#2153,#2217,#2387,#2219,#2220,#2221,#2222,#2223));
#2389= IFCSHAPEREPRESENTATION(#13,'Body','SweptSolid',(#2186));
#2390= IFCPRODUCTDEFINITIONSHAPE($,$,(#2389));
#2391= IFCCARTESIANPOINT((442094.482457831,392770.012744851,-243.569999944997));
#2392= IFCAXIS2PLACEMENT3D(#2391,#2083,#676);
#2393= IFCLOCALPLACEMENT(#2231,#2392);
#2394= IFCBEAM('04ioSia9938xpfnVM9Emw$',#116,'TUERCA','1-1/8_HEAVY_HEX_NUT',$,#2393,#2390,'ID04b3272c-9092-4323-bce9-c5f5893b0ebf');
#2395= IFCPROPERTYSINGLEVALUE('GUID',$,IFCLABEL('04b3272c-9092-4323-bce9-c5f5893b0ebf'),$);
#2396= IFCPROPERTYSET('0t6tc7mf93DhJIMi5XBMDR',#5,'VIGAS',$,(#2195,#2196,#59,#60,#2197,#63,#62,#64,#65,#2198,#2199,#68,#72,#73,#74,#69,#2156,#2200,#2201,#2202,#2203,#2204,#2385,#2206,#2207,#2208,#2209,#2210,#2211,#2212,#2395,#2214,#2215,#2216,#2152,#2233,#2217,#2387,#2219,#2220,#2221,#2222,#2223));
#2397= IFCSHAPEREPRESENTATION(#13,'Body','SweptSolid',(#2186));
#2398= IFCPRODUCTDEFINITIONSHAPE($,$,(#2397));
#2399= IFCCARTESIANPOINT((441987.722721323,392831.65050464,-243.569999944997));
#2400= IFCAXIS2PLACEMENT3D(#2399,#2083,#676);
#2401= IFCLOCALPLACEMENT(#2244,#2400);
#2402= IFCBEAM('3U_YnXdcP7FeO$kWjBMIHT',#116,'TUERCA','1-1/8_HEAVY_HEX_NUT',$,#2401,#2398,'IDdefa2c61-9e66-473e-863f-ba0b4b59245d');
#2403= IFCPROPERTYSINGLEVALUE('GUID',$,IFCLABEL('defa2c61-9e66-473e-863f-ba0b4b59245d'),$);
#2404= IFCPROPERTYSET('2tvZQYl6L4s9fP9GBT2J2C',#5,'VIGAS',$,(#2195,#2196,#59,#60,#2197,#63,#62,#64,#65,#2198,#2199,#68,#72,#73,#74,#69,#2156,#2200,#2201,#2202,#2203,#2204,#2385,#2206,#2207,#2208,#2209,#2210,#2211,#2212,#2403,#2214,#2215,#2216,#2246,#2247,#2217,#2387,#2219,#2220,#2221,#2222,#2223));
#2405= IFCSHAPEREPRESENTATION(#13,'Body','SweptSolid',(#2186));
#2406= IFCPRODUCTDEFINITIONSHAPE($,$,(#2405));
#2407= IFCCARTESIANPOINT((441926.0849573,392938.410238704,-243.569999944997));
#2408= IFCAXIS2PLACEMENT3D(#2407,#2083,#676);
#2409= IFCLOCALPLACEMENT(#2258,#2408);
#2410= IFCBEAM('0fUe6RUzH8kPj_jkryp_Y4',#116,'TUERCA','1-1/8_HEAVY_HEX_NUT',$,#2409,#2406,'ID297a819b-7bd4-48b9-9b7e-b6ed7ccfe884');
#2411= IFCPROPERTYSINGLEVALUE('GUID',$,IFCLABEL('297a819b-7bd4-48b9-9b7e-b6ed7ccfe884'),$);
#2412= IFCPROPERTYSET('2oFvA6jJHBMwSE0ggknogU',#5,'VIGAS',$,(#2195,#2196,#59,#60,#2197,#63,#62,#64,#65,#2198,#2199,#68,#72,#73,#74,#69,#2156,#2200,#2201,#2202,#2203,#2204,#2385,#2206,#2207,#2208,#2209,#2210,#2211,#2212,#2411,#2214,#2215,#2216,#2260,#2261,#2217,#2387,#2219,#2220,#2221,#2222,#2223));
#2413= IFCSHAPEREPRESENTATION(#13,'Body','SweptSolid',(#2186));
#2414= IFCPRODUCTDEFINITIONSHAPE($,$,(#2413));
#2415= IFCCARTESIANPOINT((441926.084954856,393061.685762515,-243.569999944997));
#2416= IFCAXIS2PLACEMENT3D(#2415,#2083,#676);
#2417= IFCLOCALPLACEMENT(#2272,#2416);
#2418= IFCBEAM('0wSJH4l5P6mxKLKK7uPQCH',#116,'TUERCA','1-1/8_HEAVY_HEX_NUT',$,#2417,#2414,'ID3a713444-bc56-46c3-b515-5141f865a311');
#2419= IFCPROPERTYSINGLEVALUE('GUID',$,IFCLABEL('3a713444-bc56-46c3-b515-5141f865a311'),$);
#2420= IFCPROPERTYSET('1UZUwYFyLFxvPRuFcPQ0JX',#5,'VIGAS',$,(#2195,#2196,#59,#60,#2197,#63,#62,#64,#65,#2198,#2199,#68,#72,#73,#74,#69,#2156,#2200,#2201,#2202,#2203,#2204,#2385,#2206,#2207,#2208,#2209,#2210,#2211,#2212,#2419,#2214,#2215,#2216,#2274,#2261,#2217,#2387,#2219,#2220,#2221,#2222,#2223));
#2421= IFCSHAPEREPRESENTATION(#13,'Body','SweptSolid',(#2186));
#2422= IFCPRODUCTDEFINITIONSHAPE($,$,(#2421));
#2423= IFCCARTESIANPOINT((441987.722714645,393168.445499023,-243.569999944997));
#2424= IFCAXIS2PLACEMENT3D(#2423,#2083,#676);
#2425= IFCLOCALPLACEMENT(#2285,#2424);
#2426= IFCBEAM('2ogKCs$TrCOQ6BcF1U9VUU',#116,'TUERCA','1-1/8_HEAVY_HEX_NUT',$,#2425,#2422,'IDb2a94336-fddd-4c61-a18b-98f05e25f79e');
#2427= IFCPROPERTYSINGLEVALUE('GUID',$,IFCLABEL('b2a94336-fddd-4c61-a18b-98f05e25f79e'),$);
#2428= IFCPROPERTYSET('3lfD8$RN90W84cnZgrFn9n',#5,'VIGAS',$,(#2195,#2196,#59,#60,#2197,#63,#62,#64,#65,#2198,#2199,#68,#72,#73,#74,#69,#2156,#2200,#2201,#2202,#2203,#2204,#2385,#2206,#2207,#2208,#2209,#2210,#2211,#2212,#2427,#2214,#2215,#2216,#2287,#2247,#2217,#2387,#2219,#2220,#2221,#2222,#2223));
#2429= IFCSHAPEREPRESENTATION(#13,'Body','SweptSolid',(#2186));
#2430= IFCPRODUCTDEFINITIONSHAPE($,$,(#2429));
#2431= IFCCARTESIANPOINT((442094.482448708,393230.083263046,-243.569999944997));
#2432= IFCAXIS2PLACEMENT3D(#2431,#2083,#676);
#2433= IFCLOCALPLACEMENT(#2298,#2432);
#2434= IFCBEAM('0z9xVSt71E3QzV3tHu2Ji1',#116,'TUERCA','1-1/8_HEAVY_HEX_NUT',$,#2433,#2430,'ID3d27b7dc-dc70-4e0d-af5f-0f7478093b01');
#2435= IFCPROPERTYSINGLEVALUE('GUID',$,IFCLABEL('3d27b7dc-dc70-4e0d-af5f-0f7478093b01'),$);
#2436= IFCPROPERTYSET('27NP4_TX1B$OgUmcm$NIPu',#5,'VIGAS',$,(#2195,#2196,#59,#60,#2197,#63,#62,#64,#65,#2198,#2199,#68,#72,#73,#74,#69,#2156,#2200,#2201,#2202,#2203,#2204,#2385,#2206,#2207,#2208,#2209,#2210,#2211,#2212,#2435,#2214,#2215,#2216,#2300,#2301,#2217,#2387,#2219,#2220,#2221,#2222,#2223));
#2437= IFCSHAPEREPRESENTATION(#13,'Body','SweptSolid',(#2186));
#2438= IFCPRODUCTDEFINITIONSHAPE($,$,(#2437));
#2439= IFCCARTESIANPOINT((442217.75797252,393230.083265491,-243.569999944997));
#2440= IFCAXIS2PLACEMENT3D(#2439,#2083,#676);
#2441= IFCLOCALPLACEMENT(#2312,#2440);
#2442= IFCBEAM('1NQQZRA7577vlDpzPRh6Ww',#116,'TUERCA','1-1/8_HEAVY_HEX_NUT',$,#2441,#2438,'ID5769a8db-2871-471f-9bcd-cfd65bac683a');
#2443= IFCPROPERTYSINGLEVALUE('GUID',$,IFCLABEL('5769a8db-2871-471f-9bcd-cfd65bac683a'),$);
#2444= IFCPROPERTYSET('0LWSSRtsHEAxyXh9pCriJJ',#5,'VIGAS',$,(#2195,#2196,#59,#60,#2197,#63,#62,#64,#65,#2198,#2199,#68,#72,#73,#74,#69,#2156,#2200,#2201,#2202,#2203,#2204,#2385,#2206,#2207,#2208,#2209,#2210,#2211,#2212,#2443,#2214,#2215,#2216,#2314,#2315,#2217,#2387,#2219,#2220,#2221,#2222,#2223));
#2445= IFCSHAPEREPRESENTATION(#13,'Body','SweptSolid',(#2186));
#2446= IFCPRODUCTDEFINITIONSHAPE($,$,(#2445));
#2447= IFCCARTESIANPOINT((442324.517709028,393168.445505702,-243.569999944997));
#2448= IFCAXIS2PLACEMENT3D(#2447,#2083,#676);
#2449= IFCLOCALPLACEMENT(#2326,#2448);
#2450= IFCBEAM('0L_51u$cXBqeXtXntwCwE0',#116,'TUERCA','1-1/8_HEAVY_HEX_NUT',$,#2449,#2446,'ID15f85078-fe68-4bd2-8877-871dfa33a380');
#2451= IFCPROPERTYSINGLEVALUE('GUID',$,IFCLABEL('15f85078-fe68-4bd2-8877-871dfa33a380'),$);
#2452= IFCPROPERTYSET('10yU6h0kn16BWs3SxbwTzQ',#5,'VIGAS',$,(#2195,#2196,#59,#60,#2197,#63,#62,#64,#65,#2198,#2199,#68,#72,#73,#74,#69,#2156,#2200,#2201,#2202,#2203,#2204,#2385,#2206,#2207,#2208,#2209,#2210,#2211,#2212,#2451,#2214,#2215,#2216,#2328,#2329,#2217,#2387,#2219,#2220,#2221,#2222,#2223));
#2453= IFCSHAPEREPRESENTATION(#13,'Body','SweptSolid',(#2186));
#2454= IFCPRODUCTDEFINITIONSHAPE($,$,(#2453));
#2455= IFCCARTESIANPOINT((442386.155473051,393061.685771638,-243.569999944997));
#2456= IFCAXIS2PLACEMENT3D(#2455,#2083,#676);
#2457= IFCLOCALPLACEMENT(#2340,#2456);
#2458= IFCBEAM('1X_tT6pvr0DB7Sxcb2PLbV',#116,'TUERCA','1-1/8_HEAVY_HEX_NUT',$,#2457,#2454,'ID61fb7746-cf9d-4034-b1dc-ee694265595f');
#2459= IFCPROPERTYSINGLEVALUE('GUID',$,IFCLABEL('61fb7746-cf9d-4034-b1dc-ee694265595f'),$);
#2460= IFCPROPERTYSET('0R5ZjT9DD4ev5jTNR03D6q',#5,'VIGAS',$,(#2195,#2196,#59,#60,#2197,#63,#62,#64,#65,#2198,#2199,#68,#72,#73,#74,#69,#2156,#2200,#2201,#2202,#2203,#2204,#2385,#2206,#2207,#2208,#2209,#2210,#2211,#2212,#2459,#2214,#2215,#2216,#2342,#2343,#2217,#2387,#2219,#2220,#2221,#2222,#2223));
#2461= IFCSHAPEREPRESENTATION(#13,'Body','SweptSolid',(#2186));
#2462= IFCPRODUCTDEFINITIONSHAPE($,$,(#2461));
#2463= IFCCARTESIANPOINT((442386.155475495,392938.410247826,-243.569999944997));
#2464= IFCAXIS2PLACEMENT3D(#2463,#2083,#676);
#2465= IFCLOCALPLACEMENT(#2354,#2464);
#2466= IFCBEAM('3Ce00d9or4D9EF2jqDovLD',#116,'TUERCA','1-1/8_HEAVY_HEX_NUT',$,#2465,#2462,'IDcca00027-272d-4434-938f-0add0dcb954d');
#2467= IFCPROPERTYSINGLEVALUE('GUID',$,IFCLABEL('cca00027-272d-4434-938f-0add0dcb954d'),$);
#2468= IFCPROPERTYSET('2dkbRakGT2E8MxFPySdpc8',#5,'VIGAS',$,(#2195,#2196,#59,#60,#2197,#63,#62,#64,#65,#2198,#2199,#68,#72,#73,#74,#69,#2156,#2200,#2201,#2202,#2203,#2204,#2385,#2206,#2207,#2208,#2209,#2210,#2211,#2212,#2467,#2214,#2215,#2216,#2260,#2343,#2217,#2387,#2219,#2220,#2221,#2222,#2223));
#2469= IFCSHAPEREPRESENTATION(#13,'Body','SweptSolid',(#2186));
#2470= IFCPRODUCTDEFINITIONSHAPE($,$,(#2469));
#2471= IFCCARTESIANPOINT((442324.517715706,392831.650511318,-243.569999944997));
#2472= IFCAXIS2PLACEMENT3D(#2471,#2083,#676);
#2473= IFCLOCALPLACEMENT(#2366,#2472);
#2474= IFCBEAM('2xLRtnGpLFR87UvxjxP4$V',#116,'TUERCA','1-1/8_HEAVY_HEX_NUT',$,#2473,#2470,'IDbb55bdf1-4335-4f6c-81de-e7bb7b644fdf');
#2475= IFCPROPERTYSINGLEVALUE('GUID',$,IFCLABEL('bb55bdf1-4335-4f6c-81de-e7bb7b644fdf'),$);
#2476= IFCPROPERTYSET('3nDDu_dXj4WhnR9LMkUGWt',#5,'VIGAS',$,(#2195,#2196,#59,#60,#2197,#63,#62,#64,#65,#2198,#2199,#68,#72,#73,#74,#69,#2156,#2200,#2201,#2202,#2203,#2204,#2385,#2206,#2207,#2208,#2209,#2210,#2211,#2212,#2475,#2214,#2215,#2216,#2246,#2368,#2217,#2387,#2219,#2220,#2221,#2222,#2223));
#2477= IFCCIRCLEPROFILEDEF(.AREA.,'D28.57',#85,14.285);
#2478= IFCCARTESIANPOINT((130.,0.,0.));
#2479= IFCAXIS2PLACEMENT3D(#2478,#88,#87);
#2480= IFCEXTRUDEDAREASOLID(#2477,#2479,#9,130.);
#2481= IFCSHAPEREPRESENTATION(#13,'Body','SweptSolid',(#2480));
#2482= IFCSTYLEDITEM(#2480,(#644),$);
#2483= IFCPRODUCTDEFINITIONSHAPE($,$,(#2481));
#2484= IFCCARTESIANPOINT((442217.757981642,392770.012747296,-238.449999999997));
#2485= IFCAXIS2PLACEMENT3D(#2484,#2083,#676);
#2486= IFCLOCALPLACEMENT(#2147,#2485);
#2487= IFCBEAM('1J_ZuM33v9hPTRZKVaByF7',#116,'ESP\S\ARRAGO','D28.57',$,#2486,#2483,'PS0(?)');
#2488= IFCBEAMTYPE('2nRbdrWP504xlNdX72gqBf',#5,'D28.57',$,$,$,$,$,$,.NOTDEFINED.);
#2489= IFCPROPERTYSINGLEVALUE('AREA_FORM_TOP',$,IFCAREAMEASURE(0.),$);
#2490= IFCPROPERTYSINGLEVALUE('AREA_FORM_BOTTOM',$,IFCAREAMEASURE(0.),$);
#2491= IFCPROPERTYSINGLEVALUE('PROFILE_WEIGHT',$,IFCMASSMEASURE(0.62473),$);
#2492= IFCPROPERTYSINGLEVALUE('PROFILE_TYPE',$,IFCLABEL('RU'),$);
#2493= IFCPROPERTYSINGLEVALUE('VOLUME_NET',$,IFCVOLUMEMEASURE(8.E-05),$);
#2494= IFCPROPERTYSINGLEVALUE('PROFILE',$,IFCLABEL('D28.57'),$);
#2495= IFCPROPERTYSINGLEVALUE('NAME',$,IFCLABEL('ESP\S\ARRAGO'),$);
#2496= IFCPROPERTYSINGLEVALUE('LENGTH_NET',$,IFCLENGTHMEASURE(130.),$);
#2497= IFCPROPERTYSINGLEVALUE('HEIGHT',$,IFCLENGTHMEASURE(28.57),$);
#2498= IFCPROPERTYSINGLEVALUE('GUID',$,IFCLABEL('53fa3e16-0c3e-49ad-975b-8d47e42fc3c7'),$);
#2499= IFCPROPERTYSET('09EAL9ynf3EgDuX3uV1uOe',#5,'VIGAS',$,(#2489,#2490,#59,#60,#2197,#63,#62,#64,#65,#2198,#2199,#68,#72,#73,#74,#69,#2156,#2491,#2492,#2202,#2203,#2493,#2151,#2206,#2494,#2495,#2209,#2210,#2496,#2497,#2498,#2214,#2215,#2216,#2152,#2153,#2217,#2150,#2219,#2220,#2221,#2222,#2223));
#2500= IFCQUANTITYLENGTH('Length',$,$,130.);
#2501= IFCQUANTITYAREA('OuterSurfaceArea',$,$,0.0127597251347124);
#2502= IFCQUANTITYVOLUME('NetVolume',$,$,7.95838777469168E-05);
#2503= IFCQUANTITYWEIGHT('NetWeight',$,$,0.624733440313297);
#2504= IFCELEMENTQUANTITY('0QRF0hs1b6Bv5hlnPGLS4G',#5,'BaseQuantities',$,$,(#2500,#2501,#2502,#2503));
#2505= IFCSHAPEREPRESENTATION(#13,'Body','SweptSolid',(#2480));
#2506= IFCPRODUCTDEFINITIONSHAPE($,$,(#2505));
#2507= IFCCARTESIANPOINT((442094.482457831,392770.012744851,-238.449999999997));
#2508= IFCAXIS2PLACEMENT3D(#2507,#2083,#676);
#2509= IFCLOCALPLACEMENT(#2231,#2508);
#2510= IFCBEAM('31enc80d5DGBoAWeDnhLua',#116,'ESP\S\ARRAGO','D28.57',$,#2509,#2506,'PS0(?)');
#2511= IFCPROPERTYSINGLEVALUE('GUID',$,IFCLABEL('c1a31988-0271-4d40-bc8a-828371ad5e24'),$);
#2512= IFCPROPERTYSET('3Tp6Qs8IHB8B1cdSVs87iH',#5,'VIGAS',$,(#2489,#2490,#59,#60,#2197,#63,#62,#64,#65,#2198,#2199,#68,#72,#73,#74,#69,#2156,#2491,#2492,#2202,#2203,#2493,#2151,#2206,#2494,#2495,#2209,#2210,#2496,#2497,#2511,#2214,#2215,#2216,#2152,#2233,#2217,#2150,#2219,#2220,#2221,#2222,#2223));
#2513= IFCSHAPEREPRESENTATION(#13,'Body','SweptSolid',(#2480));
#2514= IFCPRODUCTDEFINITIONSHAPE($,$,(#2513));
#2515= IFCCARTESIANPOINT((441987.722721323,392831.65050464,-238.449999999997));
#2516= IFCAXIS2PLACEMENT3D(#2515,#2083,#676);
#2517= IFCLOCALPLACEMENT(#2244,#2516);
#2518= IFCBEAM('2esbDCtmLDrgl3DU6klm5s',#116,'ESP\S\ARRAGO','D28.57',$,#2517,#2514,'PS0(?)');
#2519= IFCPROPERTYSINGLEVALUE('GUID',$,IFCLABEL('a8da534c-df05-4dd6-abc3-35e1aebf0176'),$);
#2520= IFCPROPERTYSET('2$e6jDif13A8DGcLcmg9rS',#5,'VIGAS',$,(#2489,#2490,#59,#60,#2197,#63,#62,#64,#65,#2198,#2199,#68,#72,#73,#74,#69,#2156,#2491,#2492,#2202,#2203,#2493,#2151,#2206,#2494,#2495,#2209,#2210,#2496,#2497,#2519,#2214,#2215,#2216,#2246,#2247,#2217,#2150,#2219,#2220,#2221,#2222,#2223));
#2521= IFCSHAPEREPRESENTATION(#13,'Body','SweptSolid',(#2480));
#2522= IFCPRODUCTDEFINITIONSHAPE($,$,(#2521));
#2523= IFCCARTESIANPOINT((441926.0849573,392938.410238704,-238.449999999997));
#2524= IFCAXIS2PLACEMENT3D(#2523,#2083,#676);
#2525= IFCLOCALPLACEMENT(#2258,#2524);
#2526= IFCBEAM('1T_yf_AYv8Z94wjA7Da_TW',#116,'ESP\S\ARRAGO','D28.57',$,#2525,#2522,'PS0(?)');
#2527= IFCPROPERTYSINGLEVALUE('GUID',$,IFCLABEL('5dfbca7e-2a2e-488c-913a-b4a1cd93e760'),$);
#2528= IFCPROPERTYSET('2uq2T2oWnE_vI7IVYJYoke',#5,'VIGAS',$,(#2489,#2490,#59,#60,#2197,#63,#62,#64,#65,#2198,#2199,#68,#72,#73,#74,#69,#2156,#2491,#2492,#2202,#2203,#2493,#2151,#2206,#2494,#2495,#2209,#2210,#2496,#2497,#2527,#2214,#2215,#2216,#2260,#2261,#2217,#2150,#2219,#2220,#2221,#2222,#2223));
#2529= IFCSHAPEREPRESENTATION(#13,'Body','SweptSolid',(#2480));
#2530= IFCPRODUCTDEFINITIONSHAPE($,$,(#2529));
#2531= IFCCARTESIANPOINT((441926.084954856,393061.685762515,-238.449999999997));
#2532= IFCAXIS2PLACEMENT3D(#2531,#2083,#676);
#2533= IFCLOCALPLACEMENT(#2272,#2532);
#2534= IFCBEAM('01Gp3BRrH1YwgS3BLCc7TO',#116,'ESP\S\ARRAGO','D28.57',$,#2533,#2530,'PS0(?)');
#2535= IFCPROPERTYSINGLEVALUE('GUID',$,IFCLABEL('014330cb-6f54-418b-aa9c-0cb54c987758'),$);
#2536= IFCPROPERTYSET('2XF9E3ex5B6fjVBSziHUSy',#5,'VIGAS',$,(#2489,#2490,#59,#60,#2197,#63,#62,#64,#65,#2198,#2199,#68,#72,#73,#74,#69,#2156,#2491,#2492,#2202,#2203,#2493,#2151,#2206,#2494,#2495,#2209,#2210,#2496,#2497,#2535,#2214,#2215,#2216,#2274,#2261,#2217,#2150,#2219,#2220,#2221,#2222,#2223));
#2537= IFCSHAPEREPRESENTATION(#13,'Body','SweptSolid',(#2480));
#2538= IFCPRODUCTDEFINITIONSHAPE($,$,(#2537));
#2539= IFCCARTESIANPOINT((441987.722714645,393168.445499023,-238.449999999997));
#2540= IFCAXIS2PLACEMENT3D(#2539,#2083,#676);
#2541= IFCLOCALPLACEMENT(#2285,#2540);
#2542= IFCBEAM('3T3f8gST1EHBZpQr0PZxBl',#116,'ESP\S\ARRAGO','D28.57',$,#2541,#2538,'PS0(?)');
#2543= IFCPROPERTYSINGLEVALUE('GUID',$,IFCLABEL('dd0e922a-71d0-4e44-b8f3-6b50198fb2ef'),$);
#2544= IFCPROPERTYSET('2GBxJZplf4bAblTap9Ryyt',#5,'VIGAS',$,(#2489,#2490,#59,#60,#2197,#63,#62,#64,#65,#2198,#2199,#68,#72,#73,#74,#69,#2156,#2491,#2492,#2202,#2203,#2493,#2151,#2206,#2494,#2495,#2209,#2210,#2496,#2497,#2543,#2214,#2215,#2216,#2287,#2247,#2217,#2150,#2219,#2220,#2221,#2222,#2223));
#2545= IFCSHAPEREPRESENTATION(#13,'Body','SweptSolid',(#2480));
#2546= IFCPRODUCTDEFINITIONSHAPE($,$,(#2545));
#2547= IFCCARTESIANPOINT((442094.482448708,393230.083263046,-238.449999999997));
#2548= IFCAXIS2PLACEMENT3D(#2547,#2083,#676);
#2549= IFCLOCALPLACEMENT(#2298,#2548);
#2550= IFCBEAM('16BtkLO$jCDBSVsv61v0vm',#116,'ESP\S\ARRAGO','D28.57',$,#2549,#2546,'PS0(?)');
#2551= IFCPROPERTYSINGLEVALUE('GUID',$,IFCLABEL('462f7b95-63fb-4c34-b71f-db9181e40e70'),$);
#2552= IFCPROPERTYSET('1b0Km8rXL4TgLFZH9fQ_60',#5,'VIGAS',$,(#2489,#2490,#59,#60,#2197,#63,#62,#64,#65,#2198,#2199,#68,#72,#73,#74,#69,#2156,#2491,#2492,#2202,#2203,#2493,#2151,#2206,#2494,#2495,#2209,#2210,#2496,#2497,#2551,#2214,#2215,#2216,#2300,#2301,#2217,#2150,#2219,#2220,#2221,#2222,#2223));
#2553= IFCSHAPEREPRESENTATION(#13,'Body','SweptSolid',(#2480));
#2554= IFCPRODUCTDEFINITIONSHAPE($,$,(#2553));
#2555= IFCCARTESIANPOINT((442217.75797252,393230.083265491,-238.449999999997));
#2556= IFCAXIS2PLACEMENT3D(#2555,#2083,#676);
#2557= IFCLOCALPLACEMENT(#2312,#2556);
#2558= IFCBEAM('2toBDNL3X9mxho1C5kaRrD',#116,'ESP\S\ARRAGO','D28.57',$,#2557,#2554,'PS0(?)');
#2559= IFCPROPERTYSINGLEVALUE('GUID',$,IFCLABEL('b7c8b357-5438-49c3-baf2-04c16e91bd4d'),$);
#2560= IFCPROPERTYSET('1GrFT3VTr9IOonhKOlBNcL',#5,'VIGAS',$,(#2489,#2490,#59,#60,#2197,#63,#62,#64,#65,#2198,#2199,#68,#72,#73,#74,#69,#2156,#2491,#2492,#2202,#2203,#2493,#2151,#2206,#2494,#2495,#2209,#2210,#2496,#2497,#2559,#2214,#2215,#2216,#2314,#2315,#2217,#2150,#2219,#2220,#2221,#2222,#2223));
#2561= IFCSHAPEREPRESENTATION(#13,'Body','SweptSolid',(#2480));
#2562= IFCPRODUCTDEFINITIONSHAPE($,$,(#2561));
#2563= IFCCARTESIANPOINT((442324.517709028,393168.445505702,-238.449999999997));
#2564= IFCAXIS2PLACEMENT3D(#2563,#2083,#676);
#2565= IFCLOCALPLACEMENT(#2326,#2564);
#2566= IFCBEAM('2SY6hj6p93QO$mmuJNF53C',#116,'ESP\S\ARRAGO','D28.57',$,#2565,#2562,'PS0(?)');
#2567= IFCPROPERTYSINGLEVALUE('GUID',$,IFCLABEL('9c886aed-1b32-4369-8ff0-c384d73c50cc'),$);
#2568= IFCPROPERTYSET('0zbY_Sa4n8$ft0EADcu3Zw',#5,'VIGAS',$,(#2489,#2490,#59,#60,#2197,#63,#62,#64,#65,#2198,#2199,#68,#72,#73,#74,#69,#2156,#2491,#2492,#2202,#2203,#2493,#2151,#2206,#2494,#2495,#2209,#2210,#2496,#2497,#2567,#2214,#2215,#2216,#2328,#2329,#2217,#2150,#2219,#2220,#2221,#2222,#2223));
#2569= IFCSHAPEREPRESENTATION(#13,'Body','SweptSolid',(#2480));
#2570= IFCPRODUCTDEFINITIONSHAPE($,$,(#2569));
#2571= IFCCARTESIANPOINT((442386.155473051,393061.685771638,-238.449999999997));
#2572= IFCAXIS2PLACEMENT3D(#2571,#2083,#676);
#2573= IFCLOCALPLACEMENT(#2340,#2572);
#2574= IFCBEAM('0Gv19l10vABBJ0HQp3nnYq',#116,'ESP\S\ARRAGO','D28.57',$,#2573,#2570,'PS0(?)');
#2575= IFCPROPERTYSINGLEVALUE('GUID',$,IFCLABEL('10e4126f-040e-4a2c-b4c0-45acc3c718b4'),$);
#2576= IFCPROPERTYSET('2pD5WJbljCb9GrkQkU4xFt',#5,'VIGAS',$,(#2489,#2490,#59,#60,#2197,#63,#62,#64,#65,#2198,#2199,#68,#72,#73,#74,#69,#2156,#2491,#2492,#2202,#2203,#2493,#2151,#2206,#2494,#2495,#2209,#2210,#2496,#2497,#2575,#2214,#2215,#2216,#2342,#2343,#2217,#2150,#2219,#2220,#2221,#2222,#2223));
#2577= IFCSHAPEREPRESENTATION(#13,'Body','SweptSolid',(#2480));
#2578= IFCPRODUCTDEFINITIONSHAPE($,$,(#2577));
#2579= IFCCARTESIANPOINT((442386.155475495,392938.410247826,-238.449999999997));
#2580= IFCAXIS2PLACEMENT3D(#2579,#2083,#676);
#2581= IFCLOCALPLACEMENT(#2354,#2580);
#2582= IFCBEAM('3eWcJACeX4Aej59S25mEZu',#116,'ESP\S\ARRAGO','D28.57',$,#2581,#2578,'PS0(?)');
#2583= IFCPROPERTYSINGLEVALUE('GUID',$,IFCLABEL('e88264ca-3288-442a-8b45-25c085c0e8f8'),$);
#2584= IFCPROPERTYSET('3Kgsjj7wbDoAIsAQvNr9AX',#5,'VIGAS',$,(#2489,#2490,#59,#60,#2197,#63,#62,#64,#65,#2198,#2199,#68,#72,#73,#74,#69,#2156,#2491,#2492,#2202,#2203,#2493,#2151,#2206,#2494,#2495,#2209,#2210,#2496,#2497,#2583,#2214,#2215,#2216,#2260,#2343,#2217,#2150,#2219,#2220,#2221,#2222,#2223));
#2585= IFCSHAPEREPRESENTATION(#13,'Body','SweptSolid',(#2480));
#2586= IFCPRODUCTDEFINITIONSHAPE($,$,(#2585));
#2587= IFCCARTESIANPOINT((442324.517715706,392831.650511318,-238.449999999997));
#2588= IFCAXIS2PLACEMENT3D(#2587,#2083,#676);
#2589= IFCLOCALPLACEMENT(#2366,#2588);
#2590= IFCBEAM('2eACiqcg56GwvS0rE461G1',#116,'ESP\S\ARRAGO','D28.57',$,#2589,#2586,'PS0(?)');
#2591= IFCPROPERTYSINGLEVALUE('GUID',$,IFCLABEL('a828cb34-9aa1-4643-ae5c-035384181401'),$);
#2592= IFCPROPERTYSET('05PunRxTP2juAcUfIzJ1Wv',#5,'VIGAS',$,(#2489,#2490,#59,#60,#2197,#63,#62,#64,#65,#2198,#2199,#68,#72,#73,#74,#69,#2156,#2491,#2492,#2202,#2203,#2493,#2151,#2206,#2494,#2495,#2209,#2210,#2496,#2497,#2591,#2214,#2215,#2216,#2246,#2368,#2217,#2150,#2219,#2220,#2221,#2222,#2223));
#2593= IFCOWNERHISTORY(#3,#4,$,.NOCHANGE.,$,$,$,1777917600);
#2594= IFCLOCALPLACEMENT(#45,#10);
#2595= IFCELEMENTASSEMBLY('1GyxapneHDUfx60Pdy0PV$',#2593,'MURO',$,$,#2594,$,'M1',.NOTDEFINED.,.NOTDEFINED.);
#2596= IFCPROPERTYSINGLEVALUE('AREA_FORM_BOTTOM',$,IFCAREAMEASURE(2.1),$);
#2597= IFCPROPERTYSINGLEVALUE('CAST_UNIT_HEIGHT_TOTAL',$,IFCLENGTHMEASURE(300.),$);
#2598= IFCPROPERTYSINGLEVALUE('BOTTOM_LEVEL_BASEPOINT',$,IFCLABEL(' +99.100'),$);
#2599= IFCPROPERTYSINGLEVALUE('TOP_LEVEL_BASEPOINT',$,IFCLABEL(' +99.400'),$);
#2600= IFCPROPERTYSINGLEVALUE('COG_Y_BASEPOINT',$,IFCLENGTHMEASURE(392960.17699),$);
#2601= IFCPROPERTYSINGLEVALUE('COG_X_BASEPOINT',$,IFCLENGTHMEASURE(443096.46018),$);
#2602= IFCPROPERTYSINGLEVALUE('WEIGHT_NET',$,IFCMASSMEASURE(3254.4),$);
#2603= IFCPROPERTYSINGLEVALUE('VOLUME_NET',$,IFCVOLUMEMEASURE(1.356),$);
#2604= IFCPROPERTYSINGLEVALUE('HISTORY.CREATED',$,IFCLABEL('04.05.2026 15:09:27'),$);
#2605= IFCPROPERTYSINGLEVALUE('HISTORY.MODIFIED',$,IFCLABEL('04.05.2026 15:14:09'),$);
#2606= IFCPROPERTYSINGLEVALUE('GUID',$,IFCLABEL('50f3b933-c684-4d7a-9ec6-0199fc0197ff'),$);
#2607= IFCPROPERTYSET('2hdAiMP0PDs8fU6O$iEn_H',#5,'Fundacion',$,(#2596,#51,#2597,#2598,#2599,#2600,#2601,#2602,#2603,#59,#60,#61,#62,#63,#64,#65,#66,#67,#68,#69,#2604,#71,#127,#128,#2605,#2606));
#2608= IFCQUANTITYLENGTH('Width',$,$,8000.);
#2609= IFCELEMENTQUANTITY('1BuLS$DI9AiAam74Pi9$OI',#5,'BaseQuantities',$,$,(#2608));
#2610= IFCCOLOURRGB('Dark Gray',0.709803921568627,0.403921568627451,0.2);
#2611= IFCSURFACESTYLERENDERING(#2610,0.,$,$,$,$,IFCNORMALISEDRATIOMEASURE(0.00390625),IFCSPECULAREXPONENT(10.),.NOTDEFINED.);
#2612= IFCSURFACESTYLE('CONCRETE/H30',.POSITIVE.,(#2611));
#2613= IFCPRESENTATIONSTYLEASSIGNMENT((#2612));
#2614= IFCCARTESIANPOINT((0.,-100.,-150.));
#2615= IFCCARTESIANPOINT((0.,-100.,150.));
#2616= IFCCARTESIANPOINT((0.,100.,150.));
#2617= IFCCARTESIANPOINT((0.,100.,-150.));
#2618= IFCPOLYLOOP((#2614,#2615,#2616,#2617));
#2619= IFCFACEOUTERBOUND(#2618,.T.);
#2620= IFCFACE((#2619));
#2621= IFCCARTESIANPOINT((3200.,99.9999999999418,150.));
#2622= IFCCARTESIANPOINT((3200.,99.9999999999418,-150.));
#2623= IFCPOLYLOOP((#2617,#2616,#2621,#2622));
#2624= IFCFACEOUTERBOUND(#2623,.T.);
#2625= IFCFACE((#2624));
#2626= IFCCARTESIANPOINT((3000.,-100.000000000058,-150.));
#2627= IFCCARTESIANPOINT((3000.,-100.000000000058,150.));
#2628= IFCPOLYLOOP((#2615,#2614,#2626,#2627));
#2629= IFCFACEOUTERBOUND(#2628,.T.);
#2630= IFCFACE((#2629));
#2631= IFCCARTESIANPOINT((3200.,-7900.,150.));
#2632= IFCCARTESIANPOINT((3200.,-7900.,-150.));
#2633= IFCPOLYLOOP((#2622,#2621,#2631,#2632));
#2634= IFCFACEOUTERBOUND(#2633,.T.);
#2635= IFCFACE((#2634));
#2636= IFCCARTESIANPOINT((3000.,-7700.,-150.));
#2637= IFCCARTESIANPOINT((3000.,-7700.,150.));
#2638= IFCPOLYLOOP((#2627,#2626,#2636,#2637));
#2639= IFCFACEOUTERBOUND(#2638,.T.);
#2640= IFCFACE((#2639));
#2641= IFCCARTESIANPOINT((-800.000000000233,-7900.,150.));
#2642= IFCCARTESIANPOINT((-800.000000000233,-7900.,-150.));
#2643= IFCPOLYLOOP((#2632,#2631,#2641,#2642));
#2644= IFCFACEOUTERBOUND(#2643,.T.);
#2645= IFCFACE((#2644));
#2646= IFCCARTESIANPOINT((-600.000000000233,-7700.,-150.));
#2647= IFCCARTESIANPOINT((-600.000000000233,-7700.,150.));
#2648= IFCPOLYLOOP((#2637,#2636,#2646,#2647));
#2649= IFCFACEOUTERBOUND(#2648,.T.);
#2650= IFCFACE((#2649));
#2651= IFCCARTESIANPOINT((-799.999999999942,99.9999999998836,150.));
#2652= IFCCARTESIANPOINT((-799.999999999942,99.9999999998836,-150.));
#2653= IFCPOLYLOOP((#2642,#2641,#2651,#2652));
#2654= IFCFACEOUTERBOUND(#2653,.T.);
#2655= IFCFACE((#2654));
#2656= IFCCARTESIANPOINT((-599.999999999942,99.9999999998836,150.));
#2657= IFCPOLYLOOP((#2641,#2631,#2621,#2616,#2615,#2627,#2637,#2647,#2656,#2651));
#2658= IFCFACEOUTERBOUND(#2657,.T.);
#2659= IFCFACE((#2658));
#2660= IFCCARTESIANPOINT((-599.999999999942,99.9999999998836,-150.));
#2661= IFCPOLYLOOP((#2647,#2646,#2660,#2656));
#2662= IFCFACEOUTERBOUND(#2661,.T.);
#2663= IFCFACE((#2662));
#2664= IFCPOLYLOOP((#2646,#2636,#2626,#2614,#2617,#2622,#2632,#2642,#2652,#2660));
#2665= IFCFACEOUTERBOUND(#2664,.T.);
#2666= IFCFACE((#2665));
#2667= IFCPOLYLOOP((#2656,#2660,#2652,#2651));
#2668= IFCFACEOUTERBOUND(#2667,.T.);
#2669= IFCFACE((#2668));
#2670= IFCCLOSEDSHELL((#2620,#2625,#2630,#2635,#2640,#2645,#2650,#2655,#2659,#2663,#2666,#2669));
#2671= IFCFACETEDBREP(#2670);
#2672= IFCSTYLEDITEM(#2671,(#2613),$);
#2673= IFCSHAPEREPRESENTATION(#13,'Body','Brep',(#2671));
#2674= IFCPRODUCTDEFINITIONSHAPE($,$,(#2673));
#2675= IFCCARTESIANPOINT((447100.,394200.,-749.999999999985));
#2676= IFCAXIS2PLACEMENT3D(#2675,#9,#87);
#2677= IFCLOCALPLACEMENT(#2594,#2676);
#2678= IFCWALL('3fGplOXsb1jPOLzM0doWLO',#2593,'MURO','300*200','SOLIDWALL',#2677,#2674,'Hormig\S\sn_M-12');
#2679= IFCWALLTYPE('2e8GlrWYn1bu_Sjue18l1$',#5,'300*200',$,$,$,$,$,$,.NOTDEFINED.);
#2680= IFCPROPERTYSINGLEVALUE('Reference',$,IFCIDENTIFIER('Hormig\S\sn_M-12'),$);
#2681= IFCPROPERTYSET('19$oZsgn14DBmOiwNQNJHa',#5,'Pset_WallCommon','Common Properties to wall elements',(#688,#2680));
#2682= IFCQUANTITYLENGTH('Length',$,$,22600.0000000097);
#2683= IFCQUANTITYAREA('OuterSurfaceArea',$,$,22.7200000000001);
#2684= IFCQUANTITYVOLUME('NetVolume',$,$,1.356);
#2685= IFCQUANTITYWEIGHT('NetWeight',$,$,3254.40000000001);
#2686= IFCELEMENTQUANTITY('3wrWIf7mnEJQsh_KKG9WOi',#5,'BaseQuantities',$,$,(#2682,#2683,#2684,#2685));
#2687= IFCLOCALPLACEMENT(#45,#10);
#2688= IFCELEMENTASSEMBLY('03zNMl_Yn9I80WAxpbn0ca',#47,'MURO',$,$,#2687,$,'M2(?)',.NOTDEFINED.,.NOTDEFINED.);
#2689= IFCPROPERTYSINGLEVALUE('AREA_FORM_BOTTOM',$,IFCAREAMEASURE(0.43),$);
#2690= IFCPROPERTYSINGLEVALUE('COG_X_BASEPOINT',$,IFCLENGTHMEASURE(447695.09826),$);
#2691= IFCPROPERTYSINGLEVALUE('WEIGHT_NET',$,IFCMASSMEASURE(156.625),$);
#2692= IFCPROPERTYSINGLEVALUE('VOLUME_NET',$,IFCVOLUMEMEASURE(0.06526),$);
#2693= IFCPROPERTYSINGLEVALUE('HISTORY.CREATED',$,IFCLABEL('04.05.2026 13:31:05'),$);
#2694= IFCPROPERTYSINGLEVALUE('HISTORY.MODIFIED',$,IFCLABEL('06.05.2026 16:35:10'),$);
#2695= IFCPROPERTYSINGLEVALUE('GUID',$,IFCLABEL('03f575af-fa2c-4948-8020-2bbce5c409a4'),$);
#2696= IFCPROPERTYSET('3EKgCA8kHBWwuwJjBtptbo',#5,'Fundacion',$,(#2689,#51,#2597,#2598,#2599,#55,#2690,#2691,#2692,#59,#60,#61,#62,#63,#64,#65,#66,#67,#68,#69,#2693,#71,#127,#128,#2694,#2695));
#2697= IFCQUANTITYLENGTH('Width',$,$,800.000000000116);
#2698= IFCELEMENTQUANTITY('2hhKbr8qvFyhIWXxv2oNFi',#5,'BaseQuantities',$,$,(#2697));
#2699= IFCCARTESIANPOINT((0.,50.,125.));
#2700= IFCCARTESIANPOINT((0.,25.,150.));
#2701= IFCCARTESIANPOINT((775.,25.0000000000582,150.));
#2702= IFCCARTESIANPOINT((800.,50.0000000000582,125.));
#2703= IFCPOLYLOOP((#2699,#2700,#2701,#2702));
#2704= IFCFACEOUTERBOUND(#2703,.T.);
#2705= IFCFACE((#2704));
#2706= IFCCARTESIANPOINT((775.,-724.999999999942,150.));
#2707= IFCCARTESIANPOINT((800.,-749.999999999942,125.));
#2708= IFCPOLYLOOP((#2706,#2707,#2702,#2701));
#2709= IFCFACEOUTERBOUND(#2708,.T.);
#2710= IFCFACE((#2709));
#2711= IFCCARTESIANPOINT((1.74622982740402E-10,-725.000000000058,150.));
#2712= IFCCARTESIANPOINT((1.74622982740402E-10,-750.000000000058,125.));
#2713= IFCPOLYLOOP((#2711,#2712,#2707,#2706));
#2714= IFCFACEOUTERBOUND(#2713,.T.);
#2715= IFCFACE((#2714));
#2716= IFCCARTESIANPOINT((0.,50.,-150.));
#2717= IFCCARTESIANPOINT((0.,-50.,-150.));
#2718= IFCCARTESIANPOINT((0.,-50.,150.));
#2719= IFCPOLYLOOP((#2716,#2717,#2718,#2700,#2699));
#2720= IFCFACEOUTERBOUND(#2719,.T.);
#2721= IFCFACE((#2720));
#2722= IFCCARTESIANPOINT((800.,50.0000000000582,-150.));
#2723= IFCPOLYLOOP((#2722,#2716,#2699,#2702));
#2724= IFCFACEOUTERBOUND(#2723,.T.);
#2725= IFCFACE((#2724));
#2726= IFCCARTESIANPOINT((700.,-49.9999999999418,-150.));
#2727= IFCCARTESIANPOINT((700.,-49.9999999999418,150.));
#2728= IFCPOLYLOOP((#2718,#2717,#2726,#2727));
#2729= IFCFACEOUTERBOUND(#2728,.T.);
#2730= IFCFACE((#2729));
#2731= IFCCARTESIANPOINT((800.,-749.999999999942,-150.));
#2732= IFCPOLYLOOP((#2731,#2722,#2702,#2707));
#2733= IFCFACEOUTERBOUND(#2732,.T.);
#2734= IFCFACE((#2733));
#2735= IFCCARTESIANPOINT((700.,-649.999999999942,-150.));
#2736= IFCCARTESIANPOINT((700.,-649.999999999942,150.));
#2737= IFCPOLYLOOP((#2727,#2726,#2735,#2736));
#2738= IFCFACEOUTERBOUND(#2737,.T.);
#2739= IFCFACE((#2738));
#2740= IFCCARTESIANPOINT((1.74622982740402E-10,-750.000000000058,-150.));
#2741= IFCPOLYLOOP((#2740,#2731,#2707,#2712));
#2742= IFCFACEOUTERBOUND(#2741,.T.);
#2743= IFCFACE((#2742));
#2744= IFCCARTESIANPOINT((1.74622982740402E-10,-650.000000000058,150.));
#2745= IFCPOLYLOOP((#2718,#2727,#2736,#2744,#2711,#2706,#2701,#2700));
#2746= IFCFACEOUTERBOUND(#2745,.T.);
#2747= IFCFACE((#2746));
#2748= IFCCARTESIANPOINT((1.74622982740402E-10,-650.000000000058,-150.));
#2749= IFCPOLYLOOP((#2736,#2735,#2748,#2744));
#2750= IFCFACEOUTERBOUND(#2749,.T.);
#2751= IFCFACE((#2750));
#2752= IFCPOLYLOOP((#2735,#2726,#2717,#2716,#2722,#2731,#2740,#2748));
#2753= IFCFACEOUTERBOUND(#2752,.T.);
#2754= IFCFACE((#2753));
#2755= IFCPOLYLOOP((#2744,#2748,#2740,#2712,#2711));
#2756= IFCFACEOUTERBOUND(#2755,.T.);
#2757= IFCFACE((#2756));
#2758= IFCCLOSEDSHELL((#2705,#2710,#2715,#2721,#2725,#2730,#2734,#2739,#2743,#2747,#2751,#2754,#2757));
#2759= IFCFACETEDBREP(#2758);
#2760= IFCSTYLEDITEM(#2759,(#2613),$);
#2761= IFCSHAPEREPRESENTATION(#13,'Body','Brep',(#2759));
#2762= IFCPRODUCTDEFINITIONSHAPE($,$,(#2761));
#2763= IFCCARTESIANPOINT((447200.,394850.,-750.));
#2764= IFCAXIS2PLACEMENT3D(#2763,#9,#7);
#2765= IFCLOCALPLACEMENT(#2687,#2764);
#2766= IFCWALL('2EwmL6Sdb3rwQH0odg3Yvk',#47,'MURO','300*100','SOLIDWALL',#2765,#2762,'Hormig\S\sn_M-11(?)');
#2767= IFCWALLTYPE('0zLsNrR_n0cBp8Iyl8u00k',#5,'300*100',$,$,$,$,$,$,.NOTDEFINED.);
#2768= IFCPROPERTYSINGLEVALUE('Reference',$,IFCIDENTIFIER('Hormig\S\sn_M-11(?)'),$);
#2769= IFCPROPERTYSET('0niJuO58LFaODMMZaJyplJ',#5,'Pset_WallCommon','Common Properties to wall elements',(#688,#2768));
#2770= IFCQUANTITYLENGTH('Length',$,$,2200.00000000303);
#2771= IFCQUANTITYAREA('OuterSurfaceArea',$,$,1.78371004678928);
#2772= IFCQUANTITYVOLUME('NetVolume',$,$,0.0652604166666616);
#2773= IFCQUANTITYWEIGHT('NetWeight',$,$,156.624999999988);
#2774= IFCELEMENTQUANTITY('0q_DzXDMb5XRVIfb7pk7o3',#5,'BaseQuantities',$,$,(#2770,#2771,#2772,#2773));
#2775= IFCOWNERHISTORY(#3,#4,$,.NOCHANGE.,$,$,$,1777910400);
#2776= IFCLOCALPLACEMENT(#45,#10);
#2777= IFCELEMENTASSEMBLY('30oeYKhoP9c8j0vZMdgL3z',#47,'C\S\AMARA',$,$,#2776,$,'Z4(?)',.NOTDEFINED.,.NOTDEFINED.);
#2778= IFCPROPERTYSINGLEVALUE('AREA_FORM_BOTTOM',$,IFCAREAMEASURE(0.64),$);
#2779= IFCPROPERTYSINGLEVALUE('CAST_UNIT_HEIGHT_TOTAL',$,IFCLENGTHMEASURE(800.),$);
#2780= IFCPROPERTYSINGLEVALUE('BOTTOM_LEVEL_BASEPOINT',$,IFCLABEL(' +98.300'),$);
#2781= IFCPROPERTYSINGLEVALUE('TOP_LEVEL_BASEPOINT',$,IFCLABEL(' +99.100'),$);
#2782= IFCPROPERTYSINGLEVALUE('WEIGHT_NET',$,IFCMASSMEASURE(825.336),$);
#2783= IFCPROPERTYSINGLEVALUE('VOLUME_NET',$,IFCVOLUMEMEASURE(0.34389),$);
#2784= IFCPROPERTYSINGLEVALUE('HISTORY.CREATED',$,IFCLABEL('04.05.2026 12:36:28'),$);
#2785= IFCPROPERTYSINGLEVALUE('GUID',$,IFCLABEL('c0ca8894-af26-4998-8b40-e635a7a950fd'),$);
#2786= IFCPROPERTYSET('0euQfn_dL4e9TQVekoT_cc',#5,'Fundacion',$,(#2778,#51,#2779,#2780,#2781,#55,#56,#2782,#2783,#59,#60,#61,#62,#63,#64,#65,#66,#67,#68,#69,#2784,#71,#127,#128,#2605,#2785));
#2787= IFCQUANTITYLENGTH('Width',$,$,800.);
#2788= IFCELEMENTQUANTITY('3gyXMbXQb8TemKse2g5wv7',#5,'BaseQuantities',$,$,(#2787));
#2789= IFCRECTANGLEPROFILEDEF(.AREA.,'800*800',#85,800.,800.);
#2790= IFCCARTESIANPOINT((800.,0.,0.));
#2791= IFCAXIS2PLACEMENT3D(#2790,#88,#87);
#2792= IFCEXTRUDEDAREASOLID(#2789,#2791,#9,800.);
#2793= IFCRECTANGLEPROFILEDEF(.AREA.,'600*600',#85,600.,600.);
#2794= IFCEXTRUDEDAREASOLID(#2793,#2791,#9,51.);
#2795= IFCBOOLEANRESULT(.DIFFERENCE.,#2792,#2794);
#2796= IFCRECTANGLEPROFILEDEF(.AREA.,'500*500',#85,500.,500.);
#2797= IFCCARTESIANPOINT((750.,0.,0.));
#2798= IFCAXIS2PLACEMENT3D(#2797,#88,#87);
#2799= IFCEXTRUDEDAREASOLID(#2796,#2798,#9,600.);
#2800= IFCBOOLEANRESULT(.DIFFERENCE.,#2795,#2799);
#2801= IFCSHAPEREPRESENTATION(#13,'Body','CSG',(#2800));
#2802= IFCSTYLEDITEM(#2792,(#2613),$);
#2803= IFCPRODUCTDEFINITIONSHAPE($,$,(#2801));
#2804= IFCCARTESIANPOINT((447600.,394500.,-1700.));
#2805= IFCAXIS2PLACEMENT3D(#2804,#87,#9);
#2806= IFCLOCALPLACEMENT(#2776,#2805);
#2807= IFCFOOTING('0ndIbJEqnFSfUY9qTA$Y8U',#47,'C\S\AMARA','800*800',$,#2806,#2803,'ID319d2953-3b4c-4f72-97a2-27474afe221e',.PAD_FOOTING.);
#2808= IFCPROPERTYSINGLEVALUE('AREA_FORM_BOTTOM',$,IFCAREAMEASURE(0.9701),$);
#2809= IFCPROPERTYSINGLEVALUE('GUID',$,IFCLABEL('319d2953-3b4c-4f72-97a2-27474afe221e'),$);
#2810= IFCPROPERTYSET('0sFFNiCIPEHOgp_jbWPwNQ',#5,'Fundacion',$,(#2808,#100,#101,#2780,#2781,#55,#56,#2782,#2783,#59,#60,#61,#62,#63,#64,#65,#66,#67,#68,#69,#2784,#102,#127,#128,#2605,#2809));
#2811= IFCQUANTITYLENGTH('Length',$,$,800.);
#2812= IFCQUANTITYAREA('OuterSurfaceArea',$,$,5.1604);
#2813= IFCQUANTITYAREA('GrossSurfaceArea',$,$,3.84);
#2814= IFCQUANTITYAREA('CrossSectionArea',$,$,0.64);
#2815= IFCQUANTITYVOLUME('NetVolume',$,$,0.34389);
#2816= IFCQUANTITYVOLUME('GrossVolume',$,$,0.512);
#2817= IFCQUANTITYWEIGHT('NetWeight',$,$,825.336);
#2818= IFCQUANTITYWEIGHT('GrossWeight',$,$,1228.8);
#2819= IFCQUANTITYLENGTH('Height',$,$,800.);
#2820= IFCELEMENTQUANTITY('2BvSsXzl19CROj$PyAPHND',#5,'BaseQuantities',$,$,(#2811,#2812,#2813,#2814,#2815,#2816,#2817,#2818,#2787,#2819));
#2821= IFCLOCALPLACEMENT(#45,#10);
#2822= IFCELEMENTASSEMBLY('2oEO75ohj6feqwf4IirhIU',#116,'ESP\S\ARRAGO',$,$,#2821,$,'CPS0(?)',.NOTDEFINED.,.NOTDEFINED.);
#2823= IFCPROPERTYSINGLEVALUE('BOTTOM_LEVEL_BASEPOINT',$,IFCLABEL(' +100.124'),$);
#2824= IFCPROPERTYSINGLEVALUE('TOP_LEVEL_BASEPOINT',$,IFCLABEL(' +100.254'),$);
#2825= IFCPROPERTYSINGLEVALUE('HISTORY.CREATED',$,IFCLABEL('24.04.2026 16:10:07'),$);
#2826= IFCPROPERTYSINGLEVALUE('HISTORY.MODIFIED',$,IFCLABEL('05.05.2026 18:08:41'),$);
#2827= IFCPROPERTYSINGLEVALUE('GUID',$,IFCLABEL('b23981c5-cabb-46a6-8d3a-a444acd6b49e'),$);
#2828= IFCPROPERTYSET('0ZxiFbpZXBmev4Ej2PxAzY',#5,'Fundacion',$,(#2149,#100,#101,#2823,#2824,#2152,#2153,#2154,#2155,#59,#60,#61,#62,#63,#64,#65,#66,#67,#68,#69,#2825,#71,#127,#128,#2826,#2827));
#2829= IFCSHAPEREPRESENTATION(#13,'Body','SweptSolid',(#2186));
#2830= IFCPRODUCTDEFINITIONSHAPE($,$,(#2829));
#2831= IFCCARTESIANPOINT((442217.757981714,392770.012747299,156.639999944902));
#2832= IFCAXIS2PLACEMENT3D(#2831,#2083,#676);
#2833= IFCLOCALPLACEMENT(#2821,#2832);
#2834= IFCBEAM('2GbEuOqLXCCgpfEHhmje_L',#116,'TUERCA','1-1/8_HEAVY_HEX_NUT',$,#2833,#2830,'ID9094ee18-d158-4c32-ace9-391af0b68f95');
#2835= IFCPROPERTYSINGLEVALUE('TOP_LEVEL_BASEPOINT',$,IFCLABEL(' +100.157'),$);
#2836= IFCPROPERTYSINGLEVALUE('GUID',$,IFCLABEL('9094ee18-d158-4c32-ace9-391af0b68f95'),$);
#2837= IFCPROPERTYSINGLEVALUE('BOTTOM_LEVEL_BASEPOINT',$,IFCLABEL(' +100.128'),$);
#2838= IFCPROPERTYSINGLEVALUE('ASSEMBLY_TOP_LEVEL_BASEPOINT',$,IFCLABEL(' +100.254'),$);
#2839= IFCPROPERTYSINGLEVALUE('ASSEMBLY_BOTTOM_LEVEL_BASEPOINT',$,IFCLABEL(' +100.124'),$);
#2840= IFCPROPERTYSET('28FnrL7yr52AKlJ3bFy$ml',#5,'VIGAS',$,(#2195,#2196,#59,#60,#2197,#63,#62,#64,#65,#2198,#2199,#68,#127,#128,#2826,#69,#2825,#2200,#2201,#2202,#2203,#2204,#2835,#2206,#2207,#2208,#2209,#2210,#2211,#2212,#2836,#2214,#2215,#2216,#2152,#2153,#2217,#2837,#2219,#2838,#2221,#2222,#2839));
#2841= IFCSHAPEREPRESENTATION(#13,'Body','SweptSolid',(#2186));
#2842= IFCPRODUCTDEFINITIONSHAPE($,$,(#2841));
#2843= IFCCARTESIANPOINT((442217.757982135,392770.012747296,248.587008813734));
#2844= IFCAXIS2PLACEMENT3D(#2843,#2083,#676);
#2845= IFCLOCALPLACEMENT(#2821,#2844);
#2846= IFCBEAM('0fLx20knD5ves306cpxhgJ',#116,'TUERCA','1-1/8_HEAVY_HEX_NUT',$,#2845,#2842,'ID2957b080-bb13-45e6-8d83-0069b3eeba93');
#2847= IFCPROPERTYSINGLEVALUE('TOP_LEVEL_BASEPOINT',$,IFCLABEL(' +100.249'),$);
#2848= IFCPROPERTYSINGLEVALUE('GUID',$,IFCLABEL('2957b080-bb13-45e6-8d83-0069b3eeba93'),$);
#2849= IFCPROPERTYSINGLEVALUE('BOTTOM_LEVEL_BASEPOINT',$,IFCLABEL(' +100.220'),$);
#2850= IFCPROPERTYSET('3ooO0FgfjAivWCF1pRckV_',#5,'VIGAS',$,(#2195,#2196,#59,#60,#2197,#63,#62,#64,#65,#2198,#2199,#68,#127,#128,#2826,#69,#2825,#2200,#2201,#2202,#2203,#2204,#2847,#2206,#2207,#2208,#2209,#2210,#2211,#2212,#2848,#2214,#2215,#2216,#2152,#2153,#2217,#2849,#2219,#2838,#2221,#2222,#2839));
#2851= IFCLOCALPLACEMENT(#45,#10);
#2852= IFCELEMENTASSEMBLY('0T4bFnj$r0JxA7oSodJIwP',#116,'ESP\S\ARRAGO',$,$,#2851,$,'CPS0(?)',.NOTDEFINED.,.NOTDEFINED.);
#2853= IFCPROPERTYSINGLEVALUE('GUID',$,IFCLABEL('1d1253f1-b7fd-404f-b287-c9cca74d2e99'),$);
#2854= IFCPROPERTYSET('0Sl27TwTX8XALQpkwDXl7F',#5,'Fundacion',$,(#2149,#100,#101,#2823,#2824,#2152,#2233,#2154,#2155,#59,#60,#61,#62,#63,#64,#65,#66,#67,#68,#69,#2825,#71,#127,#128,#2826,#2853));
#2855= IFCQUANTITYLENGTH('Width',$,$,52.3800012745527);
#2856= IFCELEMENTQUANTITY('0YhmMYi2jEmfxWL3y8jMFz',#5,'BaseQuantities',$,$,(#2855));
#2857= IFCSHAPEREPRESENTATION(#13,'Body','SweptSolid',(#2186));
#2858= IFCPRODUCTDEFINITIONSHAPE($,$,(#2857));
#2859= IFCCARTESIANPOINT((442094.482457902,392770.012744854,156.639999944902));
#2860= IFCAXIS2PLACEMENT3D(#2859,#2083,#676);
#2861= IFCLOCALPLACEMENT(#2851,#2860);
#2862= IFCBEAM('2H$Hw$LYT7TRApPv68Eyh1',#116,'TUERCA','1-1/8_HEAVY_HEX_NUT',$,#2861,#2858,'ID91fd1ebf-5627-4775-b2b3-6791883bcac1');
#2863= IFCPROPERTYSINGLEVALUE('GUID',$,IFCLABEL('91fd1ebf-5627-4775-b2b3-6791883bcac1'),$);
#2864= IFCPROPERTYSET('2qZaej3IfDKxmpCY5y_pj2',#5,'VIGAS',$,(#2195,#2196,#59,#60,#2197,#63,#62,#64,#65,#2198,#2199,#68,#127,#128,#2826,#69,#2825,#2200,#2201,#2202,#2203,#2204,#2835,#2206,#2207,#2208,#2209,#2210,#2211,#2212,#2863,#2214,#2215,#2216,#2152,#2233,#2217,#2837,#2219,#2838,#2221,#2222,#2839));
#2865= IFCSHAPEREPRESENTATION(#13,'Body','SweptSolid',(#2186));
#2866= IFCPRODUCTDEFINITIONSHAPE($,$,(#2865));
#2867= IFCCARTESIANPOINT((442094.482458323,392770.012744851,248.587008813734));
#2868= IFCAXIS2PLACEMENT3D(#2867,#2083,#676);
#2869= IFCLOCALPLACEMENT(#2851,#2868);
#2870= IFCBEAM('1LTvcFh7b27P92O5I0K9sA',#116,'TUERCA','1-1/8_HEAVY_HEX_NUT',$,#2869,#2866,'ID5577998f-ac79-421d-9242-605480509d8a');
#2871= IFCPROPERTYSINGLEVALUE('GUID',$,IFCLABEL('5577998f-ac79-421d-9242-605480509d8a'),$);
#2872= IFCPROPERTYSET('24YSm0WLT8OBaleIqnfobf',#5,'VIGAS',$,(#2195,#2196,#59,#60,#2197,#63,#62,#64,#65,#2198,#2199,#68,#127,#128,#2826,#69,#2825,#2200,#2201,#2202,#2203,#2204,#2847,#2206,#2207,#2208,#2209,#2210,#2211,#2212,#2871,#2214,#2215,#2216,#2152,#2233,#2217,#2849,#2219,#2838,#2221,#2222,#2839));
#2873= IFCLOCALPLACEMENT(#45,#10);
#2874= IFCELEMENTASSEMBLY('2EdqVbtc5AThocWiFDzxc_',#116,'ESP\S\ARRAGO',$,$,#2873,$,'CPS0(?)',.NOTDEFINED.,.NOTDEFINED.);
#2875= IFCPROPERTYSINGLEVALUE('GUID',$,IFCLABEL('8e9f47e5-de61-4a76-bca6-82c3cdf7b9be'),$);
#2876= IFCPROPERTYSET('0uEXacKrf3Z9gD0hJ5l7B8',#5,'Fundacion',$,(#2149,#100,#101,#2823,#2824,#2246,#2247,#2154,#2155,#59,#60,#61,#62,#63,#64,#65,#66,#67,#68,#69,#2825,#71,#127,#128,#2826,#2875));
#2877= IFCSHAPEREPRESENTATION(#13,'Body','SweptSolid',(#2186));
#2878= IFCPRODUCTDEFINITIONSHAPE($,$,(#2877));
#2879= IFCCARTESIANPOINT((441987.722721394,392831.650504643,156.639999944902));
#2880= IFCAXIS2PLACEMENT3D(#2879,#2083,#676);
#2881= IFCLOCALPLACEMENT(#2873,#2880);
#2882= IFCBEAM('1KdUjkrTX379JPT3PHaRNB',#116,'TUERCA','1-1/8_HEAVY_HEX_NUT',$,#2881,#2878,'ID549deb6e-d5d8-431c-94d9-74365191b5cb');
#2883= IFCPROPERTYSINGLEVALUE('GUID',$,IFCLABEL('549deb6e-d5d8-431c-94d9-74365191b5cb'),$);
#2884= IFCPROPERTYSET('1BJwpZNIHDXwBjG6XAWqM_',#5,'VIGAS',$,(#2195,#2196,#59,#60,#2197,#63,#62,#64,#65,#2198,#2199,#68,#127,#128,#2826,#69,#2825,#2200,#2201,#2202,#2203,#2204,#2835,#2206,#2207,#2208,#2209,#2210,#2211,#2212,#2883,#2214,#2215,#2216,#2246,#2247,#2217,#2837,#2219,#2838,#2221,#2222,#2839));
#2885= IFCSHAPEREPRESENTATION(#13,'Body','SweptSolid',(#2186));
#2886= IFCPRODUCTDEFINITIONSHAPE($,$,(#2885));
#2887= IFCCARTESIANPOINT((441987.722721815,392831.65050464,248.587008813734));
#2888= IFCAXIS2PLACEMENT3D(#2887,#2083,#676);
#2889= IFCLOCALPLACEMENT(#2873,#2888);
#2890= IFCBEAM('2fd2cCw59C4OyUyzdW3gGO',#116,'TUERCA','1-1/8_HEAVY_HEX_NUT',$,#2889,#2886,'IDa99c298c-e852-4c11-8f1e-f3d9e00ea418');
#2891= IFCPROPERTYSINGLEVALUE('GUID',$,IFCLABEL('a99c298c-e852-4c11-8f1e-f3d9e00ea418'),$);
#2892= IFCPROPERTYSET('1_Zbr2QAPFQwriNhTH7eH9',#5,'VIGAS',$,(#2195,#2196,#59,#60,#2197,#63,#62,#64,#65,#2198,#2199,#68,#127,#128,#2826,#69,#2825,#2200,#2201,#2202,#2203,#2204,#2847,#2206,#2207,#2208,#2209,#2210,#2211,#2212,#2891,#2214,#2215,#2216,#2246,#2247,#2217,#2849,#2219,#2838,#2221,#2222,#2839));
#2893= IFCLOCALPLACEMENT(#45,#10);
#2894= IFCELEMENTASSEMBLY('0ycC1eAez03fLMofguiWc5',#116,'ESP\S\ARRAGO',$,$,#2893,$,'CPS0(?)',.NOTDEFINED.,.NOTDEFINED.);
#2895= IFCPROPERTYSINGLEVALUE('HISTORY.MODIFIED',$,IFCLABEL('05.05.2026 18:18:51'),$);
#2896= IFCPROPERTYSINGLEVALUE('GUID',$,IFCLABEL('3c98c068-2a8f-400e-9556-ca9ab8b20985'),$);
#2897= IFCPROPERTYSET('0dxZuMImfEwBoFO7pKiKBC',#5,'Fundacion',$,(#2149,#100,#101,#2823,#2824,#2260,#2261,#2154,#2155,#59,#60,#61,#62,#63,#64,#65,#66,#67,#68,#69,#2825,#71,#127,#128,#2895,#2896));
#2898= IFCSHAPEREPRESENTATION(#13,'Body','SweptSolid',(#2186));
#2899= IFCPRODUCTDEFINITIONSHAPE($,$,(#2898));
#2900= IFCCARTESIANPOINT((441926.084957371,392938.410238707,156.639999944902));
#2901= IFCAXIS2PLACEMENT3D(#2900,#2083,#676);
#2902= IFCLOCALPLACEMENT(#2893,#2901);
#2903= IFCBEAM('0ZJML4I6v7LuQeCuqrttue',#116,'TUERCA','1-1/8_HEAVY_HEX_NUT',$,#2902,#2899,'ID234d6544-486e-4757-86a8-338d35df7e28');
#2904= IFCPROPERTYSINGLEVALUE('GUID',$,IFCLABEL('234d6544-486e-4757-86a8-338d35df7e28'),$);
#2905= IFCPROPERTYSET('2c$XZd1J9FFekgCg60NBZj',#5,'VIGAS',$,(#2195,#2196,#59,#60,#2197,#63,#62,#64,#65,#2198,#2199,#68,#127,#128,#2895,#69,#2825,#2200,#2201,#2202,#2203,#2204,#2835,#2206,#2207,#2208,#2209,#2210,#2211,#2212,#2904,#2214,#2215,#2216,#2260,#2261,#2217,#2837,#2219,#2838,#2221,#2222,#2839));
#2906= IFCSHAPEREPRESENTATION(#13,'Body','SweptSolid',(#2186));
#2907= IFCPRODUCTDEFINITIONSHAPE($,$,(#2906));
#2908= IFCCARTESIANPOINT((441926.084957792,392938.410238704,248.587008813734));
#2909= IFCAXIS2PLACEMENT3D(#2908,#2083,#676);
#2910= IFCLOCALPLACEMENT(#2893,#2909);
#2911= IFCBEAM('1NU4cYUqvCJgIVEYUGHArO',#116,'TUERCA','1-1/8_HEAVY_HEX_NUT',$,#2910,#2907,'ID577849a2-7b4e-4c4e-a49f-3a279044ad58');
#2912= IFCPROPERTYSINGLEVALUE('GUID',$,IFCLABEL('577849a2-7b4e-4c4e-a49f-3a279044ad58'),$);
#2913= IFCPROPERTYSET('1cQCLGjJ90$AG4KfqzVRo7',#5,'VIGAS',$,(#2195,#2196,#59,#60,#2197,#63,#62,#64,#65,#2198,#2199,#68,#127,#128,#2826,#69,#2825,#2200,#2201,#2202,#2203,#2204,#2847,#2206,#2207,#2208,#2209,#2210,#2211,#2212,#2912,#2214,#2215,#2216,#2260,#2261,#2217,#2849,#2219,#2838,#2221,#2222,#2839));
#2914= IFCLOCALPLACEMENT(#45,#10);
#2915= IFCELEMENTASSEMBLY('3RwCfmZdf2ggs1orFpv0qp',#116,'ESP\S\ARRAGO',$,$,#2914,$,'CPS0(?)',.NOTDEFINED.,.NOTDEFINED.);
#2916= IFCPROPERTYSINGLEVALUE('GUID',$,IFCLABEL('dbe8ca70-8e7a-42aa-ad81-cb53f3e40d33'),$);
#2917= IFCPROPERTYSET('0tFGuekML0Zf5oaMePKHA4',#5,'Fundacion',$,(#2149,#100,#101,#2823,#2824,#2274,#2261,#2154,#2155,#59,#60,#61,#62,#63,#64,#65,#66,#67,#68,#69,#2825,#71,#127,#128,#2895,#2916));
#2918= IFCSHAPEREPRESENTATION(#13,'Body','SweptSolid',(#2186));
#2919= IFCPRODUCTDEFINITIONSHAPE($,$,(#2918));
#2920= IFCCARTESIANPOINT((441926.084954927,393061.685762519,156.639999944902));
#2921= IFCAXIS2PLACEMENT3D(#2920,#2083,#676);
#2922= IFCLOCALPLACEMENT(#2914,#2921);
#2923= IFCBEAM('3hd2_ASr12UBcWmN8wHNxa',#116,'TUERCA','1-1/8_HEAVY_HEX_NUT',$,#2922,#2919,'IDeb9c2f8a-7350-4278-b9a0-c1723a457ee4');
#2924= IFCPROPERTYSINGLEVALUE('GUID',$,IFCLABEL('eb9c2f8a-7350-4278-b9a0-c1723a457ee4'),$);
#2925= IFCPROPERTYSET('2_$VlHgwXEyxHmTIfOnZ8B',#5,'VIGAS',$,(#2195,#2196,#59,#60,#2197,#63,#62,#64,#65,#2198,#2199,#68,#127,#128,#2895,#69,#2825,#2200,#2201,#2202,#2203,#2204,#2835,#2206,#2207,#2208,#2209,#2210,#2211,#2212,#2924,#2214,#2215,#2216,#2274,#2261,#2217,#2837,#2219,#2838,#2221,#2222,#2839));
#2926= IFCSHAPEREPRESENTATION(#13,'Body','SweptSolid',(#2186));
#2927= IFCPRODUCTDEFINITIONSHAPE($,$,(#2926));
#2928= IFCCARTESIANPOINT((441926.084955348,393061.685762515,248.587008813734));
#2929= IFCAXIS2PLACEMENT3D(#2928,#2083,#676);
#2930= IFCLOCALPLACEMENT(#2914,#2929);
#2931= IFCBEAM('07jVOfDB9BnBV40B3g0WrF',#116,'TUERCA','1-1/8_HEAVY_HEX_NUT',$,#2930,#2927,'ID07b5f629-34b2-4bc4-b7c4-00b0ea020d4f');
#2932= IFCPROPERTYSINGLEVALUE('GUID',$,IFCLABEL('07b5f629-34b2-4bc4-b7c4-00b0ea020d4f'),$);
#2933= IFCPROPERTYSET('3PWJ2thXrEP8sCbQu6GZDy',#5,'VIGAS',$,(#2195,#2196,#59,#60,#2197,#63,#62,#64,#65,#2198,#2199,#68,#127,#128,#2826,#69,#2825,#2200,#2201,#2202,#2203,#2204,#2847,#2206,#2207,#2208,#2209,#2210,#2211,#2212,#2932,#2214,#2215,#2216,#2274,#2261,#2217,#2849,#2219,#2838,#2221,#2222,#2839));
#2934= IFCLOCALPLACEMENT(#45,#10);
#2935= IFCELEMENTASSEMBLY('3L9y1rcCnCFOTvnDma7ITB',#116,'ESP\S\ARRAGO',$,$,#2934,$,'CPS0(?)',.NOTDEFINED.,.NOTDEFINED.);
#2936= IFCPROPERTYSINGLEVALUE('GUID',$,IFCLABEL('d527c075-98cc-4c3d-8779-c4dc241d274b'),$);
#2937= IFCPROPERTYSET('0Vn0exQkr2DgMi2q5TK32V',#5,'Fundacion',$,(#2149,#100,#101,#2823,#2824,#2287,#2247,#2154,#2155,#59,#60,#61,#62,#63,#64,#65,#66,#67,#68,#69,#2825,#71,#127,#128,#2826,#2936));
#2938= IFCSHAPEREPRESENTATION(#13,'Body','SweptSolid',(#2186));
#2939= IFCPRODUCTDEFINITIONSHAPE($,$,(#2938));
#2940= IFCCARTESIANPOINT((441987.722714716,393168.445499027,156.639999944902));
#2941= IFCAXIS2PLACEMENT3D(#2940,#2083,#676);
#2942= IFCLOCALPLACEMENT(#2934,#2941);
#2943= IFCBEAM('3GLGAx7qT6YgdK2oWM7Qc1',#116,'TUERCA','1-1/8_HEAVY_HEX_NUT',$,#2942,#2939,'IDd05502bb-1f47-468a-a9d4-0b28161da981');
#2944= IFCPROPERTYSINGLEVALUE('GUID',$,IFCLABEL('d05502bb-1f47-468a-a9d4-0b28161da981'),$);
#2945= IFCPROPERTYSET('3m5KF5K7z0mQV3GpV$Pp5M',#5,'VIGAS',$,(#2195,#2196,#59,#60,#2197,#63,#62,#64,#65,#2198,#2199,#68,#127,#128,#2826,#69,#2825,#2200,#2201,#2202,#2203,#2204,#2835,#2206,#2207,#2208,#2209,#2210,#2211,#2212,#2944,#2214,#2215,#2216,#2287,#2247,#2217,#2837,#2219,#2838,#2221,#2222,#2839));
#2946= IFCSHAPEREPRESENTATION(#13,'Body','SweptSolid',(#2186));
#2947= IFCPRODUCTDEFINITIONSHAPE($,$,(#2946));
#2948= IFCCARTESIANPOINT((441987.722715137,393168.445499023,248.587008813734));
#2949= IFCAXIS2PLACEMENT3D(#2948,#2083,#676);
#2950= IFCLOCALPLACEMENT(#2934,#2949);
#2951= IFCBEAM('3o7jhY$sX2iP_4HDBPhCK$',#116,'TUERCA','1-1/8_HEAVY_HEX_NUT',$,#2950,#2947,'IDf21edae2-ff68-42b1-9f84-44d2d9acc53f');
#2952= IFCPROPERTYSINGLEVALUE('GUID',$,IFCLABEL('f21edae2-ff68-42b1-9f84-44d2d9acc53f'),$);
#2953= IFCPROPERTYSET('3TAirniQbEZ8U_tjKLtOEN',#5,'VIGAS',$,(#2195,#2196,#59,#60,#2197,#63,#62,#64,#65,#2198,#2199,#68,#127,#128,#2826,#69,#2825,#2200,#2201,#2202,#2203,#2204,#2847,#2206,#2207,#2208,#2209,#2210,#2211,#2212,#2952,#2214,#2215,#2216,#2287,#2247,#2217,#2849,#2219,#2838,#2221,#2222,#2839));
#2954= IFCLOCALPLACEMENT(#45,#10);
#2955= IFCELEMENTASSEMBLY('0XXpyiAOX4WBw4XD0vTzPx',#116,'ESP\S\ARRAGO',$,$,#2954,$,'CPS0(?)',.NOTDEFINED.,.NOTDEFINED.);
#2956= IFCPROPERTYSINGLEVALUE('GUID',$,IFCLABEL('21873f2c-2988-4480-be84-84d03977d67b'),$);
#2957= IFCPROPERTYSET('0DQfTgaBbCaRxu33RaOdSQ',#5,'Fundacion',$,(#2149,#100,#101,#2823,#2824,#2300,#2301,#2154,#2155,#59,#60,#61,#62,#63,#64,#65,#66,#67,#68,#69,#2825,#71,#127,#128,#2826,#2956));
#2958= IFCSHAPEREPRESENTATION(#13,'Body','SweptSolid',(#2186));
#2959= IFCPRODUCTDEFINITIONSHAPE($,$,(#2958));
#2960= IFCCARTESIANPOINT((442094.48244878,393230.08326305,156.639999944902));
#2961= IFCAXIS2PLACEMENT3D(#2960,#2083,#676);
#2962= IFCLOCALPLACEMENT(#2954,#2961);
#2963= IFCBEAM('0uW7kHDS5DiBt6sVfy9UUd',#116,'TUERCA','1-1/8_HEAVY_HEX_NUT',$,#2962,#2959,'ID38807b91-35c1-4db0-bdc6-d9fa7c25e7a7');
#2964= IFCPROPERTYSINGLEVALUE('GUID',$,IFCLABEL('38807b91-35c1-4db0-bdc6-d9fa7c25e7a7'),$);
#2965= IFCPROPERTYSET('2CXxnV_AD0KOy5oQG_K1Xs',#5,'VIGAS',$,(#2195,#2196,#59,#60,#2197,#63,#62,#64,#65,#2198,#2199,#68,#127,#128,#2826,#69,#2825,#2200,#2201,#2202,#2203,#2204,#2835,#2206,#2207,#2208,#2209,#2210,#2211,#2212,#2964,#2214,#2215,#2216,#2300,#2301,#2217,#2837,#2219,#2838,#2221,#2222,#2839));
#2966= IFCSHAPEREPRESENTATION(#13,'Body','SweptSolid',(#2186));
#2967= IFCPRODUCTDEFINITIONSHAPE($,$,(#2966));
#2968= IFCCARTESIANPOINT((442094.4824492,393230.083263046,248.587008813734));
#2969= IFCAXIS2PLACEMENT3D(#2968,#2083,#676);
#2970= IFCLOCALPLACEMENT(#2954,#2969);
#2971= IFCBEAM('3y42o$t_5FTxCbLiZa7Raa',#116,'TUERCA','1-1/8_HEAVY_HEX_NUT',$,#2970,#2967,'IDfc102cbf-dfe1-4f77-b325-56c8e41db924');
#2972= IFCPROPERTYSINGLEVALUE('GUID',$,IFCLABEL('fc102cbf-dfe1-4f77-b325-56c8e41db924'),$);
#2973= IFCPROPERTYSET('26u718yg50iP6lbRYwWEht',#5,'VIGAS',$,(#2195,#2196,#59,#60,#2197,#63,#62,#64,#65,#2198,#2199,#68,#127,#128,#2826,#69,#2825,#2200,#2201,#2202,#2203,#2204,#2847,#2206,#2207,#2208,#2209,#2210,#2211,#2212,#2972,#2214,#2215,#2216,#2300,#2301,#2217,#2849,#2219,#2838,#2221,#2222,#2839));
#2974= IFCLOCALPLACEMENT(#45,#10);
#2975= IFCELEMENTASSEMBLY('1KkGk_5594qAA4Mz3BG_FI',#116,'ESP\S\ARRAGO',$,$,#2974,$,'CPS0(?)',.NOTDEFINED.,.NOTDEFINED.);
#2976= IFCPROPERTYSINGLEVALUE('GUID',$,IFCLABEL('54b90bbe-1452-44d0-a284-5bd0cb43e3d2'),$);
#2977= IFCPROPERTYSET('02gq6NbMvC9eVa2grSXivu',#5,'Fundacion',$,(#2149,#100,#101,#2823,#2824,#2314,#2315,#2154,#2155,#59,#60,#61,#62,#63,#64,#65,#66,#67,#68,#69,#2825,#71,#127,#128,#2826,#2976));
#2978= IFCSHAPEREPRESENTATION(#13,'Body','SweptSolid',(#2186));
#2979= IFCPRODUCTDEFINITIONSHAPE($,$,(#2978));
#2980= IFCCARTESIANPOINT((442217.757972591,393230.083265494,156.639999944902));
#2981= IFCAXIS2PLACEMENT3D(#2980,#2083,#676);
#2982= IFCLOCALPLACEMENT(#2974,#2981);
#2983= IFCBEAM('1eQQIka1L77BHFlcLpYXOM',#116,'TUERCA','1-1/8_HEAVY_HEX_NUT',$,#2982,#2979,'ID6869a4ae-9015-471c-b44f-be65738a1616');
#2984= IFCPROPERTYSINGLEVALUE('GUID',$,IFCLABEL('6869a4ae-9015-471c-b44f-be65738a1616'),$);
#2985= IFCPROPERTYSET('3gJ_IoF29Ca9Gf0P4wplz0',#5,'VIGAS',$,(#2195,#2196,#59,#60,#2197,#63,#62,#64,#65,#2198,#2199,#68,#127,#128,#2826,#69,#2825,#2200,#2201,#2202,#2203,#2204,#2835,#2206,#2207,#2208,#2209,#2210,#2211,#2212,#2984,#2214,#2215,#2216,#2314,#2315,#2217,#2837,#2219,#2838,#2221,#2222,#2839));
#2986= IFCSHAPEREPRESENTATION(#13,'Body','SweptSolid',(#2186));
#2987= IFCPRODUCTDEFINITIONSHAPE($,$,(#2986));
#2988= IFCCARTESIANPOINT((442217.757973012,393230.083265491,248.587008813734));
#2989= IFCAXIS2PLACEMENT3D(#2988,#2083,#676);
#2990= IFCLOCALPLACEMENT(#2974,#2989);
#2991= IFCBEAM('1YuEfrN7P1sA$SwFlTk5Wm',#116,'TUERCA','1-1/8_HEAVY_HEX_NUT',$,#2990,#2987,'ID62e0ea75-5c76-41d8-afdc-e8fbddb85830');
#2992= IFCPROPERTYSINGLEVALUE('GUID',$,IFCLABEL('62e0ea75-5c76-41d8-afdc-e8fbddb85830'),$);
#2993= IFCPROPERTYSET('0Z4znVTxvEihfqo_JKJiIt',#5,'VIGAS',$,(#2195,#2196,#59,#60,#2197,#63,#62,#64,#65,#2198,#2199,#68,#127,#128,#2826,#69,#2825,#2200,#2201,#2202,#2203,#2204,#2847,#2206,#2207,#2208,#2209,#2210,#2211,#2212,#2992,#2214,#2215,#2216,#2314,#2315,#2217,#2849,#2219,#2838,#2221,#2222,#2839));
#2994= IFCLOCALPLACEMENT(#45,#10);
#2995= IFCELEMENTASSEMBLY('0HiVU9EnXAWhNe6Sdzj0GX',#116,'ESP\S\ARRAGO',$,$,#2994,$,'CPS0(?)',.NOTDEFINED.,.NOTDEFINED.);
#2996= IFCPROPERTYSINGLEVALUE('GUID',$,IFCLABEL('11b1f789-3b18-4a82-b5e8-19c9fdb40421'),$);
#2997= IFCPROPERTYSET('3gHl2InZ1BXQh$O$GFkyIG',#5,'Fundacion',$,(#2149,#100,#101,#2823,#2824,#2328,#2329,#2154,#2155,#59,#60,#61,#62,#63,#64,#65,#66,#67,#68,#69,#2825,#71,#127,#128,#2826,#2996));
#2998= IFCSHAPEREPRESENTATION(#13,'Body','SweptSolid',(#2186));
#2999= IFCPRODUCTDEFINITIONSHAPE($,$,(#2998));
#3000= IFCCARTESIANPOINT((442324.517709099,393168.445505705,156.639999944902));
#3001= IFCAXIS2PLACEMENT3D(#3000,#2083,#676);
#3002= IFCLOCALPLACEMENT(#2994,#3001);
#3003= IFCBEAM('1_OZ0U5bL53wrEmUi8NhS3',#116,'TUERCA','1-1/8_HEAVY_HEX_NUT',$,#3002,#2999,'ID7e62301e-1655-450f-ad4e-c1eb085eb703');
#3004= IFCPROPERTYSINGLEVALUE('GUID',$,IFCLABEL('7e62301e-1655-450f-ad4e-c1eb085eb703'),$);
#3005= IFCPROPERTYSET('3FzsxF39rA3hiYODUoEgTA',#5,'VIGAS',$,(#2195,#2196,#59,#60,#2197,#63,#62,#64,#65,#2198,#2199,#68,#127,#128,#2826,#69,#2825,#2200,#2201,#2202,#2203,#2204,#2835,#2206,#2207,#2208,#2209,#2210,#2211,#2212,#3004,#2214,#2215,#2216,#2328,#2329,#2217,#2837,#2219,#2838,#2221,#2222,#2839));
#3006= IFCSHAPEREPRESENTATION(#13,'Body','SweptSolid',(#2186));
#3007= IFCPRODUCTDEFINITIONSHAPE($,$,(#3006));
#3008= IFCCARTESIANPOINT((442324.51770952,393168.445505702,248.587008813734));
#3009= IFCAXIS2PLACEMENT3D(#3008,#2083,#676);
#3010= IFCLOCALPLACEMENT(#2994,#3009);
#3011= IFCBEAM('1rrKKxiQ1FfR2yET2ehCQE',#116,'TUERCA','1-1/8_HEAVY_HEX_NUT',$,#3010,#3007,'ID75d5453b-b1a0-4fa5-b0bc-39d0a8acc68e');
#3012= IFCPROPERTYSINGLEVALUE('GUID',$,IFCLABEL('75d5453b-b1a0-4fa5-b0bc-39d0a8acc68e'),$);
#3013= IFCPROPERTYSET('18oghQtF9429m_yN9Eo4Hk',#5,'VIGAS',$,(#2195,#2196,#59,#60,#2197,#63,#62,#64,#65,#2198,#2199,#68,#127,#128,#2826,#69,#2825,#2200,#2201,#2202,#2203,#2204,#2847,#2206,#2207,#2208,#2209,#2210,#2211,#2212,#3012,#2214,#2215,#2216,#2328,#2329,#2217,#2849,#2219,#2838,#2221,#2222,#2839));
#3014= IFCLOCALPLACEMENT(#45,#10);
#3015= IFCELEMENTASSEMBLY('0F1Itttt52E9IhdkZTWdf8',#116,'ESP\S\ARRAGO',$,$,#3014,$,'CPS0(?)',.NOTDEFINED.,.NOTDEFINED.);
#3016= IFCPROPERTYSINGLEVALUE('GUID',$,IFCLABEL('0f052df7-df71-4238-94ab-9ee8dd827a48'),$);
#3017= IFCPROPERTYSET('1gC1Yqrrv85gQLPrAViZJk',#5,'Fundacion',$,(#2149,#100,#101,#2823,#2824,#2342,#2343,#2154,#2155,#59,#60,#61,#62,#63,#64,#65,#66,#67,#68,#69,#2825,#71,#127,#128,#2826,#3016));
#3018= IFCSHAPEREPRESENTATION(#13,'Body','SweptSolid',(#2186));
#3019= IFCPRODUCTDEFINITIONSHAPE($,$,(#3018));
#3020= IFCCARTESIANPOINT((442386.155473122,393061.685771641,156.639999944902));
#3021= IFCAXIS2PLACEMENT3D(#3020,#2083,#676);
#3022= IFCLOCALPLACEMENT(#3014,#3021);
#3023= IFCBEAM('049TJSUIvBTA3IsRCO6VQ2',#116,'TUERCA','1-1/8_HEAVY_HEX_NUT',$,#3022,#3019,'ID0425d4dc-792e-4b74-a0d2-d9b31819f682');
#3024= IFCPROPERTYSINGLEVALUE('GUID',$,IFCLABEL('0425d4dc-792e-4b74-a0d2-d9b31819f682'),$);
#3025= IFCPROPERTYSET('3CjwZIS5v5mg5YWAWu5Wqy',#5,'VIGAS',$,(#2195,#2196,#59,#60,#2197,#63,#62,#64,#65,#2198,#2199,#68,#127,#128,#2826,#69,#2825,#2200,#2201,#2202,#2203,#2204,#2835,#2206,#2207,#2208,#2209,#2210,#2211,#2212,#3024,#2214,#2215,#2216,#2342,#2343,#2217,#2837,#2219,#2838,#2221,#2222,#2839));
#3026= IFCSHAPEREPRESENTATION(#13,'Body','SweptSolid',(#2186));
#3027= IFCPRODUCTDEFINITIONSHAPE($,$,(#3026));
#3028= IFCCARTESIANPOINT((442386.155473543,393061.685771638,248.587008813734));
#3029= IFCAXIS2PLACEMENT3D(#3028,#2083,#676);
#3030= IFCLOCALPLACEMENT(#3014,#3029);
#3031= IFCBEAM('3Lo7VKBC9Cawop_Ubrupln',#116,'TUERCA','1-1/8_HEAVY_HEX_NUT',$,#3030,#3027,'IDd5c877d4-2cc2-4c93-acb3-f9e975e33bf1');
#3032= IFCPROPERTYSINGLEVALUE('GUID',$,IFCLABEL('d5c877d4-2cc2-4c93-acb3-f9e975e33bf1'),$);
#3033= IFCPROPERTYSET('0cdj8mD2r6_8Wet84jJCPL',#5,'VIGAS',$,(#2195,#2196,#59,#60,#2197,#63,#62,#64,#65,#2198,#2199,#68,#127,#128,#2826,#69,#2825,#2200,#2201,#2202,#2203,#2204,#2847,#2206,#2207,#2208,#2209,#2210,#2211,#2212,#3032,#2214,#2215,#2216,#2342,#2343,#2217,#2849,#2219,#2838,#2221,#2222,#2839));
#3034= IFCLOCALPLACEMENT(#45,#10);
#3035= IFCELEMENTASSEMBLY('1cWfmBEnr6lgzlnBULVM60',#116,'ESP\S\ARRAGO',$,$,#3034,$,'CPS0(?)',.NOTDEFINED.,.NOTDEFINED.);
#3036= IFCPROPERTYSINGLEVALUE('GUID',$,IFCLABEL('66829c0b-3b1d-46be-af6f-c4b7957d6180'),$);
#3037= IFCPROPERTYSET('13LnTu96n3E9KEdxlwGnnf',#5,'Fundacion',$,(#2149,#100,#101,#2823,#2824,#2260,#2343,#2154,#2155,#59,#60,#61,#62,#63,#64,#65,#66,#67,#68,#69,#2825,#71,#127,#128,#2826,#3036));
#3038= IFCSHAPEREPRESENTATION(#13,'Body','SweptSolid',(#2186));
#3039= IFCPRODUCTDEFINITIONSHAPE($,$,(#3038));
#3040= IFCCARTESIANPOINT((442386.155475567,392938.41024783,156.639999944902));
#3041= IFCAXIS2PLACEMENT3D(#3040,#2083,#676);
#3042= IFCLOCALPLACEMENT(#3034,#3041);
#3043= IFCBEAM('05HMpnuaHFLhD6hQsy5skE',#116,'TUERCA','1-1/8_HEAVY_HEX_NUT',$,#3042,#3039,'ID05456cf1-e244-4f56-b346-adadbc176b8e');
#3044= IFCPROPERTYSINGLEVALUE('GUID',$,IFCLABEL('05456cf1-e244-4f56-b346-adadbc176b8e'),$);
#3045= IFCPROPERTYSET('1_1fO74cf4Vfmlteh0$r0e',#5,'VIGAS',$,(#2195,#2196,#59,#60,#2197,#63,#62,#64,#65,#2198,#2199,#68,#127,#128,#2826,#69,#2825,#2200,#2201,#2202,#2203,#2204,#2835,#2206,#2207,#2208,#2209,#2210,#2211,#2212,#3044,#2214,#2215,#2216,#2260,#2343,#2217,#2837,#2219,#2838,#2221,#2222,#2839));
#3046= IFCSHAPEREPRESENTATION(#13,'Body','SweptSolid',(#2186));
#3047= IFCPRODUCTDEFINITIONSHAPE($,$,(#3046));
#3048= IFCCARTESIANPOINT((442386.155475987,392938.410247826,248.587008813734));
#3049= IFCAXIS2PLACEMENT3D(#3048,#2083,#676);
#3050= IFCLOCALPLACEMENT(#3034,#3049);
#3051= IFCBEAM('2FgkYNVyL5C8Lv$2NuqN9J',#116,'TUERCA','1-1/8_HEAVY_HEX_NUT',$,#3050,#3047,'ID8faae897-7fc5-4530-8579-fc25f8d17253');
#3052= IFCPROPERTYSINGLEVALUE('GUID',$,IFCLABEL('8faae897-7fc5-4530-8579-fc25f8d17253'),$);
#3053= IFCPROPERTYSET('1g6dQMyB1Fyhz18hgD$xTg',#5,'VIGAS',$,(#2195,#2196,#59,#60,#2197,#63,#62,#64,#65,#2198,#2199,#68,#127,#128,#2826,#69,#2825,#2200,#2201,#2202,#2203,#2204,#2847,#2206,#2207,#2208,#2209,#2210,#2211,#2212,#3052,#2214,#2215,#2216,#2260,#2343,#2217,#2849,#2219,#2838,#2221,#2222,#2839));
#3054= IFCLOCALPLACEMENT(#45,#10);
#3055= IFCELEMENTASSEMBLY('12mH5sMpv859lD10VA2KmC',#116,'ESP\S\ARRAGO',$,$,#3054,$,'CPS0(?)',.NOTDEFINED.,.NOTDEFINED.);
#3056= IFCPROPERTYSINGLEVALUE('GUID',$,IFCLABEL('42c11176-5b3e-4814-9bcd-0407ca094c0c'),$);
#3057= IFCPROPERTYSET('0Z$T3$RQj9Cw_GajDmwYuf',#5,'Fundacion',$,(#2149,#100,#101,#2823,#2824,#2246,#2368,#2154,#2155,#59,#60,#61,#62,#63,#64,#65,#66,#67,#68,#69,#2825,#71,#127,#128,#2826,#3056));
#3058= IFCSHAPEREPRESENTATION(#13,'Body','SweptSolid',(#2186));
#3059= IFCPRODUCTDEFINITIONSHAPE($,$,(#3058));
#3060= IFCCARTESIANPOINT((442324.517715778,392831.650511322,156.639999944902));
#3061= IFCAXIS2PLACEMENT3D(#3060,#2083,#676);
#3062= IFCLOCALPLACEMENT(#3054,#3061);
#3063= IFCBEAM('3iafCGMvv5UeZToVratpZh',#116,'TUERCA','1-1/8_HEAVY_HEX_NUT',$,#3062,#3059,'IDec929310-5b9e-457a-88dd-c9fd64df38eb');
#3064= IFCPROPERTYSINGLEVALUE('GUID',$,IFCLABEL('ec929310-5b9e-457a-88dd-c9fd64df38eb'),$);
#3065= IFCPROPERTYSET('2G48BnYzTAhvsSrQ_XY3Kg',#5,'VIGAS',$,(#2195,#2196,#59,#60,#2197,#63,#62,#64,#65,#2198,#2199,#68,#127,#128,#2826,#69,#2825,#2200,#2201,#2202,#2203,#2204,#2835,#2206,#2207,#2208,#2209,#2210,#2211,#2212,#3064,#2214,#2215,#2216,#2246,#2368,#2217,#2837,#2219,#2838,#2221,#2222,#2839));
#3066= IFCSHAPEREPRESENTATION(#13,'Body','SweptSolid',(#2186));
#3067= IFCPRODUCTDEFINITIONSHAPE($,$,(#3066));
#3068= IFCCARTESIANPOINT((442324.517716198,392831.650511318,248.587008813734));
#3069= IFCAXIS2PLACEMENT3D(#3068,#2083,#676);
#3070= IFCLOCALPLACEMENT(#3054,#3069);
#3071= IFCBEAM('05We_YYYr5OfK6Ak9hniNn',#116,'TUERCA','1-1/8_HEAVY_HEX_NUT',$,#3070,#3067,'ID05828fa2-8a2d-4562-9506-2ae26bc6c5f1');
#3072= IFCPROPERTYSINGLEVALUE('GUID',$,IFCLABEL('05828fa2-8a2d-4562-9506-2ae26bc6c5f1'),$);
#3073= IFCPROPERTYSET('2xw$dNsAr7zfcjORPfczxf',#5,'VIGAS',$,(#2195,#2196,#59,#60,#2197,#63,#62,#64,#65,#2198,#2199,#68,#127,#128,#2826,#69,#2825,#2200,#2201,#2202,#2203,#2204,#2847,#2206,#2207,#2208,#2209,#2210,#2211,#2212,#3072,#2214,#2215,#2216,#2246,#2368,#2217,#2849,#2219,#2838,#2221,#2222,#2839));
#3074= IFCSHAPEREPRESENTATION(#13,'Body','SweptSolid',(#2480));
#3075= IFCPRODUCTDEFINITIONSHAPE($,$,(#3074));
#3076= IFCCARTESIANPOINT((442217.757982135,392770.012747296,253.707008758734));
#3077= IFCAXIS2PLACEMENT3D(#3076,#2083,#676);
#3078= IFCLOCALPLACEMENT(#2821,#3077);
#3079= IFCBEAM('0TDCjkjxH1SQRJvK8oYuPT',#116,'ESP\S\ARRAGO','D28.57',$,#3078,#3075,'PS0(?)');
#3080= IFCPROPERTYSINGLEVALUE('GUID',$,IFCLABEL('1d34cb6e-b7b4-4171-a6d3-e542328b865d'),$);
#3081= IFCPROPERTYSET('1YWhh$EBzBceU_687KGEGb',#5,'VIGAS',$,(#2489,#2490,#59,#60,#2197,#63,#62,#64,#65,#2198,#2199,#68,#127,#128,#2826,#69,#2825,#2491,#2492,#2202,#2203,#2493,#2824,#2206,#2494,#2495,#2209,#2210,#2496,#2497,#3080,#2214,#2215,#2216,#2152,#2153,#2217,#2823,#2219,#2838,#2221,#2222,#2839));
#3082= IFCSHAPEREPRESENTATION(#13,'Body','SweptSolid',(#2480));
#3083= IFCPRODUCTDEFINITIONSHAPE($,$,(#3082));
#3084= IFCCARTESIANPOINT((442094.482458323,392770.012744851,253.707008758734));
#3085= IFCAXIS2PLACEMENT3D(#3084,#2083,#676);
#3086= IFCLOCALPLACEMENT(#2851,#3085);
#3087= IFCBEAM('1kdblzKRT4qxWRDdk3kHgt',#116,'ESP\S\ARRAGO','D28.57',$,#3086,#3083,'PS0(?)');
#3088= IFCPROPERTYSINGLEVALUE('GUID',$,IFCLABEL('6e9e5bfd-51b7-44d3-b81b-367b83b91ab7'),$);
#3089= IFCPROPERTYSET('2DOzvINOD5CPnof$wYAYRa',#5,'VIGAS',$,(#2489,#2490,#59,#60,#2197,#63,#62,#64,#65,#2198,#2199,#68,#127,#128,#2826,#69,#2825,#2491,#2492,#2202,#2203,#2493,#2824,#2206,#2494,#2495,#2209,#2210,#2496,#2497,#3088,#2214,#2215,#2216,#2152,#2233,#2217,#2823,#2219,#2838,#2221,#2222,#2839));
#3090= IFCSHAPEREPRESENTATION(#13,'Body','SweptSolid',(#2480));
#3091= IFCPRODUCTDEFINITIONSHAPE($,$,(#3090));
#3092= IFCCARTESIANPOINT((441987.722721815,392831.65050464,253.707008758734));
#3093= IFCAXIS2PLACEMENT3D(#3092,#2083,#676);
#3094= IFCLOCALPLACEMENT(#2873,#3093);
#3095= IFCBEAM('1mFnkbIXvDhQ2KhDqdgJTK',#116,'ESP\S\ARRAGO','D28.57',$,#3094,#3091,'PS0(?)');
#3096= IFCPROPERTYSINGLEVALUE('GUID',$,IFCLABEL('703f1ba5-4a1e-4dad-a094-acdd27a93754'),$);
#3097= IFCPROPERTYSET('34g7q9sPP1mxACXRb9rB8Q',#5,'VIGAS',$,(#2489,#2490,#59,#60,#2197,#63,#62,#64,#65,#2198,#2199,#68,#127,#128,#2826,#69,#2825,#2491,#2492,#2202,#2203,#2493,#2824,#2206,#2494,#2495,#2209,#2210,#2496,#2497,#3096,#2214,#2215,#2216,#2246,#2247,#2217,#2823,#2219,#2838,#2221,#2222,#2839));
#3098= IFCSHAPEREPRESENTATION(#13,'Body','SweptSolid',(#2480));
#3099= IFCPRODUCTDEFINITIONSHAPE($,$,(#3098));
#3100= IFCCARTESIANPOINT((441926.084957792,392938.410238704,253.707008758734));
#3101= IFCAXIS2PLACEMENT3D(#3100,#2083,#676);
#3102= IFCLOCALPLACEMENT(#2893,#3101);
#3103= IFCBEAM('2NU$Octs55AvWrIXs$YDgh',#116,'ESP\S\ARRAGO','D28.57',$,#3102,#3099,'PS0(?)');
#3104= IFCPROPERTYSINGLEVALUE('GUID',$,IFCLABEL('977bf626-df61-452b-9835-4a1dbf88daab'),$);
#3105= IFCPROPERTYSET('1JH9K_2xD1MeU27LrQgZJD',#5,'VIGAS',$,(#2489,#2490,#59,#60,#2197,#63,#62,#64,#65,#2198,#2199,#68,#127,#128,#2826,#69,#2825,#2491,#2492,#2202,#2203,#2493,#2824,#2206,#2494,#2495,#2209,#2210,#2496,#2497,#3104,#2214,#2215,#2216,#2260,#2261,#2217,#2823,#2219,#2838,#2221,#2222,#2839));
#3106= IFCSHAPEREPRESENTATION(#13,'Body','SweptSolid',(#2480));
#3107= IFCPRODUCTDEFINITIONSHAPE($,$,(#3106));
#3108= IFCCARTESIANPOINT((441926.084955348,393061.685762515,253.707008758734));
#3109= IFCAXIS2PLACEMENT3D(#3108,#2083,#676);
#3110= IFCLOCALPLACEMENT(#2914,#3109);
#3111= IFCBEAM('2m6NY$uyfEmwEL2$VAwC8R',#116,'ESP\S\ARRAGO','D28.57',$,#3110,#3107,'PS0(?)');
#3112= IFCPROPERTYSINGLEVALUE('GUID',$,IFCLABEL('b01978bf-e3ca-4ec3-a395-0bf7cae8c21b'),$);
#3113= IFCPROPERTYSET('14xez$98PByAsFYud56RxW',#5,'VIGAS',$,(#2489,#2490,#59,#60,#2197,#63,#62,#64,#65,#2198,#2199,#68,#127,#128,#2826,#69,#2825,#2491,#2492,#2202,#2203,#2493,#2824,#2206,#2494,#2495,#2209,#2210,#2496,#2497,#3112,#2214,#2215,#2216,#2274,#2261,#2217,#2823,#2219,#2838,#2221,#2222,#2839));
#3114= IFCSHAPEREPRESENTATION(#13,'Body','SweptSolid',(#2480));
#3115= IFCPRODUCTDEFINITIONSHAPE($,$,(#3114));
#3116= IFCCARTESIANPOINT((441987.722715137,393168.445499023,253.707008758734));
#3117= IFCAXIS2PLACEMENT3D(#3116,#2083,#676);
#3118= IFCLOCALPLACEMENT(#2934,#3117);
#3119= IFCBEAM('06cXyZxO58lfyKWdSf1lm6',#116,'ESP\S\ARRAGO','D28.57',$,#3118,#3115,'PS0(?)');
#3120= IFCPROPERTYSINGLEVALUE('GUID',$,IFCLABEL('069a1f23-ed81-48be-9f14-82772906fc06'),$);
#3121= IFCPROPERTYSET('30LP09C2j6qRcJnzfUE8sP',#5,'VIGAS',$,(#2489,#2490,#59,#60,#2197,#63,#62,#64,#65,#2198,#2199,#68,#127,#128,#2826,#69,#2825,#2491,#2492,#2202,#2203,#2493,#2824,#2206,#2494,#2495,#2209,#2210,#2496,#2497,#3120,#2214,#2215,#2216,#2287,#2247,#2217,#2823,#2219,#2838,#2221,#2222,#2839));
#3122= IFCSHAPEREPRESENTATION(#13,'Body','SweptSolid',(#2480));
#3123= IFCPRODUCTDEFINITIONSHAPE($,$,(#3122));
#3124= IFCCARTESIANPOINT((442094.4824492,393230.083263046,253.707008758734));
#3125= IFCAXIS2PLACEMENT3D(#3124,#2083,#676);
#3126= IFCLOCALPLACEMENT(#2954,#3125);
#3127= IFCBEAM('2nGw1ADZP0wRy5YEZLBN79',#116,'ESP\S\ARRAGO','D28.57',$,#3126,#3123,'PS0(?)');
#3128= IFCPROPERTYSINGLEVALUE('GUID',$,IFCLABEL('b143a04a-3636-40e9-bf05-88e8d52d71c9'),$);
#3129= IFCPROPERTYSET('0akC1OBsf5Ov66sq8rjJq7',#5,'VIGAS',$,(#2489,#2490,#59,#60,#2197,#63,#62,#64,#65,#2198,#2199,#68,#127,#128,#2826,#69,#2825,#2491,#2492,#2202,#2203,#2493,#2824,#2206,#2494,#2495,#2209,#2210,#2496,#2497,#3128,#2214,#2215,#2216,#2300,#2301,#2217,#2823,#2219,#2838,#2221,#2222,#2839));
#3130= IFCSHAPEREPRESENTATION(#13,'Body','SweptSolid',(#2480));
#3131= IFCPRODUCTDEFINITIONSHAPE($,$,(#3130));
#3132= IFCCARTESIANPOINT((442217.757973012,393230.083265491,253.707008758734));
#3133= IFCAXIS2PLACEMENT3D(#3132,#2083,#676);
#3134= IFCLOCALPLACEMENT(#2974,#3133);
#3135= IFCBEAM('3qydyr6dj9rA_xd7Xnq_sJ',#116,'ESP\S\ARRAGO','D28.57',$,#3134,#3131,'PS0(?)');
#3136= IFCPROPERTYSINGLEVALUE('GUID',$,IFCLABEL('f4f27f35-1a7b-49d4-afbb-9c7871d3ed93'),$);
#3137= IFCPROPERTYSET('222N3FsQX2nOphJ8jiAMGL',#5,'VIGAS',$,(#2489,#2490,#59,#60,#2197,#63,#62,#64,#65,#2198,#2199,#68,#127,#128,#2826,#69,#2825,#2491,#2492,#2202,#2203,#2493,#2824,#2206,#2494,#2495,#2209,#2210,#2496,#2497,#3136,#2214,#2215,#2216,#2314,#2315,#2217,#2823,#2219,#2838,#2221,#2222,#2839));
#3138= IFCSHAPEREPRESENTATION(#13,'Body','SweptSolid',(#2480));
#3139= IFCPRODUCTDEFINITIONSHAPE($,$,(#3138));
#3140= IFCCARTESIANPOINT((442324.51770952,393168.445505702,253.707008758734));
#3141= IFCAXIS2PLACEMENT3D(#3140,#2083,#676);
#3142= IFCLOCALPLACEMENT(#2994,#3141);
#3143= IFCBEAM('2trDi0gYL0gO63nhOz3NdR',#116,'ESP\S\ARRAGO','D28.57',$,#3142,#3139,'PS0(?)');
#3144= IFCPROPERTYSINGLEVALUE('GUID',$,IFCLABEL('b7d4db00-aa25-40a9-8183-c6b63d0d79db'),$);
#3145= IFCPROPERTYSET('1nIQUTXAP1lu_VyCLt86eQ',#5,'VIGAS',$,(#2489,#2490,#59,#60,#2197,#63,#62,#64,#65,#2198,#2199,#68,#127,#128,#2826,#69,#2825,#2491,#2492,#2202,#2203,#2493,#2824,#2206,#2494,#2495,#2209,#2210,#2496,#2497,#3144,#2214,#2215,#2216,#2328,#2329,#2217,#2823,#2219,#2838,#2221,#2222,#2839));
#3146= IFCSHAPEREPRESENTATION(#13,'Body','SweptSolid',(#2480));
#3147= IFCPRODUCTDEFINITIONSHAPE($,$,(#3146));
#3148= IFCCARTESIANPOINT((442386.155473543,393061.685771638,253.707008758734));
#3149= IFCAXIS2PLACEMENT3D(#3148,#2083,#676);
#3150= IFCLOCALPLACEMENT(#3014,#3149);
#3151= IFCBEAM('2rjJbWwXb018cMITMp9Zf3',#116,'ESP\S\ARRAGO','D28.57',$,#3150,#3147,'PS0(?)');
#3152= IFCPROPERTYSINGLEVALUE('GUID',$,IFCLABEL('b5b53960-ea19-4004-8996-49d5b3263a43'),$);
#3153= IFCPROPERTYSET('1OY2nZ3uvBQvD52EiKlVcd',#5,'VIGAS',$,(#2489,#2490,#59,#60,#2197,#63,#62,#64,#65,#2198,#2199,#68,#127,#128,#2826,#69,#2825,#2491,#2492,#2202,#2203,#2493,#2824,#2206,#2494,#2495,#2209,#2210,#2496,#2497,#3152,#2214,#2215,#2216,#2342,#2343,#2217,#2823,#2219,#2838,#2221,#2222,#2839));
#3154= IFCSHAPEREPRESENTATION(#13,'Body','SweptSolid',(#2480));
#3155= IFCPRODUCTDEFINITIONSHAPE($,$,(#3154));
#3156= IFCCARTESIANPOINT((442386.155475987,392938.410247826,253.707008758734));
#3157= IFCAXIS2PLACEMENT3D(#3156,#2083,#676);
#3158= IFCLOCALPLACEMENT(#3034,#3157);
#3159= IFCBEAM('29ytm4ZQDDiOr25GAGflf9',#116,'ESP\S\ARRAGO','D28.57',$,#3158,#3155,'PS0(?)');
#3160= IFCPROPERTYSINGLEVALUE('GUID',$,IFCLABEL('89f37c04-8da3-4db1-8d42-150290a6fa49'),$);
#3161= IFCPROPERTYSET('3UQNYaZnf4F90xuXSQr9Qi',#5,'VIGAS',$,(#2489,#2490,#59,#60,#2197,#63,#62,#64,#65,#2198,#2199,#68,#127,#128,#2826,#69,#2825,#2491,#2492,#2202,#2203,#2493,#2824,#2206,#2494,#2495,#2209,#2210,#2496,#2497,#3160,#2214,#2215,#2216,#2260,#2343,#2217,#2823,#2219,#2838,#2221,#2222,#2839));
#3162= IFCSHAPEREPRESENTATION(#13,'Body','SweptSolid',(#2480));
#3163= IFCPRODUCTDEFINITIONSHAPE($,$,(#3162));
#3164= IFCCARTESIANPOINT((442324.517716198,392831.650511318,253.707008758734));
#3165= IFCAXIS2PLACEMENT3D(#3164,#2083,#676);
#3166= IFCLOCALPLACEMENT(#3054,#3165);
#3167= IFCBEAM('2CEeAqDdv7UAP_GFzkF5uT',#116,'ESP\S\ARRAGO','D28.57',$,#3166,#3163,'PS0(?)');
#3168= IFCPROPERTYSINGLEVALUE('GUID',$,IFCLABEL('8c3a82b4-367e-4778-a67e-40ff6e3c5e1d'),$);
#3169= IFCPROPERTYSET('10u_YmXM9DIfnGJxikCJsV',#5,'VIGAS',$,(#2489,#2490,#59,#60,#2197,#63,#62,#64,#65,#2198,#2199,#68,#127,#128,#2826,#69,#2825,#2491,#2492,#2202,#2203,#2493,#2824,#2206,#2494,#2495,#2209,#2210,#2496,#2497,#3168,#2214,#2215,#2216,#2246,#2368,#2217,#2823,#2219,#2838,#2221,#2222,#2839));
#3170= IFCOWNERHISTORY(#3,#4,$,.NOCHANGE.,$,$,$,1777903200);
#3171= IFCLOCALPLACEMENT(#45,#10);
#3172= IFCELEMENTASSEMBLY('1iBlYdMCP0mQlERaxax1Ln',#3170,'GROUT',$,$,#3171,$,'CPS0(?)',.NOTDEFINED.,.NOTDEFINED.);
#3173= IFCPROPERTYSINGLEVALUE('AREA_FORM_BOTTOM',$,IFCAREAMEASURE(0.0676),$);
#3174= IFCPROPERTYSINGLEVALUE('TOP_LEVEL_BASEPOINT',$,IFCLABEL(' +99.130'),$);
#3175= IFCPROPERTYSINGLEVALUE('COG_Y_BASEPOINT',$,IFCLENGTHMEASURE(393478.63872),$);
#3176= IFCPROPERTYSINGLEVALUE('COG_X_BASEPOINT',$,IFCLENGTHMEASURE(442156.12022),$);
#3177= IFCPROPERTYSINGLEVALUE('WEIGHT_NET',$,IFCMASSMEASURE(0.),$);
#3178= IFCPROPERTYSINGLEVALUE('VOLUME_NET',$,IFCVOLUMEMEASURE(0.0016),$);
#3179= IFCPROPERTYSINGLEVALUE('HISTORY.CREATED',$,IFCLABEL('15.04.2026 11:07:23'),$);
#3180= IFCPROPERTYSINGLEVALUE('HISTORY.MODIFIED',$,IFCLABEL('04.05.2026 11:38:53'),$);
#3181= IFCPROPERTYSINGLEVALUE('GUID',$,IFCLABEL('6c2ef8a7-58c6-40c1-abce-6e4ee4ec1571'),$);
#3182= IFCPROPERTYSET('35$bTOFyr3i8QQ$xRPwHw3',#5,'Fundacion',$,(#3173,#100,#101,#2598,#3174,#3175,#3176,#3177,#3178,#59,#60,#61,#62,#63,#64,#65,#66,#67,#68,#69,#3179,#71,#127,#128,#3180,#3181));
#3183= IFCQUANTITYLENGTH('Width',$,$,30.);
#3184= IFCELEMENTQUANTITY('00P74_WnT5Y9l_Puo0194h',#5,'BaseQuantities',$,$,(#3183));
#3185= IFCSURFACESTYLE('Undefined/GROUT',.POSITIVE.,(#2611));
#3186= IFCPRESENTATIONSTYLEASSIGNMENT((#3185));
#3187= IFCCARTESIANPOINT((260.,0.));
#3188= IFCCARTESIANPOINT((260.,260.));
#3189= IFCCARTESIANPOINT((0.,260.));
#3190= IFCPOLYLINE((#84,#3187,#3188,#3189,#84));
#3191= IFCARBITRARYCLOSEDPROFILEDEF(.AREA.,'PL30*260',#3190);
#3192= IFCCARTESIANPOINT((0.,0.,-15.));
#3193= IFCAXIS2PLACEMENT3D(#3192,#9,#7);
#3194= IFCEXTRUDEDAREASOLID(#3191,#3193,#9,30.);
#3195= IFCCARTESIANPOINT((58.4264068715856,-7.56699591875076E-10));
#3196= IFCCARTESIANPOINT((29.2132034355891,29.2132034355891));
#3197= IFCPOLYLINE((#84,#3195,#3196,#84));
#3198= IFCARBITRARYCLOSEDPROFILEDEF(.AREA.,'PL276*41',#3197);
#3199= IFCDIRECTION((0.707106781186519,0.,0.707106781186576));
#3200= IFCCARTESIANPOINT((-5.65685424947878,268.,-20.6568542494924));
#3201= IFCAXIS2PLACEMENT3D(#3200,#87,#3199);
#3202= IFCEXTRUDEDAREASOLID(#3198,#3201,#9,276.);
#3203= IFCBOOLEANRESULT(.DIFFERENCE.,#3194,#3202);
#3204= IFCCARTESIANPOINT((56.4264068715274,-8.14907252788543E-10));
#3205= IFCCARTESIANPOINT((28.2132034355891,28.2132034355891));
#3206= IFCPOLYLINE((#84,#3204,#3205,#84));
#3207= IFCARBITRARYCLOSEDPROFILEDEF(.AREA.,'PL274*40',#3206);
#3208= IFCDIRECTION((0.,-0.707106781186365,0.70710678118673));
#3209= IFCCARTESIANPOINT((267.,264.949747468287,-19.9497474683059));
#3210= IFCAXIS2PLACEMENT3D(#3209,#88,#3208);
#3211= IFCEXTRUDEDAREASOLID(#3207,#3210,#9,274.);
#3212= IFCBOOLEANRESULT(.DIFFERENCE.,#3203,#3211);
#3213= IFCCARTESIANPOINT((54.4264068715274,-8.14907252788544E-10));
#3214= IFCCARTESIANPOINT((27.2132034355891,27.2132034355891));
#3215= IFCPOLYLINE((#84,#3213,#3214,#84));
#3216= IFCARBITRARYCLOSEDPROFILEDEF(.AREA.,'PL272*38',#3215);
#3217= IFCDIRECTION((-0.707106781186309,0.,0.707106781186786));
#3218= IFCCARTESIANPOINT((264.242640687095,-6.,-19.2426406871193));
#3219= IFCAXIS2PLACEMENT3D(#3218,#8,#3217);
#3220= IFCEXTRUDEDAREASOLID(#3216,#3219,#9,272.);
#3221= IFCBOOLEANRESULT(.DIFFERENCE.,#3212,#3220);
#3222= IFCCARTESIANPOINT((52.426406871702,-8.73114913702011E-10));
#3223= IFCCARTESIANPOINT((26.2132034355891,26.2132034355891));
#3224= IFCPOLYLINE((#84,#3222,#3223,#84));
#3225= IFCARBITRARYCLOSEDPROFILEDEF(.AREA.,'PL270*37',#3224);
#3226= IFCDIRECTION((0.,0.707106781186641,0.707106781186454));
#3227= IFCCARTESIANPOINT((-5.,-3.53553390596062,-18.5355339059328));
#3228= IFCAXIS2PLACEMENT3D(#3227,#7,#3226);
#3229= IFCEXTRUDEDAREASOLID(#3225,#3228,#9,270.);
#3230= IFCBOOLEANRESULT(.DIFFERENCE.,#3221,#3229);
#3231= IFCSHAPEREPRESENTATION(#13,'Body','CSG',(#3230));
#3232= IFCSTYLEDITEM(#3194,(#3186),$);
#3233= IFCPRODUCTDEFINITIONSHAPE($,$,(#3231));
#3234= IFCCARTESIANPOINT((442026.120215082,393608.638721379,-885.019999999916));
#3235= IFCAXIS2PLACEMENT3D(#3234,#9,#87);
#3236= IFCLOCALPLACEMENT(#3171,#3235);
#3237= IFCPLATE('0wIGcJB917DAMLSfD$zyWD',#3170,'GROUT','PL30*260',$,#3236,#3233,'PS0(?)');
#3238= IFCPLATETYPE('22KPWcmnXF$ewQbn07M4hT',#5,'PL30*260',$,$,$,$,$,$,.NOTDEFINED.);
#3239= IFCPROPERTYSET('1zGHmh7EL0Zh1tcbByX98h',#5,'Pset_PlateCommon','Common Properties to plate elements',(#688,#689));
#3240= IFCQUANTITYLENGTH('Width',$,$,260.000000000582);
#3241= IFCQUANTITYAREA('NetArea',$,$,0.146632294315488);
#3242= IFCQUANTITYAREA('GrossArea',$,$,0.0675999999974575);
#3243= IFCQUANTITYAREA('CrossSectionArea',$,$,0.0009);
#3244= IFCQUANTITYVOLUME('NetVolume',$,$,0.00159599999988956);
#3245= IFCQUANTITYVOLUME('GrossVolume',$,$,0.002028);
#3246= IFCELEMENTQUANTITY('1p6RC7yaXBXRMQ$wGDU1gp',#5,'BaseQuantities',$,$,(#3240,#3241,#3242,#3243,#3244,#3245));
#3247= IFCMATERIAL('Undefined/GROUT');
#3248= IFCLOCALPLACEMENT(#45,#10);
#3249= IFCELEMENTASSEMBLY('3AqrKnO01BYgT9ge2HnG58',#3170,'GROUT',$,$,#3248,$,'CPS0(?)',.NOTDEFINED.,.NOTDEFINED.);
#3250= IFCPROPERTYSINGLEVALUE('COG_Y_BASEPOINT',$,IFCLENGTHMEASURE(392760.75583),$);
#3251= IFCPROPERTYSINGLEVALUE('COG_X_BASEPOINT',$,IFCLENGTHMEASURE(441741.6499),$);
#3252= IFCPROPERTYSINGLEVALUE('GUID',$,IFCLABEL('cad35531-6000-4b8a-a749-aa8091c50148'),$);
#3253= IFCPROPERTYSET('2Y4CIIT055682dbOMd_min',#5,'Fundacion',$,(#3173,#100,#101,#2598,#3174,#3250,#3251,#3177,#3178,#59,#60,#61,#62,#63,#64,#65,#66,#67,#68,#69,#3179,#71,#127,#128,#3180,#3252));
#3254= IFCBOOLEANRESULT(.DIFFERENCE.,#3194,#3202);
#3255= IFCBOOLEANRESULT(.DIFFERENCE.,#3254,#3211);
#3256= IFCBOOLEANRESULT(.DIFFERENCE.,#3255,#3220);
#3257= IFCBOOLEANRESULT(.DIFFERENCE.,#3256,#3229);
#3258= IFCSHAPEREPRESENTATION(#13,'Body','CSG',(#3257));
#3259= IFCPRODUCTDEFINITIONSHAPE($,$,(#3258));
#3260= IFCCARTESIANPOINT((441694.066599276,392583.172523288,-885.019999999916));
#3261= IFCAXIS2PLACEMENT3D(#3260,#9,#2023);
#3262= IFCLOCALPLACEMENT(#3248,#3261);
#3263= IFCPLATE('3yf1XX$gT0Gx8QtVxlg2bY',#3170,'GROUT','PL30*260',$,#3262,#3259,'PS0(?)');
#3264= IFCQUANTITYAREA('NetArea',$,$,0.146632294310185);
#3265= IFCQUANTITYVOLUME('NetVolume',$,$,0.00159599999982772);
#3266= IFCQUANTITYVOLUME('GrossVolume',$,$,0.00202799999992143);
#3267= IFCELEMENTQUANTITY('1xV9DuZWz0pwMCkp3c31Tg',#5,'BaseQuantities',$,$,(#3240,#3264,#3242,#3243,#3265,#3266));
#3268= IFCLOCALPLACEMENT(#45,#10);
#3269= IFCELEMENTASSEMBLY('3pZSfsBxL18RhhF0sp$YJU',#3170,'GROUT',$,$,#3268,$,'CPS0(?)',.NOTDEFINED.,.NOTDEFINED.);
#3270= IFCPROPERTYSINGLEVALUE('COG_Y_BASEPOINT',$,IFCLENGTHMEASURE(392760.75545),$);
#3271= IFCPROPERTYSINGLEVALUE('COG_X_BASEPOINT',$,IFCLENGTHMEASURE(442570.58988),$);
#3272= IFCPROPERTYSINGLEVALUE('GUID',$,IFCLABEL('f38dca76-2fb5-4121-baeb-3c0db3fe24de'),$);
#3273= IFCPROPERTYSET('1Gc5Xlv$z2i8Pl2bdZLpv9',#5,'Fundacion',$,(#3173,#100,#101,#2598,#3174,#3270,#3271,#3177,#3178,#59,#60,#61,#62,#63,#64,#65,#66,#67,#68,#69,#3179,#71,#127,#128,#3180,#3272));
#3274= IFCBOOLEANRESULT(.DIFFERENCE.,#3194,#3202);
#3275= IFCBOOLEANRESULT(.DIFFERENCE.,#3274,#3211);
#3276= IFCBOOLEANRESULT(.DIFFERENCE.,#3275,#3220);
#3277= IFCBOOLEANRESULT(.DIFFERENCE.,#3276,#3229);
#3278= IFCSHAPEREPRESENTATION(#13,'Body','CSG',(#3277));
#3279= IFCPRODUCTDEFINITIONSHAPE($,$,(#3278));
#3280= IFCCARTESIANPOINT((442748.173185442,392808.338755447,-885.019999999971));
#3281= IFCAXIS2PLACEMENT3D(#3280,#9,#2104);
#3282= IFCLOCALPLACEMENT(#3268,#3281);
#3283= IFCPLATE('30FmVTdwrAo8pIPmqjIbm8',#3170,'GROUT','PL30*260',$,#3282,#3279,'PS0(?)');
#3284= IFCLOCALPLACEMENT(#45,#10);
#3285= IFCELEMENTASSEMBLY('1aMLkeEjz7JhA9TL0whujs',#2593,'COLUMNA',$,$,#3284,$,'C0(?)',.NOTDEFINED.,.NOTDEFINED.);
#3286= IFCPROPERTYSINGLEVALUE('AREA_FORM_BOTTOM',$,IFCAREAMEASURE(0.08541),$);
#3287= IFCPROPERTYSINGLEVALUE('BOTTOM_LEVEL_BASEPOINT',$,IFCLABEL(' +99.130'),$);
#3288= IFCPROPERTYSINGLEVALUE('TOP_LEVEL_BASEPOINT',$,IFCLABEL(' +99.882'),$);
#3289= IFCPROPERTYSINGLEVALUE('WEIGHT_NET',$,IFCMASSMEASURE(14.14539),$);
#3290= IFCPROPERTYSINGLEVALUE('VOLUME_NET',$,IFCVOLUMEMEASURE(0.0018),$);
#3291= IFCPROPERTYSINGLEVALUE('HISTORY.CREATED',$,IFCLABEL('14.04.2026 18:35:26'),$);
#3292= IFCPROPERTYSINGLEVALUE('GUID',$,IFCLABEL('64595ba8-3adf-474e-b289-75503aaf8b76'),$);
#3293= IFCPROPERTYSET('1v25_b8JnBBxaeDOvj3lyZ',#5,'Fundacion',$,(#3286,#100,#101,#3287,#3288,#3250,#3251,#3289,#3290,#59,#60,#61,#62,#63,#64,#65,#66,#67,#68,#69,#3291,#71,#127,#128,#2605,#3292));
#3294= IFCQUANTITYLENGTH('Width',$,$,199.999999996126);
#3295= IFCELEMENTQUANTITY('1pAzHUdZr6BuUGJq0_nJLf',#5,'BaseQuantities',$,$,(#3294));
#3296= IFCCARTESIANPOINT((-37.4999999996217,8.14907252788544E-10,5.65685424949299));
#3297= IFCCARTESIANPOINT((-37.4999999996217,8.14907252788544E-10,0.));
#3298= IFCCARTESIANPOINT((37.4999999996799,-8.14907252788544E-10,0.));
#3299= IFCCARTESIANPOINT((37.4999999996799,-8.14907252788544E-10,5.65685424949299));
#3300= IFCPOLYLOOP((#3296,#3297,#3298,#3299));
#3301= IFCFACEOUTERBOUND(#3300,.T.);
#3302= IFCFACE((#3301));
#3303= IFCCARTESIANPOINT((-37.499999999447,5.65685425023548,0.));
#3304= IFCCARTESIANPOINT((37.4999999998254,5.65685424872208,0.));
#3305= IFCPOLYLOOP((#3297,#3303,#3304,#3298));
#3306= IFCFACEOUTERBOUND(#3305,.T.);
#3307= IFCFACE((#3306));
#3308= IFCPOLYLOOP((#3303,#3296,#3299,#3304));
#3309= IFCFACEOUTERBOUND(#3308,.T.);
#3310= IFCFACE((#3309));
#3311= IFCPOLYLOOP((#3304,#3299,#3298));
#3312= IFCFACEOUTERBOUND(#3311,.T.);
#3313= IFCFACE((#3312));
#3314= IFCPOLYLOOP((#3303,#3297,#3296));
#3315= IFCFACEOUTERBOUND(#3314,.T.);
#3316= IFCFACE((#3315));
#3317= IFCCARTESIANPOINT((37.499999999447,-10.0000000006985,5.65685424949174));
#3318= IFCCARTESIANPOINT((37.499999999447,-10.0000000006985,0.));
#3319= IFCCARTESIANPOINT((-37.4999999997963,-9.99999999918509,0.));
#3320= IFCCARTESIANPOINT((-37.4999999997963,-9.99999999918509,5.65685424949174));
#3321= IFCPOLYLOOP((#3317,#3318,#3319,#3320));
#3322= IFCFACEOUTERBOUND(#3321,.T.);
#3323= IFCFACE((#3322));
#3324= IFCCARTESIANPOINT((37.4999999993015,-15.6568542501191,0.));
#3325= IFCCARTESIANPOINT((-37.4999999999418,-15.6568542486057,0.));
#3326= IFCPOLYLOOP((#3318,#3324,#3325,#3319));
#3327= IFCFACEOUTERBOUND(#3326,.T.);
#3328= IFCFACE((#3327));
#3329= IFCPOLYLOOP((#3324,#3317,#3320,#3325));
#3330= IFCFACEOUTERBOUND(#3329,.T.);
#3331= IFCFACE((#3330));
#3332= IFCPOLYLOOP((#3325,#3320,#3319));
#3333= IFCFACEOUTERBOUND(#3332,.T.);
#3334= IFCFACE((#3333));
#3335= IFCPOLYLOOP((#3324,#3318,#3317));
#3336= IFCFACEOUTERBOUND(#3335,.T.);
#3337= IFCFACE((#3336));
#3338= IFCCLOSEDSHELL((#3302,#3307,#3310,#3313,#3316,#3323,#3328,#3331,#3334,#3337));
#3339= IFCFACETEDBREP(#3338);
#3340= IFCSTYLEDITEM(#3339,(#137),$);
#3341= IFCSHAPEREPRESENTATION(#13,'Body','Brep',(#3339));
#3342= IFCPRODUCTDEFINITIONSHAPE($,$,(#3341));
#3343= IFCCARTESIANPOINT((441709.794774744,392805.930524289,-854.119999999915));
#3344= IFCDIRECTION((-0.49999999990652,0.866025403838409,0.));
#3345= IFCAXIS2PLACEMENT3D(#3343,#9,#3344);
#3346= IFCLOCALPLACEMENT(#3284,#3345);
#3347= IFCFASTENER('2C_WaENPP08w08exu7SCDq',#3170,'Weld',$,$,#3346,#3342,'ID8cfa090e-5d96-4023-a008-a3be0770c374');
#3348= IFCCARTESIANPOINT((-42.5,2.09547579288483E-09,5.65685424944968));
#3349= IFCCARTESIANPOINT((-42.5,0.,-2.91038304567337E-11));
#3350= IFCCARTESIANPOINT((42.5,0.,-2.91038304567337E-11));
#3351= IFCCARTESIANPOINT((42.5,2.09547579288483E-09,5.65685424944968));
#3352= IFCPOLYLOOP((#3348,#3349,#3350,#3351));
#3353= IFCFACEOUTERBOUND(#3352,.T.);
#3354= IFCFACE((#3353));
#3355= IFCCARTESIANPOINT((-42.5,5.65685424942058,-2.27009877562523E-09));
#3356= IFCCARTESIANPOINT((42.5,5.65685424942058,-2.27009877562523E-09));
#3357= IFCPOLYLOOP((#3349,#3355,#3356,#3350));
#3358= IFCFACEOUTERBOUND(#3357,.T.);
#3359= IFCFACE((#3358));
#3360= IFCPOLYLOOP((#3355,#3348,#3351,#3356));
#3361= IFCFACEOUTERBOUND(#3360,.T.);
#3362= IFCFACE((#3361));
#3363= IFCPOLYLOOP((#3356,#3351,#3350));
#3364= IFCFACEOUTERBOUND(#3363,.T.);
#3365= IFCFACE((#3364));
#3366= IFCPOLYLOOP((#3355,#3349,#3348));
#3367= IFCFACEOUTERBOUND(#3366,.T.);
#3368= IFCFACE((#3367));
#3369= IFCCARTESIANPOINT((42.5,-9.99999999778811,5.65685424912954));
#3370= IFCCARTESIANPOINT((42.5,-10.,-2.3283064365387E-10));
#3371= IFCCARTESIANPOINT((-42.5,-10.,-2.3283064365387E-10));
#3372= IFCCARTESIANPOINT((-42.5,-9.99999999778811,5.65685424912954));
#3373= IFCPOLYLOOP((#3369,#3370,#3371,#3372));
#3374= IFCFACEOUTERBOUND(#3373,.T.);
#3375= IFCFACE((#3374));
#3376= IFCCARTESIANPOINT((42.5,-15.6568542493042,2.00816430151463E-09));
#3377= IFCCARTESIANPOINT((-42.5,-15.6568542493042,2.00816430151463E-09));
#3378= IFCPOLYLOOP((#3370,#3376,#3377,#3371));
#3379= IFCFACEOUTERBOUND(#3378,.T.);
#3380= IFCFACE((#3379));
#3381= IFCPOLYLOOP((#3376,#3369,#3372,#3377));
#3382= IFCFACEOUTERBOUND(#3381,.T.);
#3383= IFCFACE((#3382));
#3384= IFCPOLYLOOP((#3377,#3372,#3371));
#3385= IFCFACEOUTERBOUND(#3384,.T.);
#3386= IFCFACE((#3385));
#3387= IFCPOLYLOOP((#3376,#3370,#3369));
#3388= IFCFACEOUTERBOUND(#3387,.T.);
#3389= IFCFACE((#3388));
#3390= IFCCLOSEDSHELL((#3354,#3359,#3362,#3365,#3368,#3375,#3380,#3383,#3386,#3389));
#3391= IFCFACETEDBREP(#3390);
#3392= IFCSTYLEDITEM(#3391,(#137),$);
#3393= IFCSHAPEREPRESENTATION(#13,'Body','Brep',(#3391));
#3394= IFCPRODUCTDEFINITIONSHAPE($,$,(#3393));
#3395= IFCCARTESIANPOINT((441736.044774738,392760.464190588,-796.619999999915));
#3396= IFCAXIS2PLACEMENT3D(#3395,#3344,#676);
#3397= IFCLOCALPLACEMENT(#3284,#3396);
#3398= IFCFASTENER('29hSbNdk1Cuv$lNWdURa_0',#3170,'Weld',$,$,#3397,#3394,'ID89adc957-9ee0-4ce3-9fef-5e09de6e4f80');
#3399= IFCCARTESIANPOINT((21.2132034354872,4.22005541622639E-10));
#3400= IFCCARTESIANPOINT((74.2462120246782,53.033008592407));
#3401= IFCCARTESIANPOINT((60.1040764011123,67.1751442163077));
#3402= IFCCARTESIANPOINT((-38.8908729644027,81.3172798384039));
#3403= IFCCARTESIANPOINT((-60.10407640005,60.1040764016216));
#3404= IFCPOLYLINE((#84,#3399,#3400,#3401,#3402,#3403,#84));
#3405= IFCARBITRARYCLOSEDPROFILEDEF(.AREA.,'PL10*90',#3404);
#3406= IFCCARTESIANPOINT((-7.27596665111269E-11,2.9103365712697E-11,-5.));
#3407= IFCAXIS2PLACEMENT3D(#3406,#9,#7);
#3408= IFCEXTRUDEDAREASOLID(#3405,#3407,#9,10.);
#3409= IFCSHAPEREPRESENTATION(#13,'Body','SweptSolid',(#3408));
#3410= IFCSTYLEDITEM(#3408,(#644),$);
#3411= IFCPRODUCTDEFINITIONSHAPE($,$,(#3409));
#3412= IFCCARTESIANPOINT((441740.374901805,392762.964190505,-839.119999999915));
#3413= IFCDIRECTION((-0.353553390929373,0.612372435879144,-0.707106780859713));
#3414= IFCAXIS2PLACEMENT3D(#3412,#2023,#3413);
#3415= IFCLOCALPLACEMENT(#3284,#3414);
#3416= IFCPLATE('3tBeP6uljEhudBnpbTs6nn',#3170,'PLACA','PL10*90',$,#3415,#3411,'IDf72e8646-e2fb-4eaf-89cb-c7395dd86c71');
#3417= IFCPLATETYPE('1qN_NRTkDBChxkuXQk04Yb',#5,'PL10*90',$,$,$,$,$,$,.NOTDEFINED.);
#3418= IFCPROPERTYSINGLEVALUE('Reference',$,IFCIDENTIFIER('P0(?)'),$);
#3419= IFCPROPERTYSET('2D3YBUthj0XeKZVNsUOmVN',#5,'Pset_PlateCommon','Common Properties to plate elements',(#688,#3418));
#3420= IFCQUANTITYLENGTH('Width',$,$,90.000000004909);
#3421= IFCQUANTITYAREA('NetArea',$,$,0.0162871320348477);
#3422= IFCQUANTITYAREA('GrossArea',$,$,0.00900000000058101);
#3423= IFCQUANTITYAREA('CrossSectionArea',$,$,0.0001);
#3424= IFCQUANTITYVOLUME('NetVolume',$,$,6.48750000036543E-05);
#3425= IFCQUANTITYVOLUME('GrossVolume',$,$,6.48750000036543E-05);
#3426= IFCELEMENTQUANTITY('2Sw64UEN96QgF9m7jHaI8s',#5,'BaseQuantities',$,$,(#3420,#3421,#3422,#3423,#3424,#3425));
#3427= IFCSHAPEREPRESENTATION(#13,'Body','Brep',(#3339));
#3428= IFCPRODUCTDEFINITIONSHAPE($,$,(#3427));
#3429= IFCCARTESIANPOINT((441773.505028817,392715.581127243,-854.119999999915));
#3430= IFCDIRECTION((0.49999999990652,-0.866025403838409,0.));
#3431= IFCAXIS2PLACEMENT3D(#3429,#9,#3430);
#3432= IFCLOCALPLACEMENT(#3284,#3431);
#3433= IFCFASTENER('084OWu7rXAm8qkWyF185IK',#3170,'Weld',$,$,#3432,#3428,'ID08118838-1f58-4ac0-8d2e-83c3c1205494');
#3434= IFCSHAPEREPRESENTATION(#13,'Body','Brep',(#3391));
#3435= IFCPRODUCTDEFINITIONSHAPE($,$,(#3434));
#3436= IFCCARTESIANPOINT((441747.255028823,392761.047460945,-796.619999999915));
#3437= IFCAXIS2PLACEMENT3D(#3436,#3430,#676);
#3438= IFCLOCALPLACEMENT(#3284,#3437);
#3439= IFCFASTENER('2fIDPNKm12uRX8veCrVfhH',#3170,'Weld',$,$,#3438,#3435,'IDa948d657-5300-42e1-b848-e683357e9ad1');
#3440= IFCSHAPEREPRESENTATION(#13,'Body','SweptSolid',(#3408));
#3441= IFCPRODUCTDEFINITIONSHAPE($,$,(#3440));
#3442= IFCCARTESIANPOINT((441742.924901756,392758.547461028,-839.119999999915));
#3443= IFCDIRECTION((0.353553390929373,-0.612372435879144,-0.707106780859713));
#3444= IFCAXIS2PLACEMENT3D(#3442,#1989,#3443);
#3445= IFCLOCALPLACEMENT(#3284,#3444);
#3446= IFCPLATE('2hhcYuzevFvBB7xXBecYhE',#3170,'PLACA','PL10*90',$,#3445,#3441,'IDabae68b8-f68e-4fe4-b2c7-ee12e89a2ace');
#3447= IFCQUANTITYLENGTH('Width',$,$,90.0000000049317);
#3448= IFCQUANTITYAREA('GrossArea',$,$,0.00900000000058328);
#3449= IFCELEMENTQUANTITY('3USi82wWj1aBQ$aVe1tg8d',#5,'BaseQuantities',$,$,(#3447,#3421,#3448,#3423,#3424,#3425));
#3450= IFCLOCALPLACEMENT(#45,#10);
#3451= IFCELEMENTASSEMBLY('0xqNUfacnDbAGZgatnGyku',#2593,'COLUMNA',$,$,#3450,$,'C0(?)',.NOTDEFINED.,.NOTDEFINED.);
#3452= IFCPROPERTYSINGLEVALUE('GUID',$,IFCLABEL('3bd177a9-926c-4d94-a423-aa4df143cbb8'),$);
#3453= IFCPROPERTYSET('1lsQUErtz7hQu10WF$0Yyw',#5,'Fundacion',$,(#3286,#100,#101,#3287,#3288,#3175,#3176,#3289,#3290,#59,#60,#61,#62,#63,#64,#65,#66,#67,#68,#69,#3291,#71,#127,#128,#2605,#3452));
#3454= IFCQUANTITYLENGTH('Width',$,$,200.);
#3455= IFCELEMENTQUANTITY('25Y2CdPs53qBeKuUpgkExx',#5,'BaseQuantities',$,$,(#3454));
#3456= IFCSHAPEREPRESENTATION(#13,'Body','Brep',(#3339));
#3457= IFCPRODUCTDEFINITIONSHAPE($,$,(#3456));
#3458= IFCCARTESIANPOINT((442211.170215129,393483.638721379,-854.119999999915));
#3459= IFCAXIS2PLACEMENT3D(#3458,#9,#7);
#3460= IFCLOCALPLACEMENT(#3450,#3459);
#3461= IFCFASTENER('3m6FF$ekj0E8DQn8Fjp_38',#3170,'Weld',$,$,#3460,#3457,'IDf018f3ff-a2eb-4038-835a-c483edcfe0c8');
#3462= IFCSHAPEREPRESENTATION(#13,'Body','Brep',(#3391));
#3463= IFCPRODUCTDEFINITIONSHAPE($,$,(#3462));
#3464= IFCCARTESIANPOINT((442158.670215129,393483.638721379,-796.619999999915));
#3465= IFCAXIS2PLACEMENT3D(#3464,#7,#676);
#3466= IFCLOCALPLACEMENT(#3450,#3465);
#3467= IFCFASTENER('2FsSVK0Z9CYv5YdyzRKpMm',#3170,'Weld',$,$,#3466,#3463,'ID8fd9c7d4-0232-4c8b-9162-9fcf5b5335b0');
#3468= IFCSHAPEREPRESENTATION(#13,'Body','SweptSolid',(#3408));
#3469= IFCPRODUCTDEFINITIONSHAPE($,$,(#3468));
#3470= IFCCARTESIANPOINT((442158.670215034,393478.638721379,-839.119999999915));
#3471= IFCDIRECTION((0.707106781187092,0.,-0.707106781186004));
#3472= IFCAXIS2PLACEMENT3D(#3470,#87,#3471);
#3473= IFCLOCALPLACEMENT(#3450,#3472);
#3474= IFCPLATE('2vbEYTLD163QHbprZqbRVm',#3170,'PLACA','PL10*90',$,#3473,#3469,'IDb994e89d-54d0-460d-a465-cf58f495b7f0');
#3475= IFCQUANTITYLENGTH('Width',$,$,90.0000000023521);
#3476= IFCQUANTITYAREA('NetArea',$,$,0.0162871320347607);
#3477= IFCQUANTITYAREA('GrossArea',$,$,0.00900000000023696);
#3478= IFCQUANTITYVOLUME('NetVolume',$,$,6.48750000018026E-05);
#3479= IFCQUANTITYVOLUME('GrossVolume',$,$,6.48750000018026E-05);
#3480= IFCELEMENTQUANTITY('2g966whOP2QxKIlg8_VOX$',#5,'BaseQuantities',$,$,(#3475,#3476,#3477,#3423,#3478,#3479));
#3481= IFCSHAPEREPRESENTATION(#13,'Body','Brep',(#3339));
#3482= IFCPRODUCTDEFINITIONSHAPE($,$,(#3481));
#3483= IFCCARTESIANPOINT((442101.070215034,393473.638721379,-854.119999999915));
#3484= IFCAXIS2PLACEMENT3D(#3483,#9,#88);
#3485= IFCLOCALPLACEMENT(#3450,#3484);
#3486= IFCFASTENER('0205z5sMT0XeEeLy$JOsiw',#3170,'Weld',$,$,#3485,#3482,'ID02005f45-d967-4086-83a8-57cfd3636b3a');
#3487= IFCSHAPEREPRESENTATION(#13,'Body','Brep',(#3391));
#3488= IFCPRODUCTDEFINITIONSHAPE($,$,(#3487));
#3489= IFCCARTESIANPOINT((442153.570215034,393473.638721379,-796.619999999915));
#3490= IFCAXIS2PLACEMENT3D(#3489,#88,#676);
#3491= IFCLOCALPLACEMENT(#3450,#3490);
#3492= IFCFASTENER('2vMConYqvFOhbgVVkWYA1p',#3170,'Weld',$,$,#3491,#3488,'IDb958ccb1-8b4e-4f62-b96a-7dfba088a073');
#3493= IFCSHAPEREPRESENTATION(#13,'Body','SweptSolid',(#3408));
#3494= IFCPRODUCTDEFINITIONSHAPE($,$,(#3493));
#3495= IFCCARTESIANPOINT((442153.570215129,393478.638721379,-839.119999999915));
#3496= IFCDIRECTION((-0.707106781187092,0.,-0.707106781186004));
#3497= IFCAXIS2PLACEMENT3D(#3495,#8,#3496);
#3498= IFCLOCALPLACEMENT(#3450,#3497);
#3499= IFCPLATE('0lGOcathfBpOqysYn1DILy',#3170,'PLACA','PL10*90',$,#3498,#3494,'ID2f4189a4-deba-4bcd-8d3c-da2c4135257c');
#3500= IFCLOCALPLACEMENT(#45,#10);
#3501= IFCELEMENTASSEMBLY('0UfeyA3M10IQh8rc7o3QX8',#2593,'COLUMNA',$,$,#3500,$,'C0(?)',.NOTDEFINED.,.NOTDEFINED.);
#3502= IFCPROPERTYSINGLEVALUE('GUID',$,IFCLABEL('1ea68f0a-0d60-4049-aac8-d661f20da848'),$);
#3503= IFCPROPERTYSET('1PCKOOmpbBTf63ZrMeWPJa',#5,'Fundacion',$,(#3286,#100,#101,#3287,#3288,#3270,#3271,#3289,#3290,#59,#60,#61,#62,#63,#64,#65,#66,#67,#68,#69,#3291,#71,#127,#128,#2605,#3502));
#3504= IFCSHAPEREPRESENTATION(#13,'Body','Brep',(#3339));
#3505= IFCPRODUCTDEFINITIONSHAPE($,$,(#3504));
#3506= IFCCARTESIANPOINT((442547.395009966,392710.580754412,-854.119999999971));
#3507= IFCDIRECTION((-0.49999999990652,-0.866025403838409,0.));
#3508= IFCAXIS2PLACEMENT3D(#3506,#9,#3507);
#3509= IFCLOCALPLACEMENT(#3500,#3508);
#3510= IFCFASTENER('2oXDaAbEjEVv7HbD$z5mAw',#3170,'Weld',$,$,#3509,#3505,'IDb284d90a-94eb-4e7f-91d1-94dffd1702ba');
#3511= IFCSHAPEREPRESENTATION(#13,'Body','Brep',(#3391));
#3512= IFCPRODUCTDEFINITIONSHAPE($,$,(#3511));
#3513= IFCCARTESIANPOINT((442573.64500996,392756.047088113,-796.619999999971));
#3514= IFCAXIS2PLACEMENT3D(#3513,#3507,#676);
#3515= IFCLOCALPLACEMENT(#3500,#3514);
#3516= IFCFASTENER('1rlYimbjf1PuTc3F5gu6Ce',#3170,'Weld',$,$,#3515,#3512,'ID75be2b30-96da-4167-8766-0cf16ae06328');
#3517= IFCSHAPEREPRESENTATION(#13,'Body','SweptSolid',(#3408));
#3518= IFCPRODUCTDEFINITIONSHAPE($,$,(#3517));
#3519= IFCCARTESIANPOINT((442569.314882988,392758.547088195,-839.119999999971));
#3520= IFCDIRECTION((-0.353553390928965,-0.612372435878436,-0.70710678086053));
#3521= IFCAXIS2PLACEMENT3D(#3519,#2104,#3520);
#3522= IFCLOCALPLACEMENT(#3500,#3521);
#3523= IFCPLATE('2GiOjo2SLDJQQo635lTIDg',#3170,'PLACA','PL10*90',$,#3522,#3518,'ID90b18b72-09c5-4d4d-a6b2-18316f75236a');
#3524= IFCQUANTITYLENGTH('Width',$,$,90.0000000047612);
#3525= IFCQUANTITYAREA('NetArea',$,$,0.0162871320348491);
#3526= IFCQUANTITYAREA('GrossArea',$,$,0.00900000000056471);
#3527= IFCQUANTITYVOLUME('NetVolume',$,$,6.48750000036544E-05);
#3528= IFCQUANTITYVOLUME('GrossVolume',$,$,6.48750000036544E-05);
#3529= IFCELEMENTQUANTITY('0jkHZYnAP4$Ok1Tn$K0tuM',#5,'BaseQuantities',$,$,(#3524,#3525,#3526,#3423,#3527,#3528));
#3530= IFCSHAPEREPRESENTATION(#13,'Body','Brep',(#3339));
#3531= IFCPRODUCTDEFINITIONSHAPE($,$,(#3530));
#3532= IFCCARTESIANPOINT((442593.784755962,392810.930151456,-854.119999999971));
#3533= IFCDIRECTION((0.49999999990652,0.866025403838409,0.));
#3534= IFCAXIS2PLACEMENT3D(#3532,#9,#3533);
#3535= IFCLOCALPLACEMENT(#3500,#3534);
#3536= IFCFASTENER('3kLSWc1hz8lQPzSFc1AJd1',#3170,'Weld',$,$,#3535,#3531,'IDee55c826-06bf-48bd-a67d-70f9812939c1');
#3537= IFCSHAPEREPRESENTATION(#13,'Body','Brep',(#3391));
#3538= IFCPRODUCTDEFINITIONSHAPE($,$,(#3537));
#3539= IFCCARTESIANPOINT((442567.534755968,392765.463817754,-796.619999999971));
#3540= IFCAXIS2PLACEMENT3D(#3539,#3533,#676);
#3541= IFCLOCALPLACEMENT(#3500,#3540);
#3542= IFCFASTENER('1tqPA4xsj8gfOYvqRxQo_h',#3170,'Weld',$,$,#3541,#3538,'ID77d19284-ef6b-48aa-9622-e746fb6b2fab');
#3543= IFCSHAPEREPRESENTATION(#13,'Body','SweptSolid',(#3408));
#3544= IFCPRODUCTDEFINITIONSHAPE($,$,(#3543));
#3545= IFCCARTESIANPOINT((442571.86488294,392762.963817672,-839.119999999971));
#3546= IFCDIRECTION((0.353553390929433,0.612372435879248,-0.707106780859592));
#3547= IFCAXIS2PLACEMENT3D(#3545,#2083,#3546);
#3548= IFCLOCALPLACEMENT(#3500,#3547);
#3549= IFCPLATE('1y5dLFZUbCK9RjA7Q_zCaB',#3170,'PLACA','PL10*90',$,#3548,#3544,'ID7c16754f-8de9-4c50-96ed-2876bef4c90b');
#3550= IFCQUANTITYAREA('NetArea',$,$,0.0162871320348476);
#3551= IFCQUANTITYAREA('GrossArea',$,$,0.00900000000058123);
#3552= IFCQUANTITYVOLUME('NetVolume',$,$,6.48750000036544E-05);
#3553= IFCQUANTITYVOLUME('GrossVolume',$,$,6.48750000036544E-05);
#3554= IFCELEMENTQUANTITY('2ASZw7CH9E99GdO9OA8Ekn',#5,'BaseQuantities',$,$,(#3420,#3550,#3551,#3423,#3552,#3553));
#3555= IFCLOCALPLACEMENT(#45,#10);
#3556= IFCELEMENTASSEMBLY('3wVIBeSE114gpwdKNw69mF',#2593,'VIGA',$,$,#3555,$,'V0(?)',.NOTDEFINED.,.NOTDEFINED.);
#3557= IFCPROPERTYSINGLEVALUE('AREA_FORM_BOTTOM',$,IFCAREAMEASURE(0.04228),$);
#3558= IFCPROPERTYSINGLEVALUE('BOTTOM_LEVEL_BASEPOINT',$,IFCLABEL(' +99.882'),$);
#3559= IFCPROPERTYSINGLEVALUE('TOP_LEVEL_BASEPOINT',$,IFCLABEL(' +100.002'),$);
#3560= IFCPROPERTYSINGLEVALUE('COG_Y_BASEPOINT',$,IFCLENGTHMEASURE(392812.55389),$);
#3561= IFCPROPERTYSINGLEVALUE('COG_X_BASEPOINT',$,IFCLENGTHMEASURE(441831.36678),$);
#3562= IFCPROPERTYSINGLEVALUE('WEIGHT_NET',$,IFCMASSMEASURE(4.5924),$);
#3563= IFCPROPERTYSINGLEVALUE('VOLUME_NET',$,IFCVOLUMEMEASURE(0.00059),$);
#3564= IFCPROPERTYSINGLEVALUE('GUID',$,IFCLABEL('fa7d22e8-70e0-4112-acfa-9d45fa189c0f'),$);
#3565= IFCPROPERTYSET('1BEsveIMzApOmD6ktvXK4F',#5,'Fundacion',$,(#3557,#100,#101,#3558,#3559,#3560,#3561,#3562,#3563,#59,#60,#61,#62,#63,#64,#65,#66,#67,#68,#69,#3291,#71,#127,#128,#2605,#3564));
#3566= IFCQUANTITYLENGTH('Width',$,$,58.);
#3567= IFCELEMENTQUANTITY('3bqRAkjf58m9ECuQ$tXpn6',#5,'BaseQuantities',$,$,(#3566));
#3568= IFCCARTESIANPOINT((-34.627,8.14907252788544E-10,4.24264068707998));
#3569= IFCCARTESIANPOINT((-34.627,-1.16415321826935E-10,1.45519152283669E-11));
#3570= IFCCARTESIANPOINT((34.627,-1.16415321826935E-10,1.45519152283669E-11));
#3571= IFCCARTESIANPOINT((34.627,8.14907252788544E-10,4.24264068707998));
#3572= IFCPOLYLOOP((#3568,#3569,#3570,#3571));
#3573= IFCFACEOUTERBOUND(#3572,.T.);
#3574= IFCFACE((#3573));
#3575= IFCCARTESIANPOINT((-34.627,4.24264068703633,-9.16770659387112E-10));
#3576= IFCCARTESIANPOINT((34.627,4.24264068703633,-9.16770659387112E-10));
#3577= IFCPOLYLOOP((#3569,#3575,#3576,#3570));
#3578= IFCFACEOUTERBOUND(#3577,.T.);
#3579= IFCFACE((#3578));
#3580= IFCPOLYLOOP((#3575,#3568,#3571,#3576));
#3581= IFCFACEOUTERBOUND(#3580,.T.);
#3582= IFCFACE((#3581));
#3583= IFCPOLYLOOP((#3576,#3571,#3570));
#3584= IFCFACEOUTERBOUND(#3583,.T.);
#3585= IFCFACE((#3584));
#3586= IFCPOLYLOOP((#3575,#3569,#3568));
#3587= IFCFACEOUTERBOUND(#3586,.T.);
#3588= IFCFACE((#3587));
#3589= IFCCARTESIANPOINT((34.627,-6.29999999899883,4.24264068725461));
#3590= IFCCARTESIANPOINT((34.627,-6.29999999993015,1.30967237055302E-10));
#3591= IFCCARTESIANPOINT((-34.627,-6.29999999993015,1.30967237055302E-10));
#3592= IFCCARTESIANPOINT((-34.627,-6.29999999899883,4.24264068725461));
#3593= IFCPOLYLOOP((#3589,#3590,#3591,#3592));
#3594= IFCFACEOUTERBOUND(#3593,.T.);
#3595= IFCFACE((#3594));
#3596= IFCCARTESIANPOINT((34.627,-10.5426406870829,1.06228981167078E-09));
#3597= IFCCARTESIANPOINT((-34.627,-10.5426406870829,1.06228981167078E-09));
#3598= IFCPOLYLOOP((#3590,#3596,#3597,#3591));
#3599= IFCFACEOUTERBOUND(#3598,.T.);
#3600= IFCFACE((#3599));
#3601= IFCPOLYLOOP((#3596,#3589,#3592,#3597));
#3602= IFCFACEOUTERBOUND(#3601,.T.);
#3603= IFCFACE((#3602));
#3604= IFCPOLYLOOP((#3597,#3592,#3591));
#3605= IFCFACEOUTERBOUND(#3604,.T.);
#3606= IFCFACE((#3605));
#3607= IFCPOLYLOOP((#3596,#3590,#3589));
#3608= IFCFACEOUTERBOUND(#3607,.T.);
#3609= IFCFACE((#3608));
#3610= IFCCLOSEDSHELL((#3574,#3579,#3582,#3585,#3588,#3595,#3600,#3603,#3606,#3609));
#3611= IFCFACETEDBREP(#3610);
#3612= IFCSTYLEDITEM(#3611,(#137),$);
#3613= IFCSHAPEREPRESENTATION(#13,'Body','Brep',(#3611));
#3614= IFCPRODUCTDEFINITIONSHAPE($,$,(#3613));
#3615= IFCCARTESIANPOINT((441690.690579464,392728.389960946,-58.0572800140304));
#3616= IFCAXIS2PLACEMENT3D(#3615,#3430,#9);
#3617= IFCLOCALPLACEMENT(#3555,#3616);
#3618= IFCFASTENER('0jvJJZe2HBJQsxVEDiPkGA',#3170,'Weld',$,$,#3617,#3614,'ID2de534e3-a024-4b4d-adbb-7ce36c66e40a');
#3619= IFCCARTESIANPOINT((-5.62682470375148,-1.74622982740402E-09,4.24264068713455));
#3620= IFCCARTESIANPOINT((-5.62682470394066,-1.16415321826935E-10,2.5465851649642E-11));
#3621= IFCCARTESIANPOINT((5.62682470378058,0.,-2.91038304567337E-11));
#3622= IFCCARTESIANPOINT((5.62682470388245,-1.62981450557709E-09,4.24264068707635));
#3623= IFCPOLYLOOP((#3619,#3620,#3621,#3622));
#3624= IFCFACEOUTERBOUND(#3623,.T.);
#3625= IFCFACE((#3624));
#3626= IFCCARTESIANPOINT((-5.62682470391155,4.2426406868035,1.69893610291183E-09));
#3627= IFCCARTESIANPOINT((5.62682470375148,4.24264068691991,1.64072844199836E-09));
#3628= IFCPOLYLOOP((#3620,#3626,#3627,#3621));
#3629= IFCFACEOUTERBOUND(#3628,.T.);
#3630= IFCFACE((#3629));
#3631= IFCPOLYLOOP((#3626,#3619,#3622,#3627));
#3632= IFCFACEOUTERBOUND(#3631,.T.);
#3633= IFCFACE((#3632));
#3634= IFCPOLYLOOP((#3627,#3622,#3621));
#3635= IFCFACEOUTERBOUND(#3634,.T.);
#3636= IFCFACE((#3635));
#3637= IFCPOLYLOOP((#3626,#3620,#3619));
#3638= IFCFACEOUTERBOUND(#3637,.T.);
#3639= IFCFACE((#3638));
#3640= IFCCARTESIANPOINT((5.62682470398431,-6.30000000144355,4.24264068714183));
#3641= IFCCARTESIANPOINT((5.62682470385334,-6.29999999981374,-2.5465851649642E-11));
#3642= IFCCARTESIANPOINT((-5.62682470383879,-6.29999999981374,3.63797880709171E-11));
#3643= IFCCARTESIANPOINT((-5.62682470373693,-6.30000000155997,4.2426406871964));
#3644= IFCPOLYLOOP((#3640,#3641,#3642,#3643));
#3645= IFCFACEOUTERBOUND(#3644,.T.);
#3646= IFCFACE((#3645));
#3647= IFCCARTESIANPOINT((5.62682470394066,-10.5426406867336,-1.69166014529765E-09));
#3648= IFCCARTESIANPOINT((-5.62682470383879,-10.5426406869665,-1.64072844199836E-09));
#3649= IFCPOLYLOOP((#3641,#3647,#3648,#3642));
#3650= IFCFACEOUTERBOUND(#3649,.T.);
#3651= IFCFACE((#3650));
#3652= IFCPOLYLOOP((#3647,#3640,#3643,#3648));
#3653= IFCFACEOUTERBOUND(#3652,.T.);
#3654= IFCFACE((#3653));
#3655= IFCPOLYLOOP((#3648,#3643,#3642));
#3656= IFCFACEOUTERBOUND(#3655,.T.);
#3657= IFCFACE((#3656));
#3658= IFCPOLYLOOP((#3647,#3641,#3640));
#3659= IFCFACEOUTERBOUND(#3658,.T.);
#3660= IFCFACE((#3659));
#3661= IFCCLOSEDSHELL((#3625,#3630,#3633,#3636,#3639,#3646,#3651,#3654,#3657,#3660));
#3662= IFCFACETEDBREP(#3661);
#3663= IFCSTYLEDITEM(#3662,(#137),$);
#3664= IFCSHAPEREPRESENTATION(#13,'Body','Brep',(#3662));
#3665= IFCPRODUCTDEFINITIONSHAPE($,$,(#3664));
#3666= IFCCARTESIANPOINT((441700.904329462,392710.699227009,-5.57028001403037));
#3667= IFCDIRECTION((0.0693108490551241,-0.120049913095543,-0.990345406698597));
#3668= IFCDIRECTION((0.495172702967148,-0.85766428094285,0.138621698990428));
#3669= IFCAXIS2PLACEMENT3D(#3666,#3667,#3668);
#3670= IFCLOCALPLACEMENT(#3555,#3669);
#3671= IFCFASTENER('2fLmiXqkrDkQs$oTVBlN6A',#3170,'Weld',$,$,#3670,#3665,'IDa9570b21-d2ed-4db9-adbf-c9d7cbbd718a');
#3672= IFCSHAPEREPRESENTATION(#13,'Body','Brep',(#3662));
#3673= IFCPRODUCTDEFINITIONSHAPE($,$,(#3672));
#3674= IFCCARTESIANPOINT((441700.904329462,392710.699227009,-110.54428001403));
#3675= IFCDIRECTION((0.0693108490552987,-0.120049913095834,0.99034540669855));
#3676= IFCDIRECTION((-0.495172702964885,0.857664280944102,0.138621698990764));
#3677= IFCAXIS2PLACEMENT3D(#3674,#3675,#3676);
#3678= IFCLOCALPLACEMENT(#3555,#3677);
#3679= IFCFASTENER('2$uUTmKa139Re5oFQ0LGSA',#3170,'Weld',$,$,#3678,#3673,'IDbfe1e770-5240-4325-ba05-c8f68055070a');
#3680= IFCCARTESIANPOINT((11.2535635666136,1.51263347111145E-10));
#3681= IFCCARTESIANPOINT((28.3332812347378,14.8551262004527));
#3682= IFCCARTESIANPOINT((37.9351991117422,83.4402538897069));
#3683= IFCCARTESIANPOINT((25.5916135236814,102.414642545651));
#3684= IFCCARTESIANPOINT((14.7707095215301,105.505068005245));
#3685= IFCPOLYLINE((#84,#3680,#3681,#3682,#3683,#3684,#84));
#3686= IFCARBITRARYCLOSEDPROFILEDEF(.AREA.,'PL6.3*26',#3685);
#3687= IFCCARTESIANPOINT((3.06797011227816E-17,3.63794966285233E-12,-3.15));
#3688= IFCAXIS2PLACEMENT3D(#3687,#9,#7);
#3689= IFCEXTRUDEDAREASOLID(#3686,#3688,#9,6.3);
#3690= IFCSHAPEREPRESENTATION(#13,'Body','SweptSolid',(#3689));
#3691= IFCSTYLEDITEM(#3689,(#644),$);
#3692= IFCPRODUCTDEFINITIONSHAPE($,$,(#3690));
#3693= IFCCARTESIANPOINT((441706.418559459,392707.448300487,-111.324280198399));
#3694= IFCDIRECTION((-0.495170873071324,0.857661111123241,0.138647845019788));
#3695= IFCAXIS2PLACEMENT3D(#3693,#2023,#3694);
#3696= IFCLOCALPLACEMENT(#3555,#3695);
#3697= IFCPLATE('3umJ_ZxJ1ETxlf0aMHWajA',#3170,'PLACA','PL6.3*26',$,#3696,#3692,'IDf8c13fa3-ed30-4e77-bbe9-024591824b4a');
#3698= IFCPLATETYPE('25A7khLK94mger9SBlsZ09',#5,'PL6.3*26',$,$,$,$,$,$,.NOTDEFINED.);
#3699= IFCQUANTITYLENGTH('Width',$,$,25.9999999998253);
#3700= IFCQUANTITYAREA('NetArea',$,$,0.00643930798295009);
#3701= IFCQUANTITYAREA('GrossArea',$,$,0.00276988400956843);
#3702= IFCQUANTITYAREA('CrossSectionArea',$,$,3.969E-05);
#3703= IFCQUANTITYVOLUME('NetVolume',$,$,1.545022783384E-05);
#3704= IFCQUANTITYVOLUME('GrossVolume',$,$,1.545022783384E-05);
#3705= IFCELEMENTQUANTITY('2XFsbigZL2Hx2g0PdetStm',#5,'BaseQuantities',$,$,(#3699,#3700,#3701,#3702,#3703,#3704));
#3706= IFCSHAPEREPRESENTATION(#13,'Body','Brep',(#3662));
#3707= IFCPRODUCTDEFINITIONSHAPE($,$,(#3706));
#3708= IFCCARTESIANPOINT((441677.926829467,392750.497424443,-110.54428001403));
#3709= IFCDIRECTION((-0.0693108490551241,0.120049913095543,0.990345406698597));
#3710= IFCDIRECTION((-0.495172702967148,0.85766428094285,-0.138621698990428));
#3711= IFCAXIS2PLACEMENT3D(#3708,#3709,#3710);
#3712= IFCLOCALPLACEMENT(#3555,#3711);
#3713= IFCFASTENER('18dugqguL1IOCr5ImRf1tl',#3170,'Weld',$,$,#3712,#3707,'ID489f8ab4-ab85-4149-8335-152c1ba41def');
#3714= IFCSHAPEREPRESENTATION(#13,'Body','Brep',(#3662));
#3715= IFCPRODUCTDEFINITIONSHAPE($,$,(#3714));
#3716= IFCCARTESIANPOINT((441677.926829467,392750.497424443,-5.57028001403037));
#3717= IFCDIRECTION((-0.0693108490552987,0.120049913095834,-0.99034540669855));
#3718= IFCDIRECTION((0.495172702964885,-0.857664280944102,-0.138621698990764));
#3719= IFCAXIS2PLACEMENT3D(#3716,#3717,#3718);
#3720= IFCLOCALPLACEMENT(#3555,#3719);
#3721= IFCFASTENER('1nwM_kYGL9CvgmMlNwbPFz',#3170,'Weld',$,$,#3720,#3715,'ID71e96fae-8905-4933-9ab0-5af5fa9593fd');
#3722= IFCSHAPEREPRESENTATION(#13,'Body','Brep',(#3611));
#3723= IFCPRODUCTDEFINITIONSHAPE($,$,(#3722));
#3724= IFCCARTESIANPOINT((441688.140579465,392732.806690506,-58.0572800140304));
#3725= IFCAXIS2PLACEMENT3D(#3724,#3344,#676);
#3726= IFCLOCALPLACEMENT(#3555,#3725);
#3727= IFCFASTENER('0fB__orAz69B6mDu3fFNtH',#3170,'Weld',$,$,#3726,#3723,'ID292fefb2-d4af-4624-b1b0-3780e93d7dd1');
#3728= IFCCARTESIANPOINT((-2.07971766812656,14.8551262000995));
#3729= IFCCARTESIANPOINT((15.,-2.03719707769778E-10));
#3730= IFCCARTESIANPOINT((26.253563566599,-3.56537910306542E-10));
#3731= IFCCARTESIANPOINT((11.4828540450399,105.50506800487));
#3732= IFCCARTESIANPOINT((0.661950042918039,102.414642545286));
#3733= IFCCARTESIANPOINT((-11.6816355451407,83.4402538893436));
#3734= IFCPOLYLINE((#3728,#3729,#3730,#3731,#3732,#3733,#3728));
#3735= IFCARBITRARYCLOSEDPROFILEDEF(.AREA.,'PL6.3*26',#3734);
#3736= IFCEXTRUDEDAREASOLID(#3735,#3688,#9,6.3);
#3737= IFCSHAPEREPRESENTATION(#13,'Body','SweptSolid',(#3736));
#3738= IFCSTYLEDITEM(#3736,(#644),$);
#3739= IFCPRODUCTDEFINITIONSHAPE($,$,(#3737));
#3740= IFCCARTESIANPOINT((441690.868559511,392734.381690464,-107.684280198366));
#3741= IFCDIRECTION((-0.495170873070605,0.857661111123618,-0.138647845020021));
#3742= IFCAXIS2PLACEMENT3D(#3740,#2023,#3741);
#3743= IFCLOCALPLACEMENT(#3555,#3742);
#3744= IFCPLATE('1bzijYKor5XRVtFaNtpYu0',#3170,'PLACA','PL6.3*26',$,#3743,#3739,'ID65f6cb62-532d-4585-b7f7-3e45f7ce2e00');
#3745= IFCQUANTITYLENGTH('Width',$,$,25.9999999998676);
#3746= IFCQUANTITYAREA('NetArea',$,$,0.00643930798295057);
#3747= IFCQUANTITYAREA('GrossArea',$,$,0.00276988400957297);
#3748= IFCQUANTITYVOLUME('NetVolume',$,$,1.54502278338414E-05);
#3749= IFCQUANTITYVOLUME('GrossVolume',$,$,1.54502278338414E-05);
#3750= IFCELEMENTQUANTITY('2c29g0qzDBd9h7IhXtBHTR',#5,'BaseQuantities',$,$,(#3745,#3746,#3747,#3702,#3748,#3749));
#3751= IFCLOCALPLACEMENT(#45,#10);
#3752= IFCELEMENTASSEMBLY('3ic0wEiZrAqAbrNzgpEJnT',#2593,'VIGA',$,$,#3751,$,'V0(?)',.NOTDEFINED.,.NOTDEFINED.);
#3753= IFCPROPERTYSINGLEVALUE('COG_Y_BASEPOINT',$,IFCLENGTHMEASURE(393375.0426),$);
#3754= IFCPROPERTYSINGLEVALUE('GUID',$,IFCLABEL('ec980e8e-b23d-4ad0-a975-5fdab3393c5d'),$);
#3755= IFCPROPERTYSET('0Yss9CN8f9ehzxCL7LMPzz',#5,'Fundacion',$,(#3557,#100,#101,#3558,#3559,#3753,#3176,#3562,#3563,#59,#60,#61,#62,#63,#64,#65,#66,#67,#68,#69,#3291,#71,#127,#128,#2605,#3754));
#3756= IFCSHAPEREPRESENTATION(#13,'Body','Brep',(#3611));
#3757= IFCPRODUCTDEFINITIONSHAPE($,$,(#3756));
#3758= IFCCARTESIANPOINT((442158.670215255,393418.323721188,-58.0572800140304));
#3759= IFCAXIS2PLACEMENT3D(#3758,#7,#9);
#3760= IFCLOCALPLACEMENT(#3751,#3759);
#3761= IFCFASTENER('1uk1jaSmX9jQq7BK4zb8yy',#3170,'Weld',$,$,#3760,#3757,'ID78b81b64-7308-49b5-ad07-2d413d948f3c');
#3762= IFCSHAPEREPRESENTATION(#13,'Body','Brep',(#3662));
#3763= IFCPRODUCTDEFINITIONSHAPE($,$,(#3762));
#3764= IFCCARTESIANPOINT((442179.097715255,393418.323721188,-110.54428001403));
#3765= IFCDIRECTION((0.138621698958449,0.,0.990345406703072));
#3766= IFCDIRECTION((-0.990345406703076,0.,0.138621698958422));
#3767= IFCAXIS2PLACEMENT3D(#3764,#3765,#3766);
#3768= IFCLOCALPLACEMENT(#3751,#3767);
#3769= IFCFASTENER('2miUwSXJ9Bjfn8XIBwVBs4',#3170,'Weld',$,$,#3768,#3763,'IDb0b1ee9c-8532-4bb6-9c48-8522fa7cbd84');
#3770= IFCSHAPEREPRESENTATION(#13,'Body','Brep',(#3662));
#3771= IFCPRODUCTDEFINITIONSHAPE($,$,(#3770));
#3772= IFCCARTESIANPOINT((442179.097715255,393418.323721188,-5.57028001403037));
#3773= IFCDIRECTION((0.138621698958392,0.,-0.99034540670308));
#3774= IFCDIRECTION((0.990345406703078,0.,0.138621698958408));
#3775= IFCAXIS2PLACEMENT3D(#3772,#3773,#3774);
#3776= IFCLOCALPLACEMENT(#3751,#3775);
#3777= IFCFASTENER('34V7IEnuD93PVmAAmIf2pg',#3170,'Weld',$,$,#3776,#3771,'IDc47c748e-c783-490d-97f0-28ac12a42cea');
#3778= IFCSHAPEREPRESENTATION(#13,'Body','SweptSolid',(#3689));
#3779= IFCPRODUCTDEFINITIONSHAPE($,$,(#3778));
#3780= IFCCARTESIANPOINT((442184.670215207,393421.473721188,-111.32428019838));
#3781= IFCDIRECTION((-0.990341746616647,0.,0.138647844946426));
#3782= IFCAXIS2PLACEMENT3D(#3780,#8,#3781);
#3783= IFCLOCALPLACEMENT(#3751,#3782);
#3784= IFCPLATE('3o5GZiXjj2mhs7Cgi8zYlC',#3170,'PLACA','PL6.3*26',$,#3783,#3779,'IDf21508ec-86db-42c2-bd87-32ab08f62bcc');
#3785= IFCQUANTITYLENGTH('Width',$,$,26.0000000005818);
#3786= IFCQUANTITYAREA('NetArea',$,$,0.00643930798295291);
#3787= IFCQUANTITYAREA('GrossArea',$,$,0.0027698840096483);
#3788= IFCQUANTITYVOLUME('NetVolume',$,$,1.54502278337654E-05);
#3789= IFCQUANTITYVOLUME('GrossVolume',$,$,1.54502278337654E-05);
#3790= IFCELEMENTQUANTITY('3ayloGKwD0cueTmttn11xy',#5,'BaseQuantities',$,$,(#3785,#3786,#3787,#3702,#3788,#3789));
#3791= IFCSHAPEREPRESENTATION(#13,'Body','Brep',(#3611));
#3792= IFCPRODUCTDEFINITIONSHAPE($,$,(#3791));
#3793= IFCCARTESIANPOINT((442153.570215255,393418.323721188,-58.0572800140304));
#3794= IFCAXIS2PLACEMENT3D(#3793,#88,#676);
#3795= IFCLOCALPLACEMENT(#3751,#3794);
#3796= IFCFASTENER('30jC1G9j9CO8v8YYAMxtUo',#3170,'Weld',$,$,#3795,#3792,'IDc0b4c050-26d2-4c60-8e48-8a2296ef77b2');
#3797= IFCSHAPEREPRESENTATION(#13,'Body','Brep',(#3662));
#3798= IFCPRODUCTDEFINITIONSHAPE($,$,(#3797));
#3799= IFCCARTESIANPOINT((442133.142715255,393418.323721188,-110.54428001403));
#3800= IFCDIRECTION((-0.138621698958392,0.,0.99034540670308));
#3801= IFCDIRECTION((-0.990345406703078,0.,-0.138621698958409));
#3802= IFCAXIS2PLACEMENT3D(#3799,#3800,#3801);
#3803= IFCLOCALPLACEMENT(#3751,#3802);
#3804= IFCFASTENER('1M_HLulgX0oOYgfKxnvbJt',#3170,'Weld',$,$,#3803,#3798,'ID56f91578-bea8-40c9-88aa-a54ef1e654f7');
#3805= IFCSHAPEREPRESENTATION(#13,'Body','Brep',(#3662));
#3806= IFCPRODUCTDEFINITIONSHAPE($,$,(#3805));
#3807= IFCCARTESIANPOINT((442133.142715255,393418.323721188,-5.57028001403037));
#3808= IFCDIRECTION((-0.138621698958449,0.,-0.990345406703072));
#3809= IFCDIRECTION((0.990345406703076,0.,-0.138621698958422));
#3810= IFCAXIS2PLACEMENT3D(#3807,#3808,#3809);
#3811= IFCLOCALPLACEMENT(#3751,#3810);
#3812= IFCFASTENER('02Ba$RTQHCvu7TZKb1vFLY',#3170,'Weld',$,$,#3811,#3806,'ID022e4fdb-75a4-4ce7-81dd-8d4941e4f562');
#3813= IFCSHAPEREPRESENTATION(#13,'Body','SweptSolid',(#3736));
#3814= IFCPRODUCTDEFINITIONSHAPE($,$,(#3813));
#3815= IFCCARTESIANPOINT((442153.570215302,393421.473721188,-107.68428019838));
#3816= IFCDIRECTION((-0.990341746616649,0.,-0.138647844946416));
#3817= IFCAXIS2PLACEMENT3D(#3815,#8,#3816);
#3818= IFCLOCALPLACEMENT(#3751,#3817);
#3819= IFCPLATE('3NZ3cl7bT9l9rOMaLs2rda',#3170,'PLACA','PL6.3*26',$,#3818,#3814,'IDd78c39af-1e57-49bc-9d58-5a45760b59e4');
#3820= IFCQUANTITYLENGTH('Width',$,$,26.0000000005838);
#3821= IFCQUANTITYAREA('NetArea',$,$,0.00643930798295334);
#3822= IFCQUANTITYAREA('GrossArea',$,$,0.00276988400964851);
#3823= IFCQUANTITYVOLUME('NetVolume',$,$,1.54502278337666E-05);
#3824= IFCQUANTITYVOLUME('GrossVolume',$,$,1.54502278337666E-05);
#3825= IFCELEMENTQUANTITY('1nICtMv4T1jPuX$iIpxfvE',#5,'BaseQuantities',$,$,(#3820,#3821,#3822,#3702,#3823,#3824));
#3826= IFCSHAPEREPRESENTATION(#13,'Body','Brep',(#3662));
#3827= IFCPRODUCTDEFINITIONSHAPE($,$,(#3826));
#3828= IFCCARTESIANPOINT((442179.097715255,393532.653721379,-110.54428001403));
#3829= IFCAXIS2PLACEMENT3D(#3828,#3765,#3766);
#3830= IFCLOCALPLACEMENT(#3751,#3829);
#3831= IFCFASTENER('1VmN1UZ1vB4AuhizD$O5gN',#3170,'Weld',$,$,#3830,#3827,'ID5fc1705e-8c1e-4b10-ae2b-b3d37f605a97');
#3832= IFCSHAPEREPRESENTATION(#13,'Body','Brep',(#3611));
#3833= IFCPRODUCTDEFINITIONSHAPE($,$,(#3832));
#3834= IFCCARTESIANPOINT((442158.670215255,393532.653721379,-58.0572800140304));
#3835= IFCAXIS2PLACEMENT3D(#3834,#7,#9);
#3836= IFCLOCALPLACEMENT(#3751,#3835);
#3837= IFCFASTENER('0NK8Cj_$PDKQJeHhvKmwI6',#3170,'Weld',$,$,#3836,#3833,'ID1750832d-fbf6-4d51-a4e8-46be54c3a486');
#3838= IFCSHAPEREPRESENTATION(#13,'Body','Brep',(#3662));
#3839= IFCPRODUCTDEFINITIONSHAPE($,$,(#3838));
#3840= IFCCARTESIANPOINT((442179.097715255,393532.653721379,-5.57028001403037));
#3841= IFCAXIS2PLACEMENT3D(#3840,#3773,#3774);
#3842= IFCLOCALPLACEMENT(#3751,#3841);
#3843= IFCFASTENER('04ZuFeMTL3b8Ga$gDsoW46',#3170,'Weld',$,$,#3842,#3839,'ID048f83e8-59d5-4394-8424-fea376ca0106');
#3844= IFCSHAPEREPRESENTATION(#13,'Body','SweptSolid',(#3689));
#3845= IFCPRODUCTDEFINITIONSHAPE($,$,(#3844));
#3846= IFCCARTESIANPOINT((442184.670215207,393535.803721379,-111.32428019838));
#3847= IFCAXIS2PLACEMENT3D(#3846,#8,#3781);
#3848= IFCLOCALPLACEMENT(#3751,#3847);
#3849= IFCPLATE('2Sh8jWeoz1n99lQ_Xrqlng',#3170,'PLACA','PL6.3*26',$,#3848,#3845,'ID9cac8b60-a32f-41c4-926f-6be875d2fc6a');
#3850= IFCSHAPEREPRESENTATION(#13,'Body','Brep',(#3611));
#3851= IFCPRODUCTDEFINITIONSHAPE($,$,(#3850));
#3852= IFCCARTESIANPOINT((442153.570215255,393532.653721379,-58.0572800140304));
#3853= IFCAXIS2PLACEMENT3D(#3852,#88,#676);
#3854= IFCLOCALPLACEMENT(#3751,#3853);
#3855= IFCFASTENER('1invpjPhTDTPT_qzgMhakg',#3170,'Weld',$,$,#3854,#3851,'ID6cc79ced-66b7-4d75-977e-d3da96ae4baa');
#3856= IFCSHAPEREPRESENTATION(#13,'Body','Brep',(#3662));
#3857= IFCPRODUCTDEFINITIONSHAPE($,$,(#3856));
#3858= IFCCARTESIANPOINT((442133.142715255,393532.653721379,-110.54428001403));
#3859= IFCAXIS2PLACEMENT3D(#3858,#3800,#3801);
#3860= IFCLOCALPLACEMENT(#3751,#3859);
#3861= IFCFASTENER('1Be3ZROO15yhGj_B7S7Vh_',#3170,'Weld',$,$,#3860,#3857,'ID4ba038db-6180-45f2-b42d-f8b1dc1dfafe');
#3862= IFCSHAPEREPRESENTATION(#13,'Body','Brep',(#3662));
#3863= IFCPRODUCTDEFINITIONSHAPE($,$,(#3862));
#3864= IFCCARTESIANPOINT((442133.142715255,393532.653721379,-5.57028001403037));
#3865= IFCAXIS2PLACEMENT3D(#3864,#3808,#3809);
#3866= IFCLOCALPLACEMENT(#3751,#3865);
#3867= IFCFASTENER('3VuUQSeUz00gI$21qhe9NL',#3170,'Weld',$,$,#3866,#3863,'IDdfe1e69c-a1ef-4002-a4bf-081d2ba095d5');
#3868= IFCSHAPEREPRESENTATION(#13,'Body','SweptSolid',(#3736));
#3869= IFCPRODUCTDEFINITIONSHAPE($,$,(#3868));
#3870= IFCCARTESIANPOINT((442153.570215302,393535.803721379,-107.68428019838));
#3871= IFCAXIS2PLACEMENT3D(#3870,#8,#3816);
#3872= IFCLOCALPLACEMENT(#3751,#3871);
#3873= IFCPLATE('0551jFTgLEaPiDPjaAIWIn',#3170,'PLACA','PL6.3*26',$,#3872,#3869,'ID05141b4f-76a5-4e91-9b0d-66d90a4a04b1');
#3874= IFCLOCALPLACEMENT(#45,#10);
#3875= IFCELEMENTASSEMBLY('2eV9kxHqn0bAE4GS201mKo',#2593,'VIGA',$,$,#3874,$,'V0(?)',.NOTDEFINED.,.NOTDEFINED.);
#3876= IFCPROPERTYSINGLEVALUE('COG_Y_BASEPOINT',$,IFCLENGTHMEASURE(392812.55351),$);
#3877= IFCPROPERTYSINGLEVALUE('COG_X_BASEPOINT',$,IFCLENGTHMEASURE(442480.87301),$);
#3878= IFCPROPERTYSINGLEVALUE('GUID',$,IFCLABEL('a87c9bbb-474c-4094-a384-41c080070532'),$);
#3879= IFCPROPERTYSET('3iQEPYAX9B79Jluj7dzF2_',#5,'Fundacion',$,(#3557,#100,#101,#3558,#3559,#3876,#3877,#3562,#3563,#59,#60,#61,#62,#63,#64,#65,#66,#67,#68,#69,#3291,#71,#127,#128,#2605,#3878));
#3880= IFCSHAPEREPRESENTATION(#13,'Body','Brep',(#3611));
#3881= IFCPRODUCTDEFINITIONSHAPE($,$,(#3880));
#3882= IFCCARTESIANPOINT((442517.080560651,392788.704588197,-58.0572800140304));
#3883= IFCAXIS2PLACEMENT3D(#3882,#3507,#9);
#3884= IFCLOCALPLACEMENT(#3874,#3883);
#3885= IFCFASTENER('2cYDW6qPH5sP67ZTUdFWDs',#3170,'Weld',$,$,#3884,#3881,'IDa688d806-d194-45d9-9187-8dd7a73e0376');
#3886= IFCSHAPEREPRESENTATION(#13,'Body','Brep',(#3662));
#3887= IFCPRODUCTDEFINITIONSHAPE($,$,(#3886));
#3888= IFCCARTESIANPOINT((442506.866810654,392771.01385426,-110.54428001403));
#3889= IFCDIRECTION((-0.0693108490552987,-0.120049913095834,0.99034540669855));
#3890= IFCDIRECTION((0.495172702964885,0.857664280944102,0.138621698990764));
#3891= IFCAXIS2PLACEMENT3D(#3888,#3889,#3890);
#3892= IFCLOCALPLACEMENT(#3874,#3891);
#3893= IFCFASTENER('1YvJOGtHD1ZQJTjNDFGvNB',#3170,'Weld',$,$,#3892,#3887,'ID62e53610-dd13-418d-a4dd-b5734f4395cb');
#3894= IFCSHAPEREPRESENTATION(#13,'Body','Brep',(#3662));
#3895= IFCPRODUCTDEFINITIONSHAPE($,$,(#3894));
#3896= IFCCARTESIANPOINT((442506.866810654,392771.01385426,-5.57028001403037));
#3897= IFCDIRECTION((-0.0693108490551241,-0.120049913095543,-0.990345406698597));
#3898= IFCDIRECTION((-0.495172702967148,-0.85766428094285,0.138621698990428));
#3899= IFCAXIS2PLACEMENT3D(#3896,#3897,#3898);
#3900= IFCLOCALPLACEMENT(#3874,#3899);
#3901= IFCFASTENER('0DjNbCHCDENwgg5CX1vxXr',#3170,'Weld',$,$,#3900,#3895,'ID0db5794c-44c3-4e5f-aaaa-14c841e7b875');
#3902= IFCSHAPEREPRESENTATION(#13,'Body','SweptSolid',(#3689));
#3903= IFCPRODUCTDEFINITIONSHAPE($,$,(#3902));
#3904= IFCCARTESIANPOINT((442506.8085407,392764.612927739,-111.324280198376));
#3905= IFCDIRECTION((0.495170873070605,0.857661111123619,0.138647845020018));
#3906= IFCAXIS2PLACEMENT3D(#3904,#2083,#3905);
#3907= IFCLOCALPLACEMENT(#3874,#3906);
#3908= IFCPLATE('2rUdRPTNj81vg88aaEgxlL',#3170,'PLACA','PL6.3*26',$,#3907,#3903,'IDb57a76d9-757b-4807-9a88-22490eabbbd5');
#3909= IFCQUANTITYLENGTH('Width',$,$,25.9999999999836);
#3910= IFCQUANTITYAREA('NetArea',$,$,0.00643930798295013);
#3911= IFCQUANTITYAREA('GrossArea',$,$,0.00276988400958532);
#3912= IFCQUANTITYVOLUME('NetVolume',$,$,1.54502278338401E-05);
#3913= IFCQUANTITYVOLUME('GrossVolume',$,$,1.54502278338401E-05);
#3914= IFCELEMENTQUANTITY('34CLXQzA539QVx1rbGkbOQ',#5,'BaseQuantities',$,$,(#3909,#3910,#3911,#3702,#3912,#3913));
#3915= IFCSHAPEREPRESENTATION(#13,'Body','Brep',(#3611));
#3916= IFCPRODUCTDEFINITIONSHAPE($,$,(#3915));
#3917= IFCCARTESIANPOINT((442519.630560651,392793.121317757,-58.0572800140304));
#3918= IFCAXIS2PLACEMENT3D(#3917,#3533,#676);
#3919= IFCLOCALPLACEMENT(#3874,#3918);
#3920= IFCFASTENER('2YCtBxm3T3ZwIwrtB7Eqjx',#3170,'Weld',$,$,#3919,#3916,'IDa23372fb-c037-438f-a4ba-d772c73b4b7b');
#3921= IFCSHAPEREPRESENTATION(#13,'Body','Brep',(#3662));
#3922= IFCPRODUCTDEFINITIONSHAPE($,$,(#3921));
#3923= IFCCARTESIANPOINT((442529.844310648,392810.812051694,-110.54428001403));
#3924= IFCDIRECTION((0.0693108490551241,0.120049913095543,0.990345406698597));
#3925= IFCDIRECTION((0.495172702967148,0.85766428094285,-0.138621698990428));
#3926= IFCAXIS2PLACEMENT3D(#3923,#3924,#3925);
#3927= IFCLOCALPLACEMENT(#3874,#3926);
#3928= IFCFASTENER('1a_Sf0Uon7axURT_Gtgmq8',#3170,'Weld',$,$,#3927,#3922,'ID64f9ca40-7b2c-4793-b79b-77e437ab0d08');
#3929= IFCSHAPEREPRESENTATION(#13,'Body','Brep',(#3662));
#3930= IFCPRODUCTDEFINITIONSHAPE($,$,(#3929));
#3931= IFCCARTESIANPOINT((442529.844310648,392810.812051694,-5.57028001403037));
#3932= IFCDIRECTION((0.0693108490552987,0.120049913095834,-0.99034540669855));
#3933= IFCDIRECTION((-0.495172702964885,-0.857664280944102,-0.138621698990764));
#3934= IFCAXIS2PLACEMENT3D(#3931,#3932,#3933);
#3935= IFCLOCALPLACEMENT(#3874,#3934);
#3936= IFCFASTENER('30f5Ym2Zb9Sh1TT3N40tD_',#3170,'Weld',$,$,#3935,#3930,'IDc0a458b0-0a39-4972-b05d-7435c403737e');
#3937= IFCSHAPEREPRESENTATION(#13,'Body','SweptSolid',(#3736));
#3938= IFCPRODUCTDEFINITIONSHAPE($,$,(#3937));
#3939= IFCCARTESIANPOINT((442522.358540649,392791.546317716,-107.684280198352));
#3940= IFCDIRECTION((0.49517087307086,0.857661111123466,-0.138647845020052));
#3941= IFCAXIS2PLACEMENT3D(#3939,#2083,#3940);
#3942= IFCLOCALPLACEMENT(#3874,#3941);
#3943= IFCPLATE('0uUVmIsurATfP4TRc6C1Ks',#3170,'PLACA','PL6.3*26',$,#3942,#3938,'ID3879fc12-db8d-4a76-9644-75b986301536');
#3944= IFCQUANTITYLENGTH('Width',$,$,25.9999999999164);
#3945= IFCQUANTITYAREA('NetArea',$,$,0.00643930798295045);
#3946= IFCQUANTITYAREA('GrossArea',$,$,0.00276988400957812);
#3947= IFCQUANTITYVOLUME('NetVolume',$,$,1.54502278338411E-05);
#3948= IFCQUANTITYVOLUME('GrossVolume',$,$,1.54502278338411E-05);
#3949= IFCELEMENTQUANTITY('1b$WyEJGv6EB8xN1NPPMp5',#5,'BaseQuantities',$,$,(#3944,#3945,#3946,#3702,#3947,#3948));
#3950= IFCSHAPEREPRESENTATION(#13,'Body','Brep',(#3662));
#3951= IFCPRODUCTDEFINITIONSHAPE($,$,(#3950));
#3952= IFCCARTESIANPOINT((442605.879495239,392713.848854176,-110.54428001403));
#3953= IFCAXIS2PLACEMENT3D(#3952,#3889,#3890);
#3954= IFCLOCALPLACEMENT(#3874,#3953);
#3955= IFCFASTENER('0jjdtEsJfEFukAU2cQun4m',#3170,'Weld',$,$,#3954,#3951,'ID2db67dce-d93a-4e3f-8b8a-78299ae31130');
#3956= IFCSHAPEREPRESENTATION(#13,'Body','Brep',(#3611));
#3957= IFCPRODUCTDEFINITIONSHAPE($,$,(#3956));
#3958= IFCCARTESIANPOINT((442616.093245237,392731.539588113,-58.0572800140304));
#3959= IFCAXIS2PLACEMENT3D(#3958,#3507,#9);
#3960= IFCLOCALPLACEMENT(#3874,#3959);
#3961= IFCFASTENER('1Qqqn_eBX3yfqO3N0yBpRe',#3170,'Weld',$,$,#3960,#3957,'ID5ad34c7e-a0b8-43f2-9d18-0d703c2f36e8');
#3962= IFCSHAPEREPRESENTATION(#13,'Body','Brep',(#3662));
#3963= IFCPRODUCTDEFINITIONSHAPE($,$,(#3962));
#3964= IFCCARTESIANPOINT((442605.879495239,392713.848854176,-5.57028001403037));
#3965= IFCAXIS2PLACEMENT3D(#3964,#3897,#3898);
#3966= IFCLOCALPLACEMENT(#3874,#3965);
#3967= IFCFASTENER('0CiJPqYEvC4xqx5RhlCQmF',#3170,'Weld',$,$,#3966,#3963,'ID0cb13674-88ee-4c13-bd3b-15baef31ac0f');
#3968= IFCSHAPEREPRESENTATION(#13,'Body','SweptSolid',(#3689));
#3969= IFCPRODUCTDEFINITIONSHAPE($,$,(#3968));
#3970= IFCCARTESIANPOINT((442605.821225286,392707.447927655,-111.324280198391));
#3971= IFCAXIS2PLACEMENT3D(#3970,#2083,#3905);
#3972= IFCLOCALPLACEMENT(#3874,#3971);
#3973= IFCPLATE('22Hpen1a53phSSGOkDkcWZ',#3170,'PLACA','PL6.3*26',$,#3972,#3969,'ID82473a31-0641-43ce-b71c-418b8dba6823');
#3974= IFCQUANTITYLENGTH('Width',$,$,25.9999999998738);
#3975= IFCQUANTITYAREA('NetArea',$,$,0.00643930798295017);
#3976= IFCQUANTITYAREA('GrossArea',$,$,0.00276988400957364);
#3977= IFCQUANTITYVOLUME('NetVolume',$,$,1.54502278338402E-05);
#3978= IFCQUANTITYVOLUME('GrossVolume',$,$,1.54502278338402E-05);
#3979= IFCELEMENTQUANTITY('3MLRjXTxbEE9S0tsXOEqQ8',#5,'BaseQuantities',$,$,(#3974,#3975,#3976,#3702,#3977,#3978));
#3980= IFCSHAPEREPRESENTATION(#13,'Body','Brep',(#3611));
#3981= IFCPRODUCTDEFINITIONSHAPE($,$,(#3980));
#3982= IFCCARTESIANPOINT((442618.643245236,392735.956317672,-58.0572800140304));
#3983= IFCAXIS2PLACEMENT3D(#3982,#3533,#676);
#3984= IFCLOCALPLACEMENT(#3874,#3983);
#3985= IFCFASTENER('0bkSgxUAb7aRYUbdawSDaH',#3170,'Weld',$,$,#3984,#3981,'ID25b9cabb-78a9-4791-b89e-96793a70d911');
#3986= IFCSHAPEREPRESENTATION(#13,'Body','Brep',(#3662));
#3987= IFCPRODUCTDEFINITIONSHAPE($,$,(#3986));
#3988= IFCCARTESIANPOINT((442628.856995234,392753.647051609,-110.54428001403));
#3989= IFCAXIS2PLACEMENT3D(#3988,#3924,#3925);
#3990= IFCLOCALPLACEMENT(#3874,#3989);
#3991= IFCFASTENER('2hE4OgCDP6aParTWtUWkli',#3170,'Weld',$,$,#3990,#3987,'IDab38462a-30d6-4691-9935-760dde82ebec');
#3992= IFCSHAPEREPRESENTATION(#13,'Body','Brep',(#3662));
#3993= IFCPRODUCTDEFINITIONSHAPE($,$,(#3992));
#3994= IFCCARTESIANPOINT((442628.856995234,392753.647051609,-5.57028001403037));
#3995= IFCAXIS2PLACEMENT3D(#3994,#3932,#3933);
#3996= IFCLOCALPLACEMENT(#3874,#3995);
#3997= IFCFASTENER('2i9$pwbeT8O8BCqld997dx',#3170,'Weld',$,$,#3996,#3993,'IDac27fcfa-9687-4860-82cc-d2f9c92479fb');
#3998= IFCSHAPEREPRESENTATION(#13,'Body','SweptSolid',(#3736));
#3999= IFCPRODUCTDEFINITIONSHAPE($,$,(#3998));
#4000= IFCCARTESIANPOINT((442621.371225234,392734.381317632,-107.684280198379));
#4001= IFCAXIS2PLACEMENT3D(#4000,#2083,#3940);
#4002= IFCLOCALPLACEMENT(#3874,#4001);
#4003= IFCPLATE('1ISADYpITDn9veZiy1gvrn',#3170,'PLACA','PL6.3*26',$,#4002,#3999,'ID5270a362-cd27-4dc4-9e68-8ecf01ab9d71');
#4004= IFCQUANTITYLENGTH('Width',$,$,25.999999999769);
#4005= IFCQUANTITYAREA('NetArea',$,$,0.00643930798295047);
#4006= IFCQUANTITYAREA('GrossArea',$,$,0.00276988400956243);
#4007= IFCQUANTITYVOLUME('NetVolume',$,$,1.54502278338411E-05);
#4008= IFCQUANTITYVOLUME('GrossVolume',$,$,1.54502278338411E-05);
#4009= IFCELEMENTQUANTITY('1q4i7XLXb179Pbpv7mNtCF',#5,'BaseQuantities',$,$,(#4004,#4005,#4006,#3702,#4007,#4008));
#4010= IFCSHAPEREPRESENTATION(#13,'Body','Brep',(#3611));
#4011= IFCPRODUCTDEFINITIONSHAPE($,$,(#4010));
#4012= IFCCARTESIANPOINT((441789.70326405,392785.554961031,-58.0572800140304));
#4013= IFCAXIS2PLACEMENT3D(#4012,#3430,#9);
#4014= IFCLOCALPLACEMENT(#3555,#4013);
#4015= IFCFASTENER('0g2v4GWYj77f6f3zpwdDTl',#3170,'Weld',$,$,#4014,#4011,'ID2a0b9110-822b-471e-91a9-0fdcfa9cd76f');
#4016= IFCSHAPEREPRESENTATION(#13,'Body','Brep',(#3662));
#4017= IFCPRODUCTDEFINITIONSHAPE($,$,(#4016));
#4018= IFCCARTESIANPOINT((441799.917014048,392767.864227094,-110.54428001403));
#4019= IFCAXIS2PLACEMENT3D(#4018,#3675,#3676);
#4020= IFCLOCALPLACEMENT(#3555,#4019);
#4021= IFCFASTENER('0hRoY0AorFFfKMsTjIB5tG',#3170,'Weld',$,$,#4020,#4017,'ID2b6f2880-2b2d-4f3e-9516-d9db522c5dd0');
#4022= IFCSHAPEREPRESENTATION(#13,'Body','Brep',(#3662));
#4023= IFCPRODUCTDEFINITIONSHAPE($,$,(#4022));
#4024= IFCCARTESIANPOINT((441799.917014048,392767.864227094,-5.57028001403037));
#4025= IFCAXIS2PLACEMENT3D(#4024,#3667,#3668);
#4026= IFCLOCALPLACEMENT(#3555,#4025);
#4027= IFCFASTENER('0$yfvJsAr90O3IY1UeV$W5',#3170,'Weld',$,$,#4026,#4023,'ID3ff29e53-d8ad-4901-80d2-8817a87ff805');
#4028= IFCSHAPEREPRESENTATION(#13,'Body','SweptSolid',(#3689));
#4029= IFCPRODUCTDEFINITIONSHAPE($,$,(#4028));
#4030= IFCCARTESIANPOINT((441805.431244046,392764.613300572,-111.324280198375));
#4031= IFCAXIS2PLACEMENT3D(#4030,#2023,#3694);
#4032= IFCLOCALPLACEMENT(#3555,#4031);
#4033= IFCPLATE('2sBNPp68PEOPzWZMo2Uzu6',#3170,'PLACA','PL6.3*26',$,#4032,#4029,'IDb62d7673-1886-4e61-9f60-8d6c827bde06');
#4034= IFCQUANTITYAREA('NetArea',$,$,0.00643930798295003);
#4035= IFCQUANTITYAREA('GrossArea',$,$,0.00276988400957358);
#4036= IFCQUANTITYVOLUME('NetVolume',$,$,1.54502278338398E-05);
#4037= IFCQUANTITYVOLUME('GrossVolume',$,$,1.54502278338398E-05);
#4038= IFCELEMENTQUANTITY('2o_sL988r9OO1sK5Tzs7cX',#5,'BaseQuantities',$,$,(#3974,#4034,#4035,#3702,#4036,#4037));
#4039= IFCSHAPEREPRESENTATION(#13,'Body','Brep',(#3611));
#4040= IFCPRODUCTDEFINITIONSHAPE($,$,(#4039));
#4041= IFCCARTESIANPOINT((441787.153264051,392789.97169059,-58.0572800140304));
#4042= IFCAXIS2PLACEMENT3D(#4041,#3344,#676);
#4043= IFCLOCALPLACEMENT(#3555,#4042);
#4044= IFCFASTENER('3d_ddWembA7RkuaZprWBMl',#3170,'Weld',$,$,#4043,#4040,'IDe7fa79e0-a309-4a1d-bbb8-923cf580b5af');
#4045= IFCSHAPEREPRESENTATION(#13,'Body','Brep',(#3662));
#4046= IFCPRODUCTDEFINITIONSHAPE($,$,(#4045));
#4047= IFCCARTESIANPOINT((441776.939514053,392807.662424527,-110.54428001403));
#4048= IFCAXIS2PLACEMENT3D(#4047,#3709,#3710);
#4049= IFCLOCALPLACEMENT(#3555,#4048);
#4050= IFCFASTENER('2ObzdIcTjDXvg1DLqYCzZ3',#3170,'Weld',$,$,#4049,#4046,'ID9897d9d2-99db-4d87-9a81-355d2233d8c3');
#4051= IFCSHAPEREPRESENTATION(#13,'Body','Brep',(#3662));
#4052= IFCPRODUCTDEFINITIONSHAPE($,$,(#4051));
#4053= IFCCARTESIANPOINT((441776.939514053,392807.662424527,-5.57028001403037));
#4054= IFCAXIS2PLACEMENT3D(#4053,#3717,#3718);
#4055= IFCLOCALPLACEMENT(#3555,#4054);
#4056= IFCFASTENER('1JEApZSo90aeq$Yx_IkapP',#3170,'Weld',$,$,#4055,#4052,'ID5338ace3-7322-4092-8d3f-8bbf92ba4cd9');
#4057= IFCSHAPEREPRESENTATION(#13,'Body','SweptSolid',(#3736));
#4058= IFCPRODUCTDEFINITIONSHAPE($,$,(#4057));
#4059= IFCCARTESIANPOINT((441789.881244097,392791.546690549,-107.684280198384));
#4060= IFCAXIS2PLACEMENT3D(#4059,#2023,#3741);
#4061= IFCLOCALPLACEMENT(#3555,#4060);
#4062= IFCPLATE('27lTby3vHEUx4QxEJh39_A',#3170,'PLACA','PL6.3*26',$,#4061,#4058,'ID87bdd97c-0f94-4e7b-b11a-ece4eb0c9f8a');
#4063= IFCQUANTITYLENGTH('Width',$,$,25.999999999764);
#4064= IFCQUANTITYAREA('NetArea',$,$,0.00643930798295047);
#4065= IFCQUANTITYAREA('GrossArea',$,$,0.00276988400956188);
#4066= IFCQUANTITYVOLUME('NetVolume',$,$,1.54502278338411E-05);
#4067= IFCQUANTITYVOLUME('GrossVolume',$,$,1.54502278338411E-05);
#4068= IFCELEMENTQUANTITY('0JveA4wPz7qf88Q0U0hFft',#5,'BaseQuantities',$,$,(#4063,#4064,#4065,#3702,#4066,#4067));
#4069= IFCLOCALPLACEMENT(#45,#10);
#4070= IFCELEMENTASSEMBLY('3ZusiXr8H5TexPKpGVtvb_',#2593,'COLUMNA',$,$,#4069,$,'C0(?)',.NOTDEFINED.,.NOTDEFINED.);
#4071= IFCPROPERTYSINGLEVALUE('AREA_FORM_BOTTOM',$,IFCAREAMEASURE(0.00302),$);
#4072= IFCPROPERTYSINGLEVALUE('BOTTOM_LEVEL_BASEPOINT',$,IFCLABEL(' +99.705'),$);
#4073= IFCPROPERTYSINGLEVALUE('TOP_LEVEL_BASEPOINT',$,IFCLABEL(' +99.728'),$);
#4074= IFCPROPERTYSINGLEVALUE('COG_Y_BASEPOINT',$,IFCLENGTHMEASURE(393000.04801),$);
#4075= IFCPROPERTYSINGLEVALUE('WEIGHT_NET',$,IFCMASSMEASURE(22.39113),$);
#4076= IFCPROPERTYSINGLEVALUE('VOLUME_NET',$,IFCVOLUMEMEASURE(0.00285),$);
#4077= IFCPROPERTYSINGLEVALUE('HISTORY.CREATED',$,IFCLABEL('15.04.2026 08:19:31'),$);
#4078= IFCPROPERTYSINGLEVALUE('GUID',$,IFCLABEL('e3e36b21-d484-4576-8ed9-53341fdf997e'),$);
#4079= IFCPROPERTYSET('0iKSbFXvfAXfjIt968EEf8',#5,'Fundacion',$,(#4071,#100,#101,#4072,#4073,#4074,#3176,#4075,#4076,#59,#60,#61,#62,#63,#64,#65,#66,#67,#68,#69,#4077,#71,#127,#128,#2605,#4078));
#4080= IFCQUANTITYLENGTH('Width',$,$,533.4);
#4081= IFCELEMENTQUANTITY('2AY0qyakfAUgtqb5V07lMF',#5,'BaseQuantities',$,$,(#4080));
#4082= IFCSURFACESTYLE('STEEL/F24',.POSITIVE.,(#642));
#4083= IFCPRESENTATIONSTYLEASSIGNMENT((#4082));
#4084= IFCCIRCLEHOLLOWPROFILEDEF(.AREA.,'CFCHS533.4*100.03',#85,266.7,100.03);
#4085= IFCCARTESIANPOINT((0.,0.,22.22));
#4086= IFCAXIS2PLACEMENT3D(#4085,#676,#8);
#4087= IFCEXTRUDEDAREASOLID(#4084,#4086,#9,22.22);
#4088= IFCCARTESIANPOINT((180.695054587384,161.297500532412,-3.48999999995385));
#4089= IFCCARTESIANPOINT((182.597493852663,168.397500532563,-3.48999999995385));
#4090= IFCCARTESIANPOINT((182.597493852663,168.397500532563,34.5100000000461));
#4091= IFCCARTESIANPOINT((180.695054587384,161.297500532412,34.5100000000461));
#4092= IFCPOLYLOOP((#4088,#4089,#4090,#4091));
#4093= IFCFACEOUTERBOUND(#4092,.T.);
#4094= IFCFACE((#4093));
#4095= IFCCARTESIANPOINT((180.695054585522,175.497500532249,-3.48999999995385));
#4096= IFCCARTESIANPOINT((180.695054585522,175.497500532249,34.5100000000461));
#4097= IFCPOLYLOOP((#4089,#4095,#4096,#4090));
#4098= IFCFACEOUTERBOUND(#4097,.T.);
#4099= IFCFACE((#4098));
#4100= IFCCARTESIANPOINT((175.497493851173,180.695061265316,-3.48999999995385));
#4101= IFCCARTESIANPOINT((175.497493851173,180.695061265316,34.5100000000461));
#4102= IFCPOLYLOOP((#4095,#4100,#4101,#4096));
#4103= IFCFACEOUTERBOUND(#4102,.T.);
#4104= IFCFACE((#4103));
#4105= IFCCARTESIANPOINT((168.397493851022,182.597500530595,-3.48999999995385));
#4106= IFCCARTESIANPOINT((168.397493851022,182.597500530595,34.5100000000461));
#4107= IFCPOLYLOOP((#4100,#4105,#4106,#4101));
#4108= IFCFACEOUTERBOUND(#4107,.T.);
#4109= IFCFACE((#4108));
#4110= IFCCARTESIANPOINT((161.297493851336,180.695061263454,-3.48999999995385));
#4111= IFCCARTESIANPOINT((161.297493851336,180.695061263454,34.5100000000461));
#4112= IFCPOLYLOOP((#4105,#4110,#4111,#4106));
#4113= IFCFACEOUTERBOUND(#4112,.T.);
#4114= IFCFACE((#4113));
#4115= IFCCARTESIANPOINT((156.099933118268,175.497500529105,-3.48999999995385));
#4116= IFCCARTESIANPOINT((156.099933118268,175.497500529105,34.5100000000461));
#4117= IFCPOLYLOOP((#4110,#4115,#4116,#4111));
#4118= IFCFACEOUTERBOUND(#4117,.T.);
#4119= IFCFACE((#4118));
#4120= IFCCARTESIANPOINT((154.197493852989,168.397500528954,-3.48999999995385));
#4121= IFCCARTESIANPOINT((154.197493852989,168.397500528954,34.5100000000461));
#4122= IFCPOLYLOOP((#4115,#4120,#4121,#4116));
#4123= IFCFACEOUTERBOUND(#4122,.T.);
#4124= IFCFACE((#4123));
#4125= IFCCARTESIANPOINT((156.099933120131,161.297500529268,-3.48999999995385));
#4126= IFCCARTESIANPOINT((156.099933120131,161.297500529268,34.5100000000461));
#4127= IFCPOLYLOOP((#4120,#4125,#4126,#4121));
#4128= IFCFACEOUTERBOUND(#4127,.T.);
#4129= IFCFACE((#4128));
#4130= IFCCARTESIANPOINT((161.297493854479,156.0999397962,-3.48999999995385));
#4131= IFCCARTESIANPOINT((161.297493854479,156.0999397962,34.5100000000461));
#4132= IFCPOLYLOOP((#4125,#4130,#4131,#4126));
#4133= IFCFACEOUTERBOUND(#4132,.T.);
#4134= IFCFACE((#4133));
#4135= IFCCARTESIANPOINT((168.397493854631,154.197500530921,-3.48999999995385));
#4136= IFCCARTESIANPOINT((168.397493854631,154.197500530921,34.5100000000461));
#4137= IFCPOLYLOOP((#4130,#4135,#4136,#4131));
#4138= IFCFACEOUTERBOUND(#4137,.T.);
#4139= IFCFACE((#4138));
#4140= IFCCARTESIANPOINT((175.497493854316,156.099939798063,-3.48999999995385));
#4141= IFCCARTESIANPOINT((175.497493854316,156.099939798063,34.5100000000461));
#4142= IFCPOLYLOOP((#4135,#4140,#4141,#4136));
#4143= IFCFACEOUTERBOUND(#4142,.T.);
#4144= IFCFACE((#4143));
#4145= IFCPOLYLOOP((#4140,#4088,#4091,#4141));
#4146= IFCFACEOUTERBOUND(#4145,.T.);
#4147= IFCFACE((#4146));
#4148= IFCPOLYLOOP((#4096,#4101,#4106,#4111,#4116,#4121,#4126,#4131,#4136,#4141,#4091,#4090));
#4149= IFCFACEOUTERBOUND(#4148,.T.);
#4150= IFCFACE((#4149));
#4151= IFCPOLYLOOP((#4140,#4135,#4130,#4125,#4120,#4115,#4110,#4105,#4100,#4095,#4089,#4088));
#4152= IFCFACEOUTERBOUND(#4151,.T.);
#4153= IFCFACE((#4152));
#4154= IFCCLOSEDSHELL((#4094,#4099,#4104,#4109,#4114,#4119,#4124,#4129,#4134,#4139,#4144,#4147,#4150,#4153));
#4155= IFCFACETEDBREP(#4154);
#4156= IFCBOOLEANRESULT(.DIFFERENCE.,#4087,#4155);
#4157= IFCCARTESIANPOINT((75.8377573448233,230.035260319768,-3.49000000001206));
#4158= IFCCARTESIANPOINT((73.9353180785547,237.135260319745,-3.49000000001206));
#4159= IFCCARTESIANPOINT((73.9353180785547,237.135260319745,34.5099999999879));
#4160= IFCCARTESIANPOINT((75.8377573448233,230.035260319768,34.5099999999879));
#4161= IFCPOLYLOOP((#4157,#4158,#4159,#4160));
#4162= IFCFACEOUTERBOUND(#4161,.T.);
#4163= IFCFACE((#4162));
#4164= IFCCARTESIANPOINT((68.7377573447884,242.332821053511,-3.49000000001206));
#4165= IFCCARTESIANPOINT((68.7377573447884,242.332821053511,34.5099999999879));
#4166= IFCPOLYLOOP((#4158,#4164,#4165,#4159));
#4167= IFCFACEOUTERBOUND(#4166,.T.);
#4168= IFCFACE((#4167));
#4169= IFCCARTESIANPOINT((61.6377573448117,244.23526031978,-3.49000000001206));
#4170= IFCCARTESIANPOINT((61.6377573448117,244.23526031978,34.5099999999879));
#4171= IFCPOLYLOOP((#4164,#4169,#4170,#4165));
#4172= IFCFACEOUTERBOUND(#4171,.T.);
#4173= IFCFACE((#4172));
#4174= IFCCARTESIANPOINT((54.537757344835,242.332821053511,-3.49000000001206));
#4175= IFCCARTESIANPOINT((54.537757344835,242.332821053511,34.5099999999879));
#4176= IFCPOLYLOOP((#4169,#4174,#4175,#4170));
#4177= IFCFACEOUTERBOUND(#4176,.T.);
#4178= IFCFACE((#4177));
#4179= IFCCARTESIANPOINT((49.3401966110687,237.135260319745,-3.49000000001206));
#4180= IFCCARTESIANPOINT((49.3401966110687,237.135260319745,34.5099999999879));
#4181= IFCPOLYLOOP((#4174,#4179,#4180,#4175));
#4182= IFCFACEOUTERBOUND(#4181,.T.);
#4183= IFCFACE((#4182));
#4184= IFCCARTESIANPOINT((47.4377573448,230.035260319768,-3.49000000001206));
#4185= IFCCARTESIANPOINT((47.4377573448,230.035260319768,34.5099999999879));
#4186= IFCPOLYLOOP((#4179,#4184,#4185,#4180));
#4187= IFCFACEOUTERBOUND(#4186,.T.);
#4188= IFCFACE((#4187));
#4189= IFCCARTESIANPOINT((49.3401966110687,222.935260319791,-3.49000000001206));
#4190= IFCCARTESIANPOINT((49.3401966110687,222.935260319791,34.5099999999879));
#4191= IFCPOLYLOOP((#4184,#4189,#4190,#4185));
#4192= IFCFACEOUTERBOUND(#4191,.T.);
#4193= IFCFACE((#4192));
#4194= IFCCARTESIANPOINT((54.537757344835,217.737699586025,-3.49000000001206));
#4195= IFCCARTESIANPOINT((54.537757344835,217.737699586025,34.5099999999879));
#4196= IFCPOLYLOOP((#4189,#4194,#4195,#4190));
#4197= IFCFACEOUTERBOUND(#4196,.T.);
#4198= IFCFACE((#4197));
#4199= IFCCARTESIANPOINT((61.6377573448117,215.835260319756,-3.49000000001206));
#4200= IFCCARTESIANPOINT((61.6377573448117,215.835260319756,34.5099999999879));
#4201= IFCPOLYLOOP((#4194,#4199,#4200,#4195));
#4202= IFCFACEOUTERBOUND(#4201,.T.);
#4203= IFCFACE((#4202));
#4204= IFCCARTESIANPOINT((68.7377573447884,217.737699586025,-3.49000000001206));
#4205= IFCCARTESIANPOINT((68.7377573447884,217.737699586025,34.5099999999879));
#4206= IFCPOLYLOOP((#4199,#4204,#4205,#4200));
#4207= IFCFACEOUTERBOUND(#4206,.T.);
#4208= IFCFACE((#4207));
#4209= IFCCARTESIANPOINT((73.9353180785547,222.935260319791,-3.49000000001206));
#4210= IFCCARTESIANPOINT((73.9353180785547,222.935260319791,34.5099999999879));
#4211= IFCPOLYLOOP((#4204,#4209,#4210,#4205));
#4212= IFCFACEOUTERBOUND(#4211,.T.);
#4213= IFCFACE((#4212));
#4214= IFCPOLYLOOP((#4209,#4157,#4160,#4210));
#4215= IFCFACEOUTERBOUND(#4214,.T.);
#4216= IFCFACE((#4215));
#4217= IFCPOLYLOOP((#4165,#4170,#4175,#4180,#4185,#4190,#4195,#4200,#4205,#4210,#4160,#4159));
#4218= IFCFACEOUTERBOUND(#4217,.T.);
#4219= IFCFACE((#4218));
#4220= IFCPOLYLOOP((#4209,#4204,#4199,#4194,#4189,#4184,#4179,#4174,#4169,#4164,#4158,#4157));
#4221= IFCFACEOUTERBOUND(#4220,.T.);
#4222= IFCFACE((#4221));
#4223= IFCCLOSEDSHELL((#4163,#4168,#4173,#4178,#4183,#4188,#4193,#4198,#4203,#4208,#4213,#4216,#4219,#4222));
#4224= IFCFACETEDBREP(#4223);
#4225= IFCBOOLEANRESULT(.DIFFERENCE.,#4156,#4224);
#4226= IFCCARTESIANPOINT((230.035260320001,-75.8377573445323,-3.49000000001206));
#4227= IFCCARTESIANPOINT((237.135260319978,-73.9353180782637,-3.49000000001206));
#4228= IFCCARTESIANPOINT((237.135260319978,-73.9353180782637,34.5099999999879));
#4229= IFCCARTESIANPOINT((230.035260320001,-75.8377573445323,34.5099999999879));
#4230= IFCPOLYLOOP((#4226,#4227,#4228,#4229));
#4231= IFCFACEOUTERBOUND(#4230,.T.);
#4232= IFCFACE((#4231));
#4233= IFCCARTESIANPOINT((242.332821053744,-68.7377573444974,-3.49000000001206));
#4234= IFCCARTESIANPOINT((242.332821053744,-68.7377573444974,34.5099999999879));
#4235= IFCPOLYLOOP((#4227,#4233,#4234,#4228));
#4236= IFCFACEOUTERBOUND(#4235,.T.);
#4237= IFCFACE((#4236));
#4238= IFCCARTESIANPOINT((244.235260320012,-61.6377573445207,-3.49000000001206));
#4239= IFCCARTESIANPOINT((244.235260320012,-61.6377573445207,34.5099999999879));
#4240= IFCPOLYLOOP((#4233,#4238,#4239,#4234));
#4241= IFCFACEOUTERBOUND(#4240,.T.);
#4242= IFCFACE((#4241));
#4243= IFCCARTESIANPOINT((242.332821053744,-54.5377573445439,-3.49000000001206));
#4244= IFCCARTESIANPOINT((242.332821053744,-54.5377573445439,34.5099999999879));
#4245= IFCPOLYLOOP((#4238,#4243,#4244,#4239));
#4246= IFCFACEOUTERBOUND(#4245,.T.);
#4247= IFCFACE((#4246));
#4248= IFCCARTESIANPOINT((237.135260319978,-49.3401966107776,-3.49000000001206));
#4249= IFCCARTESIANPOINT((237.135260319978,-49.3401966107776,34.5099999999879));
#4250= IFCPOLYLOOP((#4243,#4248,#4249,#4244));
#4251= IFCFACEOUTERBOUND(#4250,.T.);
#4252= IFCFACE((#4251));
#4253= IFCCARTESIANPOINT((230.035260320001,-47.437757344509,-3.49000000001206));
#4254= IFCCARTESIANPOINT((230.035260320001,-47.437757344509,34.5099999999879));
#4255= IFCPOLYLOOP((#4248,#4253,#4254,#4249));
#4256= IFCFACEOUTERBOUND(#4255,.T.);
#4257= IFCFACE((#4256));
#4258= IFCCARTESIANPOINT((222.935260320024,-49.3401966107776,-3.49000000001206));
#4259= IFCCARTESIANPOINT((222.935260320024,-49.3401966107776,34.5099999999879));
#4260= IFCPOLYLOOP((#4253,#4258,#4259,#4254));
#4261= IFCFACEOUTERBOUND(#4260,.T.);
#4262= IFCFACE((#4261));
#4263= IFCCARTESIANPOINT((217.737699586258,-54.5377573445439,-3.49000000001206));
#4264= IFCCARTESIANPOINT((217.737699586258,-54.5377573445439,34.5099999999879));
#4265= IFCPOLYLOOP((#4258,#4263,#4264,#4259));
#4266= IFCFACEOUTERBOUND(#4265,.T.);
#4267= IFCFACE((#4266));
#4268= IFCCARTESIANPOINT((215.835260319989,-61.6377573445207,-3.49000000001206));
#4269= IFCCARTESIANPOINT((215.835260319989,-61.6377573445207,34.5099999999879));
#4270= IFCPOLYLOOP((#4263,#4268,#4269,#4264));
#4271= IFCFACEOUTERBOUND(#4270,.T.);
#4272= IFCFACE((#4271));
#4273= IFCCARTESIANPOINT((217.737699586258,-68.7377573444974,-3.49000000001206));
#4274= IFCCARTESIANPOINT((217.737699586258,-68.7377573444974,34.5099999999879));
#4275= IFCPOLYLOOP((#4268,#4273,#4274,#4269));
#4276= IFCFACEOUTERBOUND(#4275,.T.);
#4277= IFCFACE((#4276));
#4278= IFCCARTESIANPOINT((222.935260320024,-73.9353180782637,-3.49000000001206));
#4279= IFCCARTESIANPOINT((222.935260320024,-73.9353180782637,34.5099999999879));
#4280= IFCPOLYLOOP((#4273,#4278,#4279,#4274));
#4281= IFCFACEOUTERBOUND(#4280,.T.);
#4282= IFCFACE((#4281));
#4283= IFCPOLYLOOP((#4278,#4226,#4229,#4279));
#4284= IFCFACEOUTERBOUND(#4283,.T.);
#4285= IFCFACE((#4284));
#4286= IFCPOLYLOOP((#4234,#4239,#4244,#4249,#4254,#4259,#4264,#4269,#4274,#4279,#4229,#4228));
#4287= IFCFACEOUTERBOUND(#4286,.T.);
#4288= IFCFACE((#4287));
#4289= IFCPOLYLOOP((#4278,#4273,#4268,#4263,#4258,#4253,#4248,#4243,#4238,#4233,#4227,#4226));
#4290= IFCFACEOUTERBOUND(#4289,.T.);
#4291= IFCFACE((#4290));
#4292= IFCCLOSEDSHELL((#4232,#4237,#4242,#4247,#4252,#4257,#4262,#4267,#4272,#4277,#4282,#4285,#4288,#4291));
#4293= IFCFACETEDBREP(#4292);
#4294= IFCBOOLEANRESULT(.DIFFERENCE.,#4225,#4293);
#4295= IFCCARTESIANPOINT((237.135257873917,49.3402057326166,-3.49000000007027));
#4296= IFCCARTESIANPOINT((242.332818608265,54.5377664656844,-3.49000000007027));
#4297= IFCCARTESIANPOINT((242.332818608265,54.5377664656844,34.5099999999297));
#4298= IFCCARTESIANPOINT((237.135257873917,49.3402057326166,34.5099999999297));
#4299= IFCPOLYLOOP((#4295,#4296,#4297,#4298));
#4300= IFCFACEOUTERBOUND(#4299,.T.);
#4301= IFCFACE((#4300));
#4302= IFCCARTESIANPOINT((244.235257875407,61.6377664653701,-3.49000000007027));
#4303= IFCCARTESIANPOINT((244.235257875407,61.6377664653701,34.5099999999297));
#4304= IFCPOLYLOOP((#4296,#4302,#4303,#4297));
#4305= IFCFACEOUTERBOUND(#4304,.T.);
#4306= IFCFACE((#4305));
#4307= IFCCARTESIANPOINT((242.332818610128,68.7377664655214,-3.49000000007027));
#4308= IFCCARTESIANPOINT((242.332818610128,68.7377664655214,34.5099999999297));
#4309= IFCPOLYLOOP((#4302,#4307,#4308,#4303));
#4310= IFCFACEOUTERBOUND(#4309,.T.);
#4311= IFCFACE((#4310));
#4312= IFCCARTESIANPOINT((237.13525787706,73.9353271998698,-3.49000000007027));
#4313= IFCCARTESIANPOINT((237.13525787706,73.9353271998698,34.5099999999297));
#4314= IFCPOLYLOOP((#4307,#4312,#4313,#4308));
#4315= IFCFACEOUTERBOUND(#4314,.T.);
#4316= IFCFACE((#4315));
#4317= IFCCARTESIANPOINT((230.035257877375,75.8377664670115,-3.49000000007027));
#4318= IFCCARTESIANPOINT((230.035257877375,75.8377664670115,34.5099999999297));
#4319= IFCPOLYLOOP((#4312,#4317,#4318,#4313));
#4320= IFCFACEOUTERBOUND(#4319,.T.);
#4321= IFCFACE((#4320));
#4322= IFCCARTESIANPOINT((222.935257877223,73.9353272017324,-3.49000000007027));
#4323= IFCCARTESIANPOINT((222.935257877223,73.9353272017324,34.5099999999297));
#4324= IFCPOLYLOOP((#4317,#4322,#4323,#4318));
#4325= IFCFACEOUTERBOUND(#4324,.T.);
#4326= IFCFACE((#4325));
#4327= IFCCARTESIANPOINT((217.737697142875,68.7377664686646,-3.49000000007027));
#4328= IFCCARTESIANPOINT((217.737697142875,68.7377664686646,34.5099999999297));
#4329= IFCPOLYLOOP((#4322,#4327,#4328,#4323));
#4330= IFCFACEOUTERBOUND(#4329,.T.);
#4331= IFCFACE((#4330));
#4332= IFCCARTESIANPOINT((215.835257875733,61.637766468979,-3.49000000007027));
#4333= IFCCARTESIANPOINT((215.835257875733,61.637766468979,34.5099999999297));
#4334= IFCPOLYLOOP((#4327,#4332,#4333,#4328));
#4335= IFCFACEOUTERBOUND(#4334,.T.);
#4336= IFCFACE((#4335));
#4337= IFCCARTESIANPOINT((217.737697141012,54.5377664688276,-3.49000000007027));
#4338= IFCCARTESIANPOINT((217.737697141012,54.5377664688276,34.5099999999297));
#4339= IFCPOLYLOOP((#4332,#4337,#4338,#4333));
#4340= IFCFACEOUTERBOUND(#4339,.T.);
#4341= IFCFACE((#4340));
#4342= IFCCARTESIANPOINT((222.93525787408,49.3402057344792,-3.49000000007027));
#4343= IFCCARTESIANPOINT((222.93525787408,49.3402057344792,34.5099999999297));
#4344= IFCPOLYLOOP((#4337,#4342,#4343,#4338));
#4345= IFCFACEOUTERBOUND(#4344,.T.);
#4346= IFCFACE((#4345));
#4347= IFCCARTESIANPOINT((230.035257873766,47.4377664673375,-3.49000000007027));
#4348= IFCCARTESIANPOINT((230.035257873766,47.4377664673375,34.5099999999297));
#4349= IFCPOLYLOOP((#4342,#4347,#4348,#4343));
#4350= IFCFACEOUTERBOUND(#4349,.T.);
#4351= IFCFACE((#4350));
#4352= IFCPOLYLOOP((#4347,#4295,#4298,#4348));
#4353= IFCFACEOUTERBOUND(#4352,.T.);
#4354= IFCFACE((#4353));
#4355= IFCPOLYLOOP((#4303,#4308,#4313,#4318,#4323,#4328,#4333,#4338,#4343,#4348,#4298,#4297));
#4356= IFCFACEOUTERBOUND(#4355,.T.);
#4357= IFCFACE((#4356));
#4358= IFCPOLYLOOP((#4347,#4342,#4337,#4332,#4327,#4322,#4317,#4312,#4307,#4302,#4296,#4295));
#4359= IFCFACEOUTERBOUND(#4358,.T.);
#4360= IFCFACE((#4359));
#4361= IFCCLOSEDSHELL((#4301,#4306,#4311,#4316,#4321,#4326,#4331,#4336,#4341,#4346,#4351,#4354,#4357,#4360));
#4362= IFCFACETEDBREP(#4361);
#4363= IFCBOOLEANRESULT(.DIFFERENCE.,#4294,#4362);
#4364= IFCCARTESIANPOINT((-75.8377573442413,-230.03526031971,-3.49000000001206));
#4365= IFCCARTESIANPOINT((-73.9353180779726,-237.135260319686,-3.49000000001206));
#4366= IFCCARTESIANPOINT((-73.9353180779726,-237.135260319686,34.5099999999879));
#4367= IFCCARTESIANPOINT((-75.8377573442413,-230.03526031971,34.5099999999879));
#4368= IFCPOLYLOOP((#4364,#4365,#4366,#4367));
#4369= IFCFACEOUTERBOUND(#4368,.T.);
#4370= IFCFACE((#4369));
#4371= IFCCARTESIANPOINT((-68.7377573442063,-242.332821053453,-3.49000000001206));
#4372= IFCCARTESIANPOINT((-68.7377573442063,-242.332821053453,34.5099999999879));
#4373= IFCPOLYLOOP((#4365,#4371,#4372,#4366));
#4374= IFCFACEOUTERBOUND(#4373,.T.);
#4375= IFCFACE((#4374));
#4376= IFCCARTESIANPOINT((-61.6377573442296,-244.235260319721,-3.49000000001206));
#4377= IFCCARTESIANPOINT((-61.6377573442296,-244.235260319721,34.5099999999879));
#4378= IFCPOLYLOOP((#4371,#4376,#4377,#4372));
#4379= IFCFACEOUTERBOUND(#4378,.T.);
#4380= IFCFACE((#4379));
#4381= IFCCARTESIANPOINT((-54.5377573442529,-242.332821053453,-3.49000000001206));
#4382= IFCCARTESIANPOINT((-54.5377573442529,-242.332821053453,34.5099999999879));
#4383= IFCPOLYLOOP((#4376,#4381,#4382,#4377));
#4384= IFCFACEOUTERBOUND(#4383,.T.);
#4385= IFCFACE((#4384));
#4386= IFCCARTESIANPOINT((-49.3401966104866,-237.135260319686,-3.49000000001206));
#4387= IFCCARTESIANPOINT((-49.3401966104866,-237.135260319686,34.5099999999879));
#4388= IFCPOLYLOOP((#4381,#4386,#4387,#4382));
#4389= IFCFACEOUTERBOUND(#4388,.T.);
#4390= IFCFACE((#4389));
#4391= IFCCARTESIANPOINT((-47.437757344218,-230.03526031971,-3.49000000001206));
#4392= IFCCARTESIANPOINT((-47.437757344218,-230.03526031971,34.5099999999879));
#4393= IFCPOLYLOOP((#4386,#4391,#4392,#4387));
#4394= IFCFACEOUTERBOUND(#4393,.T.);
#4395= IFCFACE((#4394));
#4396= IFCCARTESIANPOINT((-49.3401966104866,-222.935260319733,-3.49000000001206));
#4397= IFCCARTESIANPOINT((-49.3401966104866,-222.935260319733,34.5099999999879));
#4398= IFCPOLYLOOP((#4391,#4396,#4397,#4392));
#4399= IFCFACEOUTERBOUND(#4398,.T.);
#4400= IFCFACE((#4399));
#4401= IFCCARTESIANPOINT((-54.5377573442529,-217.737699585967,-3.49000000001206));
#4402= IFCCARTESIANPOINT((-54.5377573442529,-217.737699585967,34.5099999999879));
#4403= IFCPOLYLOOP((#4396,#4401,#4402,#4397));
#4404= IFCFACEOUTERBOUND(#4403,.T.);
#4405= IFCFACE((#4404));
#4406= IFCCARTESIANPOINT((-61.6377573442296,-215.835260319698,-3.49000000001206));
#4407= IFCCARTESIANPOINT((-61.6377573442296,-215.835260319698,34.5099999999879));
#4408= IFCPOLYLOOP((#4401,#4406,#4407,#4402));
#4409= IFCFACEOUTERBOUND(#4408,.T.);
#4410= IFCFACE((#4409));
#4411= IFCCARTESIANPOINT((-68.7377573442063,-217.737699585967,-3.49000000001206));
#4412= IFCCARTESIANPOINT((-68.7377573442063,-217.737699585967,34.5099999999879));
#4413= IFCPOLYLOOP((#4406,#4411,#4412,#4407));
#4414= IFCFACEOUTERBOUND(#4413,.T.);
#4415= IFCFACE((#4414));
#4416= IFCCARTESIANPOINT((-73.9353180779726,-222.935260319733,-3.49000000001206));
#4417= IFCCARTESIANPOINT((-73.9353180779726,-222.935260319733,34.5099999999879));
#4418= IFCPOLYLOOP((#4411,#4416,#4417,#4412));
#4419= IFCFACEOUTERBOUND(#4418,.T.);
#4420= IFCFACE((#4419));
#4421= IFCPOLYLOOP((#4416,#4364,#4367,#4417));
#4422= IFCFACEOUTERBOUND(#4421,.T.);
#4423= IFCFACE((#4422));
#4424= IFCPOLYLOOP((#4372,#4377,#4382,#4387,#4392,#4397,#4402,#4407,#4412,#4417,#4367,#4366));
#4425= IFCFACEOUTERBOUND(#4424,.T.);
#4426= IFCFACE((#4425));
#4427= IFCPOLYLOOP((#4416,#4411,#4406,#4401,#4396,#4391,#4386,#4381,#4376,#4371,#4365,#4364));
#4428= IFCFACEOUTERBOUND(#4427,.T.);
#4429= IFCFACE((#4428));
#4430= IFCCLOSEDSHELL((#4370,#4375,#4380,#4385,#4390,#4395,#4400,#4405,#4410,#4415,#4420,#4423,#4426,#4429));
#4431= IFCFACETEDBREP(#4430);
#4432= IFCBOOLEANRESULT(.DIFFERENCE.,#4363,#4431);
#4433= IFCCARTESIANPOINT((49.3402057329076,-237.135257873684,-3.49000000007027));
#4434= IFCCARTESIANPOINT((54.5377664659754,-242.332818608033,-3.49000000007027));
#4435= IFCCARTESIANPOINT((54.5377664659754,-242.332818608033,34.5099999999297));
#4436= IFCCARTESIANPOINT((49.3402057329076,-237.135257873684,34.5099999999297));
#4437= IFCPOLYLOOP((#4433,#4434,#4435,#4436));
#4438= IFCFACEOUTERBOUND(#4437,.T.);
#4439= IFCFACE((#4438));
#4440= IFCCARTESIANPOINT((61.6377664656611,-244.235257875174,-3.49000000007027));
#4441= IFCCARTESIANPOINT((61.6377664656611,-244.235257875174,34.5099999999297));
#4442= IFCPOLYLOOP((#4434,#4440,#4441,#4435));
#4443= IFCFACEOUTERBOUND(#4442,.T.);
#4444= IFCFACE((#4443));
#4445= IFCCARTESIANPOINT((68.7377664658125,-242.332818609895,-3.49000000007027));
#4446= IFCCARTESIANPOINT((68.7377664658125,-242.332818609895,34.5099999999297));
#4447= IFCPOLYLOOP((#4440,#4445,#4446,#4441));
#4448= IFCFACEOUTERBOUND(#4447,.T.);
#4449= IFCFACE((#4448));
#4450= IFCCARTESIANPOINT((73.9353272001608,-237.135257876827,-3.49000000007027));
#4451= IFCCARTESIANPOINT((73.9353272001608,-237.135257876827,34.5099999999297));
#4452= IFCPOLYLOOP((#4445,#4450,#4451,#4446));
#4453= IFCFACEOUTERBOUND(#4452,.T.);
#4454= IFCFACE((#4453));
#4455= IFCCARTESIANPOINT((75.8377664673026,-230.035257877142,-3.49000000007027));
#4456= IFCCARTESIANPOINT((75.8377664673026,-230.035257877142,34.5099999999297));
#4457= IFCPOLYLOOP((#4450,#4455,#4456,#4451));
#4458= IFCFACEOUTERBOUND(#4457,.T.);
#4459= IFCFACE((#4458));
#4460= IFCCARTESIANPOINT((73.9353272020235,-222.93525787699,-3.49000000007027));
#4461= IFCCARTESIANPOINT((73.9353272020235,-222.93525787699,34.5099999999297));
#4462= IFCPOLYLOOP((#4455,#4460,#4461,#4456));
#4463= IFCFACEOUTERBOUND(#4462,.T.);
#4464= IFCFACE((#4463));
#4465= IFCCARTESIANPOINT((68.7377664689557,-217.737697142642,-3.49000000007027));
#4466= IFCCARTESIANPOINT((68.7377664689557,-217.737697142642,34.5099999999297));
#4467= IFCPOLYLOOP((#4460,#4465,#4466,#4461));
#4468= IFCFACEOUTERBOUND(#4467,.T.);
#4469= IFCFACE((#4468));
#4470= IFCCARTESIANPOINT((61.63776646927,-215.8352578755,-3.49000000007027));
#4471= IFCCARTESIANPOINT((61.63776646927,-215.8352578755,34.5099999999297));
#4472= IFCPOLYLOOP((#4465,#4470,#4471,#4466));
#4473= IFCFACEOUTERBOUND(#4472,.T.);
#4474= IFCFACE((#4473));
#4475= IFCCARTESIANPOINT((54.5377664691187,-217.737697140779,-3.49000000007027));
#4476= IFCCARTESIANPOINT((54.5377664691187,-217.737697140779,34.5099999999297));
#4477= IFCPOLYLOOP((#4470,#4475,#4476,#4471));
#4478= IFCFACEOUTERBOUND(#4477,.T.);
#4479= IFCFACE((#4478));
#4480= IFCCARTESIANPOINT((49.3402057347703,-222.935257873847,-3.49000000007027));
#4481= IFCCARTESIANPOINT((49.3402057347703,-222.935257873847,34.5099999999297));
#4482= IFCPOLYLOOP((#4475,#4480,#4481,#4476));
#4483= IFCFACEOUTERBOUND(#4482,.T.);
#4484= IFCFACE((#4483));
#4485= IFCCARTESIANPOINT((47.4377664676285,-230.035257873533,-3.49000000007027));
#4486= IFCCARTESIANPOINT((47.4377664676285,-230.035257873533,34.5099999999297));
#4487= IFCPOLYLOOP((#4480,#4485,#4486,#4481));
#4488= IFCFACEOUTERBOUND(#4487,.T.);
#4489= IFCFACE((#4488));
#4490= IFCPOLYLOOP((#4485,#4433,#4436,#4486));
#4491= IFCFACEOUTERBOUND(#4490,.T.);
#4492= IFCFACE((#4491));
#4493= IFCPOLYLOOP((#4441,#4446,#4451,#4456,#4461,#4466,#4471,#4476,#4481,#4486,#4436,#4435));
#4494= IFCFACEOUTERBOUND(#4493,.T.);
#4495= IFCFACE((#4494));
#4496= IFCPOLYLOOP((#4485,#4480,#4475,#4470,#4465,#4460,#4455,#4450,#4445,#4440,#4434,#4433));
#4497= IFCFACEOUTERBOUND(#4496,.T.);
#4498= IFCFACE((#4497));
#4499= IFCCLOSEDSHELL((#4439,#4444,#4449,#4454,#4459,#4464,#4469,#4474,#4479,#4484,#4489,#4492,#4495,#4498));
#4500= IFCFACETEDBREP(#4499);
#4501= IFCBOOLEANRESULT(.DIFFERENCE.,#4432,#4500);
#4502= IFCCARTESIANPOINT((-230.035260319419,75.8377573445323,-3.49000000001206));
#4503= IFCCARTESIANPOINT((-237.135260319395,73.9353180782637,-3.49000000001206));
#4504= IFCCARTESIANPOINT((-237.135260319395,73.9353180782637,34.5099999999879));
#4505= IFCCARTESIANPOINT((-230.035260319419,75.8377573445323,34.5099999999879));
#4506= IFCPOLYLOOP((#4502,#4503,#4504,#4505));
#4507= IFCFACEOUTERBOUND(#4506,.T.);
#4508= IFCFACE((#4507));
#4509= IFCCARTESIANPOINT((-242.332821053162,68.7377573444974,-3.49000000001206));
#4510= IFCCARTESIANPOINT((-242.332821053162,68.7377573444974,34.5099999999879));
#4511= IFCPOLYLOOP((#4503,#4509,#4510,#4504));
#4512= IFCFACEOUTERBOUND(#4511,.T.);
#4513= IFCFACE((#4512));
#4514= IFCCARTESIANPOINT((-244.23526031943,61.6377573445207,-3.49000000001206));
#4515= IFCCARTESIANPOINT((-244.23526031943,61.6377573445207,34.5099999999879));
#4516= IFCPOLYLOOP((#4509,#4514,#4515,#4510));
#4517= IFCFACEOUTERBOUND(#4516,.T.);
#4518= IFCFACE((#4517));
#4519= IFCCARTESIANPOINT((-242.332821053162,54.5377573445439,-3.49000000001206));
#4520= IFCCARTESIANPOINT((-242.332821053162,54.5377573445439,34.5099999999879));
#4521= IFCPOLYLOOP((#4514,#4519,#4520,#4515));
#4522= IFCFACEOUTERBOUND(#4521,.T.);
#4523= IFCFACE((#4522));
#4524= IFCCARTESIANPOINT((-237.135260319395,49.3401966107776,-3.49000000001206));
#4525= IFCCARTESIANPOINT((-237.135260319395,49.3401966107776,34.5099999999879));
#4526= IFCPOLYLOOP((#4519,#4524,#4525,#4520));
#4527= IFCFACEOUTERBOUND(#4526,.T.);
#4528= IFCFACE((#4527));
#4529= IFCCARTESIANPOINT((-230.035260319419,47.437757344509,-3.49000000001206));
#4530= IFCCARTESIANPOINT((-230.035260319419,47.437757344509,34.5099999999879));
#4531= IFCPOLYLOOP((#4524,#4529,#4530,#4525));
#4532= IFCFACEOUTERBOUND(#4531,.T.);
#4533= IFCFACE((#4532));
#4534= IFCCARTESIANPOINT((-222.935260319442,49.3401966107776,-3.49000000001206));
#4535= IFCCARTESIANPOINT((-222.935260319442,49.3401966107776,34.5099999999879));
#4536= IFCPOLYLOOP((#4529,#4534,#4535,#4530));
#4537= IFCFACEOUTERBOUND(#4536,.T.);
#4538= IFCFACE((#4537));
#4539= IFCCARTESIANPOINT((-217.737699585676,54.5377573445439,-3.49000000001206));
#4540= IFCCARTESIANPOINT((-217.737699585676,54.5377573445439,34.5099999999879));
#4541= IFCPOLYLOOP((#4534,#4539,#4540,#4535));
#4542= IFCFACEOUTERBOUND(#4541,.T.);
#4543= IFCFACE((#4542));
#4544= IFCCARTESIANPOINT((-215.835260319407,61.6377573445207,-3.49000000001206));
#4545= IFCCARTESIANPOINT((-215.835260319407,61.6377573445207,34.5099999999879));
#4546= IFCPOLYLOOP((#4539,#4544,#4545,#4540));
#4547= IFCFACEOUTERBOUND(#4546,.T.);
#4548= IFCFACE((#4547));
#4549= IFCCARTESIANPOINT((-217.737699585676,68.7377573444974,-3.49000000001206));
#4550= IFCCARTESIANPOINT((-217.737699585676,68.7377573444974,34.5099999999879));
#4551= IFCPOLYLOOP((#4544,#4549,#4550,#4545));
#4552= IFCFACEOUTERBOUND(#4551,.T.);
#4553= IFCFACE((#4552));
#4554= IFCCARTESIANPOINT((-222.935260319442,73.9353180782637,-3.49000000001206));
#4555= IFCCARTESIANPOINT((-222.935260319442,73.9353180782637,34.5099999999879));
#4556= IFCPOLYLOOP((#4549,#4554,#4555,#4550));
#4557= IFCFACEOUTERBOUND(#4556,.T.);
#4558= IFCFACE((#4557));
#4559= IFCPOLYLOOP((#4554,#4502,#4505,#4555));
#4560= IFCFACEOUTERBOUND(#4559,.T.);
#4561= IFCFACE((#4560));
#4562= IFCPOLYLOOP((#4510,#4515,#4520,#4525,#4530,#4535,#4540,#4545,#4550,#4555,#4505,#4504));
#4563= IFCFACEOUTERBOUND(#4562,.T.);
#4564= IFCFACE((#4563));
#4565= IFCPOLYLOOP((#4554,#4549,#4544,#4539,#4534,#4529,#4524,#4519,#4514,#4509,#4503,#4502));
#4566= IFCFACEOUTERBOUND(#4565,.T.);
#4567= IFCFACE((#4566));
#4568= IFCCLOSEDSHELL((#4508,#4513,#4518,#4523,#4528,#4533,#4538,#4543,#4548,#4553,#4558,#4561,#4564,#4567));
#4569= IFCFACETEDBREP(#4568);
#4570= IFCBOOLEANRESULT(.DIFFERENCE.,#4501,#4569);
#4571= IFCCARTESIANPOINT((-180.695054586802,-161.297500532353,-3.49000000007027));
#4572= IFCCARTESIANPOINT((-182.597493852081,-168.397500532505,-3.49000000007027));
#4573= IFCCARTESIANPOINT((-182.597493852081,-168.397500532505,34.5099999999297));
#4574= IFCCARTESIANPOINT((-180.695054586802,-161.297500532353,34.5099999999297));
#4575= IFCPOLYLOOP((#4571,#4572,#4573,#4574));
#4576= IFCFACEOUTERBOUND(#4575,.T.);
#4577= IFCFACE((#4576));
#4578= IFCCARTESIANPOINT((-180.695054584939,-175.49750053219,-3.49000000007027));
#4579= IFCCARTESIANPOINT((-180.695054584939,-175.49750053219,34.5099999999297));
#4580= IFCPOLYLOOP((#4572,#4578,#4579,#4573));
#4581= IFCFACEOUTERBOUND(#4580,.T.);
#4582= IFCFACE((#4581));
#4583= IFCCARTESIANPOINT((-175.497493850591,-180.695061265258,-3.49000000007027));
#4584= IFCCARTESIANPOINT((-175.497493850591,-180.695061265258,34.5099999999297));
#4585= IFCPOLYLOOP((#4578,#4583,#4584,#4579));
#4586= IFCFACEOUTERBOUND(#4585,.T.);
#4587= IFCFACE((#4586));
#4588= IFCCARTESIANPOINT((-168.39749385044,-182.597500530537,-3.49000000007027));
#4589= IFCCARTESIANPOINT((-168.39749385044,-182.597500530537,34.5099999999297));
#4590= IFCPOLYLOOP((#4583,#4588,#4589,#4584));
#4591= IFCFACEOUTERBOUND(#4590,.T.);
#4592= IFCFACE((#4591));
#4593= IFCCARTESIANPOINT((-161.297493850754,-180.695061263395,-3.49000000007027));
#4594= IFCCARTESIANPOINT((-161.297493850754,-180.695061263395,34.5099999999297));
#4595= IFCPOLYLOOP((#4588,#4593,#4594,#4589));
#4596= IFCFACEOUTERBOUND(#4595,.T.);
#4597= IFCFACE((#4596));
#4598= IFCCARTESIANPOINT((-156.099933117686,-175.497500529047,-3.49000000007027));
#4599= IFCCARTESIANPOINT((-156.099933117686,-175.497500529047,34.5099999999297));
#4600= IFCPOLYLOOP((#4593,#4598,#4599,#4594));
#4601= IFCFACEOUTERBOUND(#4600,.T.);
#4602= IFCFACE((#4601));
#4603= IFCCARTESIANPOINT((-154.197493852407,-168.397500528896,-3.49000000007027));
#4604= IFCCARTESIANPOINT((-154.197493852407,-168.397500528896,34.5099999999297));
#4605= IFCPOLYLOOP((#4598,#4603,#4604,#4599));
#4606= IFCFACEOUTERBOUND(#4605,.T.);
#4607= IFCFACE((#4606));
#4608= IFCCARTESIANPOINT((-156.099933119549,-161.29750052921,-3.49000000007027));
#4609= IFCCARTESIANPOINT((-156.099933119549,-161.29750052921,34.5099999999297));
#4610= IFCPOLYLOOP((#4603,#4608,#4609,#4604));
#4611= IFCFACEOUTERBOUND(#4610,.T.);
#4612= IFCFACE((#4611));
#4613= IFCCARTESIANPOINT((-161.297493853897,-156.099939796142,-3.49000000007027));
#4614= IFCCARTESIANPOINT((-161.297493853897,-156.099939796142,34.5099999999297));
#4615= IFCPOLYLOOP((#4608,#4613,#4614,#4609));
#4616= IFCFACEOUTERBOUND(#4615,.T.);
#4617= IFCFACE((#4616));
#4618= IFCCARTESIANPOINT((-168.397493854049,-154.197500530863,-3.49000000007027));
#4619= IFCCARTESIANPOINT((-168.397493854049,-154.197500530863,34.5099999999297));
#4620= IFCPOLYLOOP((#4613,#4618,#4619,#4614));
#4621= IFCFACEOUTERBOUND(#4620,.T.);
#4622= IFCFACE((#4621));
#4623= IFCCARTESIANPOINT((-175.497493853734,-156.099939798005,-3.49000000007027));
#4624= IFCCARTESIANPOINT((-175.497493853734,-156.099939798005,34.5099999999297));
#4625= IFCPOLYLOOP((#4618,#4623,#4624,#4619));
#4626= IFCFACEOUTERBOUND(#4625,.T.);
#4627= IFCFACE((#4626));
#4628= IFCPOLYLOOP((#4623,#4571,#4574,#4624));
#4629= IFCFACEOUTERBOUND(#4628,.T.);
#4630= IFCFACE((#4629));
#4631= IFCPOLYLOOP((#4579,#4584,#4589,#4594,#4599,#4604,#4609,#4614,#4619,#4624,#4574,#4573));
#4632= IFCFACEOUTERBOUND(#4631,.T.);
#4633= IFCFACE((#4632));
#4634= IFCPOLYLOOP((#4623,#4618,#4613,#4608,#4603,#4598,#4593,#4588,#4583,#4578,#4572,#4571));
#4635= IFCFACEOUTERBOUND(#4634,.T.);
#4636= IFCFACE((#4635));
#4637= IFCCLOSEDSHELL((#4577,#4582,#4587,#4592,#4597,#4602,#4607,#4612,#4617,#4622,#4627,#4630,#4633,#4636));
#4638= IFCFACETEDBREP(#4637);
#4639= IFCBOOLEANRESULT(.DIFFERENCE.,#4570,#4638);
#4640= IFCCARTESIANPOINT((-49.3402057323256,237.135257873568,-3.48999999998296));
#4641= IFCCARTESIANPOINT((-54.5377664653934,242.332818607916,-3.48999999998296));
#4642= IFCCARTESIANPOINT((-54.5377664653934,242.332818607916,34.510000000017));
#4643= IFCCARTESIANPOINT((-49.3402057323256,237.135257873568,34.510000000017));
#4644= IFCPOLYLOOP((#4640,#4641,#4642,#4643));
#4645= IFCFACEOUTERBOUND(#4644,.T.);
#4646= IFCFACE((#4645));
#4647= IFCCARTESIANPOINT((-61.637766465079,244.235257875058,-3.48999999998296));
#4648= IFCCARTESIANPOINT((-61.637766465079,244.235257875058,34.510000000017));
#4649= IFCPOLYLOOP((#4641,#4647,#4648,#4642));
#4650= IFCFACEOUTERBOUND(#4649,.T.);
#4651= IFCFACE((#4650));
#4652= IFCCARTESIANPOINT((-68.7377664652304,242.332818609779,-3.48999999998296));
#4653= IFCCARTESIANPOINT((-68.7377664652304,242.332818609779,34.510000000017));
#4654= IFCPOLYLOOP((#4647,#4652,#4653,#4648));
#4655= IFCFACEOUTERBOUND(#4654,.T.);
#4656= IFCFACE((#4655));
#4657= IFCCARTESIANPOINT((-73.9353271995788,237.135257876711,-3.48999999998296));
#4658= IFCCARTESIANPOINT((-73.9353271995788,237.135257876711,34.510000000017));
#4659= IFCPOLYLOOP((#4652,#4657,#4658,#4653));
#4660= IFCFACEOUTERBOUND(#4659,.T.);
#4661= IFCFACE((#4660));
#4662= IFCCARTESIANPOINT((-75.8377664667205,230.035257877025,-3.48999999998296));
#4663= IFCCARTESIANPOINT((-75.8377664667205,230.035257877025,34.510000000017));
#4664= IFCPOLYLOOP((#4657,#4662,#4663,#4658));
#4665= IFCFACEOUTERBOUND(#4664,.T.);
#4666= IFCFACE((#4665));
#4667= IFCCARTESIANPOINT((-73.9353272014414,222.935257876874,-3.48999999998296));
#4668= IFCCARTESIANPOINT((-73.9353272014414,222.935257876874,34.510000000017));
#4669= IFCPOLYLOOP((#4662,#4667,#4668,#4663));
#4670= IFCFACEOUTERBOUND(#4669,.T.);
#4671= IFCFACE((#4670));
#4672= IFCCARTESIANPOINT((-68.7377664683736,217.737697142526,-3.48999999998296));
#4673= IFCCARTESIANPOINT((-68.7377664683736,217.737697142526,34.510000000017));
#4674= IFCPOLYLOOP((#4667,#4672,#4673,#4668));
#4675= IFCFACEOUTERBOUND(#4674,.T.);
#4676= IFCFACE((#4675));
#4677= IFCCARTESIANPOINT((-61.6377664686879,215.835257875384,-3.48999999998296));
#4678= IFCCARTESIANPOINT((-61.6377664686879,215.835257875384,34.510000000017));
#4679= IFCPOLYLOOP((#4672,#4677,#4678,#4673));
#4680= IFCFACEOUTERBOUND(#4679,.T.);
#4681= IFCFACE((#4680));
#4682= IFCCARTESIANPOINT((-54.5377664685366,217.737697140663,-3.48999999998296));
#4683= IFCCARTESIANPOINT((-54.5377664685366,217.737697140663,34.510000000017));
#4684= IFCPOLYLOOP((#4677,#4682,#4683,#4678));
#4685= IFCFACEOUTERBOUND(#4684,.T.);
#4686= IFCFACE((#4685));
#4687= IFCCARTESIANPOINT((-49.3402057341882,222.935257873731,-3.48999999998296));
#4688= IFCCARTESIANPOINT((-49.3402057341882,222.935257873731,34.510000000017));
#4689= IFCPOLYLOOP((#4682,#4687,#4688,#4683));
#4690= IFCFACEOUTERBOUND(#4689,.T.);
#4691= IFCFACE((#4690));
#4692= IFCCARTESIANPOINT((-47.4377664670465,230.035257873416,-3.48999999998296));
#4693= IFCCARTESIANPOINT((-47.4377664670465,230.035257873416,34.510000000017));
#4694= IFCPOLYLOOP((#4687,#4692,#4693,#4688));
#4695= IFCFACEOUTERBOUND(#4694,.T.);
#4696= IFCFACE((#4695));
#4697= IFCPOLYLOOP((#4692,#4640,#4643,#4693));
#4698= IFCFACEOUTERBOUND(#4697,.T.);
#4699= IFCFACE((#4698));
#4700= IFCPOLYLOOP((#4648,#4653,#4658,#4663,#4668,#4673,#4678,#4683,#4688,#4693,#4643,#4642));
#4701= IFCFACEOUTERBOUND(#4700,.T.);
#4702= IFCFACE((#4701));
#4703= IFCPOLYLOOP((#4692,#4687,#4682,#4677,#4672,#4667,#4662,#4657,#4652,#4647,#4641,#4640));
#4704= IFCFACEOUTERBOUND(#4703,.T.);
#4705= IFCFACE((#4704));
#4706= IFCCLOSEDSHELL((#4646,#4651,#4656,#4661,#4666,#4671,#4676,#4681,#4686,#4691,#4696,#4699,#4702,#4705));
#4707= IFCFACETEDBREP(#4706);
#4708= IFCBOOLEANRESULT(.DIFFERENCE.,#4639,#4707);
#4709= IFCCARTESIANPOINT((-161.29750053212,180.695054587384,-3.49000000004116));
#4710= IFCCARTESIANPOINT((-168.397500532272,182.597493852663,-3.49000000004116));
#4711= IFCCARTESIANPOINT((-168.397500532272,182.597493852663,34.5099999999588));
#4712= IFCCARTESIANPOINT((-161.29750053212,180.695054587384,34.5099999999588));
#4713= IFCPOLYLOOP((#4709,#4710,#4711,#4712));
#4714= IFCFACEOUTERBOUND(#4713,.T.);
#4715= IFCFACE((#4714));
#4716= IFCCARTESIANPOINT((-175.497500531957,180.695054585522,-3.49000000004116));
#4717= IFCCARTESIANPOINT((-175.497500531957,180.695054585522,34.5099999999588));
#4718= IFCPOLYLOOP((#4710,#4716,#4717,#4711));
#4719= IFCFACEOUTERBOUND(#4718,.T.);
#4720= IFCFACE((#4719));
#4721= IFCCARTESIANPOINT((-180.695061265025,175.497493851173,-3.49000000004116));
#4722= IFCCARTESIANPOINT((-180.695061265025,175.497493851173,34.5099999999588));
#4723= IFCPOLYLOOP((#4716,#4721,#4722,#4717));
#4724= IFCFACEOUTERBOUND(#4723,.T.);
#4725= IFCFACE((#4724));
#4726= IFCCARTESIANPOINT((-182.597500530304,168.397493851022,-3.49000000004116));
#4727= IFCCARTESIANPOINT((-182.597500530304,168.397493851022,34.5099999999588));
#4728= IFCPOLYLOOP((#4721,#4726,#4727,#4722));
#4729= IFCFACEOUTERBOUND(#4728,.T.);
#4730= IFCFACE((#4729));
#4731= IFCCARTESIANPOINT((-180.695061263163,161.297493851336,-3.49000000004116));
#4732= IFCCARTESIANPOINT((-180.695061263163,161.297493851336,34.5099999999588));
#4733= IFCPOLYLOOP((#4726,#4731,#4732,#4727));
#4734= IFCFACEOUTERBOUND(#4733,.T.);
#4735= IFCFACE((#4734));
#4736= IFCCARTESIANPOINT((-175.497500528814,156.099933118268,-3.49000000004116));
#4737= IFCCARTESIANPOINT((-175.497500528814,156.099933118268,34.5099999999588));
#4738= IFCPOLYLOOP((#4731,#4736,#4737,#4732));
#4739= IFCFACEOUTERBOUND(#4738,.T.);
#4740= IFCFACE((#4739));
#4741= IFCCARTESIANPOINT((-168.397500528663,154.197493852989,-3.49000000004116));
#4742= IFCCARTESIANPOINT((-168.397500528663,154.197493852989,34.5099999999588));
#4743= IFCPOLYLOOP((#4736,#4741,#4742,#4737));
#4744= IFCFACEOUTERBOUND(#4743,.T.);
#4745= IFCFACE((#4744));
#4746= IFCCARTESIANPOINT((-161.297500528977,156.099933120131,-3.49000000004116));
#4747= IFCCARTESIANPOINT((-161.297500528977,156.099933120131,34.5099999999588));
#4748= IFCPOLYLOOP((#4741,#4746,#4747,#4742));
#4749= IFCFACEOUTERBOUND(#4748,.T.);
#4750= IFCFACE((#4749));
#4751= IFCCARTESIANPOINT((-156.099939795909,161.297493854479,-3.49000000004116));
#4752= IFCCARTESIANPOINT((-156.099939795909,161.297493854479,34.5099999999588));
#4753= IFCPOLYLOOP((#4746,#4751,#4752,#4747));
#4754= IFCFACEOUTERBOUND(#4753,.T.);
#4755= IFCFACE((#4754));
#4756= IFCCARTESIANPOINT((-154.19750053063,168.397493854631,-3.49000000004116));
#4757= IFCCARTESIANPOINT((-154.19750053063,168.397493854631,34.5099999999588));
#4758= IFCPOLYLOOP((#4751,#4756,#4757,#4752));
#4759= IFCFACEOUTERBOUND(#4758,.T.);
#4760= IFCFACE((#4759));
#4761= IFCCARTESIANPOINT((-156.099939797772,175.497493854316,-3.49000000004116));
#4762= IFCCARTESIANPOINT((-156.099939797772,175.497493854316,34.5099999999588));
#4763= IFCPOLYLOOP((#4756,#4761,#4762,#4757));
#4764= IFCFACEOUTERBOUND(#4763,.T.);
#4765= IFCFACE((#4764));
#4766= IFCPOLYLOOP((#4761,#4709,#4712,#4762));
#4767= IFCFACEOUTERBOUND(#4766,.T.);
#4768= IFCFACE((#4767));
#4769= IFCPOLYLOOP((#4717,#4722,#4727,#4732,#4737,#4742,#4747,#4752,#4757,#4762,#4712,#4711));
#4770= IFCFACEOUTERBOUND(#4769,.T.);
#4771= IFCFACE((#4770));
#4772= IFCPOLYLOOP((#4761,#4756,#4751,#4746,#4741,#4736,#4731,#4726,#4721,#4716,#4710,#4709));
#4773= IFCFACEOUTERBOUND(#4772,.T.);
#4774= IFCFACE((#4773));
#4775= IFCCLOSEDSHELL((#4715,#4720,#4725,#4730,#4735,#4740,#4745,#4750,#4755,#4760,#4765,#4768,#4771,#4774));
#4776= IFCFACETEDBREP(#4775);
#4777= IFCBOOLEANRESULT(.DIFFERENCE.,#4708,#4776);
#4778= IFCCARTESIANPOINT((-237.135257873335,-49.3402057325002,-3.49000000018668));
#4779= IFCCARTESIANPOINT((-242.332818607683,-54.537766465568,-3.49000000018668));
#4780= IFCCARTESIANPOINT((-242.332818607683,-54.537766465568,34.5099999998133));
#4781= IFCCARTESIANPOINT((-237.135257873335,-49.3402057325002,34.5099999998133));
#4782= IFCPOLYLOOP((#4778,#4779,#4780,#4781));
#4783= IFCFACEOUTERBOUND(#4782,.T.);
#4784= IFCFACE((#4783));
#4785= IFCCARTESIANPOINT((-244.235257874825,-61.6377664652537,-3.49000000018668));
#4786= IFCCARTESIANPOINT((-244.235257874825,-61.6377664652537,34.5099999998133));
#4787= IFCPOLYLOOP((#4779,#4785,#4786,#4780));
#4788= IFCFACEOUTERBOUND(#4787,.T.);
#4789= IFCFACE((#4788));
#4790= IFCCARTESIANPOINT((-242.332818609546,-68.737766465405,-3.49000000018668));
#4791= IFCCARTESIANPOINT((-242.332818609546,-68.737766465405,34.5099999998133));
#4792= IFCPOLYLOOP((#4785,#4790,#4791,#4786));
#4793= IFCFACEOUTERBOUND(#4792,.T.);
#4794= IFCFACE((#4793));
#4795= IFCCARTESIANPOINT((-237.135257876478,-73.9353271997534,-3.49000000018668));
#4796= IFCCARTESIANPOINT((-237.135257876478,-73.9353271997534,34.5099999998133));
#4797= IFCPOLYLOOP((#4790,#4795,#4796,#4791));
#4798= IFCFACEOUTERBOUND(#4797,.T.);
#4799= IFCFACE((#4798));
#4800= IFCCARTESIANPOINT((-230.035257876792,-75.8377664668951,-3.49000000018668));
#4801= IFCCARTESIANPOINT((-230.035257876792,-75.8377664668951,34.5099999998133));
#4802= IFCPOLYLOOP((#4795,#4800,#4801,#4796));
#4803= IFCFACEOUTERBOUND(#4802,.T.);
#4804= IFCFACE((#4803));
#4805= IFCCARTESIANPOINT((-222.935257876641,-73.935327201616,-3.49000000018668));
#4806= IFCCARTESIANPOINT((-222.935257876641,-73.935327201616,34.5099999998133));
#4807= IFCPOLYLOOP((#4800,#4805,#4806,#4801));
#4808= IFCFACEOUTERBOUND(#4807,.T.);
#4809= IFCFACE((#4808));
#4810= IFCCARTESIANPOINT((-217.737697142293,-68.7377664685482,-3.49000000018668));
#4811= IFCCARTESIANPOINT((-217.737697142293,-68.7377664685482,34.5099999998133));
#4812= IFCPOLYLOOP((#4805,#4810,#4811,#4806));
#4813= IFCFACEOUTERBOUND(#4812,.T.);
#4814= IFCFACE((#4813));
#4815= IFCCARTESIANPOINT((-215.835257875151,-61.6377664688625,-3.49000000018668));
#4816= IFCCARTESIANPOINT((-215.835257875151,-61.6377664688625,34.5099999998133));
#4817= IFCPOLYLOOP((#4810,#4815,#4816,#4811));
#4818= IFCFACEOUTERBOUND(#4817,.T.);
#4819= IFCFACE((#4818));
#4820= IFCCARTESIANPOINT((-217.73769714043,-54.5377664687112,-3.49000000018668));
#4821= IFCCARTESIANPOINT((-217.73769714043,-54.5377664687112,34.5099999998133));
#4822= IFCPOLYLOOP((#4815,#4820,#4821,#4816));
#4823= IFCFACEOUTERBOUND(#4822,.T.);
#4824= IFCFACE((#4823));
#4825= IFCCARTESIANPOINT((-222.935257873498,-49.3402057343628,-3.49000000018668));
#4826= IFCCARTESIANPOINT((-222.935257873498,-49.3402057343628,34.5099999998133));
#4827= IFCPOLYLOOP((#4820,#4825,#4826,#4821));
#4828= IFCFACEOUTERBOUND(#4827,.T.);
#4829= IFCFACE((#4828));
#4830= IFCCARTESIANPOINT((-230.035257873184,-47.4377664672211,-3.49000000018668));
#4831= IFCCARTESIANPOINT((-230.035257873184,-47.4377664672211,34.5099999998133));
#4832= IFCPOLYLOOP((#4825,#4830,#4831,#4826));
#4833= IFCFACEOUTERBOUND(#4832,.T.);
#4834= IFCFACE((#4833));
#4835= IFCPOLYLOOP((#4830,#4778,#4781,#4831));
#4836= IFCFACEOUTERBOUND(#4835,.T.);
#4837= IFCFACE((#4836));
#4838= IFCPOLYLOOP((#4786,#4791,#4796,#4801,#4806,#4811,#4816,#4821,#4826,#4831,#4781,#4780));
#4839= IFCFACEOUTERBOUND(#4838,.T.);
#4840= IFCFACE((#4839));
#4841= IFCPOLYLOOP((#4830,#4825,#4820,#4815,#4810,#4805,#4800,#4795,#4790,#4785,#4779,#4778));
#4842= IFCFACEOUTERBOUND(#4841,.T.);
#4843= IFCFACE((#4842));
#4844= IFCCLOSEDSHELL((#4784,#4789,#4794,#4799,#4804,#4809,#4814,#4819,#4824,#4829,#4834,#4837,#4840,#4843));
#4845= IFCFACETEDBREP(#4844);
#4846= IFCBOOLEANRESULT(.DIFFERENCE.,#4777,#4845);
#4847= IFCCARTESIANPOINT((161.297500532703,-180.695054587151,-3.48999999998296));
#4848= IFCCARTESIANPOINT((168.397500532854,-182.59749385243,-3.48999999998296));
#4849= IFCCARTESIANPOINT((168.397500532854,-182.59749385243,34.510000000017));
#4850= IFCCARTESIANPOINT((161.297500532703,-180.695054587151,34.510000000017));
#4851= IFCPOLYLOOP((#4847,#4848,#4849,#4850));
#4852= IFCFACEOUTERBOUND(#4851,.T.);
#4853= IFCFACE((#4852));
#4854= IFCCARTESIANPOINT((175.49750053254,-180.695054585289,-3.48999999998296));
#4855= IFCCARTESIANPOINT((175.49750053254,-180.695054585289,34.510000000017));
#4856= IFCPOLYLOOP((#4848,#4854,#4855,#4849));
#4857= IFCFACEOUTERBOUND(#4856,.T.);
#4858= IFCFACE((#4857));
#4859= IFCCARTESIANPOINT((180.695061265607,-175.49749385094,-3.48999999998296));
#4860= IFCCARTESIANPOINT((180.695061265607,-175.49749385094,34.510000000017));
#4861= IFCPOLYLOOP((#4854,#4859,#4860,#4855));
#4862= IFCFACEOUTERBOUND(#4861,.T.);
#4863= IFCFACE((#4862));
#4864= IFCCARTESIANPOINT((182.597500530886,-168.397493850789,-3.48999999998296));
#4865= IFCCARTESIANPOINT((182.597500530886,-168.397493850789,34.510000000017));
#4866= IFCPOLYLOOP((#4859,#4864,#4865,#4860));
#4867= IFCFACEOUTERBOUND(#4866,.T.);
#4868= IFCFACE((#4867));
#4869= IFCCARTESIANPOINT((180.695061263745,-161.297493851103,-3.48999999998296));
#4870= IFCCARTESIANPOINT((180.695061263745,-161.297493851103,34.510000000017));
#4871= IFCPOLYLOOP((#4864,#4869,#4870,#4865));
#4872= IFCFACEOUTERBOUND(#4871,.T.);
#4873= IFCFACE((#4872));
#4874= IFCCARTESIANPOINT((175.497500529396,-156.099933118036,-3.48999999998296));
#4875= IFCCARTESIANPOINT((175.497500529396,-156.099933118036,34.510000000017));
#4876= IFCPOLYLOOP((#4869,#4874,#4875,#4870));
#4877= IFCFACEOUTERBOUND(#4876,.T.);
#4878= IFCFACE((#4877));
#4879= IFCCARTESIANPOINT((168.397500529245,-154.197493852756,-3.48999999998296));
#4880= IFCCARTESIANPOINT((168.397500529245,-154.197493852756,34.510000000017));
#4881= IFCPOLYLOOP((#4874,#4879,#4880,#4875));
#4882= IFCFACEOUTERBOUND(#4881,.T.);
#4883= IFCFACE((#4882));
#4884= IFCCARTESIANPOINT((161.297500529559,-156.099933119898,-3.48999999998296));
#4885= IFCCARTESIANPOINT((161.297500529559,-156.099933119898,34.510000000017));
#4886= IFCPOLYLOOP((#4879,#4884,#4885,#4880));
#4887= IFCFACEOUTERBOUND(#4886,.T.);
#4888= IFCFACE((#4887));
#4889= IFCCARTESIANPOINT((156.099939796492,-161.297493854247,-3.48999999998296));
#4890= IFCCARTESIANPOINT((156.099939796492,-161.297493854247,34.510000000017));
#4891= IFCPOLYLOOP((#4884,#4889,#4890,#4885));
#4892= IFCFACEOUTERBOUND(#4891,.T.);
#4893= IFCFACE((#4892));
#4894= IFCCARTESIANPOINT((154.197500531212,-168.397493854398,-3.48999999998296));
#4895= IFCCARTESIANPOINT((154.197500531212,-168.397493854398,34.510000000017));
#4896= IFCPOLYLOOP((#4889,#4894,#4895,#4890));
#4897= IFCFACEOUTERBOUND(#4896,.T.);
#4898= IFCFACE((#4897));
#4899= IFCCARTESIANPOINT((156.099939798354,-175.497493854084,-3.48999999998296));
#4900= IFCCARTESIANPOINT((156.099939798354,-175.497493854084,34.510000000017));
#4901= IFCPOLYLOOP((#4894,#4899,#4900,#4895));
#4902= IFCFACEOUTERBOUND(#4901,.T.);
#4903= IFCFACE((#4902));
#4904= IFCPOLYLOOP((#4899,#4847,#4850,#4900));
#4905= IFCFACEOUTERBOUND(#4904,.T.);
#4906= IFCFACE((#4905));
#4907= IFCPOLYLOOP((#4855,#4860,#4865,#4870,#4875,#4880,#4885,#4890,#4895,#4900,#4850,#4849));
#4908= IFCFACEOUTERBOUND(#4907,.T.);
#4909= IFCFACE((#4908));
#4910= IFCPOLYLOOP((#4899,#4894,#4889,#4884,#4879,#4874,#4869,#4864,#4859,#4854,#4848,#4847));
#4911= IFCFACEOUTERBOUND(#4910,.T.);
#4912= IFCFACE((#4911));
#4913= IFCCLOSEDSHELL((#4853,#4858,#4863,#4868,#4873,#4878,#4883,#4888,#4893,#4898,#4903,#4906,#4909,#4912));
#4914= IFCFACETEDBREP(#4913);
#4915= IFCBOOLEANRESULT(.DIFFERENCE.,#4846,#4914);
#4916= IFCSHAPEREPRESENTATION(#13,'Body','CSG',(#4915));
#4917= IFCSTYLEDITEM(#4087,(#4083),$);
#4918= IFCPRODUCTDEFINITIONSHAPE($,$,(#4916));
#4919= IFCCARTESIANPOINT((442156.12021525,393000.048005141,-294.699998676944));
#4920= IFCAXIS2PLACEMENT3D(#4919,#9,#88);
#4921= IFCLOCALPLACEMENT(#4069,#4920);
#4922= IFCCOLUMN('0sDpi0GlLBURRgaqpi423v',#2593,'COLUMNA','CFCHS533.4*100.03','COLUMN',#4921,#4918,'Pr0(?)');
#4923= IFCCOLUMNTYPE('0TbUP$lePClwaUaPJZQsgB',#5,'CFCHS533.4*100.03',$,$,$,$,$,$,.NOTDEFINED.);
#4924= IFCPROPERTYSINGLEVALUE('Reference',$,IFCIDENTIFIER('Pr0(?)'),$);
#4925= IFCPROPERTYSET('0LSJwUllfDkhgfHf7j92SG',#5,'Pset_ColumnCommon','Common Properties to column elements',(#688,#4924));
#4926= IFCQUANTITYLENGTH('Length',$,$,22.22);
#4927= IFCQUANTITYAREA('OuterSurfaceArea',$,$,0.209670032029682);
#4928= IFCQUANTITYVOLUME('NetVolume',$,$,0.00285237350371263);
#4929= IFCQUANTITYWEIGHT('NetWeight',$,$,22.3911320041442);
#4930= IFCELEMENTQUANTITY('2KzhJX6Uf1NBHczUe9D1ml',#5,'BaseQuantities',$,$,(#4926,#4927,#4928,#4929));
#4931= IFCMATERIAL('STEEL/F24');
#4932= IFCCARTESIANPOINT((2.99978038284462,0.,-21.2959468066401));
#4933= IFCCARTESIANPOINT((2.09593385236803,0.,-17.0222404533706));
#4934= IFCCARTESIANPOINT((-2.06556571752299,0.,-16.889188962843));
#4935= IFCCARTESIANPOINT((-3.09796037524939,0.,-21.1009898006159));
#4936= IFCPOLYLOOP((#4932,#4933,#4934,#4935));
#4937= IFCFACEOUTERBOUND(#4936,.T.);
#4938= IFCFACE((#4937));
#4939= IFCCARTESIANPOINT((2.09593385236803,4.24264068711932,-17.0222404533706));
#4940= IFCCARTESIANPOINT((-2.06556571752299,4.24264068711932,-16.889188962843));
#4941= IFCPOLYLOOP((#4933,#4939,#4940,#4934));
#4942= IFCFACEOUTERBOUND(#4941,.T.);
#4943= IFCFACE((#4942));
#4944= IFCPOLYLOOP((#4939,#4932,#4935,#4940));
#4945= IFCFACEOUTERBOUND(#4944,.T.);
#4946= IFCFACE((#4945));
#4947= IFCCARTESIANPOINT((6.79718330840115,0.,-19.4672139401373));
#4948= IFCCARTESIANPOINT((4.95637050340883,0.,-15.6447267635085));
#4949= IFCPOLYLOOP((#4947,#4948,#4933,#4932));
#4950= IFCFACEOUTERBOUND(#4949,.T.);
#4951= IFCFACE((#4950));
#4952= IFCCARTESIANPOINT((4.95637050340883,4.24264068711932,-15.6447267635085));
#4953= IFCPOLYLOOP((#4948,#4952,#4939,#4933));
#4954= IFCFACEOUTERBOUND(#4953,.T.);
#4955= IFCFACE((#4954));
#4956= IFCPOLYLOOP((#4952,#4947,#4932,#4939));
#4957= IFCFACEOUTERBOUND(#4956,.T.);
#4958= IFCFACE((#4957));
#4959= IFCCARTESIANPOINT((8.30966244463343,0.,-18.7388423767698));
#4960= IFCCARTESIANPOINT((5.59639188542496,0.,-15.3365087103157));
#4961= IFCPOLYLOOP((#4959,#4960,#4948,#4947));
#4962= IFCFACEOUTERBOUND(#4961,.T.);
#4963= IFCFACE((#4962));
#4964= IFCCARTESIANPOINT((5.59639188542496,4.24264068711932,-15.3365087103157));
#4965= IFCPOLYLOOP((#4960,#4964,#4952,#4948));
#4966= IFCFACEOUTERBOUND(#4965,.T.);
#4967= IFCFACE((#4966));
#4968= IFCPOLYLOOP((#4964,#4959,#4947,#4952));
#4969= IFCFACEOUTERBOUND(#4968,.T.);
#4970= IFCFACE((#4969));
#4971= IFCCARTESIANPOINT((11.9395735616563,0.,-14.1870778064767));
#4972= IFCCARTESIANPOINT((8.01878400484566,0.,-12.2989250702958));
#4973= IFCPOLYLOOP((#4971,#4972,#4960,#4959));
#4974= IFCFACEOUTERBOUND(#4973,.T.);
#4975= IFCFACE((#4974));
#4976= IFCCARTESIANPOINT((8.01878400484566,4.24264068711932,-12.2989250702958));
#4977= IFCPOLYLOOP((#4972,#4976,#4964,#4960));
#4978= IFCFACEOUTERBOUND(#4977,.T.);
#4979= IFCFACE((#4978));
#4980= IFCPOLYLOOP((#4976,#4971,#4959,#4964));
#4981= IFCFACEOUTERBOUND(#4980,.T.);
#4982= IFCFACE((#4981));
#4983= IFCCARTESIANPOINT((12.6399645261699,0.,-11.1184644919995));
#4984= IFCCARTESIANPOINT((8.50369569903705,0.,-10.1743881239381));
#4985= IFCPOLYLOOP((#4983,#4984,#4972,#4971));
#4986= IFCFACEOUTERBOUND(#4985,.T.);
#4987= IFCFACE((#4986));
#4988= IFCCARTESIANPOINT((8.50369569903705,4.24264068711932,-10.1743881239381));
#4989= IFCPOLYLOOP((#4984,#4988,#4976,#4972));
#4990= IFCFACEOUTERBOUND(#4989,.T.);
#4991= IFCFACE((#4990));
#4992= IFCPOLYLOOP((#4988,#4983,#4971,#4976));
#4993= IFCFACEOUTERBOUND(#4992,.T.);
#4994= IFCFACE((#4993));
#4995= IFCCARTESIANPOINT((13.2350738401292,0.,-8.51112022655434));
#4996= IFCCARTESIANPOINT((8.88332574267406,0.,-8.51112022661255));
#4997= IFCPOLYLOOP((#4995,#4996,#4984,#4983));
#4998= IFCFACEOUTERBOUND(#4997,.T.);
#4999= IFCFACE((#4998));
#5000= IFCCARTESIANPOINT((8.88332574267406,4.24264068711932,-8.51112022661255));
#5001= IFCPOLYLOOP((#4996,#5000,#4988,#4984));
#5002= IFCFACEOUTERBOUND(#5001,.T.);
#5003= IFCFACE((#5002));
#5004= IFCPOLYLOOP((#5000,#4995,#4983,#4988));
#5005= IFCFACEOUTERBOUND(#5004,.T.);
#5006= IFCFACE((#5005));
#5007= IFCCARTESIANPOINT((11.9395735615399,0.,-2.83516264657374));
#5008= IFCCARTESIANPOINT((8.01878400484566,0.,-4.72331538287108));
#5009= IFCPOLYLOOP((#5007,#5008,#4996,#4995));
#5010= IFCFACEOUTERBOUND(#5009,.T.);
#5011= IFCFACE((#5010));
#5012= IFCCARTESIANPOINT((8.01878400484566,4.24264068711932,-4.72331538287108));
#5013= IFCPOLYLOOP((#5008,#5012,#5000,#4996));
#5014= IFCFACEOUTERBOUND(#5013,.T.);
#5015= IFCFACE((#5014));
#5016= IFCPOLYLOOP((#5012,#5007,#4995,#5000));
#5017= IFCFACEOUTERBOUND(#5016,.T.);
#5018= IFCFACE((#5017));
#5019= IFCCARTESIANPOINT((10.5673443315318,0.,-1.11444161800318));
#5020= IFCCARTESIANPOINT((7.25031427363865,0.,-3.75968481940799));
#5021= IFCPOLYLOOP((#5019,#5020,#5008,#5007));
#5022= IFCFACEOUTERBOUND(#5021,.T.);
#5023= IFCFACE((#5022));
#5024= IFCCARTESIANPOINT((7.25031427363865,4.24264068711932,-3.75968481940799));
#5025= IFCPOLYLOOP((#5020,#5024,#5012,#5008));
#5026= IFCFACEOUTERBOUND(#5025,.T.);
#5027= IFCFACE((#5026));
#5028= IFCPOLYLOOP((#5024,#5019,#5007,#5012));
#5029= IFCFACEOUTERBOUND(#5028,.T.);
#5030= IFCFACE((#5029));
#5031= IFCCARTESIANPOINT((8.26502116292249,0.,1.77258031992824));
#5032= IFCCARTESIANPOINT((5.59639188530855,0.,-1.6857317428512));
#5033= IFCPOLYLOOP((#5031,#5032,#5020,#5019));
#5034= IFCFACEOUTERBOUND(#5033,.T.);
#5035= IFCFACE((#5034));
#5036= IFCCARTESIANPOINT((5.59639188530855,4.24264068711932,-1.6857317428512));
#5037= IFCPOLYLOOP((#5032,#5036,#5024,#5020));
#5038= IFCFACEOUTERBOUND(#5037,.T.);
#5039= IFCFACE((#5038));
#5040= IFCPOLYLOOP((#5036,#5031,#5019,#5024));
#5041= IFCFACEOUTERBOUND(#5040,.T.);
#5042= IFCFACE((#5041));
#5043= IFCCARTESIANPOINT((2.6865579005098,0.,4.24264068706543));
#5044= IFCCARTESIANPOINT((1.78928145079408,0.,-2.91038304567337E-11));
#5045= IFCPOLYLOOP((#5043,#5044,#5032,#5031));
#5046= IFCFACEOUTERBOUND(#5045,.T.);
#5047= IFCFACE((#5046));
#5048= IFCCARTESIANPOINT((1.78928145079408,4.24264068711932,-2.91038304567337E-11));
#5049= IFCPOLYLOOP((#5044,#5048,#5036,#5032));
#5050= IFCFACEOUTERBOUND(#5049,.T.);
#5051= IFCFACE((#5050));
#5052= IFCPOLYLOOP((#5048,#5043,#5031,#5036));
#5053= IFCFACEOUTERBOUND(#5052,.T.);
#5054= IFCFACE((#5053));
#5055= IFCCARTESIANPOINT((-2.75763650180306,0.,4.24264068700722));
#5056= IFCCARTESIANPOINT((-1.78928145079408,0.,2.91038304567337E-11));
#5057= IFCPOLYLOOP((#5055,#5056,#5044,#5043));
#5058= IFCFACEOUTERBOUND(#5057,.T.);
#5059= IFCFACE((#5058));
#5060= IFCCARTESIANPOINT((-1.78928145079408,4.24264068711932,2.91038304567337E-11));
#5061= IFCPOLYLOOP((#5056,#5060,#5048,#5044));
#5062= IFCFACEOUTERBOUND(#5061,.T.);
#5063= IFCFACE((#5062));
#5064= IFCPOLYLOOP((#5060,#5055,#5043,#5048));
#5065= IFCFACEOUTERBOUND(#5064,.T.);
#5066= IFCFACE((#5065));
#5067= IFCCARTESIANPOINT((-6.49053090682719,0.,2.44497348679579));
#5068= IFCCARTESIANPOINT((-4.64971810171846,0.,-1.37751368983299));
#5069= IFCPOLYLOOP((#5067,#5068,#5056,#5055));
#5070= IFCFACEOUTERBOUND(#5069,.T.);
#5071= IFCFACE((#5070));
#5072= IFCCARTESIANPOINT((-4.64971810171846,4.24264068711932,-1.37751368983299));
#5073= IFCPOLYLOOP((#5068,#5072,#5060,#5056));
#5074= IFCFACEOUTERBOUND(#5073,.T.);
#5075= IFCFACE((#5074));
#5076= IFCPOLYLOOP((#5072,#5067,#5055,#5060));
#5077= IFCFACEOUTERBOUND(#5076,.T.);
#5078= IFCFACE((#5077));
#5079= IFCCARTESIANPOINT((-8.00301004282665,0.,1.71660192337004));
#5080= IFCCARTESIANPOINT((-5.28973948385101,0.,-1.68573174302583));
#5081= IFCPOLYLOOP((#5079,#5080,#5068,#5067));
#5082= IFCFACEOUTERBOUND(#5081,.T.);
#5083= IFCFACE((#5082));
#5084= IFCCARTESIANPOINT((-5.28973948385101,4.24264068711932,-1.68573174302583));
#5085= IFCPOLYLOOP((#5080,#5084,#5072,#5068));
#5086= IFCFACEOUTERBOUND(#5085,.T.);
#5087= IFCFACE((#5086));
#5088= IFCPOLYLOOP((#5084,#5079,#5067,#5072));
#5089= IFCFACEOUTERBOUND(#5088,.T.);
#5090= IFCFACE((#5089));
#5091= IFCCARTESIANPOINT((-11.6329211600823,0.,-2.83516264686477));
#5092= IFCCARTESIANPOINT((-7.7121316032717,0.,-4.7233153830457));
#5093= IFCPOLYLOOP((#5091,#5092,#5080,#5079));
#5094= IFCFACEOUTERBOUND(#5093,.T.);
#5095= IFCFACE((#5094));
#5096= IFCCARTESIANPOINT((-7.7121316032717,4.24264068711932,-4.7233153830457));
#5097= IFCPOLYLOOP((#5092,#5096,#5084,#5080));
#5098= IFCFACEOUTERBOUND(#5097,.T.);
#5099= IFCFACE((#5098));
#5100= IFCPOLYLOOP((#5096,#5091,#5079,#5084));
#5101= IFCFACEOUTERBOUND(#5100,.T.);
#5102= IFCFACE((#5101));
#5103= IFCCARTESIANPOINT((-12.3333121243631,0.,-5.90377596134203));
#5104= IFCCARTESIANPOINT((-8.19704329723027,0.,-6.8478523294616));
#5105= IFCPOLYLOOP((#5103,#5104,#5092,#5091));
#5106= IFCFACEOUTERBOUND(#5105,.T.);
#5107= IFCFACE((#5106));
#5108= IFCCARTESIANPOINT((-8.19704329723027,4.24264068711932,-6.8478523294616));
#5109= IFCPOLYLOOP((#5104,#5108,#5096,#5092));
#5110= IFCFACEOUTERBOUND(#5109,.T.);
#5111= IFCFACE((#5110));
#5112= IFCPOLYLOOP((#5108,#5103,#5091,#5096));
#5113= IFCFACEOUTERBOUND(#5112,.T.);
#5114= IFCFACE((#5113));
#5115= IFCCARTESIANPOINT((-12.9284214385552,0.,-8.51112022690359));
#5116= IFCCARTESIANPOINT((-8.5766733411001,0.,-8.51112022672896));
#5117= IFCPOLYLOOP((#5115,#5116,#5104,#5103));
#5118= IFCFACEOUTERBOUND(#5117,.T.);
#5119= IFCFACE((#5118));
#5120= IFCCARTESIANPOINT((-8.5766733411001,4.24264068711932,-8.51112022672896));
#5121= IFCPOLYLOOP((#5116,#5120,#5108,#5104));
#5122= IFCFACEOUTERBOUND(#5121,.T.);
#5123= IFCFACE((#5122));
#5124= IFCPOLYLOOP((#5120,#5115,#5103,#5108));
#5125= IFCFACEOUTERBOUND(#5124,.T.);
#5126= IFCFACE((#5125));
#5127= IFCCARTESIANPOINT((-11.6329211598495,0.,-14.1870778067678));
#5128= IFCCARTESIANPOINT((-7.71213160315529,0.,-12.2989250705286));
#5129= IFCPOLYLOOP((#5127,#5128,#5116,#5115));
#5130= IFCFACEOUTERBOUND(#5129,.T.);
#5131= IFCFACE((#5130));
#5132= IFCCARTESIANPOINT((-7.71213160315529,4.24264068711932,-12.2989250705286));
#5133= IFCPOLYLOOP((#5128,#5132,#5120,#5116));
#5134= IFCFACEOUTERBOUND(#5133,.T.);
#5135= IFCFACE((#5134));
#5136= IFCPOLYLOOP((#5132,#5127,#5115,#5120));
#5137= IFCFACEOUTERBOUND(#5136,.T.);
#5138= IFCFACE((#5137));
#5139= IFCCARTESIANPOINT((-10.2606919298414,0.,-15.9077988353383));
#5140= IFCCARTESIANPOINT((-6.94366187206469,0.,-13.2625556339917));
#5141= IFCPOLYLOOP((#5139,#5140,#5128,#5127));
#5142= IFCFACEOUTERBOUND(#5141,.T.);
#5143= IFCFACE((#5142));
#5144= IFCCARTESIANPOINT((-6.94366187206469,4.24264068711932,-13.2625556339917));
#5145= IFCPOLYLOOP((#5140,#5144,#5132,#5128));
#5146= IFCFACEOUTERBOUND(#5145,.T.);
#5147= IFCFACE((#5146));
#5148= IFCPOLYLOOP((#5144,#5139,#5127,#5132));
#5149= IFCFACEOUTERBOUND(#5148,.T.);
#5150= IFCFACE((#5149));
#5151= IFCCARTESIANPOINT((-8.00301004259381,0.,-18.7388423768862));
#5152= IFCCARTESIANPOINT((-5.28973948361818,0.,-15.3365087104903));
#5153= IFCPOLYLOOP((#5151,#5152,#5140,#5139));
#5154= IFCFACEOUTERBOUND(#5153,.T.);
#5155= IFCFACE((#5154));
#5156= IFCCARTESIANPOINT((-5.28973948361818,4.24264068711932,-15.3365087104903));
#5157= IFCPOLYLOOP((#5152,#5156,#5144,#5140));
#5158= IFCFACEOUTERBOUND(#5157,.T.);
#5159= IFCFACE((#5158));
#5160= IFCPOLYLOOP((#5156,#5151,#5139,#5144));
#5161= IFCFACEOUTERBOUND(#5160,.T.);
#5162= IFCFACE((#5161));
#5163= IFCPOLYLOOP((#4935,#4934,#5152,#5151));
#5164= IFCFACEOUTERBOUND(#5163,.T.);
#5165= IFCFACE((#5164));
#5166= IFCPOLYLOOP((#4934,#4940,#5156,#5152));
#5167= IFCFACEOUTERBOUND(#5166,.T.);
#5168= IFCFACE((#5167));
#5169= IFCPOLYLOOP((#4940,#4935,#5151,#5156));
#5170= IFCFACEOUTERBOUND(#5169,.T.);
#5171= IFCFACE((#5170));
#5172= IFCPOLYLOOP((#4940,#4935,#4934));
#5173= IFCFACEOUTERBOUND(#5172,.T.);
#5174= IFCFACE((#5173));
#5175= IFCPOLYLOOP((#4940,#4934,#4935));
#5176= IFCFACEOUTERBOUND(#5175,.T.);
#5177= IFCFACE((#5176));
#5178= IFCCARTESIANPOINT((8.26502116292249,-15.88000011,1.77258031992824));
#5179= IFCCARTESIANPOINT((5.59639188530855,-15.88000011,-1.6857317428512));
#5180= IFCCARTESIANPOINT((1.78928145079408,-15.88000011,-2.91038304567337E-11));
#5181= IFCCARTESIANPOINT((2.6865579005098,-15.88000011,4.24264068706543));
#5182= IFCPOLYLOOP((#5178,#5179,#5180,#5181));
#5183= IFCFACEOUTERBOUND(#5182,.T.);
#5184= IFCFACE((#5183));
#5185= IFCCARTESIANPOINT((5.59639188530855,-20.1226407971193,-1.6857317428512));
#5186= IFCCARTESIANPOINT((1.78928145079408,-20.1226407971193,-2.91038304567337E-11));
#5187= IFCPOLYLOOP((#5179,#5185,#5186,#5180));
#5188= IFCFACEOUTERBOUND(#5187,.T.);
#5189= IFCFACE((#5188));
#5190= IFCPOLYLOOP((#5185,#5178,#5181,#5186));
#5191= IFCFACEOUTERBOUND(#5190,.T.);
#5192= IFCFACE((#5191));
#5193= IFCCARTESIANPOINT((10.8929055238841,-15.88000011,-1.52268244078732));
#5194= IFCCARTESIANPOINT((7.57587546610739,-15.88000011,-4.16792564207572));
#5195= IFCPOLYLOOP((#5193,#5194,#5179,#5178));
#5196= IFCFACEOUTERBOUND(#5195,.T.);
#5197= IFCFACE((#5196));
#5198= IFCCARTESIANPOINT((7.57587546610739,-20.1226407971193,-4.16792564207572));
#5199= IFCPOLYLOOP((#5194,#5198,#5185,#5179));
#5200= IFCFACEOUTERBOUND(#5199,.T.);
#5201= IFCFACE((#5200));
#5202= IFCPOLYLOOP((#5198,#5193,#5178,#5185));
#5203= IFCFACEOUTERBOUND(#5202,.T.);
#5204= IFCFACE((#5203));
#5205= IFCCARTESIANPOINT((11.9395735615399,-15.88000011,-2.83516264657374));
#5206= IFCCARTESIANPOINT((8.01878400484566,-15.88000011,-4.72331538287108));
#5207= IFCPOLYLOOP((#5205,#5206,#5194,#5193));
#5208= IFCFACEOUTERBOUND(#5207,.T.);
#5209= IFCFACE((#5208));
#5210= IFCCARTESIANPOINT((8.01878400484566,-20.1226407971193,-4.72331538287108));
#5211= IFCPOLYLOOP((#5206,#5210,#5198,#5194));
#5212= IFCFACEOUTERBOUND(#5211,.T.);
#5213= IFCFACE((#5212));
#5214= IFCPOLYLOOP((#5210,#5205,#5193,#5198));
#5215= IFCFACEOUTERBOUND(#5214,.T.);
#5216= IFCFACE((#5215));
#5217= IFCCARTESIANPOINT((13.2350738401292,-15.88000011,-8.51112022655434));
#5218= IFCCARTESIANPOINT((8.88332574267406,-15.88000011,-8.51112022661255));
#5219= IFCPOLYLOOP((#5217,#5218,#5206,#5205));
#5220= IFCFACEOUTERBOUND(#5219,.T.);
#5221= IFCFACE((#5220));
#5222= IFCCARTESIANPOINT((8.88332574267406,-20.1226407971193,-8.51112022661255));
#5223= IFCPOLYLOOP((#5218,#5222,#5210,#5206));
#5224= IFCFACEOUTERBOUND(#5223,.T.);
#5225= IFCFACE((#5224));
#5226= IFCPOLYLOOP((#5222,#5217,#5205,#5210));
#5227= IFCFACEOUTERBOUND(#5226,.T.);
#5228= IFCFACE((#5227));
#5229= IFCCARTESIANPOINT((12.5346828758484,-15.88000011,-11.5797335409152));
#5230= IFCCARTESIANPOINT((8.39841404848266,-15.88000011,-10.635657172912));
#5231= IFCPOLYLOOP((#5229,#5230,#5218,#5217));
#5232= IFCFACEOUTERBOUND(#5231,.T.);
#5233= IFCFACE((#5232));
#5234= IFCCARTESIANPOINT((8.39841404848266,-20.1226407971193,-10.635657172912));
#5235= IFCPOLYLOOP((#5230,#5234,#5222,#5218));
#5236= IFCFACEOUTERBOUND(#5235,.T.);
#5237= IFCFACE((#5236));
#5238= IFCPOLYLOOP((#5234,#5229,#5217,#5222));
#5239= IFCFACEOUTERBOUND(#5238,.T.);
#5240= IFCFACE((#5239));
#5241= IFCCARTESIANPOINT((11.9395735616563,-15.88000011,-14.1870778064767));
#5242= IFCCARTESIANPOINT((8.01878400484566,-15.88000011,-12.2989250702958));
#5243= IFCPOLYLOOP((#5241,#5242,#5230,#5229));
#5244= IFCFACEOUTERBOUND(#5243,.T.);
#5245= IFCFACE((#5244));
#5246= IFCCARTESIANPOINT((8.01878400484566,-20.1226407971193,-12.2989250702958));
#5247= IFCPOLYLOOP((#5242,#5246,#5234,#5230));
#5248= IFCFACEOUTERBOUND(#5247,.T.);
#5249= IFCFACE((#5248));
#5250= IFCPOLYLOOP((#5246,#5241,#5229,#5234));
#5251= IFCFACEOUTERBOUND(#5250,.T.);
#5252= IFCFACE((#5251));
#5253= IFCCARTESIANPOINT((8.30966244463343,-15.88000011,-18.7388423767698));
#5254= IFCCARTESIANPOINT((5.59639188542496,-15.88000011,-15.3365087103157));
#5255= IFCPOLYLOOP((#5253,#5254,#5242,#5241));
#5256= IFCFACEOUTERBOUND(#5255,.T.);
#5257= IFCFACE((#5256));
#5258= IFCCARTESIANPOINT((5.59639188542496,-20.1226407971193,-15.3365087103157));
#5259= IFCPOLYLOOP((#5254,#5258,#5246,#5242));
#5260= IFCFACEOUTERBOUND(#5259,.T.);
#5261= IFCFACE((#5260));
#5262= IFCPOLYLOOP((#5258,#5253,#5241,#5246));
#5263= IFCFACEOUTERBOUND(#5262,.T.);
#5264= IFCFACE((#5263));
#5265= IFCCARTESIANPOINT((6.32673375483137,-15.88000011,-19.6937705045275));
#5266= IFCCARTESIANPOINT((4.48592094972264,-15.88000011,-15.8712833278987));
#5267= IFCPOLYLOOP((#5265,#5266,#5254,#5253));
#5268= IFCFACEOUTERBOUND(#5267,.T.);
#5269= IFCFACE((#5268));
#5270= IFCCARTESIANPOINT((4.48592094972264,-20.1226407971193,-15.8712833278987));
#5271= IFCPOLYLOOP((#5266,#5270,#5258,#5254));
#5272= IFCFACEOUTERBOUND(#5271,.T.);
#5273= IFCFACE((#5272));
#5274= IFCPOLYLOOP((#5270,#5265,#5253,#5258));
#5275= IFCFACEOUTERBOUND(#5274,.T.);
#5276= IFCFACE((#5275));
#5277= IFCCARTESIANPOINT((2.99978038284462,-15.88000011,-21.2959468066401));
#5278= IFCCARTESIANPOINT((2.09593385236803,-15.88000011,-17.0222404533706));
#5279= IFCPOLYLOOP((#5277,#5278,#5266,#5265));
#5280= IFCFACEOUTERBOUND(#5279,.T.);
#5281= IFCFACE((#5280));
#5282= IFCCARTESIANPOINT((2.09593385236803,-20.1226407971193,-17.0222404533706));
#5283= IFCPOLYLOOP((#5278,#5282,#5270,#5266));
#5284= IFCFACEOUTERBOUND(#5283,.T.);
#5285= IFCFACE((#5284));
#5286= IFCPOLYLOOP((#5282,#5277,#5265,#5270));
#5287= IFCFACEOUTERBOUND(#5286,.T.);
#5288= IFCFACE((#5287));
#5289= IFCCARTESIANPOINT((-3.09796037524939,-15.88000011,-21.1009898006159));
#5290= IFCCARTESIANPOINT((-2.06556571752299,-15.88000011,-16.889188962843));
#5291= IFCPOLYLOOP((#5289,#5290,#5278,#5277));
#5292= IFCFACEOUTERBOUND(#5291,.T.);
#5293= IFCFACE((#5292));
#5294= IFCCARTESIANPOINT((-2.06556571752299,-20.1226407971193,-16.889188962843));
#5295= IFCPOLYLOOP((#5290,#5294,#5282,#5278));
#5296= IFCFACEOUTERBOUND(#5295,.T.);
#5297= IFCFACE((#5296));
#5298= IFCPOLYLOOP((#5294,#5289,#5277,#5282));
#5299= IFCFACEOUTERBOUND(#5298,.T.);
#5300= IFCFACE((#5299));
#5301= IFCCARTESIANPOINT((-8.00301004259381,-15.88000011,-18.7388423768862));
#5302= IFCCARTESIANPOINT((-5.28973948361818,-15.88000011,-15.3365087104903));
#5303= IFCPOLYLOOP((#5301,#5302,#5290,#5289));
#5304= IFCFACEOUTERBOUND(#5303,.T.);
#5305= IFCFACE((#5304));
#5306= IFCCARTESIANPOINT((-5.28973948361818,-20.1226407971193,-15.3365087104903));
#5307= IFCPOLYLOOP((#5302,#5306,#5294,#5290));
#5308= IFCFACEOUTERBOUND(#5307,.T.);
#5309= IFCFACE((#5308));
#5310= IFCPOLYLOOP((#5306,#5301,#5289,#5294));
#5311= IFCFACEOUTERBOUND(#5310,.T.);
#5312= IFCFACE((#5311));
#5313= IFCCARTESIANPOINT((-10.2606919298414,-15.88000011,-15.9077988353383));
#5314= IFCCARTESIANPOINT((-6.94366187206469,-15.88000011,-13.2625556339917));
#5315= IFCPOLYLOOP((#5313,#5314,#5302,#5301));
#5316= IFCFACEOUTERBOUND(#5315,.T.);
#5317= IFCFACE((#5316));
#5318= IFCCARTESIANPOINT((-6.94366187206469,-20.1226407971193,-13.2625556339917));
#5319= IFCPOLYLOOP((#5314,#5318,#5306,#5302));
#5320= IFCFACEOUTERBOUND(#5319,.T.);
#5321= IFCFACE((#5320));
#5322= IFCPOLYLOOP((#5318,#5313,#5301,#5306));
#5323= IFCFACEOUTERBOUND(#5322,.T.);
#5324= IFCFACE((#5323));
#5325= IFCCARTESIANPOINT((-11.6329211598495,-15.88000011,-14.1870778067678));
#5326= IFCCARTESIANPOINT((-7.71213160315529,-15.88000011,-12.2989250705286));
#5327= IFCPOLYLOOP((#5325,#5326,#5314,#5313));
#5328= IFCFACEOUTERBOUND(#5327,.T.);
#5329= IFCFACE((#5328));
#5330= IFCCARTESIANPOINT((-7.71213160315529,-20.1226407971193,-12.2989250705286));
#5331= IFCPOLYLOOP((#5326,#5330,#5318,#5314));
#5332= IFCFACEOUTERBOUND(#5331,.T.);
#5333= IFCFACE((#5332));
#5334= IFCPOLYLOOP((#5330,#5325,#5313,#5318));
#5335= IFCFACEOUTERBOUND(#5334,.T.);
#5336= IFCFACE((#5335));
#5337= IFCCARTESIANPOINT((-12.9284214385552,-15.88000011,-8.51112022690359));
#5338= IFCCARTESIANPOINT((-8.5766733411001,-15.88000011,-8.51112022672896));
#5339= IFCPOLYLOOP((#5337,#5338,#5326,#5325));
#5340= IFCFACEOUTERBOUND(#5339,.T.);
#5341= IFCFACE((#5340));
#5342= IFCCARTESIANPOINT((-8.5766733411001,-20.1226407971193,-8.51112022672896));
#5343= IFCPOLYLOOP((#5338,#5342,#5330,#5326));
#5344= IFCFACEOUTERBOUND(#5343,.T.);
#5345= IFCFACE((#5344));
#5346= IFCPOLYLOOP((#5342,#5337,#5325,#5330));
#5347= IFCFACEOUTERBOUND(#5346,.T.);
#5348= IFCFACE((#5347));
#5349= IFCCARTESIANPOINT((-12.3333121243631,-15.88000011,-5.90377596134203));
#5350= IFCCARTESIANPOINT((-8.19704329723027,-15.88000011,-6.8478523294616));
#5351= IFCPOLYLOOP((#5349,#5350,#5338,#5337));
#5352= IFCFACEOUTERBOUND(#5351,.T.);
#5353= IFCFACE((#5352));
#5354= IFCCARTESIANPOINT((-8.19704329723027,-20.1226407971193,-6.8478523294616));
#5355= IFCPOLYLOOP((#5350,#5354,#5342,#5338));
#5356= IFCFACEOUTERBOUND(#5355,.T.);
#5357= IFCFACE((#5356));
#5358= IFCPOLYLOOP((#5354,#5349,#5337,#5342));
#5359= IFCFACEOUTERBOUND(#5358,.T.);
#5360= IFCFACE((#5359));
#5361= IFCCARTESIANPOINT((-11.6329211600823,-15.88000011,-2.83516264686477));
#5362= IFCCARTESIANPOINT((-7.7121316032717,-15.88000011,-4.7233153830457));
#5363= IFCPOLYLOOP((#5361,#5362,#5350,#5349));
#5364= IFCFACEOUTERBOUND(#5363,.T.);
#5365= IFCFACE((#5364));
#5366= IFCCARTESIANPOINT((-7.7121316032717,-20.1226407971193,-4.7233153830457));
#5367= IFCPOLYLOOP((#5362,#5366,#5354,#5350));
#5368= IFCFACEOUTERBOUND(#5367,.T.);
#5369= IFCFACE((#5368));
#5370= IFCPOLYLOOP((#5366,#5361,#5349,#5354));
#5371= IFCFACEOUTERBOUND(#5370,.T.);
#5372= IFCFACE((#5371));
#5373= IFCCARTESIANPOINT((-8.00301004282665,-15.88000011,1.71660192337004));
#5374= IFCCARTESIANPOINT((-5.28973948385101,-15.88000011,-1.68573174302583));
#5375= IFCPOLYLOOP((#5373,#5374,#5362,#5361));
#5376= IFCFACEOUTERBOUND(#5375,.T.);
#5377= IFCFACE((#5376));
#5378= IFCCARTESIANPOINT((-5.28973948385101,-20.1226407971193,-1.68573174302583));
#5379= IFCPOLYLOOP((#5374,#5378,#5366,#5362));
#5380= IFCFACEOUTERBOUND(#5379,.T.);
#5381= IFCFACE((#5380));
#5382= IFCPOLYLOOP((#5378,#5373,#5361,#5366));
#5383= IFCFACEOUTERBOUND(#5382,.T.);
#5384= IFCFACE((#5383));
#5385= IFCCARTESIANPOINT((-6.49053090682719,-15.88000011,2.44497348679579));
#5386= IFCCARTESIANPOINT((-4.64971810171846,-15.88000011,-1.37751368983299));
#5387= IFCPOLYLOOP((#5385,#5386,#5374,#5373));
#5388= IFCFACEOUTERBOUND(#5387,.T.);
#5389= IFCFACE((#5388));
#5390= IFCCARTESIANPOINT((-4.64971810171846,-20.1226407971193,-1.37751368983299));
#5391= IFCPOLYLOOP((#5386,#5390,#5378,#5374));
#5392= IFCFACEOUTERBOUND(#5391,.T.);
#5393= IFCFACE((#5392));
#5394= IFCPOLYLOOP((#5390,#5385,#5373,#5378));
#5395= IFCFACEOUTERBOUND(#5394,.T.);
#5396= IFCFACE((#5395));
#5397= IFCCARTESIANPOINT((-2.75763650180306,-15.88000011,4.24264068700722));
#5398= IFCCARTESIANPOINT((-1.78928145079408,-15.88000011,2.91038304567337E-11));
#5399= IFCPOLYLOOP((#5397,#5398,#5386,#5385));
#5400= IFCFACEOUTERBOUND(#5399,.T.);
#5401= IFCFACE((#5400));
#5402= IFCCARTESIANPOINT((-1.78928145079408,-20.1226407971193,2.91038304567337E-11));
#5403= IFCPOLYLOOP((#5398,#5402,#5390,#5386));
#5404= IFCFACEOUTERBOUND(#5403,.T.);
#5405= IFCFACE((#5404));
#5406= IFCPOLYLOOP((#5402,#5397,#5385,#5390));
#5407= IFCFACEOUTERBOUND(#5406,.T.);
#5408= IFCFACE((#5407));
#5409= IFCPOLYLOOP((#5181,#5180,#5398,#5397));
#5410= IFCFACEOUTERBOUND(#5409,.T.);
#5411= IFCFACE((#5410));
#5412= IFCPOLYLOOP((#5180,#5186,#5402,#5398));
#5413= IFCFACEOUTERBOUND(#5412,.T.);
#5414= IFCFACE((#5413));
#5415= IFCPOLYLOOP((#5186,#5181,#5397,#5402));
#5416= IFCFACEOUTERBOUND(#5415,.T.);
#5417= IFCFACE((#5416));
#5418= IFCPOLYLOOP((#5186,#5181,#5180));
#5419= IFCFACEOUTERBOUND(#5418,.T.);
#5420= IFCFACE((#5419));
#5421= IFCPOLYLOOP((#5186,#5180,#5181));
#5422= IFCFACEOUTERBOUND(#5421,.T.);
#5423= IFCFACE((#5422));
#5424= IFCCLOSEDSHELL((#4938,#4943,#4946,#4951,#4955,#4958,#4963,#4967,#4970,#4975,#4979,#4982,#4987,#4991,#4994,#4999,#5003,#5006,#5011,#5015,#5018,#5023,#5027,#5030,#5035,#5039,#5042,#5047,#5051,#5054,#5059,#5063,#5066,#5071,#5075,#5078,#5083,#5087,#5090,#5095,#5099,#5102,#5107,#5111,#5114,#5119,#5123,#5126,#5131,#5135,#5138,#5143,#5147,#5150,#5155,#5159,#5162,#5165,#5168,#5171,#5174,#5177,#5184,#5189,#5192,#5197,#5201,#5204,#5209,#5213,#5216,#5221,#5225,#5228,#5233,#5237,#5240,#5245,#5249,#5252,#5257,#5261,#5264,#5269,#5273,#5276,#5281,#5285,#5288,#5293,#5297,#5300,#5305,#5309,#5312,#5317,#5321,#5324,#5329,#5333,#5336,#5341,#5345,#5348,#5353,#5357,#5360,#5365,#5369,#5372,#5377,#5381,#5384,#5389,#5393,#5396,#5401,#5405,#5408,#5411,#5414,#5417,#5420,#5423));
#5425= IFCFACETEDBREP(#5424);
#5426= IFCSTYLEDITEM(#5425,(#137),$);
#5427= IFCSHAPEREPRESENTATION(#13,'Body','Brep',(#5425));
#5428= IFCPRODUCTDEFINITIONSHAPE($,$,(#5427));
#5429= IFCCARTESIANPOINT((442588.246729905,392677.865229702,-830.299999834971));
#5430= IFCAXIS2PLACEMENT3D(#5429,#2075,#2076);
#5431= IFCLOCALPLACEMENT(#2066,#5430);
#5432= IFCFASTENER('3NZEYFNZjCaAt9rYcDltC0',#3170,'Weld',$,$,#5431,#5428,'IDd78ce88f-5e3b-4c90-adc9-d6298dbf7300');
#5433= IFCCARTESIANPOINT((-7.94000005698763,-13.7499999997672));
#5434= IFCCARTESIANPOINT((-15.8800001142081,0.));
#5435= IFCCARTESIANPOINT((-7.94000005710404,13.749999999709));
#5436= IFCCARTESIANPOINT((7.94000005710404,13.749999999709));
#5437= IFCCARTESIANPOINT((15.8800001140917,0.));
#5438= IFCCARTESIANPOINT((7.94000005698763,-13.749999999709));
#5439= IFCPOLYLINE((#5433,#5434,#5435,#5436,#5437,#5438,#5433));
#5440= IFCCARTESIANPOINT((3.78780484374147,7.8654578042042));
#5441= IFCCARTESIANPOINT((0.,8.7299995420326));
#5442= IFCCARTESIANPOINT((-3.78780484385788,7.8654578042042));
#5443= IFCCARTESIANPOINT((-6.82538848393597,5.4430656847253));
#5444= IFCCARTESIANPOINT((-8.51112022693269,1.94260765149374));
#5445= IFCCARTESIANPOINT((-8.51112022693269,-1.94260765155195));
#5446= IFCCARTESIANPOINT((-6.82538848393597,-5.4430656847253));
#5447= IFCCARTESIANPOINT((-3.78780484385788,-7.8654578042042));
#5448= IFCCARTESIANPOINT((0.,-8.72999954206171));
#5449= IFCCARTESIANPOINT((3.78780484385788,-7.8654578042333));
#5450= IFCCARTESIANPOINT((6.82538848393597,-5.4430656847253));
#5451= IFCCARTESIANPOINT((8.51112022693269,-1.94260765158106));
#5452= IFCCARTESIANPOINT((8.51112022681627,1.94260765152285));
#5453= IFCCARTESIANPOINT((6.82538848393597,5.44306568463799));
#5454= IFCPOLYLINE((#5440,#5441,#5442,#5443,#5444,#5445,#5446,#5447,#5448,#5449,#5450,#5451,#5452,#5453,#5440));
#5455= IFCARBITRARYPROFILEDEFWITHVOIDS(.AREA.,'5/8_HEAVY_HEX_NUT',#5439,(#5454));
#5456= IFCCARTESIANPOINT((0.,0.,15.88000011));
#5457= IFCAXIS2PLACEMENT3D(#5456,#676,#8);
#5458= IFCEXTRUDEDAREASOLID(#5455,#5457,#9,15.88);
#5459= IFCSHAPEREPRESENTATION(#13,'Body','SweptSolid',(#5458));
#5460= IFCSTYLEDITEM(#5458,(#644),$);
#5461= IFCPRODUCTDEFINITIONSHAPE($,$,(#5459));
#5462= IFCCARTESIANPOINT((442594.381534219,392671.963801696,-830.299999834971));
#5463= IFCAXIS2PLACEMENT3D(#5462,#676,#2083);
#5464= IFCLOCALPLACEMENT(#2066,#5463);
#5465= IFCCOLUMN('3QI1L302P7bAzJYY39ukDE',#3170,'TUERCA','5/8_HEAVY_HEX_NUT',$,#5464,#5461,'IDda481543-0026-4794-af53-8a20c9e2e34e');
#5466= IFCCOLUMNTYPE('1AoO49u3b6UeRNfalIt8EG',#5,'5/8_HEAVY_HEX_NUT',$,$,$,$,$,$,.NOTDEFINED.);
#5467= IFCQUANTITYLENGTH('Length',$,$,15.88000011);
#5468= IFCQUANTITYAREA('OuterSurfaceArea',$,$,0.0032238254044801);
#5469= IFCQUANTITYVOLUME('NetVolume',$,$,6.72640698036886E-06);
#5470= IFCQUANTITYWEIGHT('NetWeight',$,$,0.0528022947958956);
#5471= IFCELEMENTQUANTITY('1ME0FS9Kf7w9hbFvMM2i$u',#5,'BaseQuantities',$,$,(#5467,#5468,#5469,#5470));
#5472= IFCCIRCLEPROFILEDEF(.AREA.,'ESPARRAGO 5/8',#85,7.940000055);
#5473= IFCCARTESIANPOINT((0.,0.,220.));
#5474= IFCAXIS2PLACEMENT3D(#5473,#676,#8);
#5475= IFCEXTRUDEDAREASOLID(#5472,#5474,#9,220.);
#5476= IFCSHAPEREPRESENTATION(#13,'Body','SweptSolid',(#5475));
#5477= IFCSTYLEDITEM(#5475,(#644),$);
#5478= IFCPRODUCTDEFINITIONSHAPE($,$,(#5476));
#5479= IFCCARTESIANPOINT((442594.381534219,392671.963801696,-809.999999999971));
#5480= IFCAXIS2PLACEMENT3D(#5479,#676,#2083);
#5481= IFCLOCALPLACEMENT(#2066,#5480);
#5482= IFCCOLUMN('1oGsTvOwTEYQALC8lLcrOT',#116,'ANCLAJE','ESPARRAGO 5/8',$,#5481,#5478,'PS0(?)');
#5483= IFCCOLUMNTYPE('1sbgycP1z7fxVHd3mQhyvx',#5,'ESPARRAGO 5/8',$,$,$,$,$,$,.NOTDEFINED.);
#5484= IFCQUANTITYLENGTH('Length',$,$,220.);
#5485= IFCQUANTITYAREA('OuterSurfaceArea',$,$,0.0110521712498559);
#5486= IFCQUANTITYVOLUME('NetVolume',$,$,3.92291307639196E-05);
#5487= IFCQUANTITYWEIGHT('NetWeight',$,$,0.307948676496769);
#5488= IFCELEMENTQUANTITY('1ajLLW8lHDlwH8_vXr1uGm',#5,'BaseQuantities',$,$,(#5484,#5485,#5486,#5487));
#5489= IFCCARTESIANPOINT((-6.02008135308279,0.,2.67153005121509));
#5490= IFCCARTESIANPOINT((-4.17926854803227,0.,-1.1509571254719));
#5491= IFCPOLYLOOP((#5489,#5490,#5056,#5055));
#5492= IFCFACEOUTERBOUND(#5491,.T.);
#5493= IFCFACE((#5492));
#5494= IFCCARTESIANPOINT((-4.17926854803227,4.24264068711932,-1.1509571254719));
#5495= IFCPOLYLOOP((#5490,#5494,#5060,#5056));
#5496= IFCFACEOUTERBOUND(#5495,.T.);
#5497= IFCFACE((#5496));
#5498= IFCPOLYLOOP((#5494,#5489,#5055,#5060));
#5499= IFCFACEOUTERBOUND(#5498,.T.);
#5500= IFCFACE((#5499));
#5501= IFCPOLYLOOP((#5079,#5080,#5490,#5489));
#5502= IFCFACEOUTERBOUND(#5501,.T.);
#5503= IFCFACE((#5502));
#5504= IFCPOLYLOOP((#5080,#5084,#5494,#5490));
#5505= IFCFACEOUTERBOUND(#5504,.T.);
#5506= IFCFACE((#5505));
#5507= IFCPOLYLOOP((#5084,#5079,#5489,#5494));
#5508= IFCFACEOUTERBOUND(#5507,.T.);
#5509= IFCFACE((#5508));
#5510= IFCCARTESIANPOINT((-12.2280304739834,0.,-5.44250691233901));
#5511= IFCCARTESIANPOINT((-8.09176164679229,0.,-6.38658328040037));
#5512= IFCPOLYLOOP((#5510,#5511,#5092,#5091));
#5513= IFCFACEOUTERBOUND(#5512,.T.);
#5514= IFCFACE((#5513));
#5515= IFCCARTESIANPOINT((-8.09176164679229,4.24264068711932,-6.38658328040037));
#5516= IFCPOLYLOOP((#5511,#5515,#5096,#5092));
#5517= IFCFACEOUTERBOUND(#5516,.T.);
#5518= IFCFACE((#5517));
#5519= IFCPOLYLOOP((#5515,#5510,#5091,#5096));
#5520= IFCFACEOUTERBOUND(#5519,.T.);
#5521= IFCFACE((#5520));
#5522= IFCPOLYLOOP((#5115,#5116,#5511,#5510));
#5523= IFCFACEOUTERBOUND(#5522,.T.);
#5524= IFCFACE((#5523));
#5525= IFCPOLYLOOP((#5116,#5120,#5515,#5511));
#5526= IFCFACEOUTERBOUND(#5525,.T.);
#5527= IFCFACE((#5526));
#5528= IFCPOLYLOOP((#5120,#5115,#5510,#5515));
#5529= IFCFACEOUTERBOUND(#5528,.T.);
#5530= IFCFACE((#5529));
#5531= IFCCARTESIANPOINT((-10.5862531222519,0.,-15.4995580124669));
#5532= IFCCARTESIANPOINT((-7.26922306441702,0.,-12.8543148111785));
#5533= IFCPOLYLOOP((#5531,#5532,#5128,#5127));
#5534= IFCFACEOUTERBOUND(#5533,.T.);
#5535= IFCFACE((#5534));
#5536= IFCCARTESIANPOINT((-7.26922306441702,4.24264068711932,-12.8543148111785));
#5537= IFCPOLYLOOP((#5532,#5536,#5132,#5128));
#5538= IFCFACEOUTERBOUND(#5537,.T.);
#5539= IFCFACE((#5538));
#5540= IFCPOLYLOOP((#5536,#5531,#5127,#5132));
#5541= IFCFACEOUTERBOUND(#5540,.T.);
#5542= IFCFACE((#5541));
#5543= IFCPOLYLOOP((#5151,#5152,#5532,#5531));
#5544= IFCFACEOUTERBOUND(#5543,.T.);
#5545= IFCFACE((#5544));
#5546= IFCPOLYLOOP((#5152,#5156,#5536,#5532));
#5547= IFCFACEOUTERBOUND(#5546,.T.);
#5548= IFCFACE((#5547));
#5549= IFCPOLYLOOP((#5156,#5151,#5531,#5536));
#5550= IFCFACEOUTERBOUND(#5549,.T.);
#5551= IFCFACE((#5550));
#5552= IFCCARTESIANPOINT((-10.5862531222519,-15.88000011,-15.4995580124669));
#5553= IFCCARTESIANPOINT((-7.26922306441702,-15.88000011,-12.8543148111785));
#5554= IFCPOLYLOOP((#5552,#5553,#5302,#5301));
#5555= IFCFACEOUTERBOUND(#5554,.T.);
#5556= IFCFACE((#5555));
#5557= IFCCARTESIANPOINT((-7.26922306441702,-20.1226407971193,-12.8543148111785));
#5558= IFCPOLYLOOP((#5553,#5557,#5306,#5302));
#5559= IFCFACEOUTERBOUND(#5558,.T.);
#5560= IFCFACE((#5559));
#5561= IFCPOLYLOOP((#5557,#5552,#5301,#5306));
#5562= IFCFACEOUTERBOUND(#5561,.T.);
#5563= IFCFACE((#5562));
#5564= IFCPOLYLOOP((#5325,#5326,#5553,#5552));
#5565= IFCFACEOUTERBOUND(#5564,.T.);
#5566= IFCFACE((#5565));
#5567= IFCPOLYLOOP((#5326,#5330,#5557,#5553));
#5568= IFCFACEOUTERBOUND(#5567,.T.);
#5569= IFCFACE((#5568));
#5570= IFCPOLYLOOP((#5330,#5325,#5552,#5557));
#5571= IFCFACEOUTERBOUND(#5570,.T.);
#5572= IFCFACE((#5571));
#5573= IFCCARTESIANPOINT((-12.2280304739834,-15.88000011,-5.44250691233901));
#5574= IFCCARTESIANPOINT((-8.09176164679229,-15.88000011,-6.38658328040037));
#5575= IFCPOLYLOOP((#5573,#5574,#5338,#5337));
#5576= IFCFACEOUTERBOUND(#5575,.T.);
#5577= IFCFACE((#5576));
#5578= IFCCARTESIANPOINT((-8.09176164679229,-20.1226407971193,-6.38658328040037));
#5579= IFCPOLYLOOP((#5574,#5578,#5342,#5338));
#5580= IFCFACEOUTERBOUND(#5579,.T.);
#5581= IFCFACE((#5580));
#5582= IFCPOLYLOOP((#5578,#5573,#5337,#5342));
#5583= IFCFACEOUTERBOUND(#5582,.T.);
#5584= IFCFACE((#5583));
#5585= IFCPOLYLOOP((#5361,#5362,#5574,#5573));
#5586= IFCFACEOUTERBOUND(#5585,.T.);
#5587= IFCFACE((#5586));
#5588= IFCPOLYLOOP((#5362,#5366,#5578,#5574));
#5589= IFCFACEOUTERBOUND(#5588,.T.);
#5590= IFCFACE((#5589));
#5591= IFCPOLYLOOP((#5366,#5361,#5573,#5578));
#5592= IFCFACEOUTERBOUND(#5591,.T.);
#5593= IFCFACE((#5592));
#5594= IFCCARTESIANPOINT((-6.02008135308279,-15.88000011,2.67153005121509));
#5595= IFCCARTESIANPOINT((-4.17926854803227,-15.88000011,-1.1509571254719));
#5596= IFCPOLYLOOP((#5594,#5595,#5374,#5373));
#5597= IFCFACEOUTERBOUND(#5596,.T.);
#5598= IFCFACE((#5597));
#5599= IFCCARTESIANPOINT((-4.17926854803227,-20.1226407971193,-1.1509571254719));
#5600= IFCPOLYLOOP((#5595,#5599,#5378,#5374));
#5601= IFCFACEOUTERBOUND(#5600,.T.);
#5602= IFCFACE((#5601));
#5603= IFCPOLYLOOP((#5599,#5594,#5373,#5378));
#5604= IFCFACEOUTERBOUND(#5603,.T.);
#5605= IFCFACE((#5604));
#5606= IFCPOLYLOOP((#5397,#5398,#5595,#5594));
#5607= IFCFACEOUTERBOUND(#5606,.T.);
#5608= IFCFACE((#5607));
#5609= IFCPOLYLOOP((#5398,#5402,#5599,#5595));
#5610= IFCFACEOUTERBOUND(#5609,.T.);
#5611= IFCFACE((#5610));
#5612= IFCPOLYLOOP((#5402,#5397,#5594,#5599));
#5613= IFCFACEOUTERBOUND(#5612,.T.);
#5614= IFCFACE((#5613));
#5615= IFCCLOSEDSHELL((#4938,#4943,#4946,#4951,#4955,#4958,#4963,#4967,#4970,#4975,#4979,#4982,#4987,#4991,#4994,#4999,#5003,#5006,#5011,#5015,#5018,#5023,#5027,#5030,#5035,#5039,#5042,#5047,#5051,#5054,#5059,#5063,#5066,#5493,#5497,#5500,#5503,#5506,#5509,#5095,#5099,#5102,#5514,#5518,#5521,#5524,#5527,#5530,#5131,#5135,#5138,#5535,#5539,#5542,#5545,#5548,#5551,#5165,#5168,#5171,#5174,#5177,#5184,#5189,#5192,#5197,#5201,#5204,#5209,#5213,#5216,#5221,#5225,#5228,#5233,#5237,#5240,#5245,#5249,#5252,#5257,#5261,#5264,#5269,#5273,#5276,#5281,#5285,#5288,#5293,#5297,#5300,#5305,#5309,#5312,#5556,#5560,#5563,#5566,#5569,#5572,#5341,#5345,#5348,#5577,#5581,#5584,#5587,#5590,#5593,#5377,#5381,#5384,#5598,#5602,#5605,#5608,#5611,#5614,#5411,#5414,#5417,#5420,#5423));
#5616= IFCFACETEDBREP(#5615);
#5617= IFCSTYLEDITEM(#5616,(#137),$);
#5618= IFCSHAPEREPRESENTATION(#13,'Body','Brep',(#5616));
#5619= IFCPRODUCTDEFINITIONSHAPE($,$,(#5618));
#5620= IFCCARTESIANPOINT((442651.203345471,392786.909286567,-846.179999944971));
#5621= IFCAXIS2PLACEMENT3D(#5620,#2096,#2097);
#5622= IFCLOCALPLACEMENT(#2087,#5621);
#5623= IFCFASTENER('3ZDju1Ls52cv0xIhCqmdcT',#3170,'Weld',$,$,#5622,#5619,'IDe336de01-5761-429b-903b-4ab334c2799d');
#5624= IFCSHAPEREPRESENTATION(#13,'Body','SweptSolid',(#5458));
#5625= IFCPRODUCTDEFINITIONSHAPE($,$,(#5624));
#5626= IFCCARTESIANPOINT((442659.3815342,392784.547104189,-830.299999834971));
#5627= IFCAXIS2PLACEMENT3D(#5626,#676,#2104);
#5628= IFCLOCALPLACEMENT(#2087,#5627);
#5629= IFCCOLUMN('3aaJJTjff2EBOMWGkNkjdn',#3170,'TUERCA','5/8_HEAVY_HEX_NUT',$,#5628,#5625,'IDe49134dd-b69a-4238-b616-810b97bad9f1');
#5630= IFCSHAPEREPRESENTATION(#13,'Body','SweptSolid',(#5475));
#5631= IFCPRODUCTDEFINITIONSHAPE($,$,(#5630));
#5632= IFCCARTESIANPOINT((442659.3815342,392784.547104189,-809.999999999971));
#5633= IFCAXIS2PLACEMENT3D(#5632,#676,#2104);
#5634= IFCLOCALPLACEMENT(#2087,#5633);
#5635= IFCCOLUMN('3T$2VUeJ94khcyyS1$Lnhe',#116,'ANCLAJE','ESPARRAGO 5/8',$,#5634,#5631,'PS0(?)');
#5636= IFCSHAPEREPRESENTATION(#13,'Body','Brep',(#5425));
#5637= IFCPRODUCTDEFINITIONSHAPE($,$,(#5636));
#5638= IFCCARTESIANPOINT((442475.663427415,392742.865229682,-830.299999834971));
#5639= IFCAXIS2PLACEMENT3D(#5638,#2075,#2076);
#5640= IFCLOCALPLACEMENT(#2108,#5639);
#5641= IFCFASTENER('3FNlDkvRr1uRAcSsX4jPK6',#3170,'Weld',$,$,#5640,#5637,'IDcf5ef36e-e5bd-41e1-b2a6-736844b59506');
#5642= IFCSHAPEREPRESENTATION(#13,'Body','SweptSolid',(#5458));
#5643= IFCPRODUCTDEFINITIONSHAPE($,$,(#5642));
#5644= IFCCARTESIANPOINT((442481.798231727,392736.963801677,-830.299999834971));
#5645= IFCAXIS2PLACEMENT3D(#5644,#676,#2083);
#5646= IFCLOCALPLACEMENT(#2108,#5645);
#5647= IFCCOLUMN('0tEnvMk7jBtg$yM1fLBJaP',#3170,'TUERCA','5/8_HEAVY_HEX_NUT',$,#5646,#5643,'ID373b1e56-b87b-4bde-affc-581a552d3919');
#5648= IFCSHAPEREPRESENTATION(#13,'Body','SweptSolid',(#5475));
#5649= IFCPRODUCTDEFINITIONSHAPE($,$,(#5648));
#5650= IFCCARTESIANPOINT((442481.798231727,392736.963801677,-809.999999999971));
#5651= IFCAXIS2PLACEMENT3D(#5650,#676,#2083);
#5652= IFCLOCALPLACEMENT(#2108,#5651);
#5653= IFCCOLUMN('2XiAUe9jH6jR1R2sW9tv60',#116,'ANCLAJE','ESPARRAGO 5/8',$,#5652,#5649,'PS0(?)');
#5654= IFCSHAPEREPRESENTATION(#13,'Body','Brep',(#5616));
#5655= IFCPRODUCTDEFINITIONSHAPE($,$,(#5654));
#5656= IFCCARTESIANPOINT((442538.62004298,392851.909286547,-846.179999944971));
#5657= IFCAXIS2PLACEMENT3D(#5656,#2096,#2097);
#5658= IFCLOCALPLACEMENT(#2127,#5657);
#5659= IFCFASTENER('2dza4kPv5FiuuQSTE2ZHnn',#3170,'Weld',$,$,#5658,#5655,'IDa7f6412e-6791-4fb3-8e1a-71d3828d1c71');
#5660= IFCSHAPEREPRESENTATION(#13,'Body','SweptSolid',(#5458));
#5661= IFCPRODUCTDEFINITIONSHAPE($,$,(#5660));
#5662= IFCCARTESIANPOINT((442546.798231708,392849.54710417,-830.299999834971));
#5663= IFCAXIS2PLACEMENT3D(#5662,#676,#2104);
#5664= IFCLOCALPLACEMENT(#2127,#5663);
#5665= IFCCOLUMN('2vchY8g8L5MAaYJDWNHV2M',#3170,'TUERCA','5/8_HEAVY_HEX_NUT',$,#5664,#5661,'IDb99ab888-a885-4558-a922-4cd81745f096');
#5666= IFCSHAPEREPRESENTATION(#13,'Body','SweptSolid',(#5475));
#5667= IFCPRODUCTDEFINITIONSHAPE($,$,(#5666));
#5668= IFCCARTESIANPOINT((442546.798231708,392849.54710417,-809.999999999971));
#5669= IFCAXIS2PLACEMENT3D(#5668,#676,#2104);
#5670= IFCLOCALPLACEMENT(#2127,#5669);
#5671= IFCCOLUMN('0_8WveVbzC1PMeb$zOgKy6',#116,'ANCLAJE','ESPARRAGO 5/8',$,#5670,#5667,'PS0(?)');
#5672= IFCCOLOURRGB($,0.698039215686274,0.4,0.);
#5673= IFCSURFACESTYLERENDERING(#5672,0.,$,$,$,$,IFCNORMALISEDRATIOMEASURE(0.00390625),IFCSPECULAREXPONENT(10.),.NOTDEFINED.);
#5674= IFCSURFACESTYLE('Undefined',.POSITIVE.,(#5673));
#5675= IFCPRESENTATIONSTYLEASSIGNMENT((#5674));
#5676= IFCCOLOURRGB($,0.,0.,0.);
#5677= IFCSURFACESTYLERENDERING(#5676,0.,$,$,$,$,IFCNORMALISEDRATIOMEASURE(0.00390625),IFCSPECULAREXPONENT(10.),.NOTDEFINED.);
#5678= IFCSURFACESTYLE($,.POSITIVE.,(#5677));
#5679= IFCPRESENTATIONSTYLEASSIGNMENT((#5678));
#5680= IFCCIRCLEPROFILEDEF(.AREA.,$,#85,9.94000053405762);
#5681= IFCCARTESIANPOINT((0.,-15.9,0.));
#5682= IFCAXIS2PLACEMENT3D(#5681,#8,#7);
#5683= IFCEXTRUDEDAREASOLID(#5680,#5682,#9,16.);
#5684= IFCSTYLEDITEM(#5683,(#5679),$);
#5685= IFCCARTESIANPOINT((-4.99999999991269,0.,-64.9999999988358));
#5686= IFCCARTESIANTRANSFORMATIONOPERATOR3D($,$,#5685,$,$);
#5687= IFCSHAPEREPRESENTATION(#13,'Body','SweptSolid',(#5683));
#5688= IFCREPRESENTATIONMAP(#10,#5687);
#5689= IFCMAPPEDITEM(#5688,#5686);
#5690= IFCCARTESIANPOINT((-4.99999999991269,0.,64.9999999987194));
#5691= IFCCARTESIANTRANSFORMATIONOPERATOR3D($,$,#5690,$,$);
#5692= IFCMAPPEDITEM(#5688,#5691);
#5693= IFCCARTESIANPOINT((124.999999997584,0.,-64.9999999988358));
#5694= IFCCARTESIANTRANSFORMATIONOPERATOR3D($,$,#5693,$,$);
#5695= IFCMAPPEDITEM(#5688,#5694);
#5696= IFCCARTESIANPOINT((124.999999997584,0.,64.9999999987194));
#5697= IFCCARTESIANTRANSFORMATIONOPERATOR3D($,$,#5696,$,$);
#5698= IFCMAPPEDITEM(#5688,#5697);
#5699= IFCSHAPEREPRESENTATION(#13,'Body','MappedRepresentation',(#5689,#5692,#5695,#5698));
#5700= IFCPRODUCTDEFINITIONSHAPE($,$,(#5699));
#5701= IFCCARTESIANPOINT((442518.628358735,392790.755452924,-854.119999999971));
#5702= IFCAXIS2PLACEMENT3D(#5701,#3507,#2083);
#5703= IFCLOCALPLACEMENT(#3500,#5702);
#5704= IFCMECHANICALFASTENER('1rNu6WU8rAYeWAS1xHb6Wj',#3170,'Bolt assembly',$,$,#5703,#5700,'ID755f81a0-788d-4a8a-880a-701ed194682d',15.8800001144409,15.8999996185303);
#5705= IFCMECHANICALFASTENERTYPE('0AU5X53352wed33AiOwGJo',#5,'Bolt assembly',$,$,$,$,$,$);
#5706= IFCMATERIAL('Undefined');
#5707= IFCCARTESIANPOINT((28.9999999970896,-119.999999999389,0.));
#5708= IFCCARTESIANPOINT((28.9999999970896,-119.999999999389,-4.24264068711932));
#5709= IFCCARTESIANPOINT((-29.0000000023283,-119.999999998196,-4.24264068711932));
#5710= IFCCARTESIANPOINT((-29.0000000023283,-119.999999998196,0.));
#5711= IFCPOLYLOOP((#5707,#5708,#5709,#5710));
#5712= IFCFACEOUTERBOUND(#5711,.T.);
#5713= IFCFACE((#5712));
#5714= IFCCARTESIANPOINT((33.2426406840095,-124.2426406866,0.));
#5715= IFCCARTESIANPOINT((-33.242640689481,-124.242640685145,0.));
#5716= IFCPOLYLOOP((#5708,#5714,#5715,#5709));
#5717= IFCFACEOUTERBOUND(#5716,.T.);
#5718= IFCFACE((#5717));
#5719= IFCPOLYLOOP((#5714,#5707,#5710,#5715));
#5720= IFCFACEOUTERBOUND(#5719,.T.);
#5721= IFCFACE((#5720));
#5722= IFCCARTESIANPOINT((28.999999997206,-114.330000190443,0.));
#5723= IFCCARTESIANPOINT((28.999999997206,-114.330000190443,-4.24264068711932));
#5724= IFCPOLYLOOP((#5722,#5723,#5708,#5707));
#5725= IFCFACEOUTERBOUND(#5724,.T.);
#5726= IFCFACE((#5725));
#5727= IFCCARTESIANPOINT((33.2426406843588,-110.63995308007,0.));
#5728= IFCPOLYLOOP((#5723,#5727,#5714,#5708));
#5729= IFCFACEOUTERBOUND(#5728,.T.);
#5730= IFCFACE((#5729));
#5731= IFCPOLYLOOP((#5727,#5722,#5707,#5714));
#5732= IFCFACEOUTERBOUND(#5731,.T.);
#5733= IFCFACE((#5732));
#5734= IFCCARTESIANPOINT((2.54999995010439,-110.627000183275,0.));
#5735= IFCCARTESIANPOINT((2.54999995010439,-110.627000183275,-4.24264068711932));
#5736= IFCPOLYLOOP((#5734,#5735,#5723,#5722));
#5737= IFCFACEOUTERBOUND(#5736,.T.);
#5738= IFCFACE((#5737));
#5739= IFCCARTESIANPOINT((6.79264063725714,-106.936953072902,0.));
#5740= IFCPOLYLOOP((#5735,#5739,#5727,#5723));
#5741= IFCFACEOUTERBOUND(#5740,.T.);
#5742= IFCFACE((#5741));
#5743= IFCPOLYLOOP((#5739,#5734,#5722,#5727));
#5744= IFCFACEOUTERBOUND(#5743,.T.);
#5745= IFCFACE((#5744));
#5746= IFCCARTESIANPOINT((2.54999995219987,-9.37299981559045,0.));
#5747= IFCCARTESIANPOINT((2.54999995219987,-9.37299981559045,-4.24264068711932));
#5748= IFCPOLYLOOP((#5746,#5747,#5735,#5734));
#5749= IFCFACEOUTERBOUND(#5748,.T.);
#5750= IFCFACE((#5749));
#5751= IFCCARTESIANPOINT((6.7926406392362,-13.0630469260796,0.));
#5752= IFCPOLYLOOP((#5747,#5751,#5739,#5735));
#5753= IFCFACEOUTERBOUND(#5752,.T.);
#5754= IFCFACE((#5753));
#5755= IFCPOLYLOOP((#5751,#5746,#5734,#5739));
#5756= IFCFACEOUTERBOUND(#5755,.T.);
#5757= IFCFACE((#5756));
#5758= IFCCARTESIANPOINT((28.9999999995343,-5.66999980952824,0.));
#5759= IFCCARTESIANPOINT((28.9999999995343,-5.66999980952824,-4.24264068711932));
#5760= IFCPOLYLOOP((#5758,#5759,#5747,#5746));
#5761= IFCFACEOUTERBOUND(#5760,.T.);
#5762= IFCFACE((#5761));
#5763= IFCCARTESIANPOINT((33.2426406865707,-9.36004692007555,0.));
#5764= IFCPOLYLOOP((#5759,#5763,#5751,#5747));
#5765= IFCFACEOUTERBOUND(#5764,.T.);
#5766= IFCFACE((#5765));
#5767= IFCPOLYLOOP((#5763,#5758,#5746,#5751));
#5768= IFCFACEOUTERBOUND(#5767,.T.);
#5769= IFCFACE((#5768));
#5770= IFCCARTESIANPOINT((28.9999999996508,-5.82076609134674E-10,-4.24264068711932));
#5771= IFCPOLYLOOP((#2184,#5770,#5759,#5758));
#5772= IFCFACEOUTERBOUND(#5771,.T.);
#5773= IFCFACE((#5772));
#5774= IFCCARTESIANPOINT((33.2426406868035,4.24264068636694,0.));
#5775= IFCPOLYLOOP((#5770,#5774,#5763,#5759));
#5776= IFCFACEOUTERBOUND(#5775,.T.);
#5777= IFCFACE((#5776));
#5778= IFCPOLYLOOP((#5774,#2184,#5758,#5763));
#5779= IFCFACEOUTERBOUND(#5778,.T.);
#5780= IFCFACE((#5779));
#5781= IFCCARTESIANPOINT((-28.9999999997672,6.69388100504875E-10,0.));
#5782= IFCCARTESIANPOINT((-28.9999999997672,6.69388100504875E-10,-4.24264068711932));
#5783= IFCPOLYLOOP((#5781,#5782,#5770,#2184));
#5784= IFCFACEOUTERBOUND(#5783,.T.);
#5785= IFCFACE((#5784));
#5786= IFCCARTESIANPOINT((-33.2426406868035,4.24264068782213,0.));
#5787= IFCPOLYLOOP((#5782,#5786,#5774,#5770));
#5788= IFCFACEOUTERBOUND(#5787,.T.);
#5789= IFCFACE((#5788));
#5790= IFCPOLYLOOP((#5786,#5781,#2184,#5774));
#5791= IFCFACEOUTERBOUND(#5790,.T.);
#5792= IFCFACE((#5791));
#5793= IFCCARTESIANPOINT((-28.9999999998836,-5.66999980827677,0.));
#5794= IFCCARTESIANPOINT((-28.9999999998836,-5.66999980827677,-4.24264068711932));
#5795= IFCPOLYLOOP((#5793,#5794,#5782,#5781));
#5796= IFCFACEOUTERBOUND(#5795,.T.);
#5797= IFCFACE((#5796));
#5798= IFCCARTESIANPOINT((-33.2426406870363,-9.36004691864946,0.));
#5799= IFCPOLYLOOP((#5794,#5798,#5786,#5782));
#5800= IFCFACEOUTERBOUND(#5799,.T.);
#5801= IFCFACE((#5800));
#5802= IFCPOLYLOOP((#5798,#5793,#5781,#5786));
#5803= IFCFACEOUTERBOUND(#5802,.T.);
#5804= IFCFACE((#5803));
#5805= IFCCARTESIANPOINT((-2.54999995266553,-9.37299981544493,0.));
#5806= IFCCARTESIANPOINT((-2.54999995266553,-9.37299981544493,-4.24264068711932));
#5807= IFCPOLYLOOP((#5805,#5806,#5794,#5793));
#5808= IFCFACEOUTERBOUND(#5807,.T.);
#5809= IFCFACE((#5808));
#5810= IFCCARTESIANPOINT((-6.79264063993469,-13.0630469258176,0.));
#5811= IFCPOLYLOOP((#5806,#5810,#5798,#5794));
#5812= IFCFACEOUTERBOUND(#5811,.T.);
#5813= IFCFACE((#5812));
#5814= IFCPOLYLOOP((#5810,#5805,#5793,#5798));
#5815= IFCFACEOUTERBOUND(#5814,.T.);
#5816= IFCFACE((#5815));
#5817= IFCCARTESIANPOINT((-2.54999995487742,-110.627000183187,0.));
#5818= IFCCARTESIANPOINT((-2.54999995487742,-110.627000183187,-4.24264068711932));
#5819= IFCPOLYLOOP((#5817,#5818,#5806,#5805));
#5820= IFCFACEOUTERBOUND(#5819,.T.);
#5821= IFCFACE((#5820));
#5822= IFCCARTESIANPOINT((-6.79264064191375,-106.936953072698,0.));
#5823= IFCPOLYLOOP((#5818,#5822,#5810,#5806));
#5824= IFCFACEOUTERBOUND(#5823,.T.);
#5825= IFCFACE((#5824));
#5826= IFCPOLYLOOP((#5822,#5817,#5805,#5810));
#5827= IFCFACEOUTERBOUND(#5826,.T.);
#5828= IFCFACE((#5827));
#5829= IFCCARTESIANPOINT((-29.0000000022119,-114.330000189249,0.));
#5830= IFCCARTESIANPOINT((-29.0000000022119,-114.330000189249,-4.24264068711932));
#5831= IFCPOLYLOOP((#5829,#5830,#5818,#5817));
#5832= IFCFACEOUTERBOUND(#5831,.T.);
#5833= IFCFACE((#5832));
#5834= IFCCARTESIANPOINT((-33.2426406892482,-110.639953078702,0.));
#5835= IFCPOLYLOOP((#5830,#5834,#5822,#5818));
#5836= IFCFACEOUTERBOUND(#5835,.T.);
#5837= IFCFACE((#5836));
#5838= IFCPOLYLOOP((#5834,#5829,#5817,#5822));
#5839= IFCFACEOUTERBOUND(#5838,.T.);
#5840= IFCFACE((#5839));
#5841= IFCPOLYLOOP((#5710,#5709,#5830,#5829));
#5842= IFCFACEOUTERBOUND(#5841,.T.);
#5843= IFCFACE((#5842));
#5844= IFCPOLYLOOP((#5709,#5715,#5834,#5830));
#5845= IFCFACEOUTERBOUND(#5844,.T.);
#5846= IFCFACE((#5845));
#5847= IFCPOLYLOOP((#5715,#5710,#5829,#5834));
#5848= IFCFACEOUTERBOUND(#5847,.T.);
#5849= IFCFACE((#5848));
#5850= IFCPOLYLOOP((#5715,#5710,#5709));
#5851= IFCFACEOUTERBOUND(#5850,.T.);
#5852= IFCFACE((#5851));
#5853= IFCPOLYLOOP((#5715,#5709,#5710));
#5854= IFCFACEOUTERBOUND(#5853,.T.);
#5855= IFCFACE((#5854));
#5856= IFCCLOSEDSHELL((#5713,#5718,#5721,#5726,#5730,#5733,#5738,#5742,#5745,#5750,#5754,#5757,#5762,#5766,#5769,#5773,#5777,#5780,#5785,#5789,#5792,#5797,#5801,#5804,#5809,#5813,#5816,#5821,#5825,#5828,#5833,#5837,#5840,#5843,#5846,#5849,#5852,#5855));
#5857= IFCFACETEDBREP(#5856);
#5858= IFCSTYLEDITEM(#5857,(#137),$);
#5859= IFCSHAPEREPRESENTATION(#13,'Body','Brep',(#5857));
#5860= IFCPRODUCTDEFINITIONSHAPE($,$,(#5859));
#5861= IFCAXIS2PLACEMENT3D(#5701,#676,#3507);
#5862= IFCLOCALPLACEMENT(#3500,#5861);
#5863= IFCFASTENER('3yyBGAL6bD0AJgiXsEytOs',#3170,'Weld',$,$,#5862,#5860,'IDfcf0b40a-5469-4d00-a4ea-b21d8ef37636');
#5864= IFCCARTESIANPOINT((28.999999997206,0.,-119.999999999389));
#5865= IFCCARTESIANPOINT((28.999999997206,4.24264068711932,-119.999999999389));
#5866= IFCCARTESIANPOINT((-29.0000000023283,4.24264068711932,-119.999999998196));
#5867= IFCCARTESIANPOINT((-29.0000000023283,0.,-119.999999998196));
#5868= IFCPOLYLOOP((#5864,#5865,#5866,#5867));
#5869= IFCFACEOUTERBOUND(#5868,.T.);
#5870= IFCFACE((#5869));
#5871= IFCCARTESIANPOINT((33.2426406841259,0.,-124.2426406866));
#5872= IFCCARTESIANPOINT((-33.242640689481,0.,-124.242640685145));
#5873= IFCPOLYLOOP((#5865,#5871,#5872,#5866));
#5874= IFCFACEOUTERBOUND(#5873,.T.);
#5875= IFCFACE((#5874));
#5876= IFCPOLYLOOP((#5871,#5864,#5867,#5872));
#5877= IFCFACEOUTERBOUND(#5876,.T.);
#5878= IFCFACE((#5877));
#5879= IFCCARTESIANPOINT((28.999999997206,0.,-114.330000190443));
#5880= IFCCARTESIANPOINT((28.999999997206,4.24264068711932,-114.330000190443));
#5881= IFCPOLYLOOP((#5879,#5880,#5865,#5864));
#5882= IFCFACEOUTERBOUND(#5881,.T.);
#5883= IFCFACE((#5882));
#5884= IFCCARTESIANPOINT((33.2426406843588,0.,-110.63995308007));
#5885= IFCPOLYLOOP((#5880,#5884,#5871,#5865));
#5886= IFCFACEOUTERBOUND(#5885,.T.);
#5887= IFCFACE((#5886));
#5888= IFCPOLYLOOP((#5884,#5879,#5864,#5871));
#5889= IFCFACEOUTERBOUND(#5888,.T.);
#5890= IFCFACE((#5889));
#5891= IFCCARTESIANPOINT((2.54999995010439,0.,-110.627000183275));
#5892= IFCCARTESIANPOINT((2.54999995010439,4.24264068711932,-110.627000183275));
#5893= IFCPOLYLOOP((#5891,#5892,#5880,#5879));
#5894= IFCFACEOUTERBOUND(#5893,.T.);
#5895= IFCFACE((#5894));
#5896= IFCCARTESIANPOINT((6.79264063725714,0.,-106.936953072902));
#5897= IFCPOLYLOOP((#5892,#5896,#5884,#5880));
#5898= IFCFACEOUTERBOUND(#5897,.T.);
#5899= IFCFACE((#5898));
#5900= IFCPOLYLOOP((#5896,#5891,#5879,#5884));
#5901= IFCFACEOUTERBOUND(#5900,.T.);
#5902= IFCFACE((#5901));
#5903= IFCCARTESIANPOINT((2.54999995219987,0.,-9.37299981559045));
#5904= IFCCARTESIANPOINT((2.54999995219987,4.24264068711932,-9.37299981559045));
#5905= IFCPOLYLOOP((#5903,#5904,#5892,#5891));
#5906= IFCFACEOUTERBOUND(#5905,.T.);
#5907= IFCFACE((#5906));
#5908= IFCCARTESIANPOINT((6.7926406392362,0.,-13.0630469260796));
#5909= IFCPOLYLOOP((#5904,#5908,#5896,#5892));
#5910= IFCFACEOUTERBOUND(#5909,.T.);
#5911= IFCFACE((#5910));
#5912= IFCPOLYLOOP((#5908,#5903,#5891,#5896));
#5913= IFCFACEOUTERBOUND(#5912,.T.);
#5914= IFCFACE((#5913));
#5915= IFCCARTESIANPOINT((28.9999999995343,0.,-5.66999980952824));
#5916= IFCCARTESIANPOINT((28.9999999995343,4.24264068711932,-5.66999980952824));
#5917= IFCPOLYLOOP((#5915,#5916,#5904,#5903));
#5918= IFCFACEOUTERBOUND(#5917,.T.);
#5919= IFCFACE((#5918));
#5920= IFCCARTESIANPOINT((33.2426406865707,0.,-9.36004692007555));
#5921= IFCPOLYLOOP((#5916,#5920,#5908,#5904));
#5922= IFCFACEOUTERBOUND(#5921,.T.);
#5923= IFCFACE((#5922));
#5924= IFCPOLYLOOP((#5920,#5915,#5903,#5908));
#5925= IFCFACEOUTERBOUND(#5924,.T.);
#5926= IFCFACE((#5925));
#5927= IFCCARTESIANPOINT((28.9999999996508,4.24264068711932,-5.82076609134674E-10));
#5928= IFCPOLYLOOP((#2184,#5927,#5916,#5915));
#5929= IFCFACEOUTERBOUND(#5928,.T.);
#5930= IFCFACE((#5929));
#5931= IFCCARTESIANPOINT((33.2426406868035,0.,4.24264068636694));
#5932= IFCPOLYLOOP((#5927,#5931,#5920,#5916));
#5933= IFCFACEOUTERBOUND(#5932,.T.);
#5934= IFCFACE((#5933));
#5935= IFCPOLYLOOP((#5931,#2184,#5915,#5920));
#5936= IFCFACEOUTERBOUND(#5935,.T.);
#5937= IFCFACE((#5936));
#5938= IFCCARTESIANPOINT((-28.9999999997672,4.24264068711932,6.69388100504875E-10));
#5939= IFCPOLYLOOP((#5781,#5938,#5927,#2184));
#5940= IFCFACEOUTERBOUND(#5939,.T.);
#5941= IFCFACE((#5940));
#5942= IFCCARTESIANPOINT((-33.2426406868035,0.,4.24264068782213));
#5943= IFCPOLYLOOP((#5938,#5942,#5931,#5927));
#5944= IFCFACEOUTERBOUND(#5943,.T.);
#5945= IFCFACE((#5944));
#5946= IFCPOLYLOOP((#5942,#5781,#2184,#5931));
#5947= IFCFACEOUTERBOUND(#5946,.T.);
#5948= IFCFACE((#5947));
#5949= IFCCARTESIANPOINT((-28.9999999998836,0.,-5.66999980827677));
#5950= IFCCARTESIANPOINT((-28.9999999998836,4.24264068711932,-5.66999980827677));
#5951= IFCPOLYLOOP((#5949,#5950,#5938,#5781));
#5952= IFCFACEOUTERBOUND(#5951,.T.);
#5953= IFCFACE((#5952));
#5954= IFCCARTESIANPOINT((-33.2426406870363,0.,-9.36004691864946));
#5955= IFCPOLYLOOP((#5950,#5954,#5942,#5938));
#5956= IFCFACEOUTERBOUND(#5955,.T.);
#5957= IFCFACE((#5956));
#5958= IFCPOLYLOOP((#5954,#5949,#5781,#5942));
#5959= IFCFACEOUTERBOUND(#5958,.T.);
#5960= IFCFACE((#5959));
#5961= IFCCARTESIANPOINT((-2.54999995278195,0.,-9.37299981544493));
#5962= IFCCARTESIANPOINT((-2.54999995278195,4.24264068711932,-9.37299981544493));
#5963= IFCPOLYLOOP((#5961,#5962,#5950,#5949));
#5964= IFCFACEOUTERBOUND(#5963,.T.);
#5965= IFCFACE((#5964));
#5966= IFCCARTESIANPOINT((-6.79264063993469,0.,-13.0630469258176));
#5967= IFCPOLYLOOP((#5962,#5966,#5954,#5950));
#5968= IFCFACEOUTERBOUND(#5967,.T.);
#5969= IFCFACE((#5968));
#5970= IFCPOLYLOOP((#5966,#5961,#5949,#5954));
#5971= IFCFACEOUTERBOUND(#5970,.T.);
#5972= IFCFACE((#5971));
#5973= IFCCARTESIANPOINT((-2.54999995487742,0.,-110.627000183187));
#5974= IFCCARTESIANPOINT((-2.54999995487742,4.24264068711932,-110.627000183187));
#5975= IFCPOLYLOOP((#5973,#5974,#5962,#5961));
#5976= IFCFACEOUTERBOUND(#5975,.T.);
#5977= IFCFACE((#5976));
#5978= IFCCARTESIANPOINT((-6.79264064179733,0.,-106.936953072698));
#5979= IFCPOLYLOOP((#5974,#5978,#5966,#5962));
#5980= IFCFACEOUTERBOUND(#5979,.T.);
#5981= IFCFACE((#5980));
#5982= IFCPOLYLOOP((#5978,#5973,#5961,#5966));
#5983= IFCFACEOUTERBOUND(#5982,.T.);
#5984= IFCFACE((#5983));
#5985= IFCCARTESIANPOINT((-29.0000000022119,0.,-114.330000189249));
#5986= IFCCARTESIANPOINT((-29.0000000022119,4.24264068711932,-114.330000189249));
#5987= IFCPOLYLOOP((#5985,#5986,#5974,#5973));
#5988= IFCFACEOUTERBOUND(#5987,.T.);
#5989= IFCFACE((#5988));
#5990= IFCCARTESIANPOINT((-33.2426406891318,0.,-110.639953078702));
#5991= IFCPOLYLOOP((#5986,#5990,#5978,#5974));
#5992= IFCFACEOUTERBOUND(#5991,.T.);
#5993= IFCFACE((#5992));
#5994= IFCPOLYLOOP((#5990,#5985,#5973,#5978));
#5995= IFCFACEOUTERBOUND(#5994,.T.);
#5996= IFCFACE((#5995));
#5997= IFCPOLYLOOP((#5867,#5866,#5986,#5985));
#5998= IFCFACEOUTERBOUND(#5997,.T.);
#5999= IFCFACE((#5998));
#6000= IFCPOLYLOOP((#5866,#5872,#5990,#5986));
#6001= IFCFACEOUTERBOUND(#6000,.T.);
#6002= IFCFACE((#6001));
#6003= IFCPOLYLOOP((#5872,#5867,#5985,#5990));
#6004= IFCFACEOUTERBOUND(#6003,.T.);
#6005= IFCFACE((#6004));
#6006= IFCPOLYLOOP((#5872,#5867,#5866));
#6007= IFCFACEOUTERBOUND(#6006,.T.);
#6008= IFCFACE((#6007));
#6009= IFCPOLYLOOP((#5872,#5866,#5867));
#6010= IFCFACEOUTERBOUND(#6009,.T.);
#6011= IFCFACE((#6010));
#6012= IFCCLOSEDSHELL((#5870,#5875,#5878,#5883,#5887,#5890,#5895,#5899,#5902,#5907,#5911,#5914,#5919,#5923,#5926,#5930,#5934,#5937,#5941,#5945,#5948,#5953,#5957,#5960,#5965,#5969,#5972,#5977,#5981,#5984,#5989,#5993,#5996,#5999,#6002,#6005,#6008,#6011));
#6013= IFCFACETEDBREP(#6012);
#6014= IFCSTYLEDITEM(#6013,(#137),$);
#6015= IFCSHAPEREPRESENTATION(#13,'Body','Brep',(#6013));
#6016= IFCPRODUCTDEFINITIONSHAPE($,$,(#6015));
#6017= IFCAXIS2PLACEMENT3D(#5701,#2104,#3507);
#6018= IFCLOCALPLACEMENT(#3500,#6017);
#6019= IFCFASTENER('3Dm$G$_HL1Sw_8jh5HJR9j',#3170,'Weld',$,$,#6018,#6016,'IDcdc3f43f-f915-4173-af88-b6b1514db26d');
#6020= IFCCARTESIANPOINT((28.999999997206,0.,119.999999999389));
#6021= IFCCARTESIANPOINT((28.999999997206,-4.24264068711932,119.999999999389));
#6022= IFCCARTESIANPOINT((-29.0000000023283,-4.24264068711932,119.999999998196));
#6023= IFCCARTESIANPOINT((-29.0000000023283,0.,119.999999998196));
#6024= IFCPOLYLOOP((#6020,#6021,#6022,#6023));
#6025= IFCFACEOUTERBOUND(#6024,.T.);
#6026= IFCFACE((#6025));
#6027= IFCCARTESIANPOINT((33.2426406841259,0.,124.2426406866));
#6028= IFCCARTESIANPOINT((-33.242640689481,0.,124.242640685145));
#6029= IFCPOLYLOOP((#6021,#6027,#6028,#6022));
#6030= IFCFACEOUTERBOUND(#6029,.T.);
#6031= IFCFACE((#6030));
#6032= IFCPOLYLOOP((#6027,#6020,#6023,#6028));
#6033= IFCFACEOUTERBOUND(#6032,.T.);
#6034= IFCFACE((#6033));
#6035= IFCCARTESIANPOINT((28.999999997206,0.,114.330000190443));
#6036= IFCCARTESIANPOINT((28.999999997206,-4.24264068711932,114.330000190443));
#6037= IFCPOLYLOOP((#6035,#6036,#6021,#6020));
#6038= IFCFACEOUTERBOUND(#6037,.T.);
#6039= IFCFACE((#6038));
#6040= IFCCARTESIANPOINT((33.2426406843588,0.,110.63995308007));
#6041= IFCPOLYLOOP((#6036,#6040,#6027,#6021));
#6042= IFCFACEOUTERBOUND(#6041,.T.);
#6043= IFCFACE((#6042));
#6044= IFCPOLYLOOP((#6040,#6035,#6020,#6027));
#6045= IFCFACEOUTERBOUND(#6044,.T.);
#6046= IFCFACE((#6045));
#6047= IFCCARTESIANPOINT((2.54999995010439,0.,110.627000183275));
#6048= IFCCARTESIANPOINT((2.54999995010439,-4.24264068711932,110.627000183275));
#6049= IFCPOLYLOOP((#6047,#6048,#6036,#6035));
#6050= IFCFACEOUTERBOUND(#6049,.T.);
#6051= IFCFACE((#6050));
#6052= IFCCARTESIANPOINT((6.79264063725714,0.,106.936953072902));
#6053= IFCPOLYLOOP((#6048,#6052,#6040,#6036));
#6054= IFCFACEOUTERBOUND(#6053,.T.);
#6055= IFCFACE((#6054));
#6056= IFCPOLYLOOP((#6052,#6047,#6035,#6040));
#6057= IFCFACEOUTERBOUND(#6056,.T.);
#6058= IFCFACE((#6057));
#6059= IFCCARTESIANPOINT((2.54999995219987,0.,9.37299981559045));
#6060= IFCCARTESIANPOINT((2.54999995219987,-4.24264068711932,9.37299981559045));
#6061= IFCPOLYLOOP((#6059,#6060,#6048,#6047));
#6062= IFCFACEOUTERBOUND(#6061,.T.);
#6063= IFCFACE((#6062));
#6064= IFCCARTESIANPOINT((6.7926406392362,0.,13.0630469260796));
#6065= IFCPOLYLOOP((#6060,#6064,#6052,#6048));
#6066= IFCFACEOUTERBOUND(#6065,.T.);
#6067= IFCFACE((#6066));
#6068= IFCPOLYLOOP((#6064,#6059,#6047,#6052));
#6069= IFCFACEOUTERBOUND(#6068,.T.);
#6070= IFCFACE((#6069));
#6071= IFCCARTESIANPOINT((28.9999999995343,0.,5.66999980952824));
#6072= IFCCARTESIANPOINT((28.9999999995343,-4.24264068711932,5.66999980952824));
#6073= IFCPOLYLOOP((#6071,#6072,#6060,#6059));
#6074= IFCFACEOUTERBOUND(#6073,.T.);
#6075= IFCFACE((#6074));
#6076= IFCCARTESIANPOINT((33.2426406865707,0.,9.36004692007555));
#6077= IFCPOLYLOOP((#6072,#6076,#6064,#6060));
#6078= IFCFACEOUTERBOUND(#6077,.T.);
#6079= IFCFACE((#6078));
#6080= IFCPOLYLOOP((#6076,#6071,#6059,#6064));
#6081= IFCFACEOUTERBOUND(#6080,.T.);
#6082= IFCFACE((#6081));
#6083= IFCCARTESIANPOINT((28.9999999996508,-4.24264068711932,5.82076609134674E-10));
#6084= IFCPOLYLOOP((#2184,#6083,#6072,#6071));
#6085= IFCFACEOUTERBOUND(#6084,.T.);
#6086= IFCFACE((#6085));
#6087= IFCCARTESIANPOINT((33.2426406868035,0.,-4.24264068636694));
#6088= IFCPOLYLOOP((#6083,#6087,#6076,#6072));
#6089= IFCFACEOUTERBOUND(#6088,.T.);
#6090= IFCFACE((#6089));
#6091= IFCPOLYLOOP((#6087,#2184,#6071,#6076));
#6092= IFCFACEOUTERBOUND(#6091,.T.);
#6093= IFCFACE((#6092));
#6094= IFCCARTESIANPOINT((-28.9999999997672,-4.24264068711932,-6.69388100504875E-10));
#6095= IFCPOLYLOOP((#5781,#6094,#6083,#2184));
#6096= IFCFACEOUTERBOUND(#6095,.T.);
#6097= IFCFACE((#6096));
#6098= IFCCARTESIANPOINT((-33.2426406868035,0.,-4.24264068782213));
#6099= IFCPOLYLOOP((#6094,#6098,#6087,#6083));
#6100= IFCFACEOUTERBOUND(#6099,.T.);
#6101= IFCFACE((#6100));
#6102= IFCPOLYLOOP((#6098,#5781,#2184,#6087));
#6103= IFCFACEOUTERBOUND(#6102,.T.);
#6104= IFCFACE((#6103));
#6105= IFCCARTESIANPOINT((-28.9999999998836,0.,5.66999980827677));
#6106= IFCCARTESIANPOINT((-28.9999999998836,-4.24264068711932,5.66999980827677));
#6107= IFCPOLYLOOP((#6105,#6106,#6094,#5781));
#6108= IFCFACEOUTERBOUND(#6107,.T.);
#6109= IFCFACE((#6108));
#6110= IFCCARTESIANPOINT((-33.2426406870363,0.,9.36004691864946));
#6111= IFCPOLYLOOP((#6106,#6110,#6098,#6094));
#6112= IFCFACEOUTERBOUND(#6111,.T.);
#6113= IFCFACE((#6112));
#6114= IFCPOLYLOOP((#6110,#6105,#5781,#6098));
#6115= IFCFACEOUTERBOUND(#6114,.T.);
#6116= IFCFACE((#6115));
#6117= IFCCARTESIANPOINT((-2.54999995278195,0.,9.37299981544493));
#6118= IFCCARTESIANPOINT((-2.54999995278195,-4.24264068711932,9.37299981544493));
#6119= IFCPOLYLOOP((#6117,#6118,#6106,#6105));
#6120= IFCFACEOUTERBOUND(#6119,.T.);
#6121= IFCFACE((#6120));
#6122= IFCCARTESIANPOINT((-6.79264063993469,0.,13.0630469258176));
#6123= IFCPOLYLOOP((#6118,#6122,#6110,#6106));
#6124= IFCFACEOUTERBOUND(#6123,.T.);
#6125= IFCFACE((#6124));
#6126= IFCPOLYLOOP((#6122,#6117,#6105,#6110));
#6127= IFCFACEOUTERBOUND(#6126,.T.);
#6128= IFCFACE((#6127));
#6129= IFCCARTESIANPOINT((-2.54999995487742,0.,110.627000183187));
#6130= IFCCARTESIANPOINT((-2.54999995487742,-4.24264068711932,110.627000183187));
#6131= IFCPOLYLOOP((#6129,#6130,#6118,#6117));
#6132= IFCFACEOUTERBOUND(#6131,.T.);
#6133= IFCFACE((#6132));
#6134= IFCCARTESIANPOINT((-6.79264064179733,0.,106.936953072698));
#6135= IFCPOLYLOOP((#6130,#6134,#6122,#6118));
#6136= IFCFACEOUTERBOUND(#6135,.T.);
#6137= IFCFACE((#6136));
#6138= IFCPOLYLOOP((#6134,#6129,#6117,#6122));
#6139= IFCFACEOUTERBOUND(#6138,.T.);
#6140= IFCFACE((#6139));
#6141= IFCCARTESIANPOINT((-29.0000000022119,0.,114.330000189249));
#6142= IFCCARTESIANPOINT((-29.0000000022119,-4.24264068711932,114.330000189249));
#6143= IFCPOLYLOOP((#6141,#6142,#6130,#6129));
#6144= IFCFACEOUTERBOUND(#6143,.T.);
#6145= IFCFACE((#6144));
#6146= IFCCARTESIANPOINT((-33.2426406891318,0.,110.639953078702));
#6147= IFCPOLYLOOP((#6142,#6146,#6134,#6130));
#6148= IFCFACEOUTERBOUND(#6147,.T.);
#6149= IFCFACE((#6148));
#6150= IFCPOLYLOOP((#6146,#6141,#6129,#6134));
#6151= IFCFACEOUTERBOUND(#6150,.T.);
#6152= IFCFACE((#6151));
#6153= IFCPOLYLOOP((#6023,#6022,#6142,#6141));
#6154= IFCFACEOUTERBOUND(#6153,.T.);
#6155= IFCFACE((#6154));
#6156= IFCPOLYLOOP((#6022,#6028,#6146,#6142));
#6157= IFCFACEOUTERBOUND(#6156,.T.);
#6158= IFCFACE((#6157));
#6159= IFCPOLYLOOP((#6028,#6023,#6141,#6146));
#6160= IFCFACEOUTERBOUND(#6159,.T.);
#6161= IFCFACE((#6160));
#6162= IFCPOLYLOOP((#6028,#6023,#6022));
#6163= IFCFACEOUTERBOUND(#6162,.T.);
#6164= IFCFACE((#6163));
#6165= IFCPOLYLOOP((#6028,#6022,#6023));
#6166= IFCFACEOUTERBOUND(#6165,.T.);
#6167= IFCFACE((#6166));
#6168= IFCCLOSEDSHELL((#6026,#6031,#6034,#6039,#6043,#6046,#6051,#6055,#6058,#6063,#6067,#6070,#6075,#6079,#6082,#6086,#6090,#6093,#6097,#6101,#6104,#6109,#6113,#6116,#6121,#6125,#6128,#6133,#6137,#6140,#6145,#6149,#6152,#6155,#6158,#6161,#6164,#6167));
#6169= IFCFACETEDBREP(#6168);
#6170= IFCSTYLEDITEM(#6169,(#137),$);
#6171= IFCSHAPEREPRESENTATION(#13,'Body','Brep',(#6169));
#6172= IFCPRODUCTDEFINITIONSHAPE($,$,(#6171));
#6173= IFCAXIS2PLACEMENT3D(#5701,#2083,#3507);
#6174= IFCLOCALPLACEMENT(#3500,#6173);
#6175= IFCFASTENER('0kRBTq3Qj6KPnpsKmYufVy',#3170,'Weld',$,$,#6174,#6172,'ID2e6cb774-0dab-4651-9c73-d94c22e297fc');
#6176= IFCRECTANGLEPROFILEDEF(.AREA.,'PL15.9*200',#85,15.9,200.);
#6177= IFCCARTESIANPOINT((199.999999987187,0.,0.));
#6178= IFCAXIS2PLACEMENT3D(#6177,#88,#87);
#6179= IFCEXTRUDEDAREASOLID(#6176,#6178,#9,200.);
#6180= IFCSHAPEREPRESENTATION(#13,'Body','SweptSolid',(#6179));
#6181= IFCSTYLEDITEM(#6179,(#4083),$);
#6182= IFCPRODUCTDEFINITIONSHAPE($,$,(#6180));
#6183= IFCCARTESIANPOINT((442657.192423347,392710.755452948,-862.069999999971));
#6184= IFCAXIS2PLACEMENT3D(#6183,#3507,#2104);
#6185= IFCLOCALPLACEMENT(#3500,#6184);
#6186= IFCBEAM('2WmD05gyPCf84q$n3zdDtY',#3170,'PLACA','PL15.9*200',$,#6185,#6182,'IDa0c0d005-abc6-4ca4-8134-ff10fd9cdde2');
#6187= IFCBEAMTYPE('2HSNROcNLEU9dLujKK7Rqw',#5,'PL15.9*200',$,$,$,$,$,$,.NOTDEFINED.);
#6188= IFCPROPERTYSINGLEVALUE('AREA_FORM_TOP',$,IFCAREAMEASURE(0.00318),$);
#6189= IFCPROPERTYSINGLEVALUE('AREA_FORM_BOTTOM',$,IFCAREAMEASURE(0.00318),$);
#6190= IFCPROPERTYSINGLEVALUE('PROFILE_WEIGHT',$,IFCMASSMEASURE(4.9926),$);
#6191= IFCPROPERTYSINGLEVALUE('PROFILE_TYPE',$,IFCLABEL('B'),$);
#6192= IFCPROPERTYSINGLEVALUE('HAS_HOLES',$,IFCINTEGER(1),$);
#6193= IFCPROPERTYSINGLEVALUE('VOLUME_NET',$,IFCVOLUMEMEASURE(0.00064),$);
#6194= IFCPROPERTYSINGLEVALUE('TOP_LEVEL_BASEPOINT',$,IFCLABEL(' +99.146'),$);
#6195= IFCPROPERTYSINGLEVALUE('PROFILE',$,IFCLABEL('PL15.9*200'),$);
#6196= IFCPROPERTYSINGLEVALUE('NAME',$,IFCLABEL('PLACA'),$);
#6197= IFCPROPERTYSINGLEVALUE('MODEL_TOTAL',$,IFCINTEGER(21),$);
#6198= IFCPROPERTYSINGLEVALUE('MATERIAL',$,IFCLABEL('F24'),$);
#6199= IFCPROPERTYSINGLEVALUE('LENGTH_NET',$,IFCLENGTHMEASURE(200.),$);
#6200= IFCPROPERTYSINGLEVALUE('HEIGHT',$,IFCLENGTHMEASURE(200.),$);
#6201= IFCPROPERTYSINGLEVALUE('GUID',$,IFCLABEL('a0c0d005-abc6-4ca4-8134-ff10fd9cdde2'),$);
#6202= IFCPROPERTYSINGLEVALUE('CAST_UNIT_POS',$,IFCLABEL('C0(?)'),$);
#6203= IFCPROPERTYSINGLEVALUE('ASSEMBLY_PREFIX',$,IFCLABEL('C'),$);
#6204= IFCPROPERTYSINGLEVALUE('ASSEMBLY_TOP_LEVEL_BASEPOINT',$,IFCLABEL(' +99.882'),$);
#6205= IFCPROPERTYSINGLEVALUE('ASSEMBLY_POS',$,IFCLABEL('C0(?)'),$);
#6206= IFCPROPERTYSINGLEVALUE('ASSEMBLY_BOTTOM_LEVEL_BASEPOINT',$,IFCLABEL(' +99.130'),$);
#6207= IFCPROPERTYSET('2kCSdgCYv74Q_FZ57NT8RO',#5,'VIGAS',$,(#6188,#6189,#59,#60,#2197,#63,#62,#64,#65,#2198,#2199,#68,#127,#128,#3180,#69,#126,#6190,#6191,#6192,#2203,#6193,#6194,#2206,#6195,#6196,#6197,#6198,#6199,#6200,#6201,#2214,#2215,#2216,#3270,#3271,#6202,#3287,#6203,#6204,#6205,#2222,#6206));
#6208= IFCPROPERTYSET('0jgrIOof98XgZXryaGowEW',#5,'Pset_BeamCommon','Common Properties to beam elements',(#688,#3418));
#6209= IFCQUANTITYLENGTH('Length',$,$,199.999999991093);
#6210= IFCQUANTITYAREA('OuterSurfaceArea',$,$,0.0927199999928082);
#6211= IFCQUANTITYVOLUME('NetVolume',$,$,0.000635999999947036);
#6212= IFCQUANTITYWEIGHT('NetWeight',$,$,4.99259999958423);
#6213= IFCELEMENTQUANTITY('1TPoEGWMn5jQtGHyS99FsL',#5,'BaseQuantities',$,$,(#6209,#6210,#6211,#6212));
#6214= IFCSHAPEREPRESENTATION(#13,'Body','Brep',(#5425));
#6215= IFCPRODUCTDEFINITIONSHAPE($,$,(#6214));
#6216= IFCCARTESIANPOINT((441661.036439274,392786.909659399,-830.299999834915));
#6217= IFCAXIS2PLACEMENT3D(#6216,#1981,#1982);
#6218= IFCLOCALPLACEMENT(#1869,#6217);
#6219= IFCFASTENER('1Dt942yt17Jgc2V42ffwGT',#3170,'Weld',$,$,#6218,#6215,'ID4ddc9102-f370-474e-a982-7c40a9a7a41d');
#6220= IFCSHAPEREPRESENTATION(#13,'Body','SweptSolid',(#5458));
#6221= IFCPRODUCTDEFINITIONSHAPE($,$,(#6220));
#6222= IFCCARTESIANPOINT((441652.858250544,392784.547477021,-830.299999834915));
#6223= IFCAXIS2PLACEMENT3D(#6222,#676,#1989);
#6224= IFCLOCALPLACEMENT(#1869,#6223);
#6225= IFCCOLUMN('1QNabScmj7MQelEZP1EbN0',#3170,'TUERCA','5/8_HEAVY_HEX_NUT',$,#6224,#6221,'ID5a5e495c-9b0b-4759-aa2f-3a36413a55c0');
#6226= IFCSHAPEREPRESENTATION(#13,'Body','SweptSolid',(#5475));
#6227= IFCPRODUCTDEFINITIONSHAPE($,$,(#6226));
#6228= IFCCARTESIANPOINT((441652.858250544,392784.547477021,-809.999999999915));
#6229= IFCAXIS2PLACEMENT3D(#6228,#676,#1989);
#6230= IFCLOCALPLACEMENT(#1869,#6229);
#6231= IFCCOLUMN('3pbSsB95n3uR5rndOgfbnq',#116,'ANCLAJE','ESPARRAGO 5/8',$,#6230,#6227,'PS0(?)');
#6232= IFCSHAPEREPRESENTATION(#13,'Body','Brep',(#5616));
#6233= IFCPRODUCTDEFINITIONSHAPE($,$,(#6232));
#6234= IFCCARTESIANPOINT((441723.993054839,392677.865602534,-846.179999944915));
#6235= IFCAXIS2PLACEMENT3D(#6234,#2015,#2016);
#6236= IFCLOCALPLACEMENT(#1997,#6235);
#6237= IFCFASTENER('1cz8$v7Ez8D8cqhn_I0xL7',#3170,'Weld',$,$,#6236,#6233,'ID66f48ff9-1cef-4834-89b4-af1f9203b547');
#6238= IFCSHAPEREPRESENTATION(#13,'Body','SweptSolid',(#5458));
#6239= IFCPRODUCTDEFINITIONSHAPE($,$,(#6238));
#6240= IFCCARTESIANPOINT((441717.858250525,392671.964174528,-830.299999834915));
#6241= IFCAXIS2PLACEMENT3D(#6240,#676,#2023);
#6242= IFCLOCALPLACEMENT(#1997,#6241);
#6243= IFCCOLUMN('0JXjVnntn5dBNeON$CISJx',#3170,'TUERCA','5/8_HEAVY_HEX_NUT',$,#6242,#6239,'ID1386d7f1-c77c-459c-b5e8-617fcc49c4fb');
#6244= IFCSHAPEREPRESENTATION(#13,'Body','SweptSolid',(#5475));
#6245= IFCPRODUCTDEFINITIONSHAPE($,$,(#6244));
#6246= IFCCARTESIANPOINT((441717.858250525,392671.964174528,-809.999999999915));
#6247= IFCAXIS2PLACEMENT3D(#6246,#676,#2023);
#6248= IFCLOCALPLACEMENT(#1997,#6247);
#6249= IFCCOLUMN('2DheGfbOv3auzi1UfOM3NQ',#116,'ANCLAJE','ESPARRAGO 5/8',$,#6248,#6245,'PS0(?)');
#6250= IFCSHAPEREPRESENTATION(#13,'Body','Brep',(#5425));
#6251= IFCPRODUCTDEFINITIONSHAPE($,$,(#6250));
#6252= IFCCARTESIANPOINT((441773.619741764,392851.909659379,-830.299999834915));
#6253= IFCAXIS2PLACEMENT3D(#6252,#1981,#1982);
#6254= IFCLOCALPLACEMENT(#2027,#6253);
#6255= IFCFASTENER('1ylFy1Z$b33PueS$rNMkZ7',#3170,'Weld',$,$,#6254,#6251,'ID7cbcff01-8ff9-430d-9e28-73fd575ae8c7');
#6256= IFCSHAPEREPRESENTATION(#13,'Body','SweptSolid',(#5458));
#6257= IFCPRODUCTDEFINITIONSHAPE($,$,(#6256));
#6258= IFCCARTESIANPOINT((441765.441553037,392849.547477002,-830.299999834915));
#6259= IFCAXIS2PLACEMENT3D(#6258,#676,#1989);
#6260= IFCLOCALPLACEMENT(#2027,#6259);
#6261= IFCCOLUMN('3V70KiLx549P8ClBFhluc5',#3170,'TUERCA','5/8_HEAVY_HEX_NUT',$,#6260,#6257,'IDdf1c052c-57b1-4425-920c-bcb3ebbf8985');
#6262= IFCSHAPEREPRESENTATION(#13,'Body','SweptSolid',(#5475));
#6263= IFCPRODUCTDEFINITIONSHAPE($,$,(#6262));
#6264= IFCCARTESIANPOINT((441765.441553037,392849.547477002,-809.999999999915));
#6265= IFCAXIS2PLACEMENT3D(#6264,#676,#1989);
#6266= IFCLOCALPLACEMENT(#2027,#6265);
#6267= IFCCOLUMN('2Z2dldilD9rAC_3a2_T3Rb',#116,'ANCLAJE','ESPARRAGO 5/8',$,#6266,#6263,'PS0(?)');
#6268= IFCSHAPEREPRESENTATION(#13,'Body','Brep',(#5616));
#6269= IFCPRODUCTDEFINITIONSHAPE($,$,(#6268));
#6270= IFCCARTESIANPOINT((441836.57635733,392742.865602514,-846.179999944915));
#6271= IFCAXIS2PLACEMENT3D(#6270,#2015,#2016);
#6272= IFCLOCALPLACEMENT(#2046,#6271);
#6273= IFCFASTENER('2odKcCVmzFRO$lnyOQPUE6',#3170,'Weld',$,$,#6272,#6269,'IDb29d498c-7f0f-4f6d-8fef-c7c61a65e386');
#6274= IFCSHAPEREPRESENTATION(#13,'Body','SweptSolid',(#5458));
#6275= IFCPRODUCTDEFINITIONSHAPE($,$,(#6274));
#6276= IFCCARTESIANPOINT((441830.441553018,392736.964174509,-830.299999834915));
#6277= IFCAXIS2PLACEMENT3D(#6276,#676,#2023);
#6278= IFCLOCALPLACEMENT(#2046,#6277);
#6279= IFCCOLUMN('03g4HjItrDIfLoGuIerJGz',#3170,'TUERCA','5/8_HEAVY_HEX_NUT',$,#6278,#6275,'ID03a8446d-4b7d-4d4a-9572-4384a8d5343d');
#6280= IFCSHAPEREPRESENTATION(#13,'Body','SweptSolid',(#5475));
#6281= IFCPRODUCTDEFINITIONSHAPE($,$,(#6280));
#6282= IFCCARTESIANPOINT((441830.441553018,392736.964174509,-809.999999999915));
#6283= IFCAXIS2PLACEMENT3D(#6282,#676,#2023);
#6284= IFCLOCALPLACEMENT(#2046,#6283);
#6285= IFCCOLUMN('0C1IVWU5P8EOW7DsFMftTI',#116,'ANCLAJE','ESPARRAGO 5/8',$,#6284,#6281,'PS0(?)');
#6286= IFCSHAPEREPRESENTATION(#13,'Body','MappedRepresentation',(#5689,#5692,#5695,#5698));
#6287= IFCPRODUCTDEFINITIONSHAPE($,$,(#6286));
#6288= IFCCARTESIANPOINT((441793.61142601,392790.755825757,-854.119999999915));
#6289= IFCAXIS2PLACEMENT3D(#6288,#3344,#1989);
#6290= IFCLOCALPLACEMENT(#3284,#6289);
#6291= IFCMECHANICALFASTENER('2gw7zC0x56p9kFO4UJryVH',#3170,'Bolt assembly',$,$,#6290,#6287,'IDaae87f4c-03b1-46cc-9b8f-604793d7c7d1',15.8800001144409,15.8999996185303);
#6292= IFCSHAPEREPRESENTATION(#13,'Body','Brep',(#5857));
#6293= IFCPRODUCTDEFINITIONSHAPE($,$,(#6292));
#6294= IFCAXIS2PLACEMENT3D(#6288,#676,#3344);
#6295= IFCLOCALPLACEMENT(#3284,#6294);
#6296= IFCFASTENER('03o_EdBWLFYvBgUbJPYoaY',#3170,'Weld',$,$,#6295,#6293,'ID03cbe3a7-2e05-4f8b-92ea-7a54d98b2922');
#6297= IFCSHAPEREPRESENTATION(#13,'Body','Brep',(#6013));
#6298= IFCPRODUCTDEFINITIONSHAPE($,$,(#6297));
#6299= IFCAXIS2PLACEMENT3D(#6288,#2023,#3344);
#6300= IFCLOCALPLACEMENT(#3284,#6299);
#6301= IFCFASTENER('0Q8WNQoDT2oPJunu3X_Ne7',#3170,'Weld',$,$,#6300,#6298,'ID1a2205da-c8d7-42c9-94f8-c780e1f97a07');
#6302= IFCSHAPEREPRESENTATION(#13,'Body','Brep',(#6169));
#6303= IFCPRODUCTDEFINITIONSHAPE($,$,(#6302));
#6304= IFCAXIS2PLACEMENT3D(#6288,#1989,#3344);
#6305= IFCLOCALPLACEMENT(#3284,#6304);
#6306= IFCFASTENER('0nWIZ66BHE2QKiOB01600e',#3170,'Weld',$,$,#6305,#6303,'ID318128c6-18b4-4e09-a52c-60b001180028');
#6307= IFCSHAPEREPRESENTATION(#13,'Body','SweptSolid',(#6179));
#6308= IFCPRODUCTDEFINITIONSHAPE($,$,(#6307));
#6309= IFCCARTESIANPOINT((441655.0473614,392710.75582578,-862.069999999915));
#6310= IFCAXIS2PLACEMENT3D(#6309,#3344,#2023);
#6311= IFCLOCALPLACEMENT(#3284,#6310);
#6312= IFCBEAM('3C0E7xnh5AnR4UwatB1$r3',#3170,'PLACA','PL15.9*200',$,#6311,#6308,'IDcc00e1fb-c6b1-4ac5-b11e-ea4dcb07fd43');
#6313= IFCPROPERTYSINGLEVALUE('GUID',$,IFCLABEL('cc00e1fb-c6b1-4ac5-b11e-ea4dcb07fd43'),$);
#6314= IFCPROPERTYSET('1BMnKs045DYBp1_peJEkd9',#5,'VIGAS',$,(#6188,#6189,#59,#60,#2197,#63,#62,#64,#65,#2198,#2199,#68,#127,#128,#3180,#69,#126,#6190,#6191,#6192,#2203,#6193,#6194,#2206,#6195,#6196,#6197,#6198,#6199,#6200,#6313,#2214,#2215,#2216,#3250,#3251,#6202,#3287,#6203,#6204,#6205,#2222,#6206));
#6315= IFCSHAPEREPRESENTATION(#13,'Body','Brep',(#5425));
#6316= IFCPRODUCTDEFINITIONSHAPE($,$,(#6315));
#6317= IFCCARTESIANPOINT((442219.076830667,393535.375110995,-830.299999834915));
#6318= IFCAXIS2PLACEMENT3D(#6317,#1712,#1713);
#6319= IFCLOCALPLACEMENT(#117,#6318);
#6320= IFCFASTENER('0CVbTsr9DBxuoPS7wd4xHW',#3170,'Weld',$,$,#6319,#6316,'ID0c7e5776-d493-4bef-8c99-707ea713b460');
#6321= IFCSHAPEREPRESENTATION(#13,'Body','SweptSolid',(#5458));
#6322= IFCPRODUCTDEFINITIONSHAPE($,$,(#6321));
#6323= IFCCARTESIANPOINT((442221.120215082,393543.638721379,-830.299999834915));
#6324= IFCAXIS2PLACEMENT3D(#6323,#676,#8);
#6325= IFCLOCALPLACEMENT(#117,#6324);
#6326= IFCCOLUMN('2njwsUNfj5C9HjSek532_z',#3170,'TUERCA','5/8_HEAVY_HEX_NUT',$,#6325,#6322,'IDb1b7ad9e-5e9b-4530-946d-728b850c2fbd');
#6327= IFCQUANTITYAREA('OuterSurfaceArea',$,$,0.00322382540455896);
#6328= IFCQUANTITYVOLUME('NetVolume',$,$,6.72640698062945E-06);
#6329= IFCQUANTITYWEIGHT('NetWeight',$,$,0.0528022947979412);
#6330= IFCELEMENTQUANTITY('2ch_NGrg57FxZxplxhMNxJ',#5,'BaseQuantities',$,$,(#5467,#6327,#6328,#6329));
#6331= IFCSHAPEREPRESENTATION(#13,'Body','SweptSolid',(#5475));
#6332= IFCPRODUCTDEFINITIONSHAPE($,$,(#6331));
#6333= IFCCARTESIANPOINT((442221.120215082,393543.638721379,-809.999999999915));
#6334= IFCAXIS2PLACEMENT3D(#6333,#676,#8);
#6335= IFCLOCALPLACEMENT(#117,#6334);
#6336= IFCCOLUMN('3rZb_IWdvC_9kqwwqvwcK3',#116,'ANCLAJE','ESPARRAGO 5/8',$,#6335,#6332,'PS0(?)');
#6337= IFCQUANTITYAREA('OuterSurfaceArea',$,$,0.0110521712500769);
#6338= IFCQUANTITYVOLUME('NetVolume',$,$,3.92291307654394E-05);
#6339= IFCQUANTITYWEIGHT('NetWeight',$,$,0.307948676508699);
#6340= IFCELEMENTQUANTITY('2Q5AHvXGL9pfjTc69St7jl',#5,'BaseQuantities',$,$,(#5484,#6337,#6338,#6339));
#6341= IFCSHAPEREPRESENTATION(#13,'Body','Brep',(#5616));
#6342= IFCPRODUCTDEFINITIONSHAPE($,$,(#6341));
#6343= IFCCARTESIANPOINT((442093.163599496,393535.375110995,-846.179999944915));
#6344= IFCAXIS2PLACEMENT3D(#6343,#636,#1859);
#6345= IFCLOCALPLACEMENT(#697,#6344);
#6346= IFCFASTENER('3DZzyf9sz7UPetoMVAXlMB',#3170,'Weld',$,$,#6345,#6342,'IDcd8fdf29-276f-4779-9a37-c967ca86f58b');
#6347= IFCSHAPEREPRESENTATION(#13,'Body','SweptSolid',(#5458));
#6348= IFCPRODUCTDEFINITIONSHAPE($,$,(#6347));
#6349= IFCCARTESIANPOINT((442091.120215082,393543.638721379,-830.299999834915));
#6350= IFCAXIS2PLACEMENT3D(#6349,#676,#87);
#6351= IFCLOCALPLACEMENT(#697,#6350);
#6352= IFCCOLUMN('2ajiJFBtbAvPMIC6de2OWf',#3170,'TUERCA','5/8_HEAVY_HEX_NUT',$,#6351,#6348,'IDa4b6c4cf-2f79-4ae5-9592-3069e8098829');
#6353= IFCSHAPEREPRESENTATION(#13,'Body','SweptSolid',(#5475));
#6354= IFCPRODUCTDEFINITIONSHAPE($,$,(#6353));
#6355= IFCCARTESIANPOINT((442091.120215082,393543.638721379,-809.999999999915));
#6356= IFCAXIS2PLACEMENT3D(#6355,#676,#87);
#6357= IFCLOCALPLACEMENT(#697,#6356);
#6358= IFCCOLUMN('3s1Pru$rb9zerIBC8UpATI',#116,'ANCLAJE','ESPARRAGO 5/8',$,#6357,#6354,'PS0(?)');
#6359= IFCSHAPEREPRESENTATION(#13,'Body','Brep',(#5425));
#6360= IFCPRODUCTDEFINITIONSHAPE($,$,(#6359));
#6361= IFCCARTESIANPOINT((442219.076830667,393405.375110995,-830.299999834915));
#6362= IFCAXIS2PLACEMENT3D(#6361,#1712,#1713);
#6363= IFCLOCALPLACEMENT(#1211,#6362);
#6364= IFCFASTENER('0CcXN7QKL0GAGcAPPDTix1',#3170,'Weld',$,$,#6363,#6360,'ID0c9a15c7-6945-4040-a426-29964d76cec1');
#6365= IFCSHAPEREPRESENTATION(#13,'Body','SweptSolid',(#5458));
#6366= IFCPRODUCTDEFINITIONSHAPE($,$,(#6365));
#6367= IFCCARTESIANPOINT((442221.120215082,393413.638721379,-830.299999834915));
#6368= IFCAXIS2PLACEMENT3D(#6367,#676,#8);
#6369= IFCLOCALPLACEMENT(#1211,#6368);
#6370= IFCCOLUMN('0b0GkBL2P5TQs4J2$MQ0P9',#3170,'TUERCA','5/8_HEAVY_HEX_NUT',$,#6369,#6366,'ID25010b8b-5426-4575-ad84-4c2fd6680649');
#6371= IFCSHAPEREPRESENTATION(#13,'Body','SweptSolid',(#5475));
#6372= IFCPRODUCTDEFINITIONSHAPE($,$,(#6371));
#6373= IFCCARTESIANPOINT((442221.120215082,393413.638721379,-809.999999999915));
#6374= IFCAXIS2PLACEMENT3D(#6373,#676,#8);
#6375= IFCLOCALPLACEMENT(#1211,#6374);
#6376= IFCCOLUMN('0RyXXfSwn7u96wLTlYar$5',#116,'ANCLAJE','ESPARRAGO 5/8',$,#6375,#6372,'PS0(?)');
#6377= IFCSHAPEREPRESENTATION(#13,'Body','Brep',(#5616));
#6378= IFCPRODUCTDEFINITIONSHAPE($,$,(#6377));
#6379= IFCCARTESIANPOINT((442093.163599496,393405.375110995,-846.179999944915));
#6380= IFCAXIS2PLACEMENT3D(#6379,#636,#1859);
#6381= IFCLOCALPLACEMENT(#1723,#6380);
#6382= IFCFASTENER('0uEMixaCPFO8sLvk2zFra5',#3170,'Weld',$,$,#6381,#6378,'ID38396b3b-90c6-4f60-8d95-e6e0bd3f5905');
#6383= IFCSHAPEREPRESENTATION(#13,'Body','SweptSolid',(#5458));
#6384= IFCPRODUCTDEFINITIONSHAPE($,$,(#6383));
#6385= IFCCARTESIANPOINT((442091.120215082,393413.638721379,-830.299999834915));
#6386= IFCAXIS2PLACEMENT3D(#6385,#676,#87);
#6387= IFCLOCALPLACEMENT(#1723,#6386);
#6388= IFCCOLUMN('1NpBMtp3vBfe7DCManOWCa',#3170,'TUERCA','5/8_HEAVY_HEX_NUT',$,#6387,#6384,'ID57ccb5b7-cc3e-4ba6-81cd-316931620324');
#6389= IFCSHAPEREPRESENTATION(#13,'Body','SweptSolid',(#5475));
#6390= IFCPRODUCTDEFINITIONSHAPE($,$,(#6389));
#6391= IFCCARTESIANPOINT((442091.120215082,393413.638721379,-809.999999999915));
#6392= IFCAXIS2PLACEMENT3D(#6391,#676,#87);
#6393= IFCLOCALPLACEMENT(#1723,#6392);
#6394= IFCCOLUMN('2MEgWiuij4NQGLEWT2TkCS',#116,'ANCLAJE','ESPARRAGO 5/8',$,#6393,#6390,'PS0(?)');
#6395= IFCSHAPEREPRESENTATION(#13,'Body','MappedRepresentation',(#5689,#5692,#5695,#5698));
#6396= IFCPRODUCTDEFINITIONSHAPE($,$,(#6395));
#6397= IFCCARTESIANPOINT((442156.120215082,393418.638721379,-854.119999999915));
#6398= IFCAXIS2PLACEMENT3D(#6397,#7,#8);
#6399= IFCLOCALPLACEMENT(#3450,#6398);
#6400= IFCMECHANICALFASTENER('1sIvKyMBL2l9hpIGTtfjF1',#3170,'Bolt assembly',$,$,#6399,#6396,'ID764b953c-58b5-42bc-9af3-490777a6d3c1',15.8800001144409,15.8999996185303);
#6401= IFCSHAPEREPRESENTATION(#13,'Body','Brep',(#5857));
#6402= IFCPRODUCTDEFINITIONSHAPE($,$,(#6401));
#6403= IFCAXIS2PLACEMENT3D(#6397,#676,#7);
#6404= IFCLOCALPLACEMENT(#3450,#6403);
#6405= IFCFASTENER('0MC1IN0Hj6WOposSoP1iLR',#3170,'Weld',$,$,#6404,#6402,'ID16301497-011b-4681-8cf2-d9cc9906c55b');
#6406= IFCSHAPEREPRESENTATION(#13,'Body','Brep',(#6013));
#6407= IFCPRODUCTDEFINITIONSHAPE($,$,(#6406));
#6408= IFCAXIS2PLACEMENT3D(#6397,#87,#7);
#6409= IFCLOCALPLACEMENT(#3450,#6408);
#6410= IFCFASTENER('1E43$mW8b81vDxyNOHb1uv',#3170,'Weld',$,$,#6409,#6407,'ID4e103ff0-8089-4807-937b-f17611941e39');
#6411= IFCSHAPEREPRESENTATION(#13,'Body','Brep',(#6169));
#6412= IFCPRODUCTDEFINITIONSHAPE($,$,(#6411));
#6413= IFCAXIS2PLACEMENT3D(#6397,#8,#7);
#6414= IFCLOCALPLACEMENT(#3450,#6413);
#6415= IFCFASTENER('2B6qlXBjH6Y91NMeokZ$Rl',#3170,'Weld',$,$,#6414,#6412,'ID8b1b4be1-2ed4-4688-9057-5a8cae8ff6ef');
#6416= IFCSHAPEREPRESENTATION(#13,'Body','SweptSolid',(#6179));
#6417= IFCPRODUCTDEFINITIONSHAPE($,$,(#6416));
#6418= IFCCARTESIANPOINT((442156.120215082,393578.638721379,-862.069999999915));
#6419= IFCAXIS2PLACEMENT3D(#6418,#7,#87);
#6420= IFCLOCALPLACEMENT(#3450,#6419);
#6421= IFCBEAM('0G7kPeKRn3KQ7JuHyOirGg',#3170,'PLACA','PL15.9*200',$,#6420,#6417,'ID101ee668-51bc-4351-a1d3-e11f18b3542a');
#6422= IFCPROPERTYSINGLEVALUE('GUID',$,IFCLABEL('101ee668-51bc-4351-a1d3-e11f18b3542a'),$);
#6423= IFCPROPERTYSET('2JJkVeldn3$uLdjDoUci5P',#5,'VIGAS',$,(#6188,#6189,#59,#60,#2197,#63,#62,#64,#65,#2198,#2199,#68,#127,#128,#3180,#69,#126,#6190,#6191,#6192,#2203,#6193,#6194,#2206,#6195,#6196,#6197,#6198,#6199,#6200,#6422,#2214,#2215,#2216,#3175,#3176,#6202,#3287,#6203,#6204,#6205,#2222,#6206));
#6424= IFCQUANTITYAREA('OuterSurfaceArea',$,$,0.0927199999961539);
#6425= IFCQUANTITYVOLUME('NetVolume',$,$,0.000635999999971675);
#6426= IFCQUANTITYWEIGHT('NetWeight',$,$,4.99259999977765);
#6427= IFCELEMENTQUANTITY('2qo8Ijhlf7jQw1RSIyFWOI',#5,'BaseQuantities',$,$,(#6209,#6424,#6425,#6426));
#6428= IFCISHAPEPROFILEDEF(.AREA.,'IPN120',#85,58.,120.,5.099999905,7.699999809,5.099999905);
#6429= IFCCARTESIANPOINT((379.999999999799,0.,7.105427357601E-15));
#6430= IFCAXIS2PLACEMENT3D(#6429,#88,#87);
#6431= IFCEXTRUDEDAREASOLID(#6428,#6430,#9,380.);
#6432= IFCCIRCLEPROFILEDEF(.AREA.,'CFCHS355.6*11.13',#85,177.8);
#6433= IFCCARTESIANPOINT((548.590716264211,5.91680873185396E-08,59.9999999999141));
#6434= IFCAXIS2PLACEMENT3D(#6433,#676,#7);
#6435= IFCEXTRUDEDAREASOLID(#6432,#6434,#9,120.);
#6436= IFCBOOLEANRESULT(.DIFFERENCE.,#6431,#6435);
#6437= IFCSHAPEREPRESENTATION(#13,'Body','CSG',(#6436));
#6438= IFCSTYLEDITEM(#6431,(#4083),$);
#6439= IFCPRODUCTDEFINITIONSHAPE($,$,(#6437));
#6440= IFCCARTESIANPOINT((441681.02812339,392725.755825704,-58.0572800140304));
#6441= IFCAXIS2PLACEMENT3D(#6440,#9,#2023);
#6442= IFCLOCALPLACEMENT(#3555,#6441);
#6443= IFCBEAM('3_A38$cBL3e9cTmJznYNVX',#2593,'VIGA','IPN120','BEAM',#6442,#6439,'Pr0(?)');
#6444= IFCBEAMTYPE('1YuncJgI1DGBB4c_J4ol21',#5,'IPN120',$,$,$,$,$,$,.NOTDEFINED.);
#6445= IFCPROPERTYSINGLEVALUE('AREA_FORM_TOP',$,IFCAREAMEASURE(0.02159),$);
#6446= IFCPROPERTYSINGLEVALUE('AREA_FORM_BOTTOM',$,IFCAREAMEASURE(0.02159),$);
#6447= IFCPROPERTYSINGLEVALUE('PROFILE_WEIGHT',$,IFCMASSMEASURE(4.14748),$);
#6448= IFCPROPERTYSINGLEVALUE('PROFILE_TYPE',$,IFCLABEL('I'),$);
#6449= IFCPROPERTYSINGLEVALUE('HAS_CONNECTIONS',$,IFCINTEGER(1),$);
#6450= IFCPROPERTYSINGLEVALUE('VOLUME_NET',$,IFCVOLUMEMEASURE(0.00052),$);
#6451= IFCPROPERTYSINGLEVALUE('PROFILE',$,IFCLABEL('IPN120'),$);
#6452= IFCPROPERTYSINGLEVALUE('NAME',$,IFCLABEL('VIGA'),$);
#6453= IFCPROPERTYSINGLEVALUE('MODEL_TOTAL',$,IFCINTEGER(9),$);
#6454= IFCPROPERTYSINGLEVALUE('LENGTH_NET',$,IFCLENGTHMEASURE(373.64697),$);
#6455= IFCPROPERTYSINGLEVALUE('HEIGHT',$,IFCLENGTHMEASURE(120.),$);
#6456= IFCPROPERTYSINGLEVALUE('GUID',$,IFCLABEL('fe28323f-98b5-43a0-999d-c13f718977e1'),$);
#6457= IFCPROPERTYSINGLEVALUE('COG_Y_BASEPOINT',$,IFCLENGTHMEASURE(392818.67212),$);
#6458= IFCPROPERTYSINGLEVALUE('COG_X_BASEPOINT',$,IFCLENGTHMEASURE(441841.96386),$);
#6459= IFCPROPERTYSINGLEVALUE('CAST_UNIT_POS',$,IFCLABEL('V0(?)'),$);
#6460= IFCPROPERTYSINGLEVALUE('ASSEMBLY_PREFIX',$,IFCLABEL('V'),$);
#6461= IFCPROPERTYSINGLEVALUE('ASSEMBLY_TOP_LEVEL_BASEPOINT',$,IFCLABEL(' +100.002'),$);
#6462= IFCPROPERTYSINGLEVALUE('ASSEMBLY_POS',$,IFCLABEL('V0(?)'),$);
#6463= IFCPROPERTYSINGLEVALUE('ASSEMBLY_DEFAULT_PREFIX',$,IFCLABEL('V'),$);
#6464= IFCPROPERTYSINGLEVALUE('ASSEMBLY_BOTTOM_LEVEL_BASEPOINT',$,IFCLABEL(' +99.882'),$);
#6465= IFCPROPERTYSET('1fJdKSugz9GA7ZIVVukRYR',#5,'VIGAS',$,(#6445,#6446,#59,#60,#2197,#63,#62,#64,#65,#2198,#2199,#68,#127,#128,#2605,#69,#3291,#6447,#6448,#2202,#6449,#6450,#3559,#2206,#6451,#6452,#6453,#6198,#6454,#6455,#6456,#2214,#2215,#2216,#6457,#6458,#6459,#3558,#6460,#6461,#6462,#6463,#6464));
#6466= IFCPROPERTYSET('0CMURlvBbDhPVsYorh8tm3',#5,'Pset_BeamCommon','Common Properties to beam elements',(#688,#4924));
#6467= IFCQUANTITYLENGTH('Length',$,$,373.64696696681);
#6468= IFCQUANTITYAREA('OuterSurfaceArea',$,$,0.164031022421723);
#6469= IFCQUANTITYVOLUME('NetVolume',$,$,0.000523217976200459);
#6470= IFCQUANTITYWEIGHT('NetWeight',$,$,4.10726111317361);
#6471= IFCELEMENTQUANTITY('0V22B3Ci142RcaSGZrx7ib',#5,'BaseQuantities',$,$,(#6467,#6468,#6469,#6470));
#6472= IFCCARTESIANPOINT((0.,0.,761.942719985891));
#6473= IFCAXIS2PLACEMENT3D(#6472,#676,#8);
#6474= IFCEXTRUDEDAREASOLID(#6428,#6473,#9,761.94);
#6475= IFCCARTESIANPOINT((-59.9999999994179,1.28056854009628E-09,25.8800000000001));
#6476= IFCAXIS2PLACEMENT3D(#6475,#9,#8);
#6477= IFCPLANE(#6476);
#6478= IFCHALFSPACESOLID(#6477,.T.);
#6479= IFCBOOLEANCLIPPINGRESULT(.DIFFERENCE.,#6474,#6478);
#6480= IFCSHAPEREPRESENTATION(#13,'Body','Clipping',(#6479));
#6481= IFCSTYLEDITEM(#6474,(#4083),$);
#6482= IFCPRODUCTDEFINITIONSHAPE($,$,(#6480));
#6483= IFCCARTESIANPOINT((441741.64990178,392760.755825767,-879.999999999915));
#6484= IFCAXIS2PLACEMENT3D(#6483,#9,#2023);
#6485= IFCLOCALPLACEMENT(#3284,#6484);
#6486= IFCCOLUMN('13hmUDL9z1oPML8ZfIg0G4',#2593,'COLUMNA','IPN120','COLUMN',#6485,#6482,'Pr0(?)');
#6487= IFCCOLUMNTYPE('2HGtd_5nT9nubGfuZb7SWR',#5,'IPN120',$,$,$,$,$,$,.NOTDEFINED.);
#6488= IFCQUANTITYLENGTH('Length',$,$,736.062719985891);
#6489= IFCQUANTITYAREA('OuterSurfaceArea',$,$,0.323131541802465);
#6490= IFCQUANTITYVOLUME('NetVolume',$,$,0.00103621045281469);
#6491= IFCQUANTITYWEIGHT('NetWeight',$,$,8.13425205459528);
#6492= IFCELEMENTQUANTITY('256dy0iXnE2v8AXbqiDbtj',#5,'BaseQuantities',$,$,(#6488,#6489,#6490,#6491));
#6493= IFCBOOLEANRESULT(.DIFFERENCE.,#6431,#6435);
#6494= IFCSHAPEREPRESENTATION(#13,'Body','CSG',(#6493));
#6495= IFCPRODUCTDEFINITIONSHAPE($,$,(#6494));
#6496= IFCCARTESIANPOINT((442631.211661356,392725.755452872,-58.0572800140304));
#6497= IFCAXIS2PLACEMENT3D(#6496,#9,#2104);
#6498= IFCLOCALPLACEMENT(#3874,#6497);
#6499= IFCBEAM('1H8Wuc$bz0tgNHVfuUsjkr',#2593,'VIGA','IPN120','BEAM',#6498,#6495,'Pr0(?)');
#6500= IFCPROPERTYSINGLEVALUE('GUID',$,IFCLABEL('51220e26-fe5f-40de-a5d1-7e9e1edadbb5'),$);
#6501= IFCPROPERTYSINGLEVALUE('COG_Y_BASEPOINT',$,IFCLENGTHMEASURE(392818.67174),$);
#6502= IFCPROPERTYSINGLEVALUE('COG_X_BASEPOINT',$,IFCLENGTHMEASURE(442470.27593),$);
#6503= IFCPROPERTYSET('2IftsftVXAi8EWOJ5iWFw4',#5,'VIGAS',$,(#6445,#6446,#59,#60,#2197,#63,#62,#64,#65,#2198,#2199,#68,#127,#128,#2605,#69,#3291,#6447,#6448,#2202,#6449,#6450,#3559,#2206,#6451,#6452,#6453,#6198,#6454,#6455,#6500,#2214,#2215,#2216,#6501,#6502,#6459,#3558,#6460,#6461,#6462,#6463,#6464));
#6504= IFCPLANE(#6476);
#6505= IFCHALFSPACESOLID(#6504,.T.);
#6506= IFCBOOLEANCLIPPINGRESULT(.DIFFERENCE.,#6474,#6505);
#6507= IFCSHAPEREPRESENTATION(#13,'Body','Clipping',(#6506));
#6508= IFCPRODUCTDEFINITIONSHAPE($,$,(#6507));
#6509= IFCCARTESIANPOINT((442570.589882965,392760.755452934,-879.999999999971));
#6510= IFCAXIS2PLACEMENT3D(#6509,#9,#2104);
#6511= IFCLOCALPLACEMENT(#3500,#6510);
#6512= IFCCOLUMN('1gXzUtMjHCfPD7ltCSrRKz',#2593,'COLUMNA','IPN120','COLUMN',#6511,#6508,'Pr0(?)');
#6513= IFCBOOLEANRESULT(.DIFFERENCE.,#6431,#6435);
#6514= IFCSHAPEREPRESENTATION(#13,'Body','CSG',(#6513));
#6515= IFCPRODUCTDEFINITIONSHAPE($,$,(#6514));
#6516= IFCCARTESIANPOINT((442156.120215255,393548.638721417,-58.0572800140304));
#6517= IFCAXIS2PLACEMENT3D(#6516,#9,#87);
#6518= IFCLOCALPLACEMENT(#3751,#6517);
#6519= IFCBEAM('0NRaSH2NbDeRNivf$z9989',#2593,'VIGA','IPN120','BEAM',#6518,#6515,'Pr0(?)');
#6520= IFCPROPERTYSINGLEVALUE('GUID',$,IFCLABEL('176e4711-0979-4da1-b5ec-e69ffd249209'),$);
#6521= IFCPROPERTYSINGLEVALUE('COG_Y_BASEPOINT',$,IFCLENGTHMEASURE(393362.80614),$);
#6522= IFCPROPERTYSET('3QELG65_rAb8wmzVPix_5d',#5,'VIGAS',$,(#6445,#6446,#59,#60,#2197,#63,#62,#64,#65,#2198,#2199,#68,#127,#128,#2605,#69,#3291,#6447,#6448,#2202,#6449,#6450,#3559,#2206,#6451,#6452,#6453,#6198,#6454,#6455,#6520,#2214,#2215,#2216,#6521,#3176,#6459,#3558,#6460,#6461,#6462,#6463,#6464));
#6523= IFCQUANTITYVOLUME('NetVolume',$,$,0.000523217976220729);
#6524= IFCQUANTITYWEIGHT('NetWeight',$,$,4.10726111333273);
#6525= IFCELEMENTQUANTITY('1zT5ejUez3se7Nh0psUGnv',#5,'BaseQuantities',$,$,(#6467,#6468,#6523,#6524));
#6526= IFCPLANE(#6476);
#6527= IFCHALFSPACESOLID(#6526,.T.);
#6528= IFCBOOLEANCLIPPINGRESULT(.DIFFERENCE.,#6474,#6527);
#6529= IFCSHAPEREPRESENTATION(#13,'Body','Clipping',(#6528));
#6530= IFCPRODUCTDEFINITIONSHAPE($,$,(#6529));
#6531= IFCCARTESIANPOINT((442156.120215082,393478.638721379,-879.999999999915));
#6532= IFCAXIS2PLACEMENT3D(#6531,#9,#87);
#6533= IFCLOCALPLACEMENT(#3450,#6532);
#6534= IFCCOLUMN('3vbIlq3Cn3qA4xwodaOKSl',#2593,'COLUMNA','IPN120','COLUMN',#6533,#6530,'Pr0(?)');
#6535= IFCQUANTITYVOLUME('NetVolume',$,$,0.00103621045285483);
#6536= IFCQUANTITYWEIGHT('NetWeight',$,$,8.13425205491042);
#6537= IFCELEMENTQUANTITY('04rsHc$OzFlBtUXeD1G_pq',#5,'BaseQuantities',$,$,(#6488,#6489,#6535,#6536));
#6538= IFCLOCALPLACEMENT(#45,#10);
#6539= IFCELEMENTASSEMBLY('0n3N2Hx9n2Z8mbYsGxFccE',#2593,'COLUMNA',$,$,#6538,$,'C0(?)',.NOTDEFINED.,.NOTDEFINED.);
#6540= IFCPROPERTYSINGLEVALUE('AREA_FORM_BOTTOM',$,IFCAREAMEASURE(0.00303),$);
#6541= IFCPROPERTYSINGLEVALUE('BOTTOM_LEVEL_BASEPOINT',$,IFCLABEL(' +100.157'),$);
#6542= IFCPROPERTYSINGLEVALUE('TOP_LEVEL_BASEPOINT',$,IFCLABEL(' +100.179'),$);
#6543= IFCPROPERTYSINGLEVALUE('WEIGHT_NET',$,IFCMASSMEASURE(22.42136),$);
#6544= IFCPROPERTYSINGLEVALUE('VOLUME_NET',$,IFCVOLUMEMEASURE(0.00286),$);
#6545= IFCPROPERTYSINGLEVALUE('HISTORY.CREATED',$,IFCLABEL('14.04.2026 18:15:57'),$);
#6546= IFCPROPERTYSINGLEVALUE('GUID',$,IFCLABEL('310d7091-ec9c-428c-8c25-8b643b3e698e'),$);
#6547= IFCPROPERTYSET('3FjI7bSBf3DP0e70fGaCE1',#5,'Fundacion',$,(#6540,#100,#101,#6541,#6542,#4074,#3176,#6543,#6544,#59,#60,#61,#62,#63,#64,#65,#66,#67,#68,#69,#6545,#71,#127,#128,#2605,#6546));
#6548= IFCCARTESIANPOINT((0.,0.,22.25));
#6549= IFCAXIS2PLACEMENT3D(#6548,#676,#8);
#6550= IFCEXTRUDEDAREASOLID(#4084,#6549,#9,22.25);
#6551= IFCCARTESIANPOINT((180.695054587384,161.297500532586,-14.6399999999589));
#6552= IFCCARTESIANPOINT((182.597493852663,168.397500532737,-14.6399999999589));
#6553= IFCCARTESIANPOINT((182.597493852663,168.397500532737,23.3600000000411));
#6554= IFCCARTESIANPOINT((180.695054587384,161.297500532586,23.3600000000411));
#6555= IFCPOLYLOOP((#6551,#6552,#6553,#6554));
#6556= IFCFACEOUTERBOUND(#6555,.T.);
#6557= IFCFACE((#6556));
#6558= IFCCARTESIANPOINT((180.695054585522,175.497500532423,-14.6399999999589));
#6559= IFCCARTESIANPOINT((180.695054585522,175.497500532423,23.3600000000411));
#6560= IFCPOLYLOOP((#6552,#6558,#6559,#6553));
#6561= IFCFACEOUTERBOUND(#6560,.T.);
#6562= IFCFACE((#6561));
#6563= IFCCARTESIANPOINT((175.497493851173,180.695061265491,-14.6399999999589));
#6564= IFCCARTESIANPOINT((175.497493851173,180.695061265491,23.3600000000411));
#6565= IFCPOLYLOOP((#6558,#6563,#6564,#6559));
#6566= IFCFACEOUTERBOUND(#6565,.T.);
#6567= IFCFACE((#6566));
#6568= IFCCARTESIANPOINT((168.397493851022,182.59750053077,-14.6399999999589));
#6569= IFCCARTESIANPOINT((168.397493851022,182.59750053077,23.3600000000411));
#6570= IFCPOLYLOOP((#6563,#6568,#6569,#6564));
#6571= IFCFACEOUTERBOUND(#6570,.T.);
#6572= IFCFACE((#6571));
#6573= IFCCARTESIANPOINT((161.297493851336,180.695061263628,-14.6399999999589));
#6574= IFCCARTESIANPOINT((161.297493851336,180.695061263628,23.3600000000411));
#6575= IFCPOLYLOOP((#6568,#6573,#6574,#6569));
#6576= IFCFACEOUTERBOUND(#6575,.T.);
#6577= IFCFACE((#6576));
#6578= IFCCARTESIANPOINT((156.099933118268,175.49750052928,-14.6399999999589));
#6579= IFCCARTESIANPOINT((156.099933118268,175.49750052928,23.3600000000411));
#6580= IFCPOLYLOOP((#6573,#6578,#6579,#6574));
#6581= IFCFACEOUTERBOUND(#6580,.T.);
#6582= IFCFACE((#6581));
#6583= IFCCARTESIANPOINT((154.197493852989,168.397500529129,-14.6399999999589));
#6584= IFCCARTESIANPOINT((154.197493852989,168.397500529129,23.3600000000411));
#6585= IFCPOLYLOOP((#6578,#6583,#6584,#6579));
#6586= IFCFACEOUTERBOUND(#6585,.T.);
#6587= IFCFACE((#6586));
#6588= IFCCARTESIANPOINT((156.099933120131,161.297500529443,-14.6399999999589));
#6589= IFCCARTESIANPOINT((156.099933120131,161.297500529443,23.3600000000411));
#6590= IFCPOLYLOOP((#6583,#6588,#6589,#6584));
#6591= IFCFACEOUTERBOUND(#6590,.T.);
#6592= IFCFACE((#6591));
#6593= IFCCARTESIANPOINT((161.297493854479,156.099939796375,-14.6399999999589));
#6594= IFCCARTESIANPOINT((161.297493854479,156.099939796375,23.3600000000411));
#6595= IFCPOLYLOOP((#6588,#6593,#6594,#6589));
#6596= IFCFACEOUTERBOUND(#6595,.T.);
#6597= IFCFACE((#6596));
#6598= IFCCARTESIANPOINT((168.397493854631,154.197500531096,-14.6399999999589));
#6599= IFCCARTESIANPOINT((168.397493854631,154.197500531096,23.3600000000411));
#6600= IFCPOLYLOOP((#6593,#6598,#6599,#6594));
#6601= IFCFACEOUTERBOUND(#6600,.T.);
#6602= IFCFACE((#6601));
#6603= IFCCARTESIANPOINT((175.497493854316,156.099939798238,-14.6399999999589));
#6604= IFCCARTESIANPOINT((175.497493854316,156.099939798238,23.3600000000411));
#6605= IFCPOLYLOOP((#6598,#6603,#6604,#6599));
#6606= IFCFACEOUTERBOUND(#6605,.T.);
#6607= IFCFACE((#6606));
#6608= IFCPOLYLOOP((#6603,#6551,#6554,#6604));
#6609= IFCFACEOUTERBOUND(#6608,.T.);
#6610= IFCFACE((#6609));
#6611= IFCPOLYLOOP((#6559,#6564,#6569,#6574,#6579,#6584,#6589,#6594,#6599,#6604,#6554,#6553));
#6612= IFCFACEOUTERBOUND(#6611,.T.);
#6613= IFCFACE((#6612));
#6614= IFCPOLYLOOP((#6603,#6598,#6593,#6588,#6583,#6578,#6573,#6568,#6563,#6558,#6552,#6551));
#6615= IFCFACEOUTERBOUND(#6614,.T.);
#6616= IFCFACE((#6615));
#6617= IFCCLOSEDSHELL((#6557,#6562,#6567,#6572,#6577,#6582,#6587,#6592,#6597,#6602,#6607,#6610,#6613,#6616));
#6618= IFCFACETEDBREP(#6617);
#6619= IFCBOOLEANRESULT(.DIFFERENCE.,#6550,#6618);
#6620= IFCCARTESIANPOINT((75.8377573448233,230.035260319768,-14.6400000000172));
#6621= IFCCARTESIANPOINT((73.9353180785547,237.135260319745,-14.6400000000172));
#6622= IFCCARTESIANPOINT((73.9353180785547,237.135260319745,23.3599999999828));
#6623= IFCCARTESIANPOINT((75.8377573448233,230.035260319768,23.3599999999828));
#6624= IFCPOLYLOOP((#6620,#6621,#6622,#6623));
#6625= IFCFACEOUTERBOUND(#6624,.T.);
#6626= IFCFACE((#6625));
#6627= IFCCARTESIANPOINT((68.7377573447884,242.332821053511,-14.6400000000172));
#6628= IFCCARTESIANPOINT((68.7377573447884,242.332821053511,23.3599999999828));
#6629= IFCPOLYLOOP((#6621,#6627,#6628,#6622));
#6630= IFCFACEOUTERBOUND(#6629,.T.);
#6631= IFCFACE((#6630));
#6632= IFCCARTESIANPOINT((61.6377573448117,244.23526031978,-14.6400000000172));
#6633= IFCCARTESIANPOINT((61.6377573448117,244.23526031978,23.3599999999828));
#6634= IFCPOLYLOOP((#6627,#6632,#6633,#6628));
#6635= IFCFACEOUTERBOUND(#6634,.T.);
#6636= IFCFACE((#6635));
#6637= IFCCARTESIANPOINT((54.537757344835,242.332821053511,-14.6400000000172));
#6638= IFCCARTESIANPOINT((54.537757344835,242.332821053511,23.3599999999828));
#6639= IFCPOLYLOOP((#6632,#6637,#6638,#6633));
#6640= IFCFACEOUTERBOUND(#6639,.T.);
#6641= IFCFACE((#6640));
#6642= IFCCARTESIANPOINT((49.3401966110687,237.135260319745,-14.6400000000172));
#6643= IFCCARTESIANPOINT((49.3401966110687,237.135260319745,23.3599999999828));
#6644= IFCPOLYLOOP((#6637,#6642,#6643,#6638));
#6645= IFCFACEOUTERBOUND(#6644,.T.);
#6646= IFCFACE((#6645));
#6647= IFCCARTESIANPOINT((47.4377573448,230.035260319768,-14.6400000000172));
#6648= IFCCARTESIANPOINT((47.4377573448,230.035260319768,23.3599999999828));
#6649= IFCPOLYLOOP((#6642,#6647,#6648,#6643));
#6650= IFCFACEOUTERBOUND(#6649,.T.);
#6651= IFCFACE((#6650));
#6652= IFCCARTESIANPOINT((49.3401966110687,222.935260319791,-14.6400000000172));
#6653= IFCCARTESIANPOINT((49.3401966110687,222.935260319791,23.3599999999828));
#6654= IFCPOLYLOOP((#6647,#6652,#6653,#6648));
#6655= IFCFACEOUTERBOUND(#6654,.T.);
#6656= IFCFACE((#6655));
#6657= IFCCARTESIANPOINT((54.537757344835,217.737699586025,-14.6400000000172));
#6658= IFCCARTESIANPOINT((54.537757344835,217.737699586025,23.3599999999828));
#6659= IFCPOLYLOOP((#6652,#6657,#6658,#6653));
#6660= IFCFACEOUTERBOUND(#6659,.T.);
#6661= IFCFACE((#6660));
#6662= IFCCARTESIANPOINT((61.6377573448117,215.835260319756,-14.6400000000172));
#6663= IFCCARTESIANPOINT((61.6377573448117,215.835260319756,23.3599999999828));
#6664= IFCPOLYLOOP((#6657,#6662,#6663,#6658));
#6665= IFCFACEOUTERBOUND(#6664,.T.);
#6666= IFCFACE((#6665));
#6667= IFCCARTESIANPOINT((68.7377573447884,217.737699586025,-14.6400000000172));
#6668= IFCCARTESIANPOINT((68.7377573447884,217.737699586025,23.3599999999828));
#6669= IFCPOLYLOOP((#6662,#6667,#6668,#6663));
#6670= IFCFACEOUTERBOUND(#6669,.T.);
#6671= IFCFACE((#6670));
#6672= IFCCARTESIANPOINT((73.9353180785547,222.935260319791,-14.6400000000172));
#6673= IFCCARTESIANPOINT((73.9353180785547,222.935260319791,23.3599999999828));
#6674= IFCPOLYLOOP((#6667,#6672,#6673,#6668));
#6675= IFCFACEOUTERBOUND(#6674,.T.);
#6676= IFCFACE((#6675));
#6677= IFCPOLYLOOP((#6672,#6620,#6623,#6673));
#6678= IFCFACEOUTERBOUND(#6677,.T.);
#6679= IFCFACE((#6678));
#6680= IFCPOLYLOOP((#6628,#6633,#6638,#6643,#6648,#6653,#6658,#6663,#6668,#6673,#6623,#6622));
#6681= IFCFACEOUTERBOUND(#6680,.T.);
#6682= IFCFACE((#6681));
#6683= IFCPOLYLOOP((#6672,#6667,#6662,#6657,#6652,#6647,#6642,#6637,#6632,#6627,#6621,#6620));
#6684= IFCFACEOUTERBOUND(#6683,.T.);
#6685= IFCFACE((#6684));
#6686= IFCCLOSEDSHELL((#6626,#6631,#6636,#6641,#6646,#6651,#6656,#6661,#6666,#6671,#6676,#6679,#6682,#6685));
#6687= IFCFACETEDBREP(#6686);
#6688= IFCBOOLEANRESULT(.DIFFERENCE.,#6619,#6687);
#6689= IFCCARTESIANPOINT((230.035260320001,-75.8377573445323,-14.6400000000172));
#6690= IFCCARTESIANPOINT((237.135260319978,-73.9353180782637,-14.6400000000172));
#6691= IFCCARTESIANPOINT((237.135260319978,-73.9353180782637,23.3599999999828));
#6692= IFCCARTESIANPOINT((230.035260320001,-75.8377573445323,23.3599999999828));
#6693= IFCPOLYLOOP((#6689,#6690,#6691,#6692));
#6694= IFCFACEOUTERBOUND(#6693,.T.);
#6695= IFCFACE((#6694));
#6696= IFCCARTESIANPOINT((242.332821053744,-68.7377573444974,-14.6400000000172));
#6697= IFCCARTESIANPOINT((242.332821053744,-68.7377573444974,23.3599999999828));
#6698= IFCPOLYLOOP((#6690,#6696,#6697,#6691));
#6699= IFCFACEOUTERBOUND(#6698,.T.);
#6700= IFCFACE((#6699));
#6701= IFCCARTESIANPOINT((244.235260320012,-61.6377573445207,-14.6400000000172));
#6702= IFCCARTESIANPOINT((244.235260320012,-61.6377573445207,23.3599999999828));
#6703= IFCPOLYLOOP((#6696,#6701,#6702,#6697));
#6704= IFCFACEOUTERBOUND(#6703,.T.);
#6705= IFCFACE((#6704));
#6706= IFCCARTESIANPOINT((242.332821053744,-54.5377573445439,-14.6400000000172));
#6707= IFCCARTESIANPOINT((242.332821053744,-54.5377573445439,23.3599999999828));
#6708= IFCPOLYLOOP((#6701,#6706,#6707,#6702));
#6709= IFCFACEOUTERBOUND(#6708,.T.);
#6710= IFCFACE((#6709));
#6711= IFCCARTESIANPOINT((237.135260319978,-49.3401966107776,-14.6400000000172));
#6712= IFCCARTESIANPOINT((237.135260319978,-49.3401966107776,23.3599999999828));
#6713= IFCPOLYLOOP((#6706,#6711,#6712,#6707));
#6714= IFCFACEOUTERBOUND(#6713,.T.);
#6715= IFCFACE((#6714));
#6716= IFCCARTESIANPOINT((230.035260320001,-47.437757344509,-14.6400000000172));
#6717= IFCCARTESIANPOINT((230.035260320001,-47.437757344509,23.3599999999828));
#6718= IFCPOLYLOOP((#6711,#6716,#6717,#6712));
#6719= IFCFACEOUTERBOUND(#6718,.T.);
#6720= IFCFACE((#6719));
#6721= IFCCARTESIANPOINT((222.935260320024,-49.3401966107776,-14.6400000000172));
#6722= IFCCARTESIANPOINT((222.935260320024,-49.3401966107776,23.3599999999828));
#6723= IFCPOLYLOOP((#6716,#6721,#6722,#6717));
#6724= IFCFACEOUTERBOUND(#6723,.T.);
#6725= IFCFACE((#6724));
#6726= IFCCARTESIANPOINT((217.737699586258,-54.5377573445439,-14.6400000000172));
#6727= IFCCARTESIANPOINT((217.737699586258,-54.5377573445439,23.3599999999828));
#6728= IFCPOLYLOOP((#6721,#6726,#6727,#6722));
#6729= IFCFACEOUTERBOUND(#6728,.T.);
#6730= IFCFACE((#6729));
#6731= IFCCARTESIANPOINT((215.835260319989,-61.6377573445207,-14.6400000000172));
#6732= IFCCARTESIANPOINT((215.835260319989,-61.6377573445207,23.3599999999828));
#6733= IFCPOLYLOOP((#6726,#6731,#6732,#6727));
#6734= IFCFACEOUTERBOUND(#6733,.T.);
#6735= IFCFACE((#6734));
#6736= IFCCARTESIANPOINT((217.737699586258,-68.7377573444974,-14.6400000000172));
#6737= IFCCARTESIANPOINT((217.737699586258,-68.7377573444974,23.3599999999828));
#6738= IFCPOLYLOOP((#6731,#6736,#6737,#6732));
#6739= IFCFACEOUTERBOUND(#6738,.T.);
#6740= IFCFACE((#6739));
#6741= IFCCARTESIANPOINT((222.935260320024,-73.9353180782637,-14.6400000000172));
#6742= IFCCARTESIANPOINT((222.935260320024,-73.9353180782637,23.3599999999828));
#6743= IFCPOLYLOOP((#6736,#6741,#6742,#6737));
#6744= IFCFACEOUTERBOUND(#6743,.T.);
#6745= IFCFACE((#6744));
#6746= IFCPOLYLOOP((#6741,#6689,#6692,#6742));
#6747= IFCFACEOUTERBOUND(#6746,.T.);
#6748= IFCFACE((#6747));
#6749= IFCPOLYLOOP((#6697,#6702,#6707,#6712,#6717,#6722,#6727,#6732,#6737,#6742,#6692,#6691));
#6750= IFCFACEOUTERBOUND(#6749,.T.);
#6751= IFCFACE((#6750));
#6752= IFCPOLYLOOP((#6741,#6736,#6731,#6726,#6721,#6716,#6711,#6706,#6701,#6696,#6690,#6689));
#6753= IFCFACEOUTERBOUND(#6752,.T.);
#6754= IFCFACE((#6753));
#6755= IFCCLOSEDSHELL((#6695,#6700,#6705,#6710,#6715,#6720,#6725,#6730,#6735,#6740,#6745,#6748,#6751,#6754));
#6756= IFCFACETEDBREP(#6755);
#6757= IFCBOOLEANRESULT(.DIFFERENCE.,#6688,#6756);
#6758= IFCCARTESIANPOINT((237.135257873917,49.3402057326748,-14.6400000000754));
#6759= IFCCARTESIANPOINT((242.332818608265,54.5377664657426,-14.6400000000754));
#6760= IFCCARTESIANPOINT((242.332818608265,54.5377664657426,23.3599999999246));
#6761= IFCCARTESIANPOINT((237.135257873917,49.3402057326748,23.3599999999246));
#6762= IFCPOLYLOOP((#6758,#6759,#6760,#6761));
#6763= IFCFACEOUTERBOUND(#6762,.T.);
#6764= IFCFACE((#6763));
#6765= IFCCARTESIANPOINT((244.235257875407,61.6377664654283,-14.6400000000754));
#6766= IFCCARTESIANPOINT((244.235257875407,61.6377664654283,23.3599999999246));
#6767= IFCPOLYLOOP((#6759,#6765,#6766,#6760));
#6768= IFCFACEOUTERBOUND(#6767,.T.);
#6769= IFCFACE((#6768));
#6770= IFCCARTESIANPOINT((242.332818610128,68.7377664655796,-14.6400000000754));
#6771= IFCCARTESIANPOINT((242.332818610128,68.7377664655796,23.3599999999246));
#6772= IFCPOLYLOOP((#6765,#6770,#6771,#6766));
#6773= IFCFACEOUTERBOUND(#6772,.T.);
#6774= IFCFACE((#6773));
#6775= IFCCARTESIANPOINT((237.13525787706,73.935327199928,-14.6400000000754));
#6776= IFCCARTESIANPOINT((237.13525787706,73.935327199928,23.3599999999246));
#6777= IFCPOLYLOOP((#6770,#6775,#6776,#6771));
#6778= IFCFACEOUTERBOUND(#6777,.T.);
#6779= IFCFACE((#6778));
#6780= IFCCARTESIANPOINT((230.035257877375,75.8377664670697,-14.6400000000754));
#6781= IFCCARTESIANPOINT((230.035257877375,75.8377664670697,23.3599999999246));
#6782= IFCPOLYLOOP((#6775,#6780,#6781,#6776));
#6783= IFCFACEOUTERBOUND(#6782,.T.);
#6784= IFCFACE((#6783));
#6785= IFCCARTESIANPOINT((222.935257877223,73.9353272017906,-14.6400000000754));
#6786= IFCCARTESIANPOINT((222.935257877223,73.9353272017906,23.3599999999246));
#6787= IFCPOLYLOOP((#6780,#6785,#6786,#6781));
#6788= IFCFACEOUTERBOUND(#6787,.T.);
#6789= IFCFACE((#6788));
#6790= IFCCARTESIANPOINT((217.737697142875,68.7377664687228,-14.6400000000754));
#6791= IFCCARTESIANPOINT((217.737697142875,68.7377664687228,23.3599999999246));
#6792= IFCPOLYLOOP((#6785,#6790,#6791,#6786));
#6793= IFCFACEOUTERBOUND(#6792,.T.);
#6794= IFCFACE((#6793));
#6795= IFCCARTESIANPOINT((215.835257875733,61.6377664690372,-14.6400000000754));
#6796= IFCCARTESIANPOINT((215.835257875733,61.6377664690372,23.3599999999246));
#6797= IFCPOLYLOOP((#6790,#6795,#6796,#6791));
#6798= IFCFACEOUTERBOUND(#6797,.T.);
#6799= IFCFACE((#6798));
#6800= IFCCARTESIANPOINT((217.737697141012,54.5377664688858,-14.6400000000754));
#6801= IFCCARTESIANPOINT((217.737697141012,54.5377664688858,23.3599999999246));
#6802= IFCPOLYLOOP((#6795,#6800,#6801,#6796));
#6803= IFCFACEOUTERBOUND(#6802,.T.);
#6804= IFCFACE((#6803));
#6805= IFCCARTESIANPOINT((222.93525787408,49.3402057345374,-14.6400000000754));
#6806= IFCCARTESIANPOINT((222.93525787408,49.3402057345374,23.3599999999246));
#6807= IFCPOLYLOOP((#6800,#6805,#6806,#6801));
#6808= IFCFACEOUTERBOUND(#6807,.T.);
#6809= IFCFACE((#6808));
#6810= IFCCARTESIANPOINT((230.035257873766,47.4377664673957,-14.6400000000754));
#6811= IFCCARTESIANPOINT((230.035257873766,47.4377664673957,23.3599999999246));
#6812= IFCPOLYLOOP((#6805,#6810,#6811,#6806));
#6813= IFCFACEOUTERBOUND(#6812,.T.);
#6814= IFCFACE((#6813));
#6815= IFCPOLYLOOP((#6810,#6758,#6761,#6811));
#6816= IFCFACEOUTERBOUND(#6815,.T.);
#6817= IFCFACE((#6816));
#6818= IFCPOLYLOOP((#6766,#6771,#6776,#6781,#6786,#6791,#6796,#6801,#6806,#6811,#6761,#6760));
#6819= IFCFACEOUTERBOUND(#6818,.T.);
#6820= IFCFACE((#6819));
#6821= IFCPOLYLOOP((#6810,#6805,#6800,#6795,#6790,#6785,#6780,#6775,#6770,#6765,#6759,#6758));
#6822= IFCFACEOUTERBOUND(#6821,.T.);
#6823= IFCFACE((#6822));
#6824= IFCCLOSEDSHELL((#6764,#6769,#6774,#6779,#6784,#6789,#6794,#6799,#6804,#6809,#6814,#6817,#6820,#6823));
#6825= IFCFACETEDBREP(#6824);
#6826= IFCBOOLEANRESULT(.DIFFERENCE.,#6757,#6825);
#6827= IFCCARTESIANPOINT((-75.8377573442413,-230.03526031971,-14.6400000000172));
#6828= IFCCARTESIANPOINT((-73.9353180779726,-237.135260319686,-14.6400000000172));
#6829= IFCCARTESIANPOINT((-73.9353180779726,-237.135260319686,23.3599999999828));
#6830= IFCCARTESIANPOINT((-75.8377573442413,-230.03526031971,23.3599999999828));
#6831= IFCPOLYLOOP((#6827,#6828,#6829,#6830));
#6832= IFCFACEOUTERBOUND(#6831,.T.);
#6833= IFCFACE((#6832));
#6834= IFCCARTESIANPOINT((-68.7377573442063,-242.332821053453,-14.6400000000172));
#6835= IFCCARTESIANPOINT((-68.7377573442063,-242.332821053453,23.3599999999828));
#6836= IFCPOLYLOOP((#6828,#6834,#6835,#6829));
#6837= IFCFACEOUTERBOUND(#6836,.T.);
#6838= IFCFACE((#6837));
#6839= IFCCARTESIANPOINT((-61.6377573442296,-244.235260319721,-14.6400000000172));
#6840= IFCCARTESIANPOINT((-61.6377573442296,-244.235260319721,23.3599999999828));
#6841= IFCPOLYLOOP((#6834,#6839,#6840,#6835));
#6842= IFCFACEOUTERBOUND(#6841,.T.);
#6843= IFCFACE((#6842));
#6844= IFCCARTESIANPOINT((-54.5377573442529,-242.332821053453,-14.6400000000172));
#6845= IFCCARTESIANPOINT((-54.5377573442529,-242.332821053453,23.3599999999828));
#6846= IFCPOLYLOOP((#6839,#6844,#6845,#6840));
#6847= IFCFACEOUTERBOUND(#6846,.T.);
#6848= IFCFACE((#6847));
#6849= IFCCARTESIANPOINT((-49.3401966104866,-237.135260319686,-14.6400000000172));
#6850= IFCCARTESIANPOINT((-49.3401966104866,-237.135260319686,23.3599999999828));
#6851= IFCPOLYLOOP((#6844,#6849,#6850,#6845));
#6852= IFCFACEOUTERBOUND(#6851,.T.);
#6853= IFCFACE((#6852));
#6854= IFCCARTESIANPOINT((-47.437757344218,-230.03526031971,-14.6400000000172));
#6855= IFCCARTESIANPOINT((-47.437757344218,-230.03526031971,23.3599999999828));
#6856= IFCPOLYLOOP((#6849,#6854,#6855,#6850));
#6857= IFCFACEOUTERBOUND(#6856,.T.);
#6858= IFCFACE((#6857));
#6859= IFCCARTESIANPOINT((-49.3401966104866,-222.935260319733,-14.6400000000172));
#6860= IFCCARTESIANPOINT((-49.3401966104866,-222.935260319733,23.3599999999828));
#6861= IFCPOLYLOOP((#6854,#6859,#6860,#6855));
#6862= IFCFACEOUTERBOUND(#6861,.T.);
#6863= IFCFACE((#6862));
#6864= IFCCARTESIANPOINT((-54.5377573442529,-217.737699585967,-14.6400000000172));
#6865= IFCCARTESIANPOINT((-54.5377573442529,-217.737699585967,23.3599999999828));
#6866= IFCPOLYLOOP((#6859,#6864,#6865,#6860));
#6867= IFCFACEOUTERBOUND(#6866,.T.);
#6868= IFCFACE((#6867));
#6869= IFCCARTESIANPOINT((-61.6377573442296,-215.835260319698,-14.6400000000172));
#6870= IFCCARTESIANPOINT((-61.6377573442296,-215.835260319698,23.3599999999828));
#6871= IFCPOLYLOOP((#6864,#6869,#6870,#6865));
#6872= IFCFACEOUTERBOUND(#6871,.T.);
#6873= IFCFACE((#6872));
#6874= IFCCARTESIANPOINT((-68.7377573442063,-217.737699585967,-14.6400000000172));
#6875= IFCCARTESIANPOINT((-68.7377573442063,-217.737699585967,23.3599999999828));
#6876= IFCPOLYLOOP((#6869,#6874,#6875,#6870));
#6877= IFCFACEOUTERBOUND(#6876,.T.);
#6878= IFCFACE((#6877));
#6879= IFCCARTESIANPOINT((-73.9353180779726,-222.935260319733,-14.6400000000172));
#6880= IFCCARTESIANPOINT((-73.9353180779726,-222.935260319733,23.3599999999828));
#6881= IFCPOLYLOOP((#6874,#6879,#6880,#6875));
#6882= IFCFACEOUTERBOUND(#6881,.T.);
#6883= IFCFACE((#6882));
#6884= IFCPOLYLOOP((#6879,#6827,#6830,#6880));
#6885= IFCFACEOUTERBOUND(#6884,.T.);
#6886= IFCFACE((#6885));
#6887= IFCPOLYLOOP((#6835,#6840,#6845,#6850,#6855,#6860,#6865,#6870,#6875,#6880,#6830,#6829));
#6888= IFCFACEOUTERBOUND(#6887,.T.);
#6889= IFCFACE((#6888));
#6890= IFCPOLYLOOP((#6879,#6874,#6869,#6864,#6859,#6854,#6849,#6844,#6839,#6834,#6828,#6827));
#6891= IFCFACEOUTERBOUND(#6890,.T.);
#6892= IFCFACE((#6891));
#6893= IFCCLOSEDSHELL((#6833,#6838,#6843,#6848,#6853,#6858,#6863,#6868,#6873,#6878,#6883,#6886,#6889,#6892));
#6894= IFCFACETEDBREP(#6893);
#6895= IFCBOOLEANRESULT(.DIFFERENCE.,#6826,#6894);
#6896= IFCCARTESIANPOINT((49.3402057329076,-237.135257873626,-14.6400000000317));
#6897= IFCCARTESIANPOINT((54.5377664659754,-242.332818607974,-14.6400000000317));
#6898= IFCCARTESIANPOINT((54.5377664659754,-242.332818607974,23.3599999999683));
#6899= IFCCARTESIANPOINT((49.3402057329076,-237.135257873626,23.3599999999683));
#6900= IFCPOLYLOOP((#6896,#6897,#6898,#6899));
#6901= IFCFACEOUTERBOUND(#6900,.T.);
#6902= IFCFACE((#6901));
#6903= IFCCARTESIANPOINT((61.6377664656611,-244.235257875116,-14.6400000000317));
#6904= IFCCARTESIANPOINT((61.6377664656611,-244.235257875116,23.3599999999683));
#6905= IFCPOLYLOOP((#6897,#6903,#6904,#6898));
#6906= IFCFACEOUTERBOUND(#6905,.T.);
#6907= IFCFACE((#6906));
#6908= IFCCARTESIANPOINT((68.7377664658125,-242.332818609837,-14.6400000000317));
#6909= IFCCARTESIANPOINT((68.7377664658125,-242.332818609837,23.3599999999683));
#6910= IFCPOLYLOOP((#6903,#6908,#6909,#6904));
#6911= IFCFACEOUTERBOUND(#6910,.T.);
#6912= IFCFACE((#6911));
#6913= IFCCARTESIANPOINT((73.9353272001608,-237.135257876769,-14.6400000000317));
#6914= IFCCARTESIANPOINT((73.9353272001608,-237.135257876769,23.3599999999683));
#6915= IFCPOLYLOOP((#6908,#6913,#6914,#6909));
#6916= IFCFACEOUTERBOUND(#6915,.T.);
#6917= IFCFACE((#6916));
#6918= IFCCARTESIANPOINT((75.8377664673026,-230.035257877083,-14.6400000000317));
#6919= IFCCARTESIANPOINT((75.8377664673026,-230.035257877083,23.3599999999683));
#6920= IFCPOLYLOOP((#6913,#6918,#6919,#6914));
#6921= IFCFACEOUTERBOUND(#6920,.T.);
#6922= IFCFACE((#6921));
#6923= IFCCARTESIANPOINT((73.9353272020235,-222.935257876932,-14.6400000000317));
#6924= IFCCARTESIANPOINT((73.9353272020235,-222.935257876932,23.3599999999683));
#6925= IFCPOLYLOOP((#6918,#6923,#6924,#6919));
#6926= IFCFACEOUTERBOUND(#6925,.T.);
#6927= IFCFACE((#6926));
#6928= IFCCARTESIANPOINT((68.7377664689557,-217.737697142584,-14.6400000000317));
#6929= IFCCARTESIANPOINT((68.7377664689557,-217.737697142584,23.3599999999683));
#6930= IFCPOLYLOOP((#6923,#6928,#6929,#6924));
#6931= IFCFACEOUTERBOUND(#6930,.T.);
#6932= IFCFACE((#6931));
#6933= IFCCARTESIANPOINT((61.63776646927,-215.835257875442,-14.6400000000317));
#6934= IFCCARTESIANPOINT((61.63776646927,-215.835257875442,23.3599999999683));
#6935= IFCPOLYLOOP((#6928,#6933,#6934,#6929));
#6936= IFCFACEOUTERBOUND(#6935,.T.);
#6937= IFCFACE((#6936));
#6938= IFCCARTESIANPOINT((54.5377664691187,-217.737697140721,-14.6400000000317));
#6939= IFCCARTESIANPOINT((54.5377664691187,-217.737697140721,23.3599999999683));
#6940= IFCPOLYLOOP((#6933,#6938,#6939,#6934));
#6941= IFCFACEOUTERBOUND(#6940,.T.);
#6942= IFCFACE((#6941));
#6943= IFCCARTESIANPOINT((49.3402057347703,-222.935257873789,-14.6400000000317));
#6944= IFCCARTESIANPOINT((49.3402057347703,-222.935257873789,23.3599999999683));
#6945= IFCPOLYLOOP((#6938,#6943,#6944,#6939));
#6946= IFCFACEOUTERBOUND(#6945,.T.);
#6947= IFCFACE((#6946));
#6948= IFCCARTESIANPOINT((47.4377664676285,-230.035257873475,-14.6400000000317));
#6949= IFCCARTESIANPOINT((47.4377664676285,-230.035257873475,23.3599999999683));
#6950= IFCPOLYLOOP((#6943,#6948,#6949,#6944));
#6951= IFCFACEOUTERBOUND(#6950,.T.);
#6952= IFCFACE((#6951));
#6953= IFCPOLYLOOP((#6948,#6896,#6899,#6949));
#6954= IFCFACEOUTERBOUND(#6953,.T.);
#6955= IFCFACE((#6954));
#6956= IFCPOLYLOOP((#6904,#6909,#6914,#6919,#6924,#6929,#6934,#6939,#6944,#6949,#6899,#6898));
#6957= IFCFACEOUTERBOUND(#6956,.T.);
#6958= IFCFACE((#6957));
#6959= IFCPOLYLOOP((#6948,#6943,#6938,#6933,#6928,#6923,#6918,#6913,#6908,#6903,#6897,#6896));
#6960= IFCFACEOUTERBOUND(#6959,.T.);
#6961= IFCFACE((#6960));
#6962= IFCCLOSEDSHELL((#6902,#6907,#6912,#6917,#6922,#6927,#6932,#6937,#6942,#6947,#6952,#6955,#6958,#6961));
#6963= IFCFACETEDBREP(#6962);
#6964= IFCBOOLEANRESULT(.DIFFERENCE.,#6895,#6963);
#6965= IFCCARTESIANPOINT((-230.035260319419,75.8377573445323,-14.6400000000172));
#6966= IFCCARTESIANPOINT((-237.135260319395,73.9353180782637,-14.6400000000172));
#6967= IFCCARTESIANPOINT((-237.135260319395,73.9353180782637,23.3599999999828));
#6968= IFCCARTESIANPOINT((-230.035260319419,75.8377573445323,23.3599999999828));
#6969= IFCPOLYLOOP((#6965,#6966,#6967,#6968));
#6970= IFCFACEOUTERBOUND(#6969,.T.);
#6971= IFCFACE((#6970));
#6972= IFCCARTESIANPOINT((-242.332821053162,68.7377573444974,-14.6400000000172));
#6973= IFCCARTESIANPOINT((-242.332821053162,68.7377573444974,23.3599999999828));
#6974= IFCPOLYLOOP((#6966,#6972,#6973,#6967));
#6975= IFCFACEOUTERBOUND(#6974,.T.);
#6976= IFCFACE((#6975));
#6977= IFCCARTESIANPOINT((-244.23526031943,61.6377573445207,-14.6400000000172));
#6978= IFCCARTESIANPOINT((-244.23526031943,61.6377573445207,23.3599999999828));
#6979= IFCPOLYLOOP((#6972,#6977,#6978,#6973));
#6980= IFCFACEOUTERBOUND(#6979,.T.);
#6981= IFCFACE((#6980));
#6982= IFCCARTESIANPOINT((-242.332821053162,54.5377573445439,-14.6400000000172));
#6983= IFCCARTESIANPOINT((-242.332821053162,54.5377573445439,23.3599999999828));
#6984= IFCPOLYLOOP((#6977,#6982,#6983,#6978));
#6985= IFCFACEOUTERBOUND(#6984,.T.);
#6986= IFCFACE((#6985));
#6987= IFCCARTESIANPOINT((-237.135260319395,49.3401966107776,-14.6400000000172));
#6988= IFCCARTESIANPOINT((-237.135260319395,49.3401966107776,23.3599999999828));
#6989= IFCPOLYLOOP((#6982,#6987,#6988,#6983));
#6990= IFCFACEOUTERBOUND(#6989,.T.);
#6991= IFCFACE((#6990));
#6992= IFCCARTESIANPOINT((-230.035260319419,47.437757344509,-14.6400000000172));
#6993= IFCCARTESIANPOINT((-230.035260319419,47.437757344509,23.3599999999828));
#6994= IFCPOLYLOOP((#6987,#6992,#6993,#6988));
#6995= IFCFACEOUTERBOUND(#6994,.T.);
#6996= IFCFACE((#6995));
#6997= IFCCARTESIANPOINT((-222.935260319442,49.3401966107776,-14.6400000000172));
#6998= IFCCARTESIANPOINT((-222.935260319442,49.3401966107776,23.3599999999828));
#6999= IFCPOLYLOOP((#6992,#6997,#6998,#6993));
#7000= IFCFACEOUTERBOUND(#6999,.T.);
#7001= IFCFACE((#7000));
#7002= IFCCARTESIANPOINT((-217.737699585676,54.5377573445439,-14.6400000000172));
#7003= IFCCARTESIANPOINT((-217.737699585676,54.5377573445439,23.3599999999828));
#7004= IFCPOLYLOOP((#6997,#7002,#7003,#6998));
#7005= IFCFACEOUTERBOUND(#7004,.T.);
#7006= IFCFACE((#7005));
#7007= IFCCARTESIANPOINT((-215.835260319407,61.6377573445207,-14.6400000000172));
#7008= IFCCARTESIANPOINT((-215.835260319407,61.6377573445207,23.3599999999828));
#7009= IFCPOLYLOOP((#7002,#7007,#7008,#7003));
#7010= IFCFACEOUTERBOUND(#7009,.T.);
#7011= IFCFACE((#7010));
#7012= IFCCARTESIANPOINT((-217.737699585676,68.7377573444974,-14.6400000000172));
#7013= IFCCARTESIANPOINT((-217.737699585676,68.7377573444974,23.3599999999828));
#7014= IFCPOLYLOOP((#7007,#7012,#7013,#7008));
#7015= IFCFACEOUTERBOUND(#7014,.T.);
#7016= IFCFACE((#7015));
#7017= IFCCARTESIANPOINT((-222.935260319442,73.9353180782637,-14.6400000000172));
#7018= IFCCARTESIANPOINT((-222.935260319442,73.9353180782637,23.3599999999828));
#7019= IFCPOLYLOOP((#7012,#7017,#7018,#7013));
#7020= IFCFACEOUTERBOUND(#7019,.T.);
#7021= IFCFACE((#7020));
#7022= IFCPOLYLOOP((#7017,#6965,#6968,#7018));
#7023= IFCFACEOUTERBOUND(#7022,.T.);
#7024= IFCFACE((#7023));
#7025= IFCPOLYLOOP((#6973,#6978,#6983,#6988,#6993,#6998,#7003,#7008,#7013,#7018,#6968,#6967));
#7026= IFCFACEOUTERBOUND(#7025,.T.);
#7027= IFCFACE((#7026));
#7028= IFCPOLYLOOP((#7017,#7012,#7007,#7002,#6997,#6992,#6987,#6982,#6977,#6972,#6966,#6965));
#7029= IFCFACEOUTERBOUND(#7028,.T.);
#7030= IFCFACE((#7029));
#7031= IFCCLOSEDSHELL((#6971,#6976,#6981,#6986,#6991,#6996,#7001,#7006,#7011,#7016,#7021,#7024,#7027,#7030));
#7032= IFCFACETEDBREP(#7031);
#7033= IFCBOOLEANRESULT(.DIFFERENCE.,#6964,#7032);
#7034= IFCCARTESIANPOINT((-180.695054586802,-161.297500532412,-14.6400000001918));
#7035= IFCCARTESIANPOINT((-182.597493852081,-168.397500532563,-14.6400000001918));
#7036= IFCCARTESIANPOINT((-182.597493852081,-168.397500532563,23.3599999998082));
#7037= IFCCARTESIANPOINT((-180.695054586802,-161.297500532412,23.3599999998082));
#7038= IFCPOLYLOOP((#7034,#7035,#7036,#7037));
#7039= IFCFACEOUTERBOUND(#7038,.T.);
#7040= IFCFACE((#7039));
#7041= IFCCARTESIANPOINT((-180.695054584939,-175.497500532249,-14.6400000001918));
#7042= IFCCARTESIANPOINT((-180.695054584939,-175.497500532249,23.3599999998082));
#7043= IFCPOLYLOOP((#7035,#7041,#7042,#7036));
#7044= IFCFACEOUTERBOUND(#7043,.T.);
#7045= IFCFACE((#7044));
#7046= IFCCARTESIANPOINT((-175.497493850591,-180.695061265316,-14.6400000001918));
#7047= IFCCARTESIANPOINT((-175.497493850591,-180.695061265316,23.3599999998082));
#7048= IFCPOLYLOOP((#7041,#7046,#7047,#7042));
#7049= IFCFACEOUTERBOUND(#7048,.T.);
#7050= IFCFACE((#7049));
#7051= IFCCARTESIANPOINT((-168.39749385044,-182.597500530595,-14.6400000001918));
#7052= IFCCARTESIANPOINT((-168.39749385044,-182.597500530595,23.3599999998082));
#7053= IFCPOLYLOOP((#7046,#7051,#7052,#7047));
#7054= IFCFACEOUTERBOUND(#7053,.T.);
#7055= IFCFACE((#7054));
#7056= IFCCARTESIANPOINT((-161.297493850754,-180.695061263454,-14.6400000001918));
#7057= IFCCARTESIANPOINT((-161.297493850754,-180.695061263454,23.3599999998082));
#7058= IFCPOLYLOOP((#7051,#7056,#7057,#7052));
#7059= IFCFACEOUTERBOUND(#7058,.T.);
#7060= IFCFACE((#7059));
#7061= IFCCARTESIANPOINT((-156.099933117686,-175.497500529105,-14.6400000001918));
#7062= IFCCARTESIANPOINT((-156.099933117686,-175.497500529105,23.3599999998082));
#7063= IFCPOLYLOOP((#7056,#7061,#7062,#7057));
#7064= IFCFACEOUTERBOUND(#7063,.T.);
#7065= IFCFACE((#7064));
#7066= IFCCARTESIANPOINT((-154.197493852407,-168.397500528954,-14.6400000001918));
#7067= IFCCARTESIANPOINT((-154.197493852407,-168.397500528954,23.3599999998082));
#7068= IFCPOLYLOOP((#7061,#7066,#7067,#7062));
#7069= IFCFACEOUTERBOUND(#7068,.T.);
#7070= IFCFACE((#7069));
#7071= IFCCARTESIANPOINT((-156.099933119549,-161.297500529268,-14.6400000001918));
#7072= IFCCARTESIANPOINT((-156.099933119549,-161.297500529268,23.3599999998082));
#7073= IFCPOLYLOOP((#7066,#7071,#7072,#7067));
#7074= IFCFACEOUTERBOUND(#7073,.T.);
#7075= IFCFACE((#7074));
#7076= IFCCARTESIANPOINT((-161.297493853897,-156.0999397962,-14.6400000001918));
#7077= IFCCARTESIANPOINT((-161.297493853897,-156.0999397962,23.3599999998082));
#7078= IFCPOLYLOOP((#7071,#7076,#7077,#7072));
#7079= IFCFACEOUTERBOUND(#7078,.T.);
#7080= IFCFACE((#7079));
#7081= IFCCARTESIANPOINT((-168.397493854049,-154.197500530921,-14.6400000001918));
#7082= IFCCARTESIANPOINT((-168.397493854049,-154.197500530921,23.3599999998082));
#7083= IFCPOLYLOOP((#7076,#7081,#7082,#7077));
#7084= IFCFACEOUTERBOUND(#7083,.T.);
#7085= IFCFACE((#7084));
#7086= IFCCARTESIANPOINT((-175.497493853734,-156.099939798063,-14.6400000001918));
#7087= IFCCARTESIANPOINT((-175.497493853734,-156.099939798063,23.3599999998082));
#7088= IFCPOLYLOOP((#7081,#7086,#7087,#7082));
#7089= IFCFACEOUTERBOUND(#7088,.T.);
#7090= IFCFACE((#7089));
#7091= IFCPOLYLOOP((#7086,#7034,#7037,#7087));
#7092= IFCFACEOUTERBOUND(#7091,.T.);
#7093= IFCFACE((#7092));
#7094= IFCPOLYLOOP((#7042,#7047,#7052,#7057,#7062,#7067,#7072,#7077,#7082,#7087,#7037,#7036));
#7095= IFCFACEOUTERBOUND(#7094,.T.);
#7096= IFCFACE((#7095));
#7097= IFCPOLYLOOP((#7086,#7081,#7076,#7071,#7066,#7061,#7056,#7051,#7046,#7041,#7035,#7034));
#7098= IFCFACEOUTERBOUND(#7097,.T.);
#7099= IFCFACE((#7098));
#7100= IFCCLOSEDSHELL((#7040,#7045,#7050,#7055,#7060,#7065,#7070,#7075,#7080,#7085,#7090,#7093,#7096,#7099));
#7101= IFCFACETEDBREP(#7100);
#7102= IFCBOOLEANRESULT(.DIFFERENCE.,#7033,#7101);
#7103= IFCCARTESIANPOINT((-49.3402057323256,237.135257873917,-14.639999999988));
#7104= IFCCARTESIANPOINT((-54.5377664653934,242.332818608265,-14.639999999988));
#7105= IFCCARTESIANPOINT((-54.5377664653934,242.332818608265,23.360000000012));
#7106= IFCCARTESIANPOINT((-49.3402057323256,237.135257873917,23.360000000012));
#7107= IFCPOLYLOOP((#7103,#7104,#7105,#7106));
#7108= IFCFACEOUTERBOUND(#7107,.T.);
#7109= IFCFACE((#7108));
#7110= IFCCARTESIANPOINT((-61.637766465079,244.235257875407,-14.639999999988));
#7111= IFCCARTESIANPOINT((-61.637766465079,244.235257875407,23.360000000012));
#7112= IFCPOLYLOOP((#7104,#7110,#7111,#7105));
#7113= IFCFACEOUTERBOUND(#7112,.T.);
#7114= IFCFACE((#7113));
#7115= IFCCARTESIANPOINT((-68.7377664652304,242.332818610128,-14.639999999988));
#7116= IFCCARTESIANPOINT((-68.7377664652304,242.332818610128,23.360000000012));
#7117= IFCPOLYLOOP((#7110,#7115,#7116,#7111));
#7118= IFCFACEOUTERBOUND(#7117,.T.);
#7119= IFCFACE((#7118));
#7120= IFCCARTESIANPOINT((-73.9353271995788,237.13525787706,-14.639999999988));
#7121= IFCCARTESIANPOINT((-73.9353271995788,237.13525787706,23.360000000012));
#7122= IFCPOLYLOOP((#7115,#7120,#7121,#7116));
#7123= IFCFACEOUTERBOUND(#7122,.T.);
#7124= IFCFACE((#7123));
#7125= IFCCARTESIANPOINT((-75.8377664667205,230.035257877375,-14.639999999988));
#7126= IFCCARTESIANPOINT((-75.8377664667205,230.035257877375,23.360000000012));
#7127= IFCPOLYLOOP((#7120,#7125,#7126,#7121));
#7128= IFCFACEOUTERBOUND(#7127,.T.);
#7129= IFCFACE((#7128));
#7130= IFCCARTESIANPOINT((-73.9353272014414,222.935257877223,-14.639999999988));
#7131= IFCCARTESIANPOINT((-73.9353272014414,222.935257877223,23.360000000012));
#7132= IFCPOLYLOOP((#7125,#7130,#7131,#7126));
#7133= IFCFACEOUTERBOUND(#7132,.T.);
#7134= IFCFACE((#7133));
#7135= IFCCARTESIANPOINT((-68.7377664683736,217.737697142875,-14.639999999988));
#7136= IFCCARTESIANPOINT((-68.7377664683736,217.737697142875,23.360000000012));
#7137= IFCPOLYLOOP((#7130,#7135,#7136,#7131));
#7138= IFCFACEOUTERBOUND(#7137,.T.);
#7139= IFCFACE((#7138));
#7140= IFCCARTESIANPOINT((-61.6377664686879,215.835257875733,-14.639999999988));
#7141= IFCCARTESIANPOINT((-61.6377664686879,215.835257875733,23.360000000012));
#7142= IFCPOLYLOOP((#7135,#7140,#7141,#7136));
#7143= IFCFACEOUTERBOUND(#7142,.T.);
#7144= IFCFACE((#7143));
#7145= IFCCARTESIANPOINT((-54.5377664685366,217.737697141012,-14.639999999988));
#7146= IFCCARTESIANPOINT((-54.5377664685366,217.737697141012,23.360000000012));
#7147= IFCPOLYLOOP((#7140,#7145,#7146,#7141));
#7148= IFCFACEOUTERBOUND(#7147,.T.);
#7149= IFCFACE((#7148));
#7150= IFCCARTESIANPOINT((-49.3402057341882,222.93525787408,-14.639999999988));
#7151= IFCCARTESIANPOINT((-49.3402057341882,222.93525787408,23.360000000012));
#7152= IFCPOLYLOOP((#7145,#7150,#7151,#7146));
#7153= IFCFACEOUTERBOUND(#7152,.T.);
#7154= IFCFACE((#7153));
#7155= IFCCARTESIANPOINT((-47.4377664670465,230.035257873766,-14.639999999988));
#7156= IFCCARTESIANPOINT((-47.4377664670465,230.035257873766,23.360000000012));
#7157= IFCPOLYLOOP((#7150,#7155,#7156,#7151));
#7158= IFCFACEOUTERBOUND(#7157,.T.);
#7159= IFCFACE((#7158));
#7160= IFCPOLYLOOP((#7155,#7103,#7106,#7156));
#7161= IFCFACEOUTERBOUND(#7160,.T.);
#7162= IFCFACE((#7161));
#7163= IFCPOLYLOOP((#7111,#7116,#7121,#7126,#7131,#7136,#7141,#7146,#7151,#7156,#7106,#7105));
#7164= IFCFACEOUTERBOUND(#7163,.T.);
#7165= IFCFACE((#7164));
#7166= IFCPOLYLOOP((#7155,#7150,#7145,#7140,#7135,#7130,#7125,#7120,#7115,#7110,#7104,#7103));
#7167= IFCFACEOUTERBOUND(#7166,.T.);
#7168= IFCFACE((#7167));
#7169= IFCCLOSEDSHELL((#7109,#7114,#7119,#7124,#7129,#7134,#7139,#7144,#7149,#7154,#7159,#7162,#7165,#7168));
#7170= IFCFACETEDBREP(#7169);
#7171= IFCBOOLEANRESULT(.DIFFERENCE.,#7102,#7170);
#7172= IFCCARTESIANPOINT((-161.29750053212,180.695054587268,-14.6400000001045));
#7173= IFCCARTESIANPOINT((-168.397500532272,182.597493852547,-14.6400000001045));
#7174= IFCCARTESIANPOINT((-168.397500532272,182.597493852547,23.3599999998955));
#7175= IFCCARTESIANPOINT((-161.29750053212,180.695054587268,23.3599999998955));
#7176= IFCPOLYLOOP((#7172,#7173,#7174,#7175));
#7177= IFCFACEOUTERBOUND(#7176,.T.);
#7178= IFCFACE((#7177));
#7179= IFCCARTESIANPOINT((-175.497500531957,180.695054585405,-14.6400000001045));
#7180= IFCCARTESIANPOINT((-175.497500531957,180.695054585405,23.3599999998955));
#7181= IFCPOLYLOOP((#7173,#7179,#7180,#7174));
#7182= IFCFACEOUTERBOUND(#7181,.T.);
#7183= IFCFACE((#7182));
#7184= IFCCARTESIANPOINT((-180.695061265025,175.497493851057,-14.6400000001045));
#7185= IFCCARTESIANPOINT((-180.695061265025,175.497493851057,23.3599999998955));
#7186= IFCPOLYLOOP((#7179,#7184,#7185,#7180));
#7187= IFCFACEOUTERBOUND(#7186,.T.);
#7188= IFCFACE((#7187));
#7189= IFCCARTESIANPOINT((-182.597500530304,168.397493850905,-14.6400000001045));
#7190= IFCCARTESIANPOINT((-182.597500530304,168.397493850905,23.3599999998955));
#7191= IFCPOLYLOOP((#7184,#7189,#7190,#7185));
#7192= IFCFACEOUTERBOUND(#7191,.T.);
#7193= IFCFACE((#7192));
#7194= IFCCARTESIANPOINT((-180.695061263163,161.29749385122,-14.6400000001045));
#7195= IFCCARTESIANPOINT((-180.695061263163,161.29749385122,23.3599999998955));
#7196= IFCPOLYLOOP((#7189,#7194,#7195,#7190));
#7197= IFCFACEOUTERBOUND(#7196,.T.);
#7198= IFCFACE((#7197));
#7199= IFCCARTESIANPOINT((-175.497500528814,156.099933118152,-14.6400000001045));
#7200= IFCCARTESIANPOINT((-175.497500528814,156.099933118152,23.3599999998955));
#7201= IFCPOLYLOOP((#7194,#7199,#7200,#7195));
#7202= IFCFACEOUTERBOUND(#7201,.T.);
#7203= IFCFACE((#7202));
#7204= IFCCARTESIANPOINT((-168.397500528663,154.197493852873,-14.6400000001045));
#7205= IFCCARTESIANPOINT((-168.397500528663,154.197493852873,23.3599999998955));
#7206= IFCPOLYLOOP((#7199,#7204,#7205,#7200));
#7207= IFCFACEOUTERBOUND(#7206,.T.);
#7208= IFCFACE((#7207));
#7209= IFCCARTESIANPOINT((-161.297500528977,156.099933120015,-14.6400000001045));
#7210= IFCCARTESIANPOINT((-161.297500528977,156.099933120015,23.3599999998955));
#7211= IFCPOLYLOOP((#7204,#7209,#7210,#7205));
#7212= IFCFACEOUTERBOUND(#7211,.T.);
#7213= IFCFACE((#7212));
#7214= IFCCARTESIANPOINT((-156.099939795909,161.297493854363,-14.6400000001045));
#7215= IFCCARTESIANPOINT((-156.099939795909,161.297493854363,23.3599999998955));
#7216= IFCPOLYLOOP((#7209,#7214,#7215,#7210));
#7217= IFCFACEOUTERBOUND(#7216,.T.);
#7218= IFCFACE((#7217));
#7219= IFCCARTESIANPOINT((-154.19750053063,168.397493854514,-14.6400000001045));
#7220= IFCCARTESIANPOINT((-154.19750053063,168.397493854514,23.3599999998955));
#7221= IFCPOLYLOOP((#7214,#7219,#7220,#7215));
#7222= IFCFACEOUTERBOUND(#7221,.T.);
#7223= IFCFACE((#7222));
#7224= IFCCARTESIANPOINT((-156.099939797772,175.4974938542,-14.6400000001045));
#7225= IFCCARTESIANPOINT((-156.099939797772,175.4974938542,23.3599999998955));
#7226= IFCPOLYLOOP((#7219,#7224,#7225,#7220));
#7227= IFCFACEOUTERBOUND(#7226,.T.);
#7228= IFCFACE((#7227));
#7229= IFCPOLYLOOP((#7224,#7172,#7175,#7225));
#7230= IFCFACEOUTERBOUND(#7229,.T.);
#7231= IFCFACE((#7230));
#7232= IFCPOLYLOOP((#7180,#7185,#7190,#7195,#7200,#7205,#7210,#7215,#7220,#7225,#7175,#7174));
#7233= IFCFACEOUTERBOUND(#7232,.T.);
#7234= IFCFACE((#7233));
#7235= IFCPOLYLOOP((#7224,#7219,#7214,#7209,#7204,#7199,#7194,#7189,#7184,#7179,#7173,#7172));
#7236= IFCFACEOUTERBOUND(#7235,.T.);
#7237= IFCFACE((#7236));
#7238= IFCCLOSEDSHELL((#7178,#7183,#7188,#7193,#7198,#7203,#7208,#7213,#7218,#7223,#7228,#7231,#7234,#7237));
#7239= IFCFACETEDBREP(#7238);
#7240= IFCBOOLEANRESULT(.DIFFERENCE.,#7171,#7239);
#7241= IFCCARTESIANPOINT((-237.135257873335,-49.3402057325584,-14.6400000001918));
#7242= IFCCARTESIANPOINT((-242.332818607683,-54.5377664656262,-14.6400000001918));
#7243= IFCCARTESIANPOINT((-242.332818607683,-54.5377664656262,23.3599999998082));
#7244= IFCCARTESIANPOINT((-237.135257873335,-49.3402057325584,23.3599999998082));
#7245= IFCPOLYLOOP((#7241,#7242,#7243,#7244));
#7246= IFCFACEOUTERBOUND(#7245,.T.);
#7247= IFCFACE((#7246));
#7248= IFCCARTESIANPOINT((-244.235257874825,-61.6377664653119,-14.6400000001918));
#7249= IFCCARTESIANPOINT((-244.235257874825,-61.6377664653119,23.3599999998082));
#7250= IFCPOLYLOOP((#7242,#7248,#7249,#7243));
#7251= IFCFACEOUTERBOUND(#7250,.T.);
#7252= IFCFACE((#7251));
#7253= IFCCARTESIANPOINT((-242.332818609546,-68.7377664654632,-14.6400000001918));
#7254= IFCCARTESIANPOINT((-242.332818609546,-68.7377664654632,23.3599999998082));
#7255= IFCPOLYLOOP((#7248,#7253,#7254,#7249));
#7256= IFCFACEOUTERBOUND(#7255,.T.);
#7257= IFCFACE((#7256));
#7258= IFCCARTESIANPOINT((-237.135257876478,-73.9353271998116,-14.6400000001918));
#7259= IFCCARTESIANPOINT((-237.135257876478,-73.9353271998116,23.3599999998082));
#7260= IFCPOLYLOOP((#7253,#7258,#7259,#7254));
#7261= IFCFACEOUTERBOUND(#7260,.T.);
#7262= IFCFACE((#7261));
#7263= IFCCARTESIANPOINT((-230.035257876792,-75.8377664669533,-14.6400000001918));
#7264= IFCCARTESIANPOINT((-230.035257876792,-75.8377664669533,23.3599999998082));
#7265= IFCPOLYLOOP((#7258,#7263,#7264,#7259));
#7266= IFCFACEOUTERBOUND(#7265,.T.);
#7267= IFCFACE((#7266));
#7268= IFCCARTESIANPOINT((-222.935257876641,-73.9353272016742,-14.6400000001918));
#7269= IFCCARTESIANPOINT((-222.935257876641,-73.9353272016742,23.3599999998082));
#7270= IFCPOLYLOOP((#7263,#7268,#7269,#7264));
#7271= IFCFACEOUTERBOUND(#7270,.T.);
#7272= IFCFACE((#7271));
#7273= IFCCARTESIANPOINT((-217.737697142293,-68.7377664686064,-14.6400000001918));
#7274= IFCCARTESIANPOINT((-217.737697142293,-68.7377664686064,23.3599999998082));
#7275= IFCPOLYLOOP((#7268,#7273,#7274,#7269));
#7276= IFCFACEOUTERBOUND(#7275,.T.);
#7277= IFCFACE((#7276));
#7278= IFCCARTESIANPOINT((-215.835257875151,-61.6377664689207,-14.6400000001918));
#7279= IFCCARTESIANPOINT((-215.835257875151,-61.6377664689207,23.3599999998082));
#7280= IFCPOLYLOOP((#7273,#7278,#7279,#7274));
#7281= IFCFACEOUTERBOUND(#7280,.T.);
#7282= IFCFACE((#7281));
#7283= IFCCARTESIANPOINT((-217.73769714043,-54.5377664687694,-14.6400000001918));
#7284= IFCCARTESIANPOINT((-217.73769714043,-54.5377664687694,23.3599999998082));
#7285= IFCPOLYLOOP((#7278,#7283,#7284,#7279));
#7286= IFCFACEOUTERBOUND(#7285,.T.);
#7287= IFCFACE((#7286));
#7288= IFCCARTESIANPOINT((-222.935257873498,-49.340205734421,-14.6400000001918));
#7289= IFCCARTESIANPOINT((-222.935257873498,-49.340205734421,23.3599999998082));
#7290= IFCPOLYLOOP((#7283,#7288,#7289,#7284));
#7291= IFCFACEOUTERBOUND(#7290,.T.);
#7292= IFCFACE((#7291));
#7293= IFCCARTESIANPOINT((-230.035257873184,-47.4377664672793,-14.6400000001918));
#7294= IFCCARTESIANPOINT((-230.035257873184,-47.4377664672793,23.3599999998082));
#7295= IFCPOLYLOOP((#7288,#7293,#7294,#7289));
#7296= IFCFACEOUTERBOUND(#7295,.T.);
#7297= IFCFACE((#7296));
#7298= IFCPOLYLOOP((#7293,#7241,#7244,#7294));
#7299= IFCFACEOUTERBOUND(#7298,.T.);
#7300= IFCFACE((#7299));
#7301= IFCPOLYLOOP((#7249,#7254,#7259,#7264,#7269,#7274,#7279,#7284,#7289,#7294,#7244,#7243));
#7302= IFCFACEOUTERBOUND(#7301,.T.);
#7303= IFCFACE((#7302));
#7304= IFCPOLYLOOP((#7293,#7288,#7283,#7278,#7273,#7268,#7263,#7258,#7253,#7248,#7242,#7241));
#7305= IFCFACEOUTERBOUND(#7304,.T.);
#7306= IFCFACE((#7305));
#7307= IFCCLOSEDSHELL((#7247,#7252,#7257,#7262,#7267,#7272,#7277,#7282,#7287,#7292,#7297,#7300,#7303,#7306));
#7308= IFCFACETEDBREP(#7307);
#7309= IFCBOOLEANRESULT(.DIFFERENCE.,#7240,#7308);
#7310= IFCCARTESIANPOINT((161.297500532703,-180.695054587151,-14.639999999988));
#7311= IFCCARTESIANPOINT((168.397500532854,-182.59749385243,-14.639999999988));
#7312= IFCCARTESIANPOINT((168.397500532854,-182.59749385243,23.360000000012));
#7313= IFCCARTESIANPOINT((161.297500532703,-180.695054587151,23.360000000012));
#7314= IFCPOLYLOOP((#7310,#7311,#7312,#7313));
#7315= IFCFACEOUTERBOUND(#7314,.T.);
#7316= IFCFACE((#7315));
#7317= IFCCARTESIANPOINT((175.49750053254,-180.695054585289,-14.639999999988));
#7318= IFCCARTESIANPOINT((175.49750053254,-180.695054585289,23.360000000012));
#7319= IFCPOLYLOOP((#7311,#7317,#7318,#7312));
#7320= IFCFACEOUTERBOUND(#7319,.T.);
#7321= IFCFACE((#7320));
#7322= IFCCARTESIANPOINT((180.695061265607,-175.49749385094,-14.639999999988));
#7323= IFCCARTESIANPOINT((180.695061265607,-175.49749385094,23.360000000012));
#7324= IFCPOLYLOOP((#7317,#7322,#7323,#7318));
#7325= IFCFACEOUTERBOUND(#7324,.T.);
#7326= IFCFACE((#7325));
#7327= IFCCARTESIANPOINT((182.597500530886,-168.397493850789,-14.639999999988));
#7328= IFCCARTESIANPOINT((182.597500530886,-168.397493850789,23.360000000012));
#7329= IFCPOLYLOOP((#7322,#7327,#7328,#7323));
#7330= IFCFACEOUTERBOUND(#7329,.T.);
#7331= IFCFACE((#7330));
#7332= IFCCARTESIANPOINT((180.695061263745,-161.297493851103,-14.639999999988));
#7333= IFCCARTESIANPOINT((180.695061263745,-161.297493851103,23.360000000012));
#7334= IFCPOLYLOOP((#7327,#7332,#7333,#7328));
#7335= IFCFACEOUTERBOUND(#7334,.T.);
#7336= IFCFACE((#7335));
#7337= IFCCARTESIANPOINT((175.497500529396,-156.099933118036,-14.639999999988));
#7338= IFCCARTESIANPOINT((175.497500529396,-156.099933118036,23.360000000012));
#7339= IFCPOLYLOOP((#7332,#7337,#7338,#7333));
#7340= IFCFACEOUTERBOUND(#7339,.T.);
#7341= IFCFACE((#7340));
#7342= IFCCARTESIANPOINT((168.397500529245,-154.197493852756,-14.639999999988));
#7343= IFCCARTESIANPOINT((168.397500529245,-154.197493852756,23.360000000012));
#7344= IFCPOLYLOOP((#7337,#7342,#7343,#7338));
#7345= IFCFACEOUTERBOUND(#7344,.T.);
#7346= IFCFACE((#7345));
#7347= IFCCARTESIANPOINT((161.297500529559,-156.099933119898,-14.639999999988));
#7348= IFCCARTESIANPOINT((161.297500529559,-156.099933119898,23.360000000012));
#7349= IFCPOLYLOOP((#7342,#7347,#7348,#7343));
#7350= IFCFACEOUTERBOUND(#7349,.T.);
#7351= IFCFACE((#7350));
#7352= IFCCARTESIANPOINT((156.099939796492,-161.297493854247,-14.639999999988));
#7353= IFCCARTESIANPOINT((156.099939796492,-161.297493854247,23.360000000012));
#7354= IFCPOLYLOOP((#7347,#7352,#7353,#7348));
#7355= IFCFACEOUTERBOUND(#7354,.T.);
#7356= IFCFACE((#7355));
#7357= IFCCARTESIANPOINT((154.197500531212,-168.397493854398,-14.639999999988));
#7358= IFCCARTESIANPOINT((154.197500531212,-168.397493854398,23.360000000012));
#7359= IFCPOLYLOOP((#7352,#7357,#7358,#7353));
#7360= IFCFACEOUTERBOUND(#7359,.T.);
#7361= IFCFACE((#7360));
#7362= IFCCARTESIANPOINT((156.099939798354,-175.497493854084,-14.639999999988));
#7363= IFCCARTESIANPOINT((156.099939798354,-175.497493854084,23.360000000012));
#7364= IFCPOLYLOOP((#7357,#7362,#7363,#7358));
#7365= IFCFACEOUTERBOUND(#7364,.T.);
#7366= IFCFACE((#7365));
#7367= IFCPOLYLOOP((#7362,#7310,#7313,#7363));
#7368= IFCFACEOUTERBOUND(#7367,.T.);
#7369= IFCFACE((#7368));
#7370= IFCPOLYLOOP((#7318,#7323,#7328,#7333,#7338,#7343,#7348,#7353,#7358,#7363,#7313,#7312));
#7371= IFCFACEOUTERBOUND(#7370,.T.);
#7372= IFCFACE((#7371));
#7373= IFCPOLYLOOP((#7362,#7357,#7352,#7347,#7342,#7337,#7332,#7327,#7322,#7317,#7311,#7310));
#7374= IFCFACEOUTERBOUND(#7373,.T.);
#7375= IFCFACE((#7374));
#7376= IFCCLOSEDSHELL((#7316,#7321,#7326,#7331,#7336,#7341,#7346,#7351,#7356,#7361,#7366,#7369,#7372,#7375));
#7377= IFCFACETEDBREP(#7376);
#7378= IFCBOOLEANRESULT(.DIFFERENCE.,#7309,#7377);
#7379= IFCSHAPEREPRESENTATION(#13,'Body','CSG',(#7378));
#7380= IFCSTYLEDITEM(#6550,(#4083),$);
#7381= IFCPRODUCTDEFINITIONSHAPE($,$,(#7379));
#7382= IFCCARTESIANPOINT((442156.12021525,393000.048005162,156.639999999958));
#7383= IFCAXIS2PLACEMENT3D(#7382,#9,#88);
#7384= IFCLOCALPLACEMENT(#6538,#7383);
#7385= IFCCOLUMN('3hiIS9Jc51DveHWb11Tj_J',#2593,'COLUMNA','CFCHS533.4*100.03','COLUMN',#7384,#7381,'Pr0(?)');
#7386= IFCQUANTITYLENGTH('Length',$,$,22.25);
#7387= IFCQUANTITYAREA('OuterSurfaceArea',$,$,0.209739793834303);
#7388= IFCQUANTITYVOLUME('NetVolume',$,$,0.0028562245930516);
#7389= IFCQUANTITYWEIGHT('NetWeight',$,$,22.4213630554551);
#7390= IFCELEMENTQUANTITY('3H8_k9QBD1gvAxNJjMH18M',#5,'BaseQuantities',$,$,(#7386,#7387,#7388,#7389));
#7391= IFCLOCALPLACEMENT(#45,#10);
#7392= IFCELEMENTASSEMBLY('0cStvc3x56VPldyIh$31bp',#2593,'COLUMNA',$,$,#7391,$,'C0(?)',.NOTDEFINED.,.NOTDEFINED.);
#7393= IFCPROPERTYSINGLEVALUE('BOTTOM_LEVEL_BASEPOINT',$,IFCLABEL(' +99.728'),$);
#7394= IFCPROPERTYSINGLEVALUE('WEIGHT_NET',$,IFCMASSMEASURE(40.31352),$);
#7395= IFCPROPERTYSINGLEVALUE('VOLUME_NET',$,IFCVOLUMEMEASURE(0.00514),$);
#7396= IFCPROPERTYSINGLEVALUE('HISTORY.CREATED',$,IFCLABEL('14.04.2026 18:11:39'),$);
#7397= IFCPROPERTYSINGLEVALUE('GUID',$,IFCLABEL('26737e66-0fb1-467d-9be7-f12aff0c1973'),$);
#7398= IFCPROPERTYSET('3OKHyc7HjFtQ8psMYUumJW',#5,'Fundacion',$,(#2490,#100,#101,#7393,#2835,#4074,#3176,#7394,#7395,#59,#60,#61,#62,#63,#64,#65,#66,#67,#68,#69,#7396,#71,#127,#128,#2605,#7397));
#7399= IFCQUANTITYLENGTH('Width',$,$,355.6);
#7400= IFCELEMENTQUANTITY('21Sg7LbOD4sh8G8Ac9q7WI',#5,'BaseQuantities',$,$,(#7399));
#7401= IFCCIRCLEHOLLOWPROFILEDEF(.AREA.,'CFCHS355.6*11.13',#85,177.8,11.13);
#7402= IFCCARTESIANPOINT((0.,0.,429.12));
#7403= IFCAXIS2PLACEMENT3D(#7402,#676,#8);
#7404= IFCEXTRUDEDAREASOLID(#7401,#7403,#9,429.12);
#7405= IFCSHAPEREPRESENTATION(#13,'Body','SweptSolid',(#7404));
#7406= IFCSTYLEDITEM(#7404,(#4083),$);
#7407= IFCPRODUCTDEFINITIONSHAPE($,$,(#7405));
#7408= IFCCARTESIANPOINT((442156.120215258,393000.048005125,-272.48));
#7409= IFCAXIS2PLACEMENT3D(#7408,#9,#88);
#7410= IFCLOCALPLACEMENT(#7391,#7409);
#7411= IFCCOLUMN('38GGUfBVjEVPvFuHJnWNpC',#2593,'COLUMNA','CFCHS355.6*11.13','COLUMN',#7410,#7407,'Pr0(?)');
#7412= IFCCOLUMNTYPE('3s69VFn4X9zwf1d6w122If',#5,'CFCHS355.6*11.13',$,$,$,$,$,$,.NOTDEFINED.);
#7413= IFCQUANTITYLENGTH('Length',$,$,429.12);
#7414= IFCQUANTITYAREA('OuterSurfaceArea',$,$,0.49097598577042);
#7415= IFCQUANTITYVOLUME('NetVolume',$,$,0.00513547990038241);
#7416= IFCQUANTITYWEIGHT('NetWeight',$,$,40.3135172180019);
#7417= IFCELEMENTQUANTITY('32bhaXOjP3agYTXVQ0mVgb',#5,'BaseQuantities',$,$,(#7413,#7414,#7415,#7416));
#7418= IFCLOCALPLACEMENT(#45,#10);
#7419= IFCELEMENTASSEMBLY('1chC8UOKb1t8N3qszOSnzb',#2593,'H\S\0 LIMPIEZA',$,$,#7418,$,'Z1',.NOTDEFINED.,.NOTDEFINED.);
#7420= IFCPROPERTYSINGLEVALUE('AREA_FORM_BOTTOM',$,IFCAREAMEASURE(32.67961),$);
#7421= IFCPROPERTYSINGLEVALUE('CAST_UNIT_HEIGHT_TOTAL',$,IFCLENGTHMEASURE(4100.),$);
#7422= IFCPROPERTYSINGLEVALUE('BOTTOM_LEVEL_BASEPOINT',$,IFCLABEL(' +98.850'),$);
#7423= IFCPROPERTYSINGLEVALUE('TOP_LEVEL_BASEPOINT',$,IFCLABEL(' +98.900'),$);
#7424= IFCPROPERTYSINGLEVALUE('COG_Y_BASEPOINT',$,IFCLENGTHMEASURE(392997.67725),$);
#7425= IFCPROPERTYSINGLEVALUE('COG_X_BASEPOINT',$,IFCLENGTHMEASURE(443200.54954),$);
#7426= IFCPROPERTYSINGLEVALUE('WEIGHT_NET',$,IFCMASSMEASURE(3921.55349),$);
#7427= IFCPROPERTYSINGLEVALUE('VOLUME_NET',$,IFCVOLUMEMEASURE(1.63398),$);
#7428= IFCPROPERTYSINGLEVALUE('HISTORY.CREATED',$,IFCLABEL('05.03.2026 16:09:21'),$);
#7429= IFCPROPERTYSINGLEVALUE('GUID',$,IFCLABEL('66acc21e-6149-41dc-85c3-d36f58731f65'),$);
#7430= IFCPROPERTYSET('2kW27BV6DFrR2jtLU8xAM4',#5,'Fundacion',$,(#7420,#51,#7421,#7422,#7423,#7424,#7425,#7426,#7427,#59,#60,#61,#62,#63,#64,#65,#66,#67,#68,#69,#7428,#71,#127,#128,#2605,#7429));
#7431= IFCQUANTITYLENGTH('Width',$,$,8100.);
#7432= IFCELEMENTQUANTITY('12rLhFgLf8Z98ueZKQxnYd',#5,'BaseQuantities',$,$,(#7431));
#7433= IFCRECTANGLEPROFILEDEF(.AREA.,'4100*8100',#85,8100.,4100.);
#7434= IFCEXTRUDEDAREASOLID(#7433,#90,#9,50.);
#7435= IFCRECTANGLEPROFILEDEF(.AREA.,'850*50',#85,50.,850.);
#7436= IFCCARTESIANPOINT((50.,-4025.,-1624.99999999994));
#7437= IFCAXIS2PLACEMENT3D(#7436,#88,#87);
#7438= IFCEXTRUDEDAREASOLID(#7435,#7437,#9,50.);
#7439= IFCBOOLEANRESULT(.DIFFERENCE.,#7434,#7438);
#7440= IFCCARTESIANPOINT((-10.,1221.6797847696,-0.048008086392656));
#7441= IFCCARTESIANPOINT((-10.,1218.26340762532,34.6390511680511));
#7442= IFCCARTESIANPOINT((60.,1218.26340762532,34.6390511680511));
#7443= IFCCARTESIANPOINT((60.,1221.6797847696,-0.048008086392656));
#7444= IFCPOLYLOOP((#7440,#7441,#7442,#7443));
#7445= IFCFACEOUTERBOUND(#7444,.T.);
#7446= IFCFACE((#7445));
#7447= IFCCARTESIANPOINT((-10.,1208.14556565013,67.9931061881362));
#7448= IFCCARTESIANPOINT((60.,1208.14556565013,67.9931061881362));
#7449= IFCPOLYLOOP((#7441,#7447,#7448,#7442));
#7450= IFCFACEOUTERBOUND(#7449,.T.);
#7451= IFCFACE((#7450));
#7452= IFCCARTESIANPOINT((-10.,1191.71508183703,98.7323793444666));
#7453= IFCCARTESIANPOINT((60.,1191.71508183703,98.7323793444666));
#7454= IFCPOLYLOOP((#7447,#7452,#7453,#7448));
#7455= IFCFACEOUTERBOUND(#7454,.T.);
#7456= IFCFACE((#7455));
#7457= IFCCARTESIANPOINT((-10.,1169.60337046458,125.675577608577));
#7458= IFCCARTESIANPOINT((60.,1169.60337046458,125.675577608577));
#7459= IFCPOLYLOOP((#7452,#7457,#7458,#7453));
#7460= IFCFACEOUTERBOUND(#7459,.T.);
#7461= IFCFACE((#7460));
#7462= IFCCARTESIANPOINT((-10.,1142.66017220047,147.787288981024));
#7463= IFCCARTESIANPOINT((60.,1142.66017220047,147.787288981024));
#7464= IFCPOLYLOOP((#7457,#7462,#7463,#7458));
#7465= IFCFACEOUTERBOUND(#7464,.T.);
#7466= IFCFACE((#7465));
#7467= IFCCARTESIANPOINT((-10.,1111.92089904414,164.217772794131));
#7468= IFCCARTESIANPOINT((60.,1111.92089904414,164.217772794131));
#7469= IFCPOLYLOOP((#7462,#7467,#7468,#7463));
#7470= IFCFACEOUTERBOUND(#7469,.T.);
#7471= IFCFACE((#7470));
#7472= IFCCARTESIANPOINT((-10.,1078.56684402406,174.335614769312));
#7473= IFCCARTESIANPOINT((60.,1078.56684402406,174.335614769312));
#7474= IFCPOLYLOOP((#7467,#7472,#7473,#7468));
#7475= IFCFACEOUTERBOUND(#7474,.T.);
#7476= IFCFACE((#7475));
#7477= IFCCARTESIANPOINT((-10.,1043.87978476961,177.751991913596));
#7478= IFCCARTESIANPOINT((60.,1043.87978476961,177.751991913596));
#7479= IFCPOLYLOOP((#7472,#7477,#7478,#7473));
#7480= IFCFACEOUTERBOUND(#7479,.T.);
#7481= IFCFACE((#7480));
#7482= IFCCARTESIANPOINT((-10.,1009.19272551517,174.335614769312));
#7483= IFCCARTESIANPOINT((60.,1009.19272551517,174.335614769312));
#7484= IFCPOLYLOOP((#7477,#7482,#7483,#7478));
#7485= IFCFACEOUTERBOUND(#7484,.T.);
#7486= IFCFACE((#7485));
#7487= IFCCARTESIANPOINT((-10.,975.838670495083,164.217772794131));
#7488= IFCCARTESIANPOINT((60.,975.838670495083,164.217772794131));
#7489= IFCPOLYLOOP((#7482,#7487,#7488,#7483));
#7490= IFCFACEOUTERBOUND(#7489,.T.);
#7491= IFCFACE((#7490));
#7492= IFCCARTESIANPOINT((-10.,945.099397338752,147.787288981024));
#7493= IFCCARTESIANPOINT((60.,945.099397338752,147.787288981024));
#7494= IFCPOLYLOOP((#7487,#7492,#7493,#7488));
#7495= IFCFACEOUTERBOUND(#7494,.T.);
#7496= IFCFACE((#7495));
#7497= IFCCARTESIANPOINT((-10.,918.156199074641,125.675577608577));
#7498= IFCCARTESIANPOINT((60.,918.156199074641,125.675577608577));
#7499= IFCPOLYLOOP((#7492,#7497,#7498,#7493));
#7500= IFCFACEOUTERBOUND(#7499,.T.);
#7501= IFCFACE((#7500));
#7502= IFCCARTESIANPOINT((-10.,896.044487702195,98.7323793444666));
#7503= IFCCARTESIANPOINT((60.,896.044487702195,98.7323793444666));
#7504= IFCPOLYLOOP((#7497,#7502,#7503,#7498));
#7505= IFCFACEOUTERBOUND(#7504,.T.);
#7506= IFCFACE((#7505));
#7507= IFCCARTESIANPOINT((-10.,879.614003889088,67.9931061881362));
#7508= IFCCARTESIANPOINT((60.,879.614003889088,67.9931061881362));
#7509= IFCPOLYLOOP((#7502,#7507,#7508,#7503));
#7510= IFCFACEOUTERBOUND(#7509,.T.);
#7511= IFCFACE((#7510));
#7512= IFCCARTESIANPOINT((-10.,869.496161913907,34.6390511680511));
#7513= IFCCARTESIANPOINT((60.,869.496161913907,34.6390511680511));
#7514= IFCPOLYLOOP((#7507,#7512,#7513,#7508));
#7515= IFCFACEOUTERBOUND(#7514,.T.);
#7516= IFCFACE((#7515));
#7517= IFCCARTESIANPOINT((-10.,866.079784769623,-0.048008086392656));
#7518= IFCCARTESIANPOINT((60.,866.079784769623,-0.048008086392656));
#7519= IFCPOLYLOOP((#7512,#7517,#7518,#7513));
#7520= IFCFACEOUTERBOUND(#7519,.T.);
#7521= IFCFACE((#7520));
#7522= IFCCARTESIANPOINT((-10.,869.496161913907,-34.7350673408364));
#7523= IFCCARTESIANPOINT((60.,869.496161913907,-34.7350673408364));
#7524= IFCPOLYLOOP((#7517,#7522,#7523,#7518));
#7525= IFCFACEOUTERBOUND(#7524,.T.);
#7526= IFCFACE((#7525));
#7527= IFCCARTESIANPOINT((-10.,879.614003889088,-68.0891223609215));
#7528= IFCCARTESIANPOINT((60.,879.614003889088,-68.0891223609215));
#7529= IFCPOLYLOOP((#7522,#7527,#7528,#7523));
#7530= IFCFACEOUTERBOUND(#7529,.T.);
#7531= IFCFACE((#7530));
#7532= IFCCARTESIANPOINT((-10.,896.044487702195,-98.8283955172519));
#7533= IFCCARTESIANPOINT((60.,896.044487702195,-98.8283955172519));
#7534= IFCPOLYLOOP((#7527,#7532,#7533,#7528));
#7535= IFCFACEOUTERBOUND(#7534,.T.);
#7536= IFCFACE((#7535));
#7537= IFCCARTESIANPOINT((-10.,918.156199074641,-125.771593781363));
#7538= IFCCARTESIANPOINT((60.,918.156199074641,-125.771593781363));
#7539= IFCPOLYLOOP((#7532,#7537,#7538,#7533));
#7540= IFCFACEOUTERBOUND(#7539,.T.);
#7541= IFCFACE((#7540));
#7542= IFCCARTESIANPOINT((-10.,945.099397338752,-147.883305153809));
#7543= IFCCARTESIANPOINT((60.,945.099397338752,-147.883305153809));
#7544= IFCPOLYLOOP((#7537,#7542,#7543,#7538));
#7545= IFCFACEOUTERBOUND(#7544,.T.);
#7546= IFCFACE((#7545));
#7547= IFCCARTESIANPOINT((-10.,975.838670495083,-164.313788966916));
#7548= IFCCARTESIANPOINT((60.,975.838670495083,-164.313788966916));
#7549= IFCPOLYLOOP((#7542,#7547,#7548,#7543));
#7550= IFCFACEOUTERBOUND(#7549,.T.);
#7551= IFCFACE((#7550));
#7552= IFCCARTESIANPOINT((-10.,1009.19272551517,-174.431630942097));
#7553= IFCCARTESIANPOINT((60.,1009.19272551517,-174.431630942097));
#7554= IFCPOLYLOOP((#7547,#7552,#7553,#7548));
#7555= IFCFACEOUTERBOUND(#7554,.T.);
#7556= IFCFACE((#7555));
#7557= IFCCARTESIANPOINT((-10.,1043.87978476961,-177.848008086381));
#7558= IFCCARTESIANPOINT((60.,1043.87978476961,-177.848008086381));
#7559= IFCPOLYLOOP((#7552,#7557,#7558,#7553));
#7560= IFCFACEOUTERBOUND(#7559,.T.);
#7561= IFCFACE((#7560));
#7562= IFCCARTESIANPOINT((-10.,1078.56684402406,-174.431630942097));
#7563= IFCCARTESIANPOINT((60.,1078.56684402406,-174.431630942097));
#7564= IFCPOLYLOOP((#7557,#7562,#7563,#7558));
#7565= IFCFACEOUTERBOUND(#7564,.T.);
#7566= IFCFACE((#7565));
#7567= IFCCARTESIANPOINT((-10.,1111.92089904414,-164.313788966916));
#7568= IFCCARTESIANPOINT((60.,1111.92089904414,-164.313788966916));
#7569= IFCPOLYLOOP((#7562,#7567,#7568,#7563));
#7570= IFCFACEOUTERBOUND(#7569,.T.);
#7571= IFCFACE((#7570));
#7572= IFCCARTESIANPOINT((-10.,1142.66017220047,-147.883305153809));
#7573= IFCCARTESIANPOINT((60.,1142.66017220047,-147.883305153809));
#7574= IFCPOLYLOOP((#7567,#7572,#7573,#7568));
#7575= IFCFACEOUTERBOUND(#7574,.T.);
#7576= IFCFACE((#7575));
#7577= IFCCARTESIANPOINT((-10.,1169.60337046458,-125.771593781363));
#7578= IFCCARTESIANPOINT((60.,1169.60337046458,-125.771593781363));
#7579= IFCPOLYLOOP((#7572,#7577,#7578,#7573));
#7580= IFCFACEOUTERBOUND(#7579,.T.);
#7581= IFCFACE((#7580));
#7582= IFCCARTESIANPOINT((-10.,1191.71508183703,-98.8283955172519));
#7583= IFCCARTESIANPOINT((60.,1191.71508183703,-98.8283955172519));
#7584= IFCPOLYLOOP((#7577,#7582,#7583,#7578));
#7585= IFCFACEOUTERBOUND(#7584,.T.);
#7586= IFCFACE((#7585));
#7587= IFCCARTESIANPOINT((-10.,1208.14556565013,-68.0891223609215));
#7588= IFCCARTESIANPOINT((60.,1208.14556565013,-68.0891223609215));
#7589= IFCPOLYLOOP((#7582,#7587,#7588,#7583));
#7590= IFCFACEOUTERBOUND(#7589,.T.);
#7591= IFCFACE((#7590));
#7592= IFCCARTESIANPOINT((-10.,1218.26340762532,-34.7350673408364));
#7593= IFCCARTESIANPOINT((60.,1218.26340762532,-34.7350673408364));
#7594= IFCPOLYLOOP((#7587,#7592,#7593,#7588));
#7595= IFCFACEOUTERBOUND(#7594,.T.);
#7596= IFCFACE((#7595));
#7597= IFCPOLYLOOP((#7592,#7440,#7443,#7593));
#7598= IFCFACEOUTERBOUND(#7597,.T.);
#7599= IFCFACE((#7598));
#7600= IFCPOLYLOOP((#7448,#7453,#7458,#7463,#7468,#7473,#7478,#7483,#7488,#7493,#7498,#7503,#7508,#7513,#7518,#7523,#7528,#7533,#7538,#7543,#7548,#7553,#7558,#7563,#7568,#7573,#7578,#7583,#7588,#7593,#7443,#7442));
#7601= IFCFACEOUTERBOUND(#7600,.T.);
#7602= IFCFACE((#7601));
#7603= IFCPOLYLOOP((#7592,#7587,#7582,#7577,#7572,#7567,#7562,#7557,#7552,#7547,#7542,#7537,#7532,#7527,#7522,#7517,#7512,#7507,#7502,#7497,#7492,#7487,#7482,#7477,#7472,#7467,#7462,#7457,#7452,#7447,#7441,#7440));
#7604= IFCFACEOUTERBOUND(#7603,.T.);
#7605= IFCFACE((#7604));
#7606= IFCCLOSEDSHELL((#7446,#7451,#7456,#7461,#7466,#7471,#7476,#7481,#7486,#7491,#7496,#7501,#7506,#7511,#7516,#7521,#7526,#7531,#7536,#7541,#7546,#7551,#7556,#7561,#7566,#7571,#7576,#7581,#7586,#7591,#7596,#7599,#7602,#7605));
#7607= IFCFACETEDBREP(#7606);
#7608= IFCBOOLEANRESULT(.DIFFERENCE.,#7439,#7607);
#7609= IFCCARTESIANPOINT((-10.,242.733186485362,-0.0479931883746758));
#7610= IFCCARTESIANPOINT((-10.,239.563057305233,40.2323172148317));
#7611= IFCCARTESIANPOINT((60.,239.563057305233,40.2323172148317));
#7612= IFCCARTESIANPOINT((60.,242.733186485362,-0.0479931883746758));
#7613= IFCPOLYLOOP((#7609,#7610,#7611,#7612));
#7614= IFCFACEOUTERBOUND(#7613,.T.);
#7615= IFCFACE((#7614));
#7616= IFCCARTESIANPOINT((-10.,230.130728866206,79.5207926932489));
#7617= IFCCARTESIANPOINT((60.,230.130728866206,79.5207926932489));
#7618= IFCPOLYLOOP((#7610,#7616,#7617,#7611));
#7619= IFCFACEOUTERBOUND(#7618,.T.);
#7620= IFCFACE((#7619));
#7621= IFCCARTESIANPOINT((-10.,214.668456398649,116.85002058954));
#7622= IFCCARTESIANPOINT((60.,214.668456398649,116.85002058954));
#7623= IFCPOLYLOOP((#7616,#7621,#7622,#7617));
#7624= IFCFACEOUTERBOUND(#7623,.T.);
#7625= IFCFACE((#7624));
#7626= IFCCARTESIANPOINT((-10.,193.556972366991,151.300831424422));
#7627= IFCCARTESIANPOINT((60.,193.556972366991,151.300831424422));
#7628= IFCPOLYLOOP((#7621,#7626,#7627,#7622));
#7629= IFCFACEOUTERBOUND(#7628,.T.);
#7630= IFCFACE((#7629));
#7631= IFCCARTESIANPOINT((-10.,167.316111573076,182.02493189933));
#7632= IFCCARTESIANPOINT((60.,167.316111573076,182.02493189933));
#7633= IFCPOLYLOOP((#7626,#7631,#7632,#7627));
#7634= IFCFACEOUTERBOUND(#7633,.T.);
#7635= IFCFACE((#7634));
#7636= IFCCARTESIANPOINT((-10.,136.592011098168,208.265792693244));
#7637= IFCCARTESIANPOINT((60.,136.592011098168,208.265792693244));
#7638= IFCPOLYLOOP((#7631,#7636,#7637,#7632));
#7639= IFCFACEOUTERBOUND(#7638,.T.);
#7640= IFCFACE((#7639));
#7641= IFCCARTESIANPOINT((-10.,102.141200263286,229.377276724903));
#7642= IFCCARTESIANPOINT((60.,102.141200263286,229.377276724903));
#7643= IFCPOLYLOOP((#7636,#7641,#7642,#7637));
#7644= IFCFACEOUTERBOUND(#7643,.T.);
#7645= IFCFACE((#7644));
#7646= IFCCARTESIANPOINT((-10.,64.8119723669952,244.83954919246));
#7647= IFCCARTESIANPOINT((60.,64.8119723669952,244.83954919246));
#7648= IFCPOLYLOOP((#7641,#7646,#7647,#7642));
#7649= IFCFACEOUTERBOUND(#7648,.T.);
#7650= IFCFACE((#7649));
#7651= IFCCARTESIANPOINT((-10.,25.5234968885779,254.271877631487));
#7652= IFCCARTESIANPOINT((60.,25.5234968885779,254.271877631487));
#7653= IFCPOLYLOOP((#7646,#7651,#7652,#7647));
#7654= IFCFACEOUTERBOUND(#7653,.T.);
#7655= IFCFACE((#7654));
#7656= IFCCARTESIANPOINT((-10.,-14.7568135146284,257.442006811616));
#7657= IFCCARTESIANPOINT((60.,-14.7568135146284,257.442006811616));
#7658= IFCPOLYLOOP((#7651,#7656,#7657,#7652));
#7659= IFCFACEOUTERBOUND(#7658,.T.);
#7660= IFCFACE((#7659));
#7661= IFCCARTESIANPOINT((-10.,-55.0371239178348,254.271877631487));
#7662= IFCCARTESIANPOINT((60.,-55.0371239178348,254.271877631487));
#7663= IFCPOLYLOOP((#7656,#7661,#7662,#7657));
#7664= IFCFACEOUTERBOUND(#7663,.T.);
#7665= IFCFACE((#7664));
#7666= IFCCARTESIANPOINT((-10.,-94.3255993962521,244.83954919246));
#7667= IFCCARTESIANPOINT((60.,-94.3255993962521,244.83954919246));
#7668= IFCPOLYLOOP((#7661,#7666,#7667,#7662));
#7669= IFCFACEOUTERBOUND(#7668,.T.);
#7670= IFCFACE((#7669));
#7671= IFCCARTESIANPOINT((-10.,-131.654827292543,229.377276724903));
#7672= IFCCARTESIANPOINT((60.,-131.654827292543,229.377276724903));
#7673= IFCPOLYLOOP((#7666,#7671,#7672,#7667));
#7674= IFCFACEOUTERBOUND(#7673,.T.);
#7675= IFCFACE((#7674));
#7676= IFCCARTESIANPOINT((-10.,-166.105638127425,208.265792693244));
#7677= IFCCARTESIANPOINT((60.,-166.105638127425,208.265792693244));
#7678= IFCPOLYLOOP((#7671,#7676,#7677,#7672));
#7679= IFCFACEOUTERBOUND(#7678,.T.);
#7680= IFCFACE((#7679));
#7681= IFCCARTESIANPOINT((-10.,-196.829738602333,182.02493189933));
#7682= IFCCARTESIANPOINT((60.,-196.829738602333,182.02493189933));
#7683= IFCPOLYLOOP((#7676,#7681,#7682,#7677));
#7684= IFCFACEOUTERBOUND(#7683,.T.);
#7685= IFCFACE((#7684));
#7686= IFCCARTESIANPOINT((-10.,-223.070599396247,151.300831424422));
#7687= IFCCARTESIANPOINT((60.,-223.070599396247,151.300831424422));
#7688= IFCPOLYLOOP((#7681,#7686,#7687,#7682));
#7689= IFCFACEOUTERBOUND(#7688,.T.);
#7690= IFCFACE((#7689));
#7691= IFCCARTESIANPOINT((-10.,-244.182083427906,116.85002058954));
#7692= IFCCARTESIANPOINT((60.,-244.182083427906,116.85002058954));
#7693= IFCPOLYLOOP((#7686,#7691,#7692,#7687));
#7694= IFCFACEOUTERBOUND(#7693,.T.);
#7695= IFCFACE((#7694));
#7696= IFCCARTESIANPOINT((-10.,-259.644355895463,79.5207926932489));
#7697= IFCCARTESIANPOINT((60.,-259.644355895463,79.5207926932489));
#7698= IFCPOLYLOOP((#7691,#7696,#7697,#7692));
#7699= IFCFACEOUTERBOUND(#7698,.T.);
#7700= IFCFACE((#7699));
#7701= IFCCARTESIANPOINT((-10.,-269.07668433449,40.2323172148317));
#7702= IFCCARTESIANPOINT((60.,-269.07668433449,40.2323172148317));
#7703= IFCPOLYLOOP((#7696,#7701,#7702,#7697));
#7704= IFCFACEOUTERBOUND(#7703,.T.);
#7705= IFCFACE((#7704));
#7706= IFCCARTESIANPOINT((-10.,-272.246813514619,-0.0479931883746758));
#7707= IFCCARTESIANPOINT((60.,-272.246813514619,-0.0479931883746758));
#7708= IFCPOLYLOOP((#7701,#7706,#7707,#7702));
#7709= IFCFACEOUTERBOUND(#7708,.T.);
#7710= IFCFACE((#7709));
#7711= IFCCARTESIANPOINT((-10.,-269.07668433449,-40.3283035915811));
#7712= IFCCARTESIANPOINT((60.,-269.07668433449,-40.3283035915811));
#7713= IFCPOLYLOOP((#7706,#7711,#7712,#7707));
#7714= IFCFACEOUTERBOUND(#7713,.T.);
#7715= IFCFACE((#7714));
#7716= IFCCARTESIANPOINT((-10.,-259.644355895463,-79.6167790699983));
#7717= IFCCARTESIANPOINT((60.,-259.644355895463,-79.6167790699983));
#7718= IFCPOLYLOOP((#7711,#7716,#7717,#7712));
#7719= IFCFACEOUTERBOUND(#7718,.T.);
#7720= IFCFACE((#7719));
#7721= IFCCARTESIANPOINT((-10.,-244.182083427906,-116.946006966289));
#7722= IFCCARTESIANPOINT((60.,-244.182083427906,-116.946006966289));
#7723= IFCPOLYLOOP((#7716,#7721,#7722,#7717));
#7724= IFCFACEOUTERBOUND(#7723,.T.);
#7725= IFCFACE((#7724));
#7726= IFCCARTESIANPOINT((-10.,-223.070599396247,-151.396817801171));
#7727= IFCCARTESIANPOINT((60.,-223.070599396247,-151.396817801171));
#7728= IFCPOLYLOOP((#7721,#7726,#7727,#7722));
#7729= IFCFACEOUTERBOUND(#7728,.T.);
#7730= IFCFACE((#7729));
#7731= IFCCARTESIANPOINT((-10.,-196.829738602333,-182.120918276079));
#7732= IFCCARTESIANPOINT((60.,-196.829738602333,-182.120918276079));
#7733= IFCPOLYLOOP((#7726,#7731,#7732,#7727));
#7734= IFCFACEOUTERBOUND(#7733,.T.);
#7735= IFCFACE((#7734));
#7736= IFCCARTESIANPOINT((-10.,-166.105638127425,-208.361779069994));
#7737= IFCCARTESIANPOINT((60.,-166.105638127425,-208.361779069994));
#7738= IFCPOLYLOOP((#7731,#7736,#7737,#7732));
#7739= IFCFACEOUTERBOUND(#7738,.T.);
#7740= IFCFACE((#7739));
#7741= IFCCARTESIANPOINT((-10.,-131.654827292543,-229.473263101652));
#7742= IFCCARTESIANPOINT((60.,-131.654827292543,-229.473263101652));
#7743= IFCPOLYLOOP((#7736,#7741,#7742,#7737));
#7744= IFCFACEOUTERBOUND(#7743,.T.);
#7745= IFCFACE((#7744));
#7746= IFCCARTESIANPOINT((-10.,-94.3255993962521,-244.93553556921));
#7747= IFCCARTESIANPOINT((60.,-94.3255993962521,-244.93553556921));
#7748= IFCPOLYLOOP((#7741,#7746,#7747,#7742));
#7749= IFCFACEOUTERBOUND(#7748,.T.);
#7750= IFCFACE((#7749));
#7751= IFCCARTESIANPOINT((-10.,-55.0371239178348,-254.367864008236));
#7752= IFCCARTESIANPOINT((60.,-55.0371239178348,-254.367864008236));
#7753= IFCPOLYLOOP((#7746,#7751,#7752,#7747));
#7754= IFCFACEOUTERBOUND(#7753,.T.);
#7755= IFCFACE((#7754));
#7756= IFCCARTESIANPOINT((-10.,-14.7568135146284,-257.537993188365));
#7757= IFCCARTESIANPOINT((60.,-14.7568135146284,-257.537993188365));
#7758= IFCPOLYLOOP((#7751,#7756,#7757,#7752));
#7759= IFCFACEOUTERBOUND(#7758,.T.);
#7760= IFCFACE((#7759));
#7761= IFCCARTESIANPOINT((-10.,25.5234968885779,-254.367864008236));
#7762= IFCCARTESIANPOINT((60.,25.5234968885779,-254.367864008236));
#7763= IFCPOLYLOOP((#7756,#7761,#7762,#7757));
#7764= IFCFACEOUTERBOUND(#7763,.T.);
#7765= IFCFACE((#7764));
#7766= IFCCARTESIANPOINT((-10.,64.8119723669952,-244.93553556921));
#7767= IFCCARTESIANPOINT((60.,64.8119723669952,-244.93553556921));
#7768= IFCPOLYLOOP((#7761,#7766,#7767,#7762));
#7769= IFCFACEOUTERBOUND(#7768,.T.);
#7770= IFCFACE((#7769));
#7771= IFCCARTESIANPOINT((-10.,102.141200263286,-229.473263101652));
#7772= IFCCARTESIANPOINT((60.,102.141200263286,-229.473263101652));
#7773= IFCPOLYLOOP((#7766,#7771,#7772,#7767));
#7774= IFCFACEOUTERBOUND(#7773,.T.);
#7775= IFCFACE((#7774));
#7776= IFCCARTESIANPOINT((-10.,136.592011098168,-208.361779069994));
#7777= IFCCARTESIANPOINT((60.,136.592011098168,-208.361779069994));
#7778= IFCPOLYLOOP((#7771,#7776,#7777,#7772));
#7779= IFCFACEOUTERBOUND(#7778,.T.);
#7780= IFCFACE((#7779));
#7781= IFCCARTESIANPOINT((-10.,167.316111573076,-182.120918276079));
#7782= IFCCARTESIANPOINT((60.,167.316111573076,-182.120918276079));
#7783= IFCPOLYLOOP((#7776,#7781,#7782,#7777));
#7784= IFCFACEOUTERBOUND(#7783,.T.);
#7785= IFCFACE((#7784));
#7786= IFCCARTESIANPOINT((-10.,193.556972366991,-151.396817801171));
#7787= IFCCARTESIANPOINT((60.,193.556972366991,-151.396817801171));
#7788= IFCPOLYLOOP((#7781,#7786,#7787,#7782));
#7789= IFCFACEOUTERBOUND(#7788,.T.);
#7790= IFCFACE((#7789));
#7791= IFCCARTESIANPOINT((-10.,214.668456398649,-116.946006966289));
#7792= IFCCARTESIANPOINT((60.,214.668456398649,-116.946006966289));
#7793= IFCPOLYLOOP((#7786,#7791,#7792,#7787));
#7794= IFCFACEOUTERBOUND(#7793,.T.);
#7795= IFCFACE((#7794));
#7796= IFCCARTESIANPOINT((-10.,230.130728866206,-79.6167790699983));
#7797= IFCCARTESIANPOINT((60.,230.130728866206,-79.6167790699983));
#7798= IFCPOLYLOOP((#7791,#7796,#7797,#7792));
#7799= IFCFACEOUTERBOUND(#7798,.T.);
#7800= IFCFACE((#7799));
#7801= IFCCARTESIANPOINT((-10.,239.563057305233,-40.3283035915811));
#7802= IFCCARTESIANPOINT((60.,239.563057305233,-40.3283035915811));
#7803= IFCPOLYLOOP((#7796,#7801,#7802,#7797));
#7804= IFCFACEOUTERBOUND(#7803,.T.);
#7805= IFCFACE((#7804));
#7806= IFCPOLYLOOP((#7801,#7609,#7612,#7802));
#7807= IFCFACEOUTERBOUND(#7806,.T.);
#7808= IFCFACE((#7807));
#7809= IFCPOLYLOOP((#7617,#7622,#7627,#7632,#7637,#7642,#7647,#7652,#7657,#7662,#7667,#7672,#7677,#7682,#7687,#7692,#7697,#7702,#7707,#7712,#7717,#7722,#7727,#7732,#7737,#7742,#7747,#7752,#7757,#7762,#7767,#7772,#7777,#7782,#7787,#7792,#7797,#7802,#7612,#7611));
#7810= IFCFACEOUTERBOUND(#7809,.T.);
#7811= IFCFACE((#7810));
#7812= IFCPOLYLOOP((#7801,#7796,#7791,#7786,#7781,#7776,#7771,#7766,#7761,#7756,#7751,#7746,#7741,#7736,#7731,#7726,#7721,#7716,#7711,#7706,#7701,#7696,#7691,#7686,#7681,#7676,#7671,#7666,#7661,#7656,#7651,#7646,#7641,#7636,#7631,#7626,#7621,#7616,#7610,#7609));
#7813= IFCFACEOUTERBOUND(#7812,.T.);
#7814= IFCFACE((#7813));
#7815= IFCCLOSEDSHELL((#7615,#7620,#7625,#7630,#7635,#7640,#7645,#7650,#7655,#7660,#7665,#7670,#7675,#7680,#7685,#7690,#7695,#7700,#7705,#7710,#7715,#7720,#7725,#7730,#7735,#7740,#7745,#7750,#7755,#7760,#7765,#7770,#7775,#7780,#7785,#7790,#7795,#7800,#7805,#7808,#7811,#7814));
#7816= IFCFACETEDBREP(#7815);
#7817= IFCBOOLEANRESULT(.DIFFERENCE.,#7608,#7816);
#7818= IFCCARTESIANPOINT((-10.,-599.970123374951,-0.0479931883746758));
#7819= IFCCARTESIANPOINT((-10.,-602.767243468727,17.6123280401807));
#7820= IFCCARTESIANPOINT((60.,-602.767243468727,17.6123280401807));
#7821= IFCCARTESIANPOINT((60.,-599.970123374951,-0.0479931883746758));
#7822= IFCPOLYLOOP((#7818,#7819,#7820,#7821));
#7823= IFCFACEOUTERBOUND(#7822,.T.);
#7824= IFCFACE((#7823));
#7825= IFCCARTESIANPOINT((-10.,-610.884802146466,33.5439339801669));
#7826= IFCCARTESIANPOINT((60.,-610.884802146466,33.5439339801669));
#7827= IFCPOLYLOOP((#7819,#7825,#7826,#7820));
#7828= IFCFACEOUTERBOUND(#7827,.T.);
#7829= IFCFACE((#7828));
#7830= IFCCARTESIANPOINT((-10.,-623.528196206433,46.1873280401342));
#7831= IFCCARTESIANPOINT((60.,-623.528196206433,46.1873280401342));
#7832= IFCPOLYLOOP((#7825,#7830,#7831,#7826));
#7833= IFCFACEOUTERBOUND(#7832,.T.);
#7834= IFCFACE((#7833));
#7835= IFCCARTESIANPOINT((-10.,-639.459802146419,54.3048867178732));
#7836= IFCCARTESIANPOINT((60.,-639.459802146419,54.3048867178732));
#7837= IFCPOLYLOOP((#7830,#7835,#7836,#7831));
#7838= IFCFACEOUTERBOUND(#7837,.T.);
#7839= IFCFACE((#7838));
#7840= IFCCARTESIANPOINT((-10.,-657.120123374974,57.1020068116486));
#7841= IFCCARTESIANPOINT((60.,-657.120123374974,57.1020068116486));
#7842= IFCPOLYLOOP((#7835,#7840,#7841,#7836));
#7843= IFCFACEOUTERBOUND(#7842,.T.);
#7844= IFCFACE((#7843));
#7845= IFCCARTESIANPOINT((-10.,-674.78044460353,54.3048867178732));
#7846= IFCCARTESIANPOINT((60.,-674.78044460353,54.3048867178732));
#7847= IFCPOLYLOOP((#7840,#7845,#7846,#7841));
#7848= IFCFACEOUTERBOUND(#7847,.T.);
#7849= IFCFACE((#7848));
#7850= IFCCARTESIANPOINT((-10.,-690.712050543516,46.1873280401342));
#7851= IFCCARTESIANPOINT((60.,-690.712050543516,46.1873280401342));
#7852= IFCPOLYLOOP((#7845,#7850,#7851,#7846));
#7853= IFCFACEOUTERBOUND(#7852,.T.);
#7854= IFCFACE((#7853));
#7855= IFCCARTESIANPOINT((-10.,-703.355444603483,33.5439339801669));
#7856= IFCCARTESIANPOINT((60.,-703.355444603483,33.5439339801669));
#7857= IFCPOLYLOOP((#7850,#7855,#7856,#7851));
#7858= IFCFACEOUTERBOUND(#7857,.T.);
#7859= IFCFACE((#7858));
#7860= IFCCARTESIANPOINT((-10.,-711.473003281222,17.6123280401807));
#7861= IFCCARTESIANPOINT((60.,-711.473003281222,17.6123280401807));
#7862= IFCPOLYLOOP((#7855,#7860,#7861,#7856));
#7863= IFCFACEOUTERBOUND(#7862,.T.);
#7864= IFCFACE((#7863));
#7865= IFCCARTESIANPOINT((-10.,-714.270123374998,-0.0479931883746758));
#7866= IFCCARTESIANPOINT((60.,-714.270123374998,-0.0479931883746758));
#7867= IFCPOLYLOOP((#7860,#7865,#7866,#7861));
#7868= IFCFACEOUTERBOUND(#7867,.T.);
#7869= IFCFACE((#7868));
#7870= IFCCARTESIANPOINT((-10.,-711.473003281222,-17.7083144169301));
#7871= IFCCARTESIANPOINT((60.,-711.473003281222,-17.7083144169301));
#7872= IFCPOLYLOOP((#7865,#7870,#7871,#7866));
#7873= IFCFACEOUTERBOUND(#7872,.T.);
#7874= IFCFACE((#7873));
#7875= IFCCARTESIANPOINT((-10.,-703.355444603483,-33.6399203569163));
#7876= IFCCARTESIANPOINT((60.,-703.355444603483,-33.6399203569163));
#7877= IFCPOLYLOOP((#7870,#7875,#7876,#7871));
#7878= IFCFACEOUTERBOUND(#7877,.T.);
#7879= IFCFACE((#7878));
#7880= IFCCARTESIANPOINT((-10.,-690.712050543516,-46.2833144168835));
#7881= IFCCARTESIANPOINT((60.,-690.712050543516,-46.2833144168835));
#7882= IFCPOLYLOOP((#7875,#7880,#7881,#7876));
#7883= IFCFACEOUTERBOUND(#7882,.T.);
#7884= IFCFACE((#7883));
#7885= IFCCARTESIANPOINT((-10.,-674.78044460353,-54.4008730946225));
#7886= IFCCARTESIANPOINT((60.,-674.78044460353,-54.4008730946225));
#7887= IFCPOLYLOOP((#7880,#7885,#7886,#7881));
#7888= IFCFACEOUTERBOUND(#7887,.T.);
#7889= IFCFACE((#7888));
#7890= IFCCARTESIANPOINT((-10.,-657.120123374974,-57.197993188398));
#7891= IFCCARTESIANPOINT((60.,-657.120123374974,-57.197993188398));
#7892= IFCPOLYLOOP((#7885,#7890,#7891,#7886));
#7893= IFCFACEOUTERBOUND(#7892,.T.);
#7894= IFCFACE((#7893));
#7895= IFCCARTESIANPOINT((-10.,-639.459802146419,-54.4008730946225));
#7896= IFCCARTESIANPOINT((60.,-639.459802146419,-54.4008730946225));
#7897= IFCPOLYLOOP((#7890,#7895,#7896,#7891));
#7898= IFCFACEOUTERBOUND(#7897,.T.);
#7899= IFCFACE((#7898));
#7900= IFCCARTESIANPOINT((-10.,-623.528196206433,-46.2833144168835));
#7901= IFCCARTESIANPOINT((60.,-623.528196206433,-46.2833144168835));
#7902= IFCPOLYLOOP((#7895,#7900,#7901,#7896));
#7903= IFCFACEOUTERBOUND(#7902,.T.);
#7904= IFCFACE((#7903));
#7905= IFCCARTESIANPOINT((-10.,-610.884802146466,-33.6399203569163));
#7906= IFCCARTESIANPOINT((60.,-610.884802146466,-33.6399203569163));
#7907= IFCPOLYLOOP((#7900,#7905,#7906,#7901));
#7908= IFCFACEOUTERBOUND(#7907,.T.);
#7909= IFCFACE((#7908));
#7910= IFCCARTESIANPOINT((-10.,-602.767243468727,-17.7083144169301));
#7911= IFCCARTESIANPOINT((60.,-602.767243468727,-17.7083144169301));
#7912= IFCPOLYLOOP((#7905,#7910,#7911,#7906));
#7913= IFCFACEOUTERBOUND(#7912,.T.);
#7914= IFCFACE((#7913));
#7915= IFCPOLYLOOP((#7910,#7818,#7821,#7911));
#7916= IFCFACEOUTERBOUND(#7915,.T.);
#7917= IFCFACE((#7916));
#7918= IFCPOLYLOOP((#7826,#7831,#7836,#7841,#7846,#7851,#7856,#7861,#7866,#7871,#7876,#7881,#7886,#7891,#7896,#7901,#7906,#7911,#7821,#7820));
#7919= IFCFACEOUTERBOUND(#7918,.T.);
#7920= IFCFACE((#7919));
#7921= IFCPOLYLOOP((#7910,#7905,#7900,#7895,#7890,#7885,#7880,#7875,#7870,#7865,#7860,#7855,#7850,#7845,#7840,#7835,#7830,#7825,#7819,#7818));
#7922= IFCFACEOUTERBOUND(#7921,.T.);
#7923= IFCFACE((#7922));
#7924= IFCCLOSEDSHELL((#7824,#7829,#7834,#7839,#7844,#7849,#7854,#7859,#7864,#7869,#7874,#7879,#7884,#7889,#7894,#7899,#7904,#7909,#7914,#7917,#7920,#7923));
#7925= IFCFACETEDBREP(#7924);
#7926= IFCBOOLEANRESULT(.DIFFERENCE.,#7817,#7925);
#7927= IFCCARTESIANPOINT((-10.,-997.970314109698,-0.0479931883746758));
#7928= IFCCARTESIANPOINT((-10.,-1000.83765582752,21.7316294569755));
#7929= IFCCARTESIANPOINT((60.,-1000.83765582752,21.7316294569755));
#7930= IFCCARTESIANPOINT((60.,-997.970314109698,-0.0479931883746758));
#7931= IFCPOLYLOOP((#7927,#7928,#7929,#7930));
#7932= IFCFACEOUTERBOUND(#7931,.T.);
#7933= IFCFACE((#7932));
#7934= IFCCARTESIANPOINT((-10.,-1009.24427638127,42.027006811637));
#7935= IFCCARTESIANPOINT((60.,-1009.24427638127,42.027006811637));
#7936= IFCPOLYLOOP((#7928,#7934,#7935,#7929));
#7937= IFCFACEOUTERBOUND(#7936,.T.);
#7938= IFCFACE((#7937));
#7939= IFCCARTESIANPOINT((-10.,-1022.61727847287,59.4550424484769));
#7940= IFCCARTESIANPOINT((60.,-1022.61727847287,59.4550424484769));
#7941= IFCPOLYLOOP((#7934,#7939,#7940,#7935));
#7942= IFCFACEOUTERBOUND(#7941,.T.);
#7943= IFCFACE((#7942));
#7944= IFCCARTESIANPOINT((-10.,-1040.04531410971,72.8280445400742));
#7945= IFCCARTESIANPOINT((60.,-1040.04531410971,72.8280445400742));
#7946= IFCPOLYLOOP((#7939,#7944,#7945,#7940));
#7947= IFCFACEOUTERBOUND(#7946,.T.);
#7948= IFCFACE((#7947));
#7949= IFCCARTESIANPOINT((-10.,-1060.34069146437,81.2346650938271));
#7950= IFCCARTESIANPOINT((60.,-1060.34069146437,81.2346650938271));
#7951= IFCPOLYLOOP((#7944,#7949,#7950,#7945));
#7952= IFCFACEOUTERBOUND(#7951,.T.);
#7953= IFCFACE((#7952));
#7954= IFCCARTESIANPOINT((-10.,-1082.12031410972,84.1020068116486));
#7955= IFCCARTESIANPOINT((60.,-1082.12031410972,84.1020068116486));
#7956= IFCPOLYLOOP((#7949,#7954,#7955,#7950));
#7957= IFCFACEOUTERBOUND(#7956,.T.);
#7958= IFCFACE((#7957));
#7959= IFCCARTESIANPOINT((-10.,-1103.89993675507,81.2346650938271));
#7960= IFCCARTESIANPOINT((60.,-1103.89993675507,81.2346650938271));
#7961= IFCPOLYLOOP((#7954,#7959,#7960,#7955));
#7962= IFCFACEOUTERBOUND(#7961,.T.);
#7963= IFCFACE((#7962));
#7964= IFCCARTESIANPOINT((-10.,-1124.19531410973,72.8280445400742));
#7965= IFCCARTESIANPOINT((60.,-1124.19531410973,72.8280445400742));
#7966= IFCPOLYLOOP((#7959,#7964,#7965,#7960));
#7967= IFCFACEOUTERBOUND(#7966,.T.);
#7968= IFCFACE((#7967));
#7969= IFCCARTESIANPOINT((-10.,-1141.62334974657,59.4550424484769));
#7970= IFCCARTESIANPOINT((60.,-1141.62334974657,59.4550424484769));
#7971= IFCPOLYLOOP((#7964,#7969,#7970,#7965));
#7972= IFCFACEOUTERBOUND(#7971,.T.);
#7973= IFCFACE((#7972));
#7974= IFCCARTESIANPOINT((-10.,-1154.99635183817,42.027006811637));
#7975= IFCCARTESIANPOINT((60.,-1154.99635183817,42.027006811637));
#7976= IFCPOLYLOOP((#7969,#7974,#7975,#7970));
#7977= IFCFACEOUTERBOUND(#7976,.T.);
#7978= IFCFACE((#7977));
#7979= IFCCARTESIANPOINT((-10.,-1163.40297239192,21.7316294569755));
#7980= IFCCARTESIANPOINT((60.,-1163.40297239192,21.7316294569755));
#7981= IFCPOLYLOOP((#7974,#7979,#7980,#7975));
#7982= IFCFACEOUTERBOUND(#7981,.T.);
#7983= IFCFACE((#7982));
#7984= IFCCARTESIANPOINT((-10.,-1166.27031410974,-0.0479931883746758));
#7985= IFCCARTESIANPOINT((60.,-1166.27031410974,-0.0479931883746758));
#7986= IFCPOLYLOOP((#7979,#7984,#7985,#7980));
#7987= IFCFACEOUTERBOUND(#7986,.T.);
#7988= IFCFACE((#7987));
#7989= IFCCARTESIANPOINT((-10.,-1163.40297239192,-21.8276158337248));
#7990= IFCCARTESIANPOINT((60.,-1163.40297239192,-21.8276158337248));
#7991= IFCPOLYLOOP((#7984,#7989,#7990,#7985));
#7992= IFCFACEOUTERBOUND(#7991,.T.);
#7993= IFCFACE((#7992));
#7994= IFCCARTESIANPOINT((-10.,-1154.99635183817,-42.1229931883863));
#7995= IFCCARTESIANPOINT((60.,-1154.99635183817,-42.1229931883863));
#7996= IFCPOLYLOOP((#7989,#7994,#7995,#7990));
#7997= IFCFACEOUTERBOUND(#7996,.T.);
#7998= IFCFACE((#7997));
#7999= IFCCARTESIANPOINT((-10.,-1141.62334974657,-59.5510288252262));
#8000= IFCCARTESIANPOINT((60.,-1141.62334974657,-59.5510288252262));
#8001= IFCPOLYLOOP((#7994,#7999,#8000,#7995));
#8002= IFCFACEOUTERBOUND(#8001,.T.);
#8003= IFCFACE((#8002));
#8004= IFCCARTESIANPOINT((-10.,-1124.19531410973,-72.9240309168235));
#8005= IFCCARTESIANPOINT((60.,-1124.19531410973,-72.9240309168235));
#8006= IFCPOLYLOOP((#7999,#8004,#8005,#8000));
#8007= IFCFACEOUTERBOUND(#8006,.T.);
#8008= IFCFACE((#8007));
#8009= IFCCARTESIANPOINT((-10.,-1103.89993675507,-81.3306514705764));
#8010= IFCCARTESIANPOINT((60.,-1103.89993675507,-81.3306514705764));
#8011= IFCPOLYLOOP((#8004,#8009,#8010,#8005));
#8012= IFCFACEOUTERBOUND(#8011,.T.);
#8013= IFCFACE((#8012));
#8014= IFCCARTESIANPOINT((-10.,-1082.12031410972,-84.197993188398));
#8015= IFCCARTESIANPOINT((60.,-1082.12031410972,-84.197993188398));
#8016= IFCPOLYLOOP((#8009,#8014,#8015,#8010));
#8017= IFCFACEOUTERBOUND(#8016,.T.);
#8018= IFCFACE((#8017));
#8019= IFCCARTESIANPOINT((-10.,-1060.34069146437,-81.3306514705764));
#8020= IFCCARTESIANPOINT((60.,-1060.34069146437,-81.3306514705764));
#8021= IFCPOLYLOOP((#8014,#8019,#8020,#8015));
#8022= IFCFACEOUTERBOUND(#8021,.T.);
#8023= IFCFACE((#8022));
#8024= IFCCARTESIANPOINT((-10.,-1040.04531410971,-72.9240309168235));
#8025= IFCCARTESIANPOINT((60.,-1040.04531410971,-72.9240309168235));
#8026= IFCPOLYLOOP((#8019,#8024,#8025,#8020));
#8027= IFCFACEOUTERBOUND(#8026,.T.);
#8028= IFCFACE((#8027));
#8029= IFCCARTESIANPOINT((-10.,-1022.61727847287,-59.5510288252262));
#8030= IFCCARTESIANPOINT((60.,-1022.61727847287,-59.5510288252262));
#8031= IFCPOLYLOOP((#8024,#8029,#8030,#8025));
#8032= IFCFACEOUTERBOUND(#8031,.T.);
#8033= IFCFACE((#8032));
#8034= IFCCARTESIANPOINT((-10.,-1009.24427638127,-42.1229931883863));
#8035= IFCCARTESIANPOINT((60.,-1009.24427638127,-42.1229931883863));
#8036= IFCPOLYLOOP((#8029,#8034,#8035,#8030));
#8037= IFCFACEOUTERBOUND(#8036,.T.);
#8038= IFCFACE((#8037));
#8039= IFCCARTESIANPOINT((-10.,-1000.83765582752,-21.8276158337248));
#8040= IFCCARTESIANPOINT((60.,-1000.83765582752,-21.8276158337248));
#8041= IFCPOLYLOOP((#8034,#8039,#8040,#8035));
#8042= IFCFACEOUTERBOUND(#8041,.T.);
#8043= IFCFACE((#8042));
#8044= IFCPOLYLOOP((#8039,#7927,#7930,#8040));
#8045= IFCFACEOUTERBOUND(#8044,.T.);
#8046= IFCFACE((#8045));
#8047= IFCPOLYLOOP((#7935,#7940,#7945,#7950,#7955,#7960,#7965,#7970,#7975,#7980,#7985,#7990,#7995,#8000,#8005,#8010,#8015,#8020,#8025,#8030,#8035,#8040,#7930,#7929));
#8048= IFCFACEOUTERBOUND(#8047,.T.);
#8049= IFCFACE((#8048));
#8050= IFCPOLYLOOP((#8039,#8034,#8029,#8024,#8019,#8014,#8009,#8004,#7999,#7994,#7989,#7984,#7979,#7974,#7969,#7964,#7959,#7954,#7949,#7944,#7939,#7934,#7928,#7927));
#8051= IFCFACEOUTERBOUND(#8050,.T.);
#8052= IFCFACE((#8051));
#8053= IFCCLOSEDSHELL((#7933,#7938,#7943,#7948,#7953,#7958,#7963,#7968,#7973,#7978,#7983,#7988,#7993,#7998,#8003,#8008,#8013,#8018,#8023,#8028,#8033,#8038,#8043,#8046,#8049,#8052));
#8054= IFCFACETEDBREP(#8053);
#8055= IFCBOOLEANRESULT(.DIFFERENCE.,#7926,#8054);
#8056= IFCCARTESIANPOINT((-10.,-1449.9702664261,379.952002043254));
#8057= IFCCARTESIANPOINT((-10.,-1452.76738651987,397.612323271809));
#8058= IFCCARTESIANPOINT((60.,-1452.76738651987,397.612323271809));
#8059= IFCCARTESIANPOINT((60.,-1449.9702664261,379.952002043254));
#8060= IFCPOLYLOOP((#8056,#8057,#8058,#8059));
#8061= IFCFACEOUTERBOUND(#8060,.T.);
#8062= IFCFACE((#8061));
#8063= IFCCARTESIANPOINT((-10.,-1460.88494519761,413.543929211795));
#8064= IFCCARTESIANPOINT((60.,-1460.88494519761,413.543929211795));
#8065= IFCPOLYLOOP((#8057,#8063,#8064,#8058));
#8066= IFCFACEOUTERBOUND(#8065,.T.);
#8067= IFCFACE((#8066));
#8068= IFCCARTESIANPOINT((-10.,-1473.52833925758,426.187323271763));
#8069= IFCCARTESIANPOINT((60.,-1473.52833925758,426.187323271763));
#8070= IFCPOLYLOOP((#8063,#8068,#8069,#8064));
#8071= IFCFACEOUTERBOUND(#8070,.T.);
#8072= IFCFACE((#8071));
#8073= IFCCARTESIANPOINT((-10.,-1489.45994519757,434.304881949502));
#8074= IFCCARTESIANPOINT((60.,-1489.45994519757,434.304881949502));
#8075= IFCPOLYLOOP((#8068,#8073,#8074,#8069));
#8076= IFCFACEOUTERBOUND(#8075,.T.);
#8077= IFCFACE((#8076));
#8078= IFCCARTESIANPOINT((-10.,-1507.12026642612,437.102002043277));
#8079= IFCCARTESIANPOINT((60.,-1507.12026642612,437.102002043277));
#8080= IFCPOLYLOOP((#8073,#8078,#8079,#8074));
#8081= IFCFACEOUTERBOUND(#8080,.T.);
#8082= IFCFACE((#8081));
#8083= IFCCARTESIANPOINT((-10.,-1524.78058765468,434.304881949502));
#8084= IFCCARTESIANPOINT((60.,-1524.78058765468,434.304881949502));
#8085= IFCPOLYLOOP((#8078,#8083,#8084,#8079));
#8086= IFCFACEOUTERBOUND(#8085,.T.);
#8087= IFCFACE((#8086));
#8088= IFCCARTESIANPOINT((-10.,-1540.71219359466,426.187323271763));
#8089= IFCCARTESIANPOINT((60.,-1540.71219359466,426.187323271763));
#8090= IFCPOLYLOOP((#8083,#8088,#8089,#8084));
#8091= IFCFACEOUTERBOUND(#8090,.T.);
#8092= IFCFACE((#8091));
#8093= IFCCARTESIANPOINT((-10.,-1553.35558765463,413.543929211795));
#8094= IFCCARTESIANPOINT((60.,-1553.35558765463,413.543929211795));
#8095= IFCPOLYLOOP((#8088,#8093,#8094,#8089));
#8096= IFCFACEOUTERBOUND(#8095,.T.);
#8097= IFCFACE((#8096));
#8098= IFCCARTESIANPOINT((-10.,-1561.47314633237,397.612323271809));
#8099= IFCCARTESIANPOINT((60.,-1561.47314633237,397.612323271809));
#8100= IFCPOLYLOOP((#8093,#8098,#8099,#8094));
#8101= IFCFACEOUTERBOUND(#8100,.T.);
#8102= IFCFACE((#8101));
#8103= IFCCARTESIANPOINT((-10.,-1564.27026642615,379.952002043254));
#8104= IFCCARTESIANPOINT((60.,-1564.27026642615,379.952002043254));
#8105= IFCPOLYLOOP((#8098,#8103,#8104,#8099));
#8106= IFCFACEOUTERBOUND(#8105,.T.);
#8107= IFCFACE((#8106));
#8108= IFCCARTESIANPOINT((-10.,-1561.47314633237,362.291680814698));
#8109= IFCCARTESIANPOINT((60.,-1561.47314633237,362.291680814698));
#8110= IFCPOLYLOOP((#8103,#8108,#8109,#8104));
#8111= IFCFACEOUTERBOUND(#8110,.T.);
#8112= IFCFACE((#8111));
#8113= IFCCARTESIANPOINT((-10.,-1553.35558765463,346.360074874712));
#8114= IFCCARTESIANPOINT((60.,-1553.35558765463,346.360074874712));
#8115= IFCPOLYLOOP((#8108,#8113,#8114,#8109));
#8116= IFCFACEOUTERBOUND(#8115,.T.);
#8117= IFCFACE((#8116));
#8118= IFCCARTESIANPOINT((-10.,-1540.71219359466,333.716680814745));
#8119= IFCCARTESIANPOINT((60.,-1540.71219359466,333.716680814745));
#8120= IFCPOLYLOOP((#8113,#8118,#8119,#8114));
#8121= IFCFACEOUTERBOUND(#8120,.T.);
#8122= IFCFACE((#8121));
#8123= IFCCARTESIANPOINT((-10.,-1524.78058765468,325.599122137006));
#8124= IFCCARTESIANPOINT((60.,-1524.78058765468,325.599122137006));
#8125= IFCPOLYLOOP((#8118,#8123,#8124,#8119));
#8126= IFCFACEOUTERBOUND(#8125,.T.);
#8127= IFCFACE((#8126));
#8128= IFCCARTESIANPOINT((-10.,-1507.12026642612,322.80200204323));
#8129= IFCCARTESIANPOINT((60.,-1507.12026642612,322.80200204323));
#8130= IFCPOLYLOOP((#8123,#8128,#8129,#8124));
#8131= IFCFACEOUTERBOUND(#8130,.T.);
#8132= IFCFACE((#8131));
#8133= IFCCARTESIANPOINT((-10.,-1489.45994519757,325.599122137006));
#8134= IFCCARTESIANPOINT((60.,-1489.45994519757,325.599122137006));
#8135= IFCPOLYLOOP((#8128,#8133,#8134,#8129));
#8136= IFCFACEOUTERBOUND(#8135,.T.);
#8137= IFCFACE((#8136));
#8138= IFCCARTESIANPOINT((-10.,-1473.52833925758,333.716680814745));
#8139= IFCCARTESIANPOINT((60.,-1473.52833925758,333.716680814745));
#8140= IFCPOLYLOOP((#8133,#8138,#8139,#8134));
#8141= IFCFACEOUTERBOUND(#8140,.T.);
#8142= IFCFACE((#8141));
#8143= IFCCARTESIANPOINT((-10.,-1460.88494519761,346.360074874712));
#8144= IFCCARTESIANPOINT((60.,-1460.88494519761,346.360074874712));
#8145= IFCPOLYLOOP((#8138,#8143,#8144,#8139));
#8146= IFCFACEOUTERBOUND(#8145,.T.);
#8147= IFCFACE((#8146));
#8148= IFCCARTESIANPOINT((-10.,-1452.76738651987,362.291680814698));
#8149= IFCCARTESIANPOINT((60.,-1452.76738651987,362.291680814698));
#8150= IFCPOLYLOOP((#8143,#8148,#8149,#8144));
#8151= IFCFACEOUTERBOUND(#8150,.T.);
#8152= IFCFACE((#8151));
#8153= IFCPOLYLOOP((#8148,#8056,#8059,#8149));
#8154= IFCFACEOUTERBOUND(#8153,.T.);
#8155= IFCFACE((#8154));
#8156= IFCPOLYLOOP((#8064,#8069,#8074,#8079,#8084,#8089,#8094,#8099,#8104,#8109,#8114,#8119,#8124,#8129,#8134,#8139,#8144,#8149,#8059,#8058));
#8157= IFCFACEOUTERBOUND(#8156,.T.);
#8158= IFCFACE((#8157));
#8159= IFCPOLYLOOP((#8148,#8143,#8138,#8133,#8128,#8123,#8118,#8113,#8108,#8103,#8098,#8093,#8088,#8083,#8078,#8073,#8068,#8063,#8057,#8056));
#8160= IFCFACEOUTERBOUND(#8159,.T.);
#8161= IFCFACE((#8160));
#8162= IFCCLOSEDSHELL((#8062,#8067,#8072,#8077,#8082,#8087,#8092,#8097,#8102,#8107,#8112,#8117,#8122,#8127,#8132,#8137,#8142,#8147,#8152,#8155,#8158,#8161));
#8163= IFCFACETEDBREP(#8162);
#8164= IFCBOOLEANRESULT(.DIFFERENCE.,#8055,#8163);
#8165= IFCCARTESIANPOINT((-10.,-1422.9702664261,-380.047958617681));
#8166= IFCCARTESIANPOINT((-10.,-1425.83760814392,-358.268335972331));
#8167= IFCCARTESIANPOINT((60.,-1425.83760814392,-358.268335972331));
#8168= IFCCARTESIANPOINT((60.,-1422.9702664261,-380.047958617681));
#8169= IFCPOLYLOOP((#8165,#8166,#8167,#8168));
#8170= IFCFACEOUTERBOUND(#8169,.T.);
#8171= IFCFACE((#8170));
#8172= IFCCARTESIANPOINT((-10.,-1434.24422869767,-337.972958617669));
#8173= IFCCARTESIANPOINT((60.,-1434.24422869767,-337.972958617669));
#8174= IFCPOLYLOOP((#8166,#8172,#8173,#8167));
#8175= IFCFACEOUTERBOUND(#8174,.T.);
#8176= IFCFACE((#8175));
#8177= IFCCARTESIANPOINT((-10.,-1447.61723078927,-320.544922980829));
#8178= IFCCARTESIANPOINT((60.,-1447.61723078927,-320.544922980829));
#8179= IFCPOLYLOOP((#8172,#8177,#8178,#8173));
#8180= IFCFACEOUTERBOUND(#8179,.T.);
#8181= IFCFACE((#8180));
#8182= IFCCARTESIANPOINT((-10.,-1465.04526642611,-307.171920889232));
#8183= IFCCARTESIANPOINT((60.,-1465.04526642611,-307.171920889232));
#8184= IFCPOLYLOOP((#8177,#8182,#8183,#8178));
#8185= IFCFACEOUTERBOUND(#8184,.T.);
#8186= IFCFACE((#8185));
#8187= IFCCARTESIANPOINT((-10.,-1485.34064378077,-298.765300335479));
#8188= IFCCARTESIANPOINT((60.,-1485.34064378077,-298.765300335479));
#8189= IFCPOLYLOOP((#8182,#8187,#8188,#8183));
#8190= IFCFACEOUTERBOUND(#8189,.T.);
#8191= IFCFACE((#8190));
#8192= IFCCARTESIANPOINT((-10.,-1507.12026642612,-295.897958617657));
#8193= IFCCARTESIANPOINT((60.,-1507.12026642612,-295.897958617657));
#8194= IFCPOLYLOOP((#8187,#8192,#8193,#8188));
#8195= IFCFACEOUTERBOUND(#8194,.T.);
#8196= IFCFACE((#8195));
#8197= IFCCARTESIANPOINT((-10.,-1528.89988907147,-298.765300335479));
#8198= IFCCARTESIANPOINT((60.,-1528.89988907147,-298.765300335479));
#8199= IFCPOLYLOOP((#8192,#8197,#8198,#8193));
#8200= IFCFACEOUTERBOUND(#8199,.T.);
#8201= IFCFACE((#8200));
#8202= IFCCARTESIANPOINT((-10.,-1549.19526642613,-307.171920889232));
#8203= IFCCARTESIANPOINT((60.,-1549.19526642613,-307.171920889232));
#8204= IFCPOLYLOOP((#8197,#8202,#8203,#8198));
#8205= IFCFACEOUTERBOUND(#8204,.T.);
#8206= IFCFACE((#8205));
#8207= IFCCARTESIANPOINT((-10.,-1566.62330206297,-320.544922980829));
#8208= IFCCARTESIANPOINT((60.,-1566.62330206297,-320.544922980829));
#8209= IFCPOLYLOOP((#8202,#8207,#8208,#8203));
#8210= IFCFACEOUTERBOUND(#8209,.T.);
#8211= IFCFACE((#8210));
#8212= IFCCARTESIANPOINT((-10.,-1579.99630415457,-337.972958617669));
#8213= IFCCARTESIANPOINT((60.,-1579.99630415457,-337.972958617669));
#8214= IFCPOLYLOOP((#8207,#8212,#8213,#8208));
#8215= IFCFACEOUTERBOUND(#8214,.T.);
#8216= IFCFACE((#8215));
#8217= IFCCARTESIANPOINT((-10.,-1588.40292470832,-358.268335972331));
#8218= IFCCARTESIANPOINT((60.,-1588.40292470832,-358.268335972331));
#8219= IFCPOLYLOOP((#8212,#8217,#8218,#8213));
#8220= IFCFACEOUTERBOUND(#8219,.T.);
#8221= IFCFACE((#8220));
#8222= IFCCARTESIANPOINT((-10.,-1591.27026642615,-380.047958617681));
#8223= IFCCARTESIANPOINT((60.,-1591.27026642615,-380.047958617681));
#8224= IFCPOLYLOOP((#8217,#8222,#8223,#8218));
#8225= IFCFACEOUTERBOUND(#8224,.T.);
#8226= IFCFACE((#8225));
#8227= IFCCARTESIANPOINT((-10.,-1588.40292470832,-401.827581263031));
#8228= IFCCARTESIANPOINT((60.,-1588.40292470832,-401.827581263031));
#8229= IFCPOLYLOOP((#8222,#8227,#8228,#8223));
#8230= IFCFACEOUTERBOUND(#8229,.T.);
#8231= IFCFACE((#8230));
#8232= IFCCARTESIANPOINT((-10.,-1579.99630415457,-422.122958617692));
#8233= IFCCARTESIANPOINT((60.,-1579.99630415457,-422.122958617692));
#8234= IFCPOLYLOOP((#8227,#8232,#8233,#8228));
#8235= IFCFACEOUTERBOUND(#8234,.T.);
#8236= IFCFACE((#8235));
#8237= IFCCARTESIANPOINT((-10.,-1566.62330206297,-439.550994254532));
#8238= IFCCARTESIANPOINT((60.,-1566.62330206297,-439.550994254532));
#8239= IFCPOLYLOOP((#8232,#8237,#8238,#8233));
#8240= IFCFACEOUTERBOUND(#8239,.T.);
#8241= IFCFACE((#8240));
#8242= IFCCARTESIANPOINT((-10.,-1549.19526642613,-452.92399634613));
#8243= IFCCARTESIANPOINT((60.,-1549.19526642613,-452.92399634613));
#8244= IFCPOLYLOOP((#8237,#8242,#8243,#8238));
#8245= IFCFACEOUTERBOUND(#8244,.T.);
#8246= IFCFACE((#8245));
#8247= IFCCARTESIANPOINT((-10.,-1528.89988907147,-461.330616899882));
#8248= IFCCARTESIANPOINT((60.,-1528.89988907147,-461.330616899882));
#8249= IFCPOLYLOOP((#8242,#8247,#8248,#8243));
#8250= IFCFACEOUTERBOUND(#8249,.T.);
#8251= IFCFACE((#8250));
#8252= IFCCARTESIANPOINT((-10.,-1507.12026642612,-464.197958617704));
#8253= IFCCARTESIANPOINT((60.,-1507.12026642612,-464.197958617704));
#8254= IFCPOLYLOOP((#8247,#8252,#8253,#8248));
#8255= IFCFACEOUTERBOUND(#8254,.T.);
#8256= IFCFACE((#8255));
#8257= IFCCARTESIANPOINT((-10.,-1485.34064378077,-461.330616899882));
#8258= IFCCARTESIANPOINT((60.,-1485.34064378077,-461.330616899882));
#8259= IFCPOLYLOOP((#8252,#8257,#8258,#8253));
#8260= IFCFACEOUTERBOUND(#8259,.T.);
#8261= IFCFACE((#8260));
#8262= IFCCARTESIANPOINT((-10.,-1465.04526642611,-452.92399634613));
#8263= IFCCARTESIANPOINT((60.,-1465.04526642611,-452.92399634613));
#8264= IFCPOLYLOOP((#8257,#8262,#8263,#8258));
#8265= IFCFACEOUTERBOUND(#8264,.T.);
#8266= IFCFACE((#8265));
#8267= IFCCARTESIANPOINT((-10.,-1447.61723078927,-439.550994254532));
#8268= IFCCARTESIANPOINT((60.,-1447.61723078927,-439.550994254532));
#8269= IFCPOLYLOOP((#8262,#8267,#8268,#8263));
#8270= IFCFACEOUTERBOUND(#8269,.T.);
#8271= IFCFACE((#8270));
#8272= IFCCARTESIANPOINT((-10.,-1434.24422869767,-422.122958617692));
#8273= IFCCARTESIANPOINT((60.,-1434.24422869767,-422.122958617692));
#8274= IFCPOLYLOOP((#8267,#8272,#8273,#8268));
#8275= IFCFACEOUTERBOUND(#8274,.T.);
#8276= IFCFACE((#8275));
#8277= IFCCARTESIANPOINT((-10.,-1425.83760814392,-401.827581263031));
#8278= IFCCARTESIANPOINT((60.,-1425.83760814392,-401.827581263031));
#8279= IFCPOLYLOOP((#8272,#8277,#8278,#8273));
#8280= IFCFACEOUTERBOUND(#8279,.T.);
#8281= IFCFACE((#8280));
#8282= IFCPOLYLOOP((#8277,#8165,#8168,#8278));
#8283= IFCFACEOUTERBOUND(#8282,.T.);
#8284= IFCFACE((#8283));
#8285= IFCPOLYLOOP((#8173,#8178,#8183,#8188,#8193,#8198,#8203,#8208,#8213,#8218,#8223,#8228,#8233,#8238,#8243,#8248,#8253,#8258,#8263,#8268,#8273,#8278,#8168,#8167));
#8286= IFCFACEOUTERBOUND(#8285,.T.);
#8287= IFCFACE((#8286));
#8288= IFCPOLYLOOP((#8277,#8272,#8267,#8262,#8257,#8252,#8247,#8242,#8237,#8232,#8227,#8222,#8217,#8212,#8207,#8202,#8197,#8192,#8187,#8182,#8177,#8172,#8166,#8165));
#8289= IFCFACEOUTERBOUND(#8288,.T.);
#8290= IFCFACE((#8289));
#8291= IFCCLOSEDSHELL((#8171,#8176,#8181,#8186,#8191,#8196,#8201,#8206,#8211,#8216,#8221,#8226,#8231,#8236,#8241,#8246,#8251,#8256,#8261,#8266,#8271,#8276,#8281,#8284,#8287,#8290));
#8292= IFCFACETEDBREP(#8291);
#8293= IFCBOOLEANRESULT(.DIFFERENCE.,#8164,#8292);
#8294= IFCCARTESIANPOINT((-10.,-1901.97021874238,-0.0479931883746758));
#8295= IFCCARTESIANPOINT((-10.,-1904.2652508372,11.4899122974603));
#8296= IFCCARTESIANPOINT((60.,-1904.2652508372,11.4899122974603));
#8297= IFCCARTESIANPOINT((60.,-1901.97021874238,-0.0479931883746758));
#8298= IFCPOLYLOOP((#8294,#8295,#8296,#8297));
#8299= IFCFACEOUTERBOUND(#8298,.T.);
#8300= IFCFACE((#8299));
#8301= IFCCARTESIANPOINT((-10.,-1910.80094928964,21.2712762643932));
#8302= IFCCARTESIANPOINT((60.,-1910.80094928964,21.2712762643932));
#8303= IFCPOLYLOOP((#8295,#8301,#8302,#8296));
#8304= IFCFACEOUTERBOUND(#8303,.T.);
#8305= IFCFACE((#8304));
#8306= IFCCARTESIANPOINT((-10.,-1920.58231325657,27.8069747168338));
#8307= IFCCARTESIANPOINT((60.,-1920.58231325657,27.8069747168338));
#8308= IFCPOLYLOOP((#8301,#8306,#8307,#8302));
#8309= IFCFACEOUTERBOUND(#8308,.T.);
#8310= IFCFACE((#8309));
#8311= IFCCARTESIANPOINT((-10.,-1932.12021874241,30.1020068116486));
#8312= IFCCARTESIANPOINT((60.,-1932.12021874241,30.1020068116486));
#8313= IFCPOLYLOOP((#8306,#8311,#8312,#8307));
#8314= IFCFACEOUTERBOUND(#8313,.T.);
#8315= IFCFACE((#8314));
#8316= IFCCARTESIANPOINT((-10.,-1943.65812422824,27.8069747168338));
#8317= IFCCARTESIANPOINT((60.,-1943.65812422824,27.8069747168338));
#8318= IFCPOLYLOOP((#8311,#8316,#8317,#8312));
#8319= IFCFACEOUTERBOUND(#8318,.T.);
#8320= IFCFACE((#8319));
#8321= IFCCARTESIANPOINT((-10.,-1953.43948819517,21.2712762643932));
#8322= IFCCARTESIANPOINT((60.,-1953.43948819517,21.2712762643932));
#8323= IFCPOLYLOOP((#8316,#8321,#8322,#8317));
#8324= IFCFACEOUTERBOUND(#8323,.T.);
#8325= IFCFACE((#8324));
#8326= IFCCARTESIANPOINT((-10.,-1959.97518664761,11.4899122974603));
#8327= IFCCARTESIANPOINT((60.,-1959.97518664761,11.4899122974603));
#8328= IFCPOLYLOOP((#8321,#8326,#8327,#8322));
#8329= IFCFACEOUTERBOUND(#8328,.T.);
#8330= IFCFACE((#8329));
#8331= IFCCARTESIANPOINT((-10.,-1962.27021874243,-0.0479931883746758));
#8332= IFCCARTESIANPOINT((60.,-1962.27021874243,-0.0479931883746758));
#8333= IFCPOLYLOOP((#8326,#8331,#8332,#8327));
#8334= IFCFACEOUTERBOUND(#8333,.T.);
#8335= IFCFACE((#8334));
#8336= IFCCARTESIANPOINT((-10.,-1959.97518664761,-11.5858986742096));
#8337= IFCCARTESIANPOINT((60.,-1959.97518664761,-11.5858986742096));
#8338= IFCPOLYLOOP((#8331,#8336,#8337,#8332));
#8339= IFCFACEOUTERBOUND(#8338,.T.);
#8340= IFCFACE((#8339));
#8341= IFCCARTESIANPOINT((-10.,-1953.43948819517,-21.3672626411426));
#8342= IFCCARTESIANPOINT((60.,-1953.43948819517,-21.3672626411426));
#8343= IFCPOLYLOOP((#8336,#8341,#8342,#8337));
#8344= IFCFACEOUTERBOUND(#8343,.T.);
#8345= IFCFACE((#8344));
#8346= IFCCARTESIANPOINT((-10.,-1943.65812422824,-27.9029610935831));
#8347= IFCCARTESIANPOINT((60.,-1943.65812422824,-27.9029610935831));
#8348= IFCPOLYLOOP((#8341,#8346,#8347,#8342));
#8349= IFCFACEOUTERBOUND(#8348,.T.);
#8350= IFCFACE((#8349));
#8351= IFCCARTESIANPOINT((-10.,-1932.12021874241,-30.197993188398));
#8352= IFCCARTESIANPOINT((60.,-1932.12021874241,-30.197993188398));
#8353= IFCPOLYLOOP((#8346,#8351,#8352,#8347));
#8354= IFCFACEOUTERBOUND(#8353,.T.);
#8355= IFCFACE((#8354));
#8356= IFCCARTESIANPOINT((-10.,-1920.58231325657,-27.9029610935831));
#8357= IFCCARTESIANPOINT((60.,-1920.58231325657,-27.9029610935831));
#8358= IFCPOLYLOOP((#8351,#8356,#8357,#8352));
#8359= IFCFACEOUTERBOUND(#8358,.T.);
#8360= IFCFACE((#8359));
#8361= IFCCARTESIANPOINT((-10.,-1910.80094928964,-21.3672626411426));
#8362= IFCCARTESIANPOINT((60.,-1910.80094928964,-21.3672626411426));
#8363= IFCPOLYLOOP((#8356,#8361,#8362,#8357));
#8364= IFCFACEOUTERBOUND(#8363,.T.);
#8365= IFCFACE((#8364));
#8366= IFCCARTESIANPOINT((-10.,-1904.2652508372,-11.5858986742096));
#8367= IFCCARTESIANPOINT((60.,-1904.2652508372,-11.5858986742096));
#8368= IFCPOLYLOOP((#8361,#8366,#8367,#8362));
#8369= IFCFACEOUTERBOUND(#8368,.T.);
#8370= IFCFACE((#8369));
#8371= IFCPOLYLOOP((#8366,#8294,#8297,#8367));
#8372= IFCFACEOUTERBOUND(#8371,.T.);
#8373= IFCFACE((#8372));
#8374= IFCPOLYLOOP((#8302,#8307,#8312,#8317,#8322,#8327,#8332,#8337,#8342,#8347,#8352,#8357,#8362,#8367,#8297,#8296));
#8375= IFCFACEOUTERBOUND(#8374,.T.);
#8376= IFCFACE((#8375));
#8377= IFCPOLYLOOP((#8366,#8361,#8356,#8351,#8346,#8341,#8336,#8331,#8326,#8321,#8316,#8311,#8306,#8301,#8295,#8294));
#8378= IFCFACEOUTERBOUND(#8377,.T.);
#8379= IFCFACE((#8378));
#8380= IFCCLOSEDSHELL((#8300,#8305,#8310,#8315,#8320,#8325,#8330,#8335,#8340,#8345,#8350,#8355,#8360,#8365,#8370,#8373,#8376,#8379));
#8381= IFCFACETEDBREP(#8380);
#8382= IFCBOOLEANRESULT(.DIFFERENCE.,#8293,#8381);
#8383= IFCCARTESIANPOINT((-10.,-2174.97017105867,-0.0479931882582605));
#8384= IFCCARTESIANPOINT((-10.,-2177.76729115244,17.6123280402971));
#8385= IFCCARTESIANPOINT((60.,-2177.76729115244,17.6123280402971));
#8386= IFCCARTESIANPOINT((60.,-2174.97017105867,-0.0479931882582605));
#8387= IFCPOLYLOOP((#8383,#8384,#8385,#8386));
#8388= IFCFACEOUTERBOUND(#8387,.T.);
#8389= IFCFACE((#8388));
#8390= IFCCARTESIANPOINT((-10.,-2185.88484983018,33.5439339802833));
#8391= IFCCARTESIANPOINT((60.,-2185.88484983018,33.5439339802833));
#8392= IFCPOLYLOOP((#8384,#8390,#8391,#8385));
#8393= IFCFACEOUTERBOUND(#8392,.T.);
#8394= IFCFACE((#8393));
#8395= IFCCARTESIANPOINT((-10.,-2198.52824389015,46.1873280402506));
#8396= IFCCARTESIANPOINT((60.,-2198.52824389015,46.1873280402506));
#8397= IFCPOLYLOOP((#8390,#8395,#8396,#8391));
#8398= IFCFACEOUTERBOUND(#8397,.T.);
#8399= IFCFACE((#8398));
#8400= IFCCARTESIANPOINT((-10.,-2214.45984983013,54.3048867179896));
#8401= IFCCARTESIANPOINT((60.,-2214.45984983013,54.3048867179896));
#8402= IFCPOLYLOOP((#8395,#8400,#8401,#8396));
#8403= IFCFACEOUTERBOUND(#8402,.T.);
#8404= IFCFACE((#8403));
#8405= IFCCARTESIANPOINT((-10.,-2232.12017105869,57.102006811765));
#8406= IFCCARTESIANPOINT((60.,-2232.12017105869,57.102006811765));
#8407= IFCPOLYLOOP((#8400,#8405,#8406,#8401));
#8408= IFCFACEOUTERBOUND(#8407,.T.);
#8409= IFCFACE((#8408));
#8410= IFCCARTESIANPOINT((-10.,-2249.78049228725,54.3048867179896));
#8411= IFCCARTESIANPOINT((60.,-2249.78049228725,54.3048867179896));
#8412= IFCPOLYLOOP((#8405,#8410,#8411,#8406));
#8413= IFCFACEOUTERBOUND(#8412,.T.);
#8414= IFCFACE((#8413));
#8415= IFCCARTESIANPOINT((-10.,-2265.71209822723,46.1873280402506));
#8416= IFCCARTESIANPOINT((60.,-2265.71209822723,46.1873280402506));
#8417= IFCPOLYLOOP((#8410,#8415,#8416,#8411));
#8418= IFCFACEOUTERBOUND(#8417,.T.);
#8419= IFCFACE((#8418));
#8420= IFCCARTESIANPOINT((-10.,-2278.3554922872,33.5439339802833));
#8421= IFCCARTESIANPOINT((60.,-2278.3554922872,33.5439339802833));
#8422= IFCPOLYLOOP((#8415,#8420,#8421,#8416));
#8423= IFCFACEOUTERBOUND(#8422,.T.);
#8424= IFCFACE((#8423));
#8425= IFCCARTESIANPOINT((-10.,-2286.47305096494,17.6123280402971));
#8426= IFCCARTESIANPOINT((60.,-2286.47305096494,17.6123280402971));
#8427= IFCPOLYLOOP((#8420,#8425,#8426,#8421));
#8428= IFCFACEOUTERBOUND(#8427,.T.);
#8429= IFCFACE((#8428));
#8430= IFCCARTESIANPOINT((-10.,-2289.27017105871,-0.0479931882582605));
#8431= IFCCARTESIANPOINT((60.,-2289.27017105871,-0.0479931882582605));
#8432= IFCPOLYLOOP((#8425,#8430,#8431,#8426));
#8433= IFCFACEOUTERBOUND(#8432,.T.);
#8434= IFCFACE((#8433));
#8435= IFCCARTESIANPOINT((-10.,-2286.47305096494,-17.7083144168137));
#8436= IFCCARTESIANPOINT((60.,-2286.47305096494,-17.7083144168137));
#8437= IFCPOLYLOOP((#8430,#8435,#8436,#8431));
#8438= IFCFACEOUTERBOUND(#8437,.T.);
#8439= IFCFACE((#8438));
#8440= IFCCARTESIANPOINT((-10.,-2278.3554922872,-33.6399203567998));
#8441= IFCCARTESIANPOINT((60.,-2278.3554922872,-33.6399203567998));
#8442= IFCPOLYLOOP((#8435,#8440,#8441,#8436));
#8443= IFCFACEOUTERBOUND(#8442,.T.);
#8444= IFCFACE((#8443));
#8445= IFCCARTESIANPOINT((-10.,-2265.71209822723,-46.2833144167671));
#8446= IFCCARTESIANPOINT((60.,-2265.71209822723,-46.2833144167671));
#8447= IFCPOLYLOOP((#8440,#8445,#8446,#8441));
#8448= IFCFACEOUTERBOUND(#8447,.T.);
#8449= IFCFACE((#8448));
#8450= IFCCARTESIANPOINT((-10.,-2249.78049228725,-54.4008730945061));
#8451= IFCCARTESIANPOINT((60.,-2249.78049228725,-54.4008730945061));
#8452= IFCPOLYLOOP((#8445,#8450,#8451,#8446));
#8453= IFCFACEOUTERBOUND(#8452,.T.);
#8454= IFCFACE((#8453));
#8455= IFCCARTESIANPOINT((-10.,-2232.12017105869,-57.1979931882815));
#8456= IFCCARTESIANPOINT((60.,-2232.12017105869,-57.1979931882815));
#8457= IFCPOLYLOOP((#8450,#8455,#8456,#8451));
#8458= IFCFACEOUTERBOUND(#8457,.T.);
#8459= IFCFACE((#8458));
#8460= IFCCARTESIANPOINT((-10.,-2214.45984983013,-54.4008730945061));
#8461= IFCCARTESIANPOINT((60.,-2214.45984983013,-54.4008730945061));
#8462= IFCPOLYLOOP((#8455,#8460,#8461,#8456));
#8463= IFCFACEOUTERBOUND(#8462,.T.);
#8464= IFCFACE((#8463));
#8465= IFCCARTESIANPOINT((-10.,-2198.52824389015,-46.2833144167671));
#8466= IFCCARTESIANPOINT((60.,-2198.52824389015,-46.2833144167671));
#8467= IFCPOLYLOOP((#8460,#8465,#8466,#8461));
#8468= IFCFACEOUTERBOUND(#8467,.T.);
#8469= IFCFACE((#8468));
#8470= IFCCARTESIANPOINT((-10.,-2185.88484983018,-33.6399203567998));
#8471= IFCCARTESIANPOINT((60.,-2185.88484983018,-33.6399203567998));
#8472= IFCPOLYLOOP((#8465,#8470,#8471,#8466));
#8473= IFCFACEOUTERBOUND(#8472,.T.);
#8474= IFCFACE((#8473));
#8475= IFCCARTESIANPOINT((-10.,-2177.76729115244,-17.7083144168137));
#8476= IFCCARTESIANPOINT((60.,-2177.76729115244,-17.7083144168137));
#8477= IFCPOLYLOOP((#8470,#8475,#8476,#8471));
#8478= IFCFACEOUTERBOUND(#8477,.T.);
#8479= IFCFACE((#8478));
#8480= IFCPOLYLOOP((#8475,#8383,#8386,#8476));
#8481= IFCFACEOUTERBOUND(#8480,.T.);
#8482= IFCFACE((#8481));
#8483= IFCPOLYLOOP((#8391,#8396,#8401,#8406,#8411,#8416,#8421,#8426,#8431,#8436,#8441,#8446,#8451,#8456,#8461,#8466,#8471,#8476,#8386,#8385));
#8484= IFCFACEOUTERBOUND(#8483,.T.);
#8485= IFCFACE((#8484));
#8486= IFCPOLYLOOP((#8475,#8470,#8465,#8460,#8455,#8450,#8445,#8440,#8435,#8430,#8425,#8420,#8415,#8410,#8405,#8400,#8395,#8390,#8384,#8383));
#8487= IFCFACEOUTERBOUND(#8486,.T.);
#8488= IFCFACE((#8487));
#8489= IFCCLOSEDSHELL((#8389,#8394,#8399,#8404,#8409,#8414,#8419,#8424,#8429,#8434,#8439,#8444,#8449,#8454,#8459,#8464,#8469,#8474,#8479,#8482,#8485,#8488));
#8490= IFCFACETEDBREP(#8489);
#8491= IFCBOOLEANRESULT(.DIFFERENCE.,#8382,#8490);
#8492= IFCCARTESIANPOINT((-10.,1513.32977434335,-380.047958617448));
#8493= IFCCARTESIANPOINT((-10.,1509.94621956348,-363.037680048845));
#8494= IFCCARTESIANPOINT((60.,1509.94621956348,-363.037680048845));
#8495= IFCCARTESIANPOINT((60.,1513.32977434335,-380.047958617448));
#8496= IFCPOLYLOOP((#8492,#8493,#8494,#8495));
#8497= IFCFACEOUTERBOUND(#8496,.T.);
#8498= IFCFACE((#8497));
#8499= IFCCARTESIANPOINT((-10.,1500.3106707671,-348.617062193691));
#8500= IFCCARTESIANPOINT((60.,1500.3106707671,-348.617062193691));
#8501= IFCPOLYLOOP((#8493,#8499,#8500,#8494));
#8502= IFCFACEOUTERBOUND(#8501,.T.);
#8503= IFCFACE((#8502));
#8504= IFCCARTESIANPOINT((-10.,1485.89005291194,-338.981513397302));
#8505= IFCCARTESIANPOINT((60.,1485.89005291194,-338.981513397302));
#8506= IFCPOLYLOOP((#8499,#8504,#8505,#8500));
#8507= IFCFACEOUTERBOUND(#8506,.T.);
#8508= IFCFACE((#8507));
#8509= IFCCARTESIANPOINT((-10.,1468.87977434334,-335.597958617436));
#8510= IFCCARTESIANPOINT((60.,1468.87977434334,-335.597958617436));
#8511= IFCPOLYLOOP((#8504,#8509,#8510,#8505));
#8512= IFCFACEOUTERBOUND(#8511,.T.);
#8513= IFCFACE((#8512));
#8514= IFCCARTESIANPOINT((-10.,1451.86949577474,-338.981513397302));
#8515= IFCCARTESIANPOINT((60.,1451.86949577474,-338.981513397302));
#8516= IFCPOLYLOOP((#8509,#8514,#8515,#8510));
#8517= IFCFACEOUTERBOUND(#8516,.T.);
#8518= IFCFACE((#8517));
#8519= IFCCARTESIANPOINT((-10.,1437.44887791958,-348.617062193691));
#8520= IFCCARTESIANPOINT((60.,1437.44887791958,-348.617062193691));
#8521= IFCPOLYLOOP((#8514,#8519,#8520,#8515));
#8522= IFCFACEOUTERBOUND(#8521,.T.);
#8523= IFCFACE((#8522));
#8524= IFCCARTESIANPOINT((-10.,1427.81332912319,-363.037680048845));
#8525= IFCCARTESIANPOINT((60.,1427.81332912319,-363.037680048845));
#8526= IFCPOLYLOOP((#8519,#8524,#8525,#8520));
#8527= IFCFACEOUTERBOUND(#8526,.T.);
#8528= IFCFACE((#8527));
#8529= IFCCARTESIANPOINT((-10.,1424.42977434333,-380.047958617448));
#8530= IFCCARTESIANPOINT((60.,1424.42977434333,-380.047958617448));
#8531= IFCPOLYLOOP((#8524,#8529,#8530,#8525));
#8532= IFCFACEOUTERBOUND(#8531,.T.);
#8533= IFCFACE((#8532));
#8534= IFCCARTESIANPOINT((-10.,1427.81332912319,-397.058237186051));
#8535= IFCCARTESIANPOINT((60.,1427.81332912319,-397.058237186051));
#8536= IFCPOLYLOOP((#8529,#8534,#8535,#8530));
#8537= IFCFACEOUTERBOUND(#8536,.T.);
#8538= IFCFACE((#8537));
#8539= IFCCARTESIANPOINT((-10.,1437.44887791958,-411.478855041205));
#8540= IFCCARTESIANPOINT((60.,1437.44887791958,-411.478855041205));
#8541= IFCPOLYLOOP((#8534,#8539,#8540,#8535));
#8542= IFCFACEOUTERBOUND(#8541,.T.);
#8543= IFCFACE((#8542));
#8544= IFCCARTESIANPOINT((-10.,1451.86949577474,-421.114403837593));
#8545= IFCCARTESIANPOINT((60.,1451.86949577474,-421.114403837593));
#8546= IFCPOLYLOOP((#8539,#8544,#8545,#8540));
#8547= IFCFACEOUTERBOUND(#8546,.T.);
#8548= IFCFACE((#8547));
#8549= IFCCARTESIANPOINT((-10.,1468.87977434334,-424.49795861746));
#8550= IFCCARTESIANPOINT((60.,1468.87977434334,-424.49795861746));
#8551= IFCPOLYLOOP((#8544,#8549,#8550,#8545));
#8552= IFCFACEOUTERBOUND(#8551,.T.);
#8553= IFCFACE((#8552));
#8554= IFCCARTESIANPOINT((-10.,1485.89005291194,-421.114403837593));
#8555= IFCCARTESIANPOINT((60.,1485.89005291194,-421.114403837593));
#8556= IFCPOLYLOOP((#8549,#8554,#8555,#8550));
#8557= IFCFACEOUTERBOUND(#8556,.T.);
#8558= IFCFACE((#8557));
#8559= IFCCARTESIANPOINT((-10.,1500.3106707671,-411.478855041205));
#8560= IFCCARTESIANPOINT((60.,1500.3106707671,-411.478855041205));
#8561= IFCPOLYLOOP((#8554,#8559,#8560,#8555));
#8562= IFCFACEOUTERBOUND(#8561,.T.);
#8563= IFCFACE((#8562));
#8564= IFCCARTESIANPOINT((-10.,1509.94621956348,-397.058237186051));
#8565= IFCCARTESIANPOINT((60.,1509.94621956348,-397.058237186051));
#8566= IFCPOLYLOOP((#8559,#8564,#8565,#8560));
#8567= IFCFACEOUTERBOUND(#8566,.T.);
#8568= IFCFACE((#8567));
#8569= IFCPOLYLOOP((#8564,#8492,#8495,#8565));
#8570= IFCFACEOUTERBOUND(#8569,.T.);
#8571= IFCFACE((#8570));
#8572= IFCPOLYLOOP((#8500,#8505,#8510,#8515,#8520,#8525,#8530,#8535,#8540,#8545,#8550,#8555,#8560,#8565,#8495,#8494));
#8573= IFCFACEOUTERBOUND(#8572,.T.);
#8574= IFCFACE((#8573));
#8575= IFCPOLYLOOP((#8564,#8559,#8554,#8549,#8544,#8539,#8534,#8529,#8524,#8519,#8514,#8509,#8504,#8499,#8493,#8492));
#8576= IFCFACEOUTERBOUND(#8575,.T.);
#8577= IFCFACE((#8576));
#8578= IFCCLOSEDSHELL((#8498,#8503,#8508,#8513,#8518,#8523,#8528,#8533,#8538,#8543,#8548,#8553,#8558,#8563,#8568,#8571,#8574,#8577));
#8579= IFCFACETEDBREP(#8578);
#8580= IFCBOOLEANRESULT(.DIFFERENCE.,#8491,#8579);
#8581= IFCCARTESIANPOINT((-10.,2071.67969685729,-0.0479931881418452));
#8582= IFCCARTESIANPOINT((-10.,2068.26331971301,34.6390660663019));
#8583= IFCCARTESIANPOINT((60.,2068.26331971301,34.6390660663019));
#8584= IFCCARTESIANPOINT((60.,2071.67969685729,-0.0479931881418452));
#8585= IFCPOLYLOOP((#8581,#8582,#8583,#8584));
#8586= IFCFACEOUTERBOUND(#8585,.T.);
#8587= IFCFACE((#8586));
#8588= IFCCARTESIANPOINT((-10.,2058.14547773782,67.993121086387));
#8589= IFCCARTESIANPOINT((60.,2058.14547773782,67.993121086387));
#8590= IFCPOLYLOOP((#8582,#8588,#8589,#8583));
#8591= IFCFACEOUTERBOUND(#8590,.T.);
#8592= IFCFACE((#8591));
#8593= IFCCARTESIANPOINT((-10.,2041.71499392472,98.7323942427174));
#8594= IFCCARTESIANPOINT((60.,2041.71499392472,98.7323942427174));
#8595= IFCPOLYLOOP((#8588,#8593,#8594,#8589));
#8596= IFCFACEOUTERBOUND(#8595,.T.);
#8597= IFCFACE((#8596));
#8598= IFCCARTESIANPOINT((-10.,2019.60328255227,125.675592506828));
#8599= IFCCARTESIANPOINT((60.,2019.60328255227,125.675592506828));
#8600= IFCPOLYLOOP((#8593,#8598,#8599,#8594));
#8601= IFCFACEOUTERBOUND(#8600,.T.);
#8602= IFCFACE((#8601));
#8603= IFCCARTESIANPOINT((-10.,1992.66008428816,147.787303879275));
#8604= IFCCARTESIANPOINT((60.,1992.66008428816,147.787303879275));
#8605= IFCPOLYLOOP((#8598,#8603,#8604,#8599));
#8606= IFCFACEOUTERBOUND(#8605,.T.);
#8607= IFCFACE((#8606));
#8608= IFCCARTESIANPOINT((-10.,1961.92081113183,164.217787692382));
#8609= IFCCARTESIANPOINT((60.,1961.92081113183,164.217787692382));
#8610= IFCPOLYLOOP((#8603,#8608,#8609,#8604));
#8611= IFCFACEOUTERBOUND(#8610,.T.);
#8612= IFCFACE((#8611));
#8613= IFCCARTESIANPOINT((-10.,1928.56675611174,174.335629667563));
#8614= IFCCARTESIANPOINT((60.,1928.56675611174,174.335629667563));
#8615= IFCPOLYLOOP((#8608,#8613,#8614,#8609));
#8616= IFCFACEOUTERBOUND(#8615,.T.);
#8617= IFCFACE((#8616));
#8618= IFCCARTESIANPOINT((-10.,1893.8796968573,177.752006811847));
#8619= IFCCARTESIANPOINT((60.,1893.8796968573,177.752006811847));
#8620= IFCPOLYLOOP((#8613,#8618,#8619,#8614));
#8621= IFCFACEOUTERBOUND(#8620,.T.);
#8622= IFCFACE((#8621));
#8623= IFCCARTESIANPOINT((-10.,1859.19263760286,174.335629667563));
#8624= IFCCARTESIANPOINT((60.,1859.19263760286,174.335629667563));
#8625= IFCPOLYLOOP((#8618,#8623,#8624,#8619));
#8626= IFCFACEOUTERBOUND(#8625,.T.);
#8627= IFCFACE((#8626));
#8628= IFCCARTESIANPOINT((-10.,1825.83858258277,164.217787692382));
#8629= IFCCARTESIANPOINT((60.,1825.83858258277,164.217787692382));
#8630= IFCPOLYLOOP((#8623,#8628,#8629,#8624));
#8631= IFCFACEOUTERBOUND(#8630,.T.);
#8632= IFCFACE((#8631));
#8633= IFCCARTESIANPOINT((-10.,1795.09930942644,147.787303879275));
#8634= IFCCARTESIANPOINT((60.,1795.09930942644,147.787303879275));
#8635= IFCPOLYLOOP((#8628,#8633,#8634,#8629));
#8636= IFCFACEOUTERBOUND(#8635,.T.);
#8637= IFCFACE((#8636));
#8638= IFCCARTESIANPOINT((-10.,1768.15611116233,125.675592506828));
#8639= IFCCARTESIANPOINT((60.,1768.15611116233,125.675592506828));
#8640= IFCPOLYLOOP((#8633,#8638,#8639,#8634));
#8641= IFCFACEOUTERBOUND(#8640,.T.);
#8642= IFCFACE((#8641));
#8643= IFCCARTESIANPOINT((-10.,1746.04439978988,98.7323942427174));
#8644= IFCCARTESIANPOINT((60.,1746.04439978988,98.7323942427174));
#8645= IFCPOLYLOOP((#8638,#8643,#8644,#8639));
#8646= IFCFACEOUTERBOUND(#8645,.T.);
#8647= IFCFACE((#8646));
#8648= IFCCARTESIANPOINT((-10.,1729.61391597678,67.993121086387));
#8649= IFCCARTESIANPOINT((60.,1729.61391597678,67.993121086387));
#8650= IFCPOLYLOOP((#8643,#8648,#8649,#8644));
#8651= IFCFACEOUTERBOUND(#8650,.T.);
#8652= IFCFACE((#8651));
#8653= IFCCARTESIANPOINT((-10.,1719.4960740016,34.6390660663019));
#8654= IFCCARTESIANPOINT((60.,1719.4960740016,34.6390660663019));
#8655= IFCPOLYLOOP((#8648,#8653,#8654,#8649));
#8656= IFCFACEOUTERBOUND(#8655,.T.);
#8657= IFCFACE((#8656));
#8658= IFCCARTESIANPOINT((-10.,1716.07969685731,-0.0479931881418452));
#8659= IFCCARTESIANPOINT((60.,1716.07969685731,-0.0479931881418452));
#8660= IFCPOLYLOOP((#8653,#8658,#8659,#8654));
#8661= IFCFACEOUTERBOUND(#8660,.T.);
#8662= IFCFACE((#8661));
#8663= IFCCARTESIANPOINT((-10.,1719.4960740016,-34.7350524425856));
#8664= IFCCARTESIANPOINT((60.,1719.4960740016,-34.7350524425856));
#8665= IFCPOLYLOOP((#8658,#8663,#8664,#8659));
#8666= IFCFACEOUTERBOUND(#8665,.T.);
#8667= IFCFACE((#8666));
#8668= IFCCARTESIANPOINT((-10.,1729.61391597678,-68.0891074626707));
#8669= IFCCARTESIANPOINT((60.,1729.61391597678,-68.0891074626707));
#8670= IFCPOLYLOOP((#8663,#8668,#8669,#8664));
#8671= IFCFACEOUTERBOUND(#8670,.T.);
#8672= IFCFACE((#8671));
#8673= IFCCARTESIANPOINT((-10.,1746.04439978988,-98.8283806190011));
#8674= IFCCARTESIANPOINT((60.,1746.04439978988,-98.8283806190011));
#8675= IFCPOLYLOOP((#8668,#8673,#8674,#8669));
#8676= IFCFACEOUTERBOUND(#8675,.T.);
#8677= IFCFACE((#8676));
#8678= IFCCARTESIANPOINT((-10.,1768.15611116233,-125.771578883112));
#8679= IFCCARTESIANPOINT((60.,1768.15611116233,-125.771578883112));
#8680= IFCPOLYLOOP((#8673,#8678,#8679,#8674));
#8681= IFCFACEOUTERBOUND(#8680,.T.);
#8682= IFCFACE((#8681));
#8683= IFCCARTESIANPOINT((-10.,1795.09930942644,-147.883290255559));
#8684= IFCCARTESIANPOINT((60.,1795.09930942644,-147.883290255559));
#8685= IFCPOLYLOOP((#8678,#8683,#8684,#8679));
#8686= IFCFACEOUTERBOUND(#8685,.T.);
#8687= IFCFACE((#8686));
#8688= IFCCARTESIANPOINT((-10.,1825.83858258277,-164.313774068665));
#8689= IFCCARTESIANPOINT((60.,1825.83858258277,-164.313774068665));
#8690= IFCPOLYLOOP((#8683,#8688,#8689,#8684));
#8691= IFCFACEOUTERBOUND(#8690,.T.);
#8692= IFCFACE((#8691));
#8693= IFCCARTESIANPOINT((-10.,1859.19263760286,-174.431616043847));
#8694= IFCCARTESIANPOINT((60.,1859.19263760286,-174.431616043847));
#8695= IFCPOLYLOOP((#8688,#8693,#8694,#8689));
#8696= IFCFACEOUTERBOUND(#8695,.T.);
#8697= IFCFACE((#8696));
#8698= IFCCARTESIANPOINT((-10.,1893.8796968573,-177.84799318813));
#8699= IFCCARTESIANPOINT((60.,1893.8796968573,-177.84799318813));
#8700= IFCPOLYLOOP((#8693,#8698,#8699,#8694));
#8701= IFCFACEOUTERBOUND(#8700,.T.);
#8702= IFCFACE((#8701));
#8703= IFCCARTESIANPOINT((-10.,1928.56675611174,-174.431616043847));
#8704= IFCCARTESIANPOINT((60.,1928.56675611174,-174.431616043847));
#8705= IFCPOLYLOOP((#8698,#8703,#8704,#8699));
#8706= IFCFACEOUTERBOUND(#8705,.T.);
#8707= IFCFACE((#8706));
#8708= IFCCARTESIANPOINT((-10.,1961.92081113183,-164.313774068665));
#8709= IFCCARTESIANPOINT((60.,1961.92081113183,-164.313774068665));
#8710= IFCPOLYLOOP((#8703,#8708,#8709,#8704));
#8711= IFCFACEOUTERBOUND(#8710,.T.);
#8712= IFCFACE((#8711));
#8713= IFCCARTESIANPOINT((-10.,1992.66008428816,-147.883290255559));
#8714= IFCCARTESIANPOINT((60.,1992.66008428816,-147.883290255559));
#8715= IFCPOLYLOOP((#8708,#8713,#8714,#8709));
#8716= IFCFACEOUTERBOUND(#8715,.T.);
#8717= IFCFACE((#8716));
#8718= IFCCARTESIANPOINT((-10.,2019.60328255227,-125.771578883112));
#8719= IFCCARTESIANPOINT((60.,2019.60328255227,-125.771578883112));
#8720= IFCPOLYLOOP((#8713,#8718,#8719,#8714));
#8721= IFCFACEOUTERBOUND(#8720,.T.);
#8722= IFCFACE((#8721));
#8723= IFCCARTESIANPOINT((-10.,2041.71499392472,-98.8283806190011));
#8724= IFCCARTESIANPOINT((60.,2041.71499392472,-98.8283806190011));
#8725= IFCPOLYLOOP((#8718,#8723,#8724,#8719));
#8726= IFCFACEOUTERBOUND(#8725,.T.);
#8727= IFCFACE((#8726));
#8728= IFCCARTESIANPOINT((-10.,2058.14547773782,-68.0891074626707));
#8729= IFCCARTESIANPOINT((60.,2058.14547773782,-68.0891074626707));
#8730= IFCPOLYLOOP((#8723,#8728,#8729,#8724));
#8731= IFCFACEOUTERBOUND(#8730,.T.);
#8732= IFCFACE((#8731));
#8733= IFCCARTESIANPOINT((-10.,2068.26331971301,-34.7350524425856));
#8734= IFCCARTESIANPOINT((60.,2068.26331971301,-34.7350524425856));
#8735= IFCPOLYLOOP((#8728,#8733,#8734,#8729));
#8736= IFCFACEOUTERBOUND(#8735,.T.);
#8737= IFCFACE((#8736));
#8738= IFCPOLYLOOP((#8733,#8581,#8584,#8734));
#8739= IFCFACEOUTERBOUND(#8738,.T.);
#8740= IFCFACE((#8739));
#8741= IFCPOLYLOOP((#8589,#8594,#8599,#8604,#8609,#8614,#8619,#8624,#8629,#8634,#8639,#8644,#8649,#8654,#8659,#8664,#8669,#8674,#8679,#8684,#8689,#8694,#8699,#8704,#8709,#8714,#8719,#8724,#8729,#8734,#8584,#8583));
#8742= IFCFACEOUTERBOUND(#8741,.T.);
#8743= IFCFACE((#8742));
#8744= IFCPOLYLOOP((#8733,#8728,#8723,#8718,#8713,#8708,#8703,#8698,#8693,#8688,#8683,#8678,#8673,#8668,#8663,#8658,#8653,#8648,#8643,#8638,#8633,#8628,#8623,#8618,#8613,#8608,#8603,#8598,#8593,#8588,#8582,#8581));
#8745= IFCFACEOUTERBOUND(#8744,.T.);
#8746= IFCFACE((#8745));
#8747= IFCCLOSEDSHELL((#8587,#8592,#8597,#8602,#8607,#8612,#8617,#8622,#8627,#8632,#8637,#8642,#8647,#8652,#8657,#8662,#8667,#8672,#8677,#8682,#8687,#8692,#8697,#8702,#8707,#8712,#8717,#8722,#8727,#8732,#8737,#8740,#8743,#8746));
#8748= IFCFACETEDBREP(#8747);
#8749= IFCBOOLEANRESULT(.DIFFERENCE.,#8580,#8748);
#8750= IFCSHAPEREPRESENTATION(#13,'Body','CSG',(#8749));
#8751= IFCSTYLEDITEM(#7434,(#82),$);
#8752= IFCPRODUCTDEFINITIONSHAPE($,$,(#8750));
#8753= IFCCARTESIANPOINT((443200.000000805,392999.99999856,-1150.));
#8754= IFCAXIS2PLACEMENT3D(#8753,#87,#9);
#8755= IFCLOCALPLACEMENT(#7418,#8754);
#8756= IFCFOOTING('1bIH6SBAz2U9WQ5xl2j47u',#2593,'H\S\0 LIMPIEZA','4100*8100',$,#8755,#8752,'ID6549119c-2caf-4278-981a-17bbc2b441f8',.PAD_FOOTING.);
#8757= IFCPROPERTYSINGLEVALUE('AREA_FORM_BOTTOM',$,IFCAREAMEASURE(0.40904),$);
#8758= IFCPROPERTYSINGLEVALUE('GUID',$,IFCLABEL('6549119c-2caf-4278-981a-17bbc2b441f8'),$);
#8759= IFCPROPERTYSET('3tiXxvHdfBlPWL22$k27fr',#5,'Fundacion',$,(#8757,#100,#101,#7422,#7423,#7424,#7425,#7426,#7427,#59,#60,#61,#62,#63,#64,#65,#66,#67,#68,#69,#7428,#102,#127,#128,#2605,#8758));
#8760= IFCQUANTITYAREA('OuterSurfaceArea',$,$,66.9012197343158);
#8761= IFCQUANTITYAREA('GrossSurfaceArea',$,$,67.64);
#8762= IFCQUANTITYAREA('CrossSectionArea',$,$,33.21);
#8763= IFCQUANTITYVOLUME('NetVolume',$,$,1.63398062103241);
#8764= IFCQUANTITYVOLUME('GrossVolume',$,$,1.6605);
#8765= IFCQUANTITYWEIGHT('NetWeight',$,$,3921.55349047779);
#8766= IFCQUANTITYWEIGHT('GrossWeight',$,$,3985.2);
#8767= IFCQUANTITYLENGTH('Height',$,$,4100.);
#8768= IFCELEMENTQUANTITY('32xVAvvJf8zBCPxDPuprlw',#5,'BaseQuantities',$,$,(#105,#8760,#8761,#8762,#8763,#8764,#8765,#8766,#7431,#8767));
#8769= IFCLOCALPLACEMENT(#45,#10);
#8770= IFCELEMENTASSEMBLY('2dOeMdQEv1Bfywf_hoEaqp',#2593,'FUNDACION',$,$,#8769,$,'Z2',.NOTDEFINED.,.NOTDEFINED.);
#8771= IFCPROPERTYSINGLEVALUE('AREA_FORM_BOTTOM',$,IFCAREAMEASURE(31.50606),$);
#8772= IFCPROPERTYSINGLEVALUE('CAST_UNIT_REBAR_WEIGHT',$,IFCMASSMEASURE(448.74866),$);
#8773= IFCPROPERTYSINGLEVALUE('CAST_UNIT_HEIGHT_TOTAL',$,IFCLENGTHMEASURE(4000.),$);
#8774= IFCPROPERTYSINGLEVALUE('BOTTOM_LEVEL_BASEPOINT',$,IFCLABEL(' +98.900'),$);
#8775= IFCPROPERTYSINGLEVALUE('COG_Y_BASEPOINT',$,IFCLENGTHMEASURE(392999.70981),$);
#8776= IFCPROPERTYSINGLEVALUE('COG_X_BASEPOINT',$,IFCLENGTHMEASURE(443206.11123),$);
#8777= IFCPROPERTYSINGLEVALUE('WEIGHT_NET',$,IFCMASSMEASURE(15122.91051),$);
#8778= IFCPROPERTYSINGLEVALUE('VOLUME_NET',$,IFCVOLUMEMEASURE(6.30121),$);
#8779= IFCPROPERTYSINGLEVALUE('GUID',$,IFCLABEL('a76285a7-68ee-412e-9f3a-a7eaf23a4d33'),$);
#8780= IFCPROPERTYSET('13PC1MlkbC$eE_oraXGtZU',#5,'Fundacion',$,(#8771,#8772,#8773,#8774,#2781,#8775,#8776,#8777,#8778,#59,#60,#61,#62,#63,#64,#65,#66,#67,#68,#69,#7428,#71,#127,#128,#2605,#8779));
#8781= IFCRECTANGLEPROFILEDEF(.AREA.,'4000*8000',#85,8000.,4000.);
#8782= IFCEXTRUDEDAREASOLID(#8781,#6178,#9,200.);
#8783= IFCCARTESIANPOINT((-10.,-1513.32977431931,380.047955690068));
#8784= IFCCARTESIANPOINT((-10.,-1509.94621953944,363.037677121465));
#8785= IFCCARTESIANPOINT((210.,-1509.94621953944,363.037677121465));
#8786= IFCCARTESIANPOINT((210.,-1513.32977431931,380.047955690068));
#8787= IFCPOLYLOOP((#8783,#8784,#8785,#8786));
#8788= IFCFACEOUTERBOUND(#8787,.T.);
#8789= IFCFACE((#8788));
#8790= IFCCARTESIANPOINT((-10.,-1500.31067074306,348.617059266311));
#8791= IFCCARTESIANPOINT((210.,-1500.31067074306,348.617059266311));
#8792= IFCPOLYLOOP((#8784,#8790,#8791,#8785));
#8793= IFCFACEOUTERBOUND(#8792,.T.);
#8794= IFCFACE((#8793));
#8795= IFCCARTESIANPOINT((-10.,-1485.8900528879,338.981510469923));
#8796= IFCCARTESIANPOINT((210.,-1485.8900528879,338.981510469923));
#8797= IFCPOLYLOOP((#8790,#8795,#8796,#8791));
#8798= IFCFACEOUTERBOUND(#8797,.T.);
#8799= IFCFACE((#8798));
#8800= IFCCARTESIANPOINT((-10.,-1468.8797743193,335.597955690057));
#8801= IFCCARTESIANPOINT((210.,-1468.8797743193,335.597955690057));
#8802= IFCPOLYLOOP((#8795,#8800,#8801,#8796));
#8803= IFCFACEOUTERBOUND(#8802,.T.);
#8804= IFCFACE((#8803));
#8805= IFCCARTESIANPOINT((-10.,-1451.8694957507,338.981510469923));
#8806= IFCCARTESIANPOINT((210.,-1451.8694957507,338.981510469923));
#8807= IFCPOLYLOOP((#8800,#8805,#8806,#8801));
#8808= IFCFACEOUTERBOUND(#8807,.T.);
#8809= IFCFACE((#8808));
#8810= IFCCARTESIANPOINT((-10.,-1437.44887789554,348.617059266311));
#8811= IFCCARTESIANPOINT((210.,-1437.44887789554,348.617059266311));
#8812= IFCPOLYLOOP((#8805,#8810,#8811,#8806));
#8813= IFCFACEOUTERBOUND(#8812,.T.);
#8814= IFCFACE((#8813));
#8815= IFCCARTESIANPOINT((-10.,-1427.81332909915,363.037677121465));
#8816= IFCCARTESIANPOINT((210.,-1427.81332909915,363.037677121465));
#8817= IFCPOLYLOOP((#8810,#8815,#8816,#8811));
#8818= IFCFACEOUTERBOUND(#8817,.T.);
#8819= IFCFACE((#8818));
#8820= IFCCARTESIANPOINT((-10.,-1424.42977431929,380.047955690068));
#8821= IFCCARTESIANPOINT((210.,-1424.42977431929,380.047955690068));
#8822= IFCPOLYLOOP((#8815,#8820,#8821,#8816));
#8823= IFCFACEOUTERBOUND(#8822,.T.);
#8824= IFCFACE((#8823));
#8825= IFCCARTESIANPOINT((-10.,-1427.81332909915,397.058234258671));
#8826= IFCCARTESIANPOINT((210.,-1427.81332909915,397.058234258671));
#8827= IFCPOLYLOOP((#8820,#8825,#8826,#8821));
#8828= IFCFACEOUTERBOUND(#8827,.T.);
#8829= IFCFACE((#8828));
#8830= IFCCARTESIANPOINT((-10.,-1437.44887789554,411.478852113825));
#8831= IFCCARTESIANPOINT((210.,-1437.44887789554,411.478852113825));
#8832= IFCPOLYLOOP((#8825,#8830,#8831,#8826));
#8833= IFCFACEOUTERBOUND(#8832,.T.);
#8834= IFCFACE((#8833));
#8835= IFCCARTESIANPOINT((-10.,-1451.8694957507,421.114400910214));
#8836= IFCCARTESIANPOINT((210.,-1451.8694957507,421.114400910214));
#8837= IFCPOLYLOOP((#8830,#8835,#8836,#8831));
#8838= IFCFACEOUTERBOUND(#8837,.T.);
#8839= IFCFACE((#8838));
#8840= IFCCARTESIANPOINT((-10.,-1468.8797743193,424.49795569008));
#8841= IFCCARTESIANPOINT((210.,-1468.8797743193,424.49795569008));
#8842= IFCPOLYLOOP((#8835,#8840,#8841,#8836));
#8843= IFCFACEOUTERBOUND(#8842,.T.);
#8844= IFCFACE((#8843));
#8845= IFCCARTESIANPOINT((-10.,-1485.8900528879,421.114400910214));
#8846= IFCCARTESIANPOINT((210.,-1485.8900528879,421.114400910214));
#8847= IFCPOLYLOOP((#8840,#8845,#8846,#8841));
#8848= IFCFACEOUTERBOUND(#8847,.T.);
#8849= IFCFACE((#8848));
#8850= IFCCARTESIANPOINT((-10.,-1500.31067074306,411.478852113825));
#8851= IFCCARTESIANPOINT((210.,-1500.31067074306,411.478852113825));
#8852= IFCPOLYLOOP((#8845,#8850,#8851,#8846));
#8853= IFCFACEOUTERBOUND(#8852,.T.);
#8854= IFCFACE((#8853));
#8855= IFCCARTESIANPOINT((-10.,-1509.94621953944,397.058234258671));
#8856= IFCCARTESIANPOINT((210.,-1509.94621953944,397.058234258671));
#8857= IFCPOLYLOOP((#8850,#8855,#8856,#8851));
#8858= IFCFACEOUTERBOUND(#8857,.T.);
#8859= IFCFACE((#8858));
#8860= IFCPOLYLOOP((#8855,#8783,#8786,#8856));
#8861= IFCFACEOUTERBOUND(#8860,.T.);
#8862= IFCFACE((#8861));
#8863= IFCPOLYLOOP((#8791,#8796,#8801,#8806,#8811,#8816,#8821,#8826,#8831,#8836,#8841,#8846,#8851,#8856,#8786,#8785));
#8864= IFCFACEOUTERBOUND(#8863,.T.);
#8865= IFCFACE((#8864));
#8866= IFCPOLYLOOP((#8855,#8850,#8845,#8840,#8835,#8830,#8825,#8820,#8815,#8810,#8805,#8800,#8795,#8790,#8784,#8783));
#8867= IFCFACEOUTERBOUND(#8866,.T.);
#8868= IFCFACE((#8867));
#8869= IFCCLOSEDSHELL((#8789,#8794,#8799,#8804,#8809,#8814,#8819,#8824,#8829,#8834,#8839,#8844,#8849,#8854,#8859,#8862,#8865,#8868));
#8870= IFCFACETEDBREP(#8869);
#8871= IFCBOOLEANRESULT(.DIFFERENCE.,#8782,#8870);
#8872= IFCCARTESIANPOINT((-10.,-2071.67969683325,0.0479902607621625));
#8873= IFCCARTESIANPOINT((-10.,-2068.26331968897,-34.6390689936816));
#8874= IFCCARTESIANPOINT((210.,-2068.26331968897,-34.6390689936816));
#8875= IFCCARTESIANPOINT((210.,-2071.67969683325,0.0479902607621625));
#8876= IFCPOLYLOOP((#8872,#8873,#8874,#8875));
#8877= IFCFACEOUTERBOUND(#8876,.T.);
#8878= IFCFACE((#8877));
#8879= IFCCARTESIANPOINT((-10.,-2058.14547771378,-67.9931240137666));
#8880= IFCCARTESIANPOINT((210.,-2058.14547771378,-67.9931240137666));
#8881= IFCPOLYLOOP((#8873,#8879,#8880,#8874));
#8882= IFCFACEOUTERBOUND(#8881,.T.);
#8883= IFCFACE((#8882));
#8884= IFCCARTESIANPOINT((-10.,-2041.71499390068,-98.7323971700971));
#8885= IFCCARTESIANPOINT((210.,-2041.71499390068,-98.7323971700971));
#8886= IFCPOLYLOOP((#8879,#8884,#8885,#8880));
#8887= IFCFACEOUTERBOUND(#8886,.T.);
#8888= IFCFACE((#8887));
#8889= IFCCARTESIANPOINT((-10.,-2019.60328252823,-125.675595434208));
#8890= IFCCARTESIANPOINT((210.,-2019.60328252823,-125.675595434208));
#8891= IFCPOLYLOOP((#8884,#8889,#8890,#8885));
#8892= IFCFACEOUTERBOUND(#8891,.T.);
#8893= IFCFACE((#8892));
#8894= IFCCARTESIANPOINT((-10.,-1992.66008426412,-147.787306806655));
#8895= IFCCARTESIANPOINT((210.,-1992.66008426412,-147.787306806655));
#8896= IFCPOLYLOOP((#8889,#8894,#8895,#8890));
#8897= IFCFACEOUTERBOUND(#8896,.T.);
#8898= IFCFACE((#8897));
#8899= IFCCARTESIANPOINT((-10.,-1961.92081110779,-164.217790619761));
#8900= IFCCARTESIANPOINT((210.,-1961.92081110779,-164.217790619761));
#8901= IFCPOLYLOOP((#8894,#8899,#8900,#8895));
#8902= IFCFACEOUTERBOUND(#8901,.T.);
#8903= IFCFACE((#8902));
#8904= IFCCARTESIANPOINT((-10.,-1928.5667560877,-174.335632594943));
#8905= IFCCARTESIANPOINT((210.,-1928.5667560877,-174.335632594943));
#8906= IFCPOLYLOOP((#8899,#8904,#8905,#8900));
#8907= IFCFACEOUTERBOUND(#8906,.T.);
#8908= IFCFACE((#8907));
#8909= IFCCARTESIANPOINT((-10.,-1893.87969683326,-177.752009739226));
#8910= IFCCARTESIANPOINT((210.,-1893.87969683326,-177.752009739226));
#8911= IFCPOLYLOOP((#8904,#8909,#8910,#8905));
#8912= IFCFACEOUTERBOUND(#8911,.T.);
#8913= IFCFACE((#8912));
#8914= IFCCARTESIANPOINT((-10.,-1859.19263757882,-174.335632594943));
#8915= IFCCARTESIANPOINT((210.,-1859.19263757882,-174.335632594943));
#8916= IFCPOLYLOOP((#8909,#8914,#8915,#8910));
#8917= IFCFACEOUTERBOUND(#8916,.T.);
#8918= IFCFACE((#8917));
#8919= IFCCARTESIANPOINT((-10.,-1825.83858255873,-164.217790619761));
#8920= IFCCARTESIANPOINT((210.,-1825.83858255873,-164.217790619761));
#8921= IFCPOLYLOOP((#8914,#8919,#8920,#8915));
#8922= IFCFACEOUTERBOUND(#8921,.T.);
#8923= IFCFACE((#8922));
#8924= IFCCARTESIANPOINT((-10.,-1795.0993094024,-147.787306806655));
#8925= IFCCARTESIANPOINT((210.,-1795.0993094024,-147.787306806655));
#8926= IFCPOLYLOOP((#8919,#8924,#8925,#8920));
#8927= IFCFACEOUTERBOUND(#8926,.T.);
#8928= IFCFACE((#8927));
#8929= IFCCARTESIANPOINT((-10.,-1768.15611113829,-125.675595434208));
#8930= IFCCARTESIANPOINT((210.,-1768.15611113829,-125.675595434208));
#8931= IFCPOLYLOOP((#8924,#8929,#8930,#8925));
#8932= IFCFACEOUTERBOUND(#8931,.T.);
#8933= IFCFACE((#8932));
#8934= IFCCARTESIANPOINT((-10.,-1746.04439976584,-98.7323971700971));
#8935= IFCCARTESIANPOINT((210.,-1746.04439976584,-98.7323971700971));
#8936= IFCPOLYLOOP((#8929,#8934,#8935,#8930));
#8937= IFCFACEOUTERBOUND(#8936,.T.);
#8938= IFCFACE((#8937));
#8939= IFCCARTESIANPOINT((-10.,-1729.61391595274,-67.9931240137666));
#8940= IFCCARTESIANPOINT((210.,-1729.61391595274,-67.9931240137666));
#8941= IFCPOLYLOOP((#8934,#8939,#8940,#8935));
#8942= IFCFACEOUTERBOUND(#8941,.T.);
#8943= IFCFACE((#8942));
#8944= IFCCARTESIANPOINT((-10.,-1719.49607397756,-34.6390689936816));
#8945= IFCCARTESIANPOINT((210.,-1719.49607397756,-34.6390689936816));
#8946= IFCPOLYLOOP((#8939,#8944,#8945,#8940));
#8947= IFCFACEOUTERBOUND(#8946,.T.);
#8948= IFCFACE((#8947));
#8949= IFCCARTESIANPOINT((-10.,-1716.07969683327,0.0479902607621625));
#8950= IFCCARTESIANPOINT((210.,-1716.07969683327,0.0479902607621625));
#8951= IFCPOLYLOOP((#8944,#8949,#8950,#8945));
#8952= IFCFACEOUTERBOUND(#8951,.T.);
#8953= IFCFACE((#8952));
#8954= IFCCARTESIANPOINT((-10.,-1719.49607397756,34.7350495152059));
#8955= IFCCARTESIANPOINT((210.,-1719.49607397756,34.7350495152059));
#8956= IFCPOLYLOOP((#8949,#8954,#8955,#8950));
#8957= IFCFACEOUTERBOUND(#8956,.T.);
#8958= IFCFACE((#8957));
#8959= IFCCARTESIANPOINT((-10.,-1729.61391595274,68.089104535291));
#8960= IFCCARTESIANPOINT((210.,-1729.61391595274,68.089104535291));
#8961= IFCPOLYLOOP((#8954,#8959,#8960,#8955));
#8962= IFCFACEOUTERBOUND(#8961,.T.);
#8963= IFCFACE((#8962));
#8964= IFCCARTESIANPOINT((-10.,-1746.04439976584,98.8283776916214));
#8965= IFCCARTESIANPOINT((210.,-1746.04439976584,98.8283776916214));
#8966= IFCPOLYLOOP((#8959,#8964,#8965,#8960));
#8967= IFCFACEOUTERBOUND(#8966,.T.);
#8968= IFCFACE((#8967));
#8969= IFCCARTESIANPOINT((-10.,-1768.15611113829,125.771575955732));
#8970= IFCCARTESIANPOINT((210.,-1768.15611113829,125.771575955732));
#8971= IFCPOLYLOOP((#8964,#8969,#8970,#8965));
#8972= IFCFACEOUTERBOUND(#8971,.T.);
#8973= IFCFACE((#8972));
#8974= IFCCARTESIANPOINT((-10.,-1795.0993094024,147.883287328179));
#8975= IFCCARTESIANPOINT((210.,-1795.0993094024,147.883287328179));
#8976= IFCPOLYLOOP((#8969,#8974,#8975,#8970));
#8977= IFCFACEOUTERBOUND(#8976,.T.);
#8978= IFCFACE((#8977));
#8979= IFCCARTESIANPOINT((-10.,-1825.83858255873,164.313771141286));
#8980= IFCCARTESIANPOINT((210.,-1825.83858255873,164.313771141286));
#8981= IFCPOLYLOOP((#8974,#8979,#8980,#8975));
#8982= IFCFACEOUTERBOUND(#8981,.T.);
#8983= IFCFACE((#8982));
#8984= IFCCARTESIANPOINT((-10.,-1859.19263757882,174.431613116467));
#8985= IFCCARTESIANPOINT((210.,-1859.19263757882,174.431613116467));
#8986= IFCPOLYLOOP((#8979,#8984,#8985,#8980));
#8987= IFCFACEOUTERBOUND(#8986,.T.);
#8988= IFCFACE((#8987));
#8989= IFCCARTESIANPOINT((-10.,-1893.87969683326,177.847990260751));
#8990= IFCCARTESIANPOINT((210.,-1893.87969683326,177.847990260751));
#8991= IFCPOLYLOOP((#8984,#8989,#8990,#8985));
#8992= IFCFACEOUTERBOUND(#8991,.T.);
#8993= IFCFACE((#8992));
#8994= IFCCARTESIANPOINT((-10.,-1928.5667560877,174.431613116467));
#8995= IFCCARTESIANPOINT((210.,-1928.5667560877,174.431613116467));
#8996= IFCPOLYLOOP((#8989,#8994,#8995,#8990));
#8997= IFCFACEOUTERBOUND(#8996,.T.);
#8998= IFCFACE((#8997));
#8999= IFCCARTESIANPOINT((-10.,-1961.92081110779,164.313771141286));
#9000= IFCCARTESIANPOINT((210.,-1961.92081110779,164.313771141286));
#9001= IFCPOLYLOOP((#8994,#8999,#9000,#8995));
#9002= IFCFACEOUTERBOUND(#9001,.T.);
#9003= IFCFACE((#9002));
#9004= IFCCARTESIANPOINT((-10.,-1992.66008426412,147.883287328179));
#9005= IFCCARTESIANPOINT((210.,-1992.66008426412,147.883287328179));
#9006= IFCPOLYLOOP((#8999,#9004,#9005,#9000));
#9007= IFCFACEOUTERBOUND(#9006,.T.);
#9008= IFCFACE((#9007));
#9009= IFCCARTESIANPOINT((-10.,-2019.60328252823,125.771575955732));
#9010= IFCCARTESIANPOINT((210.,-2019.60328252823,125.771575955732));
#9011= IFCPOLYLOOP((#9004,#9009,#9010,#9005));
#9012= IFCFACEOUTERBOUND(#9011,.T.);
#9013= IFCFACE((#9012));
#9014= IFCCARTESIANPOINT((-10.,-2041.71499390068,98.8283776916214));
#9015= IFCCARTESIANPOINT((210.,-2041.71499390068,98.8283776916214));
#9016= IFCPOLYLOOP((#9009,#9014,#9015,#9010));
#9017= IFCFACEOUTERBOUND(#9016,.T.);
#9018= IFCFACE((#9017));
#9019= IFCCARTESIANPOINT((-10.,-2058.14547771378,68.089104535291));
#9020= IFCCARTESIANPOINT((210.,-2058.14547771378,68.089104535291));
#9021= IFCPOLYLOOP((#9014,#9019,#9020,#9015));
#9022= IFCFACEOUTERBOUND(#9021,.T.);
#9023= IFCFACE((#9022));
#9024= IFCCARTESIANPOINT((-10.,-2068.26331968897,34.7350495152059));
#9025= IFCCARTESIANPOINT((210.,-2068.26331968897,34.7350495152059));
#9026= IFCPOLYLOOP((#9019,#9024,#9025,#9020));
#9027= IFCFACEOUTERBOUND(#9026,.T.);
#9028= IFCFACE((#9027));
#9029= IFCPOLYLOOP((#9024,#8872,#8875,#9025));
#9030= IFCFACEOUTERBOUND(#9029,.T.);
#9031= IFCFACE((#9030));
#9032= IFCPOLYLOOP((#8880,#8885,#8890,#8895,#8900,#8905,#8910,#8915,#8920,#8925,#8930,#8935,#8940,#8945,#8950,#8955,#8960,#8965,#8970,#8975,#8980,#8985,#8990,#8995,#9000,#9005,#9010,#9015,#9020,#9025,#8875,#8874));
#9033= IFCFACEOUTERBOUND(#9032,.T.);
#9034= IFCFACE((#9033));
#9035= IFCPOLYLOOP((#9024,#9019,#9014,#9009,#9004,#8999,#8994,#8989,#8984,#8979,#8974,#8969,#8964,#8959,#8954,#8949,#8944,#8939,#8934,#8929,#8924,#8919,#8914,#8909,#8904,#8899,#8894,#8889,#8884,#8879,#8873,#8872));
#9036= IFCFACEOUTERBOUND(#9035,.T.);
#9037= IFCFACE((#9036));
#9038= IFCCLOSEDSHELL((#8878,#8883,#8888,#8893,#8898,#8903,#8908,#8913,#8918,#8923,#8928,#8933,#8938,#8943,#8948,#8953,#8958,#8963,#8968,#8973,#8978,#8983,#8988,#8993,#8998,#9003,#9008,#9013,#9018,#9023,#9028,#9031,#9034,#9037));
#9039= IFCFACETEDBREP(#9038);
#9040= IFCBOOLEANRESULT(.DIFFERENCE.,#8871,#9039);
#9041= IFCCARTESIANPOINT((-10.,-1221.6797847455,0.0480051589547656));
#9042= IFCCARTESIANPOINT((-10.,-1218.26340760122,-34.639054095489));
#9043= IFCCARTESIANPOINT((210.,-1218.26340760122,-34.639054095489));
#9044= IFCCARTESIANPOINT((210.,-1221.6797847455,0.0480051589547656));
#9045= IFCPOLYLOOP((#9041,#9042,#9043,#9044));
#9046= IFCFACEOUTERBOUND(#9045,.T.);
#9047= IFCFACE((#9046));
#9048= IFCCARTESIANPOINT((-10.,-1208.14556562604,-67.993109115574));
#9049= IFCCARTESIANPOINT((210.,-1208.14556562604,-67.993109115574));
#9050= IFCPOLYLOOP((#9042,#9048,#9049,#9043));
#9051= IFCFACEOUTERBOUND(#9050,.T.);
#9052= IFCFACE((#9051));
#9053= IFCCARTESIANPOINT((-10.,-1191.71508181293,-98.7323822719045));
#9054= IFCCARTESIANPOINT((210.,-1191.71508181293,-98.7323822719045));
#9055= IFCPOLYLOOP((#9048,#9053,#9054,#9049));
#9056= IFCFACEOUTERBOUND(#9055,.T.);
#9057= IFCFACE((#9056));
#9058= IFCCARTESIANPOINT((-10.,-1169.60337044048,-125.675580536015));
#9059= IFCCARTESIANPOINT((210.,-1169.60337044048,-125.675580536015));
#9060= IFCPOLYLOOP((#9053,#9058,#9059,#9054));
#9061= IFCFACEOUTERBOUND(#9060,.T.);
#9062= IFCFACE((#9061));
#9063= IFCCARTESIANPOINT((-10.,-1142.66017217637,-147.787291908462));
#9064= IFCCARTESIANPOINT((210.,-1142.66017217637,-147.787291908462));
#9065= IFCPOLYLOOP((#9058,#9063,#9064,#9059));
#9066= IFCFACEOUTERBOUND(#9065,.T.);
#9067= IFCFACE((#9066));
#9068= IFCCARTESIANPOINT((-10.,-1111.92089902004,-164.217775721569));
#9069= IFCCARTESIANPOINT((210.,-1111.92089902004,-164.217775721569));
#9070= IFCPOLYLOOP((#9063,#9068,#9069,#9064));
#9071= IFCFACEOUTERBOUND(#9070,.T.);
#9072= IFCFACE((#9071));
#9073= IFCCARTESIANPOINT((-10.,-1078.56684399996,-174.33561769675));
#9074= IFCCARTESIANPOINT((210.,-1078.56684399996,-174.33561769675));
#9075= IFCPOLYLOOP((#9068,#9073,#9074,#9069));
#9076= IFCFACEOUTERBOUND(#9075,.T.);
#9077= IFCFACE((#9076));
#9078= IFCCARTESIANPOINT((-10.,-1043.87978474551,-177.751994841034));
#9079= IFCCARTESIANPOINT((210.,-1043.87978474551,-177.751994841034));
#9080= IFCPOLYLOOP((#9073,#9078,#9079,#9074));
#9081= IFCFACEOUTERBOUND(#9080,.T.);
#9082= IFCFACE((#9081));
#9083= IFCCARTESIANPOINT((-10.,-1009.19272549107,-174.33561769675));
#9084= IFCCARTESIANPOINT((210.,-1009.19272549107,-174.33561769675));
#9085= IFCPOLYLOOP((#9078,#9083,#9084,#9079));
#9086= IFCFACEOUTERBOUND(#9085,.T.);
#9087= IFCFACE((#9086));
#9088= IFCCARTESIANPOINT((-10.,-975.838670470985,-164.217775721569));
#9089= IFCCARTESIANPOINT((210.,-975.838670470985,-164.217775721569));
#9090= IFCPOLYLOOP((#9083,#9088,#9089,#9084));
#9091= IFCFACEOUTERBOUND(#9090,.T.);
#9092= IFCFACE((#9091));
#9093= IFCCARTESIANPOINT((-10.,-945.099397314654,-147.787291908462));
#9094= IFCCARTESIANPOINT((210.,-945.099397314654,-147.787291908462));
#9095= IFCPOLYLOOP((#9088,#9093,#9094,#9089));
#9096= IFCFACEOUTERBOUND(#9095,.T.);
#9097= IFCFACE((#9096));
#9098= IFCCARTESIANPOINT((-10.,-918.156199050543,-125.675580536015));
#9099= IFCCARTESIANPOINT((210.,-918.156199050543,-125.675580536015));
#9100= IFCPOLYLOOP((#9093,#9098,#9099,#9094));
#9101= IFCFACEOUTERBOUND(#9100,.T.);
#9102= IFCFACE((#9101));
#9103= IFCCARTESIANPOINT((-10.,-896.044487678097,-98.7323822719045));
#9104= IFCCARTESIANPOINT((210.,-896.044487678097,-98.7323822719045));
#9105= IFCPOLYLOOP((#9098,#9103,#9104,#9099));
#9106= IFCFACEOUTERBOUND(#9105,.T.);
#9107= IFCFACE((#9106));
#9108= IFCCARTESIANPOINT((-10.,-879.61400386499,-67.993109115574));
#9109= IFCCARTESIANPOINT((210.,-879.61400386499,-67.993109115574));
#9110= IFCPOLYLOOP((#9103,#9108,#9109,#9104));
#9111= IFCFACEOUTERBOUND(#9110,.T.);
#9112= IFCFACE((#9111));
#9113= IFCCARTESIANPOINT((-10.,-869.496161889809,-34.639054095489));
#9114= IFCCARTESIANPOINT((210.,-869.496161889809,-34.639054095489));
#9115= IFCPOLYLOOP((#9108,#9113,#9114,#9109));
#9116= IFCFACEOUTERBOUND(#9115,.T.);
#9117= IFCFACE((#9116));
#9118= IFCCARTESIANPOINT((-10.,-866.079784745525,0.0480051589547656));
#9119= IFCCARTESIANPOINT((210.,-866.079784745525,0.0480051589547656));
#9120= IFCPOLYLOOP((#9113,#9118,#9119,#9114));
#9121= IFCFACEOUTERBOUND(#9120,.T.);
#9122= IFCFACE((#9121));
#9123= IFCCARTESIANPOINT((-10.,-869.496161889809,34.7350644133985));
#9124= IFCCARTESIANPOINT((210.,-869.496161889809,34.7350644133985));
#9125= IFCPOLYLOOP((#9118,#9123,#9124,#9119));
#9126= IFCFACEOUTERBOUND(#9125,.T.);
#9127= IFCFACE((#9126));
#9128= IFCCARTESIANPOINT((-10.,-879.61400386499,68.0891194334836));
#9129= IFCCARTESIANPOINT((210.,-879.61400386499,68.0891194334836));
#9130= IFCPOLYLOOP((#9123,#9128,#9129,#9124));
#9131= IFCFACEOUTERBOUND(#9130,.T.);
#9132= IFCFACE((#9131));
#9133= IFCCARTESIANPOINT((-10.,-896.044487678097,98.828392589814));
#9134= IFCCARTESIANPOINT((210.,-896.044487678097,98.828392589814));
#9135= IFCPOLYLOOP((#9128,#9133,#9134,#9129));
#9136= IFCFACEOUTERBOUND(#9135,.T.);
#9137= IFCFACE((#9136));
#9138= IFCCARTESIANPOINT((-10.,-918.156199050543,125.771590853925));
#9139= IFCCARTESIANPOINT((210.,-918.156199050543,125.771590853925));
#9140= IFCPOLYLOOP((#9133,#9138,#9139,#9134));
#9141= IFCFACEOUTERBOUND(#9140,.T.);
#9142= IFCFACE((#9141));
#9143= IFCCARTESIANPOINT((-10.,-945.099397314654,147.883302226372));
#9144= IFCCARTESIANPOINT((210.,-945.099397314654,147.883302226372));
#9145= IFCPOLYLOOP((#9138,#9143,#9144,#9139));
#9146= IFCFACEOUTERBOUND(#9145,.T.);
#9147= IFCFACE((#9146));
#9148= IFCCARTESIANPOINT((-10.,-975.838670470985,164.313786039478));
#9149= IFCCARTESIANPOINT((210.,-975.838670470985,164.313786039478));
#9150= IFCPOLYLOOP((#9143,#9148,#9149,#9144));
#9151= IFCFACEOUTERBOUND(#9150,.T.);
#9152= IFCFACE((#9151));
#9153= IFCCARTESIANPOINT((-10.,-1009.19272549107,174.43162801466));
#9154= IFCCARTESIANPOINT((210.,-1009.19272549107,174.43162801466));
#9155= IFCPOLYLOOP((#9148,#9153,#9154,#9149));
#9156= IFCFACEOUTERBOUND(#9155,.T.);
#9157= IFCFACE((#9156));
#9158= IFCCARTESIANPOINT((-10.,-1043.87978474551,177.848005158943));
#9159= IFCCARTESIANPOINT((210.,-1043.87978474551,177.848005158943));
#9160= IFCPOLYLOOP((#9153,#9158,#9159,#9154));
#9161= IFCFACEOUTERBOUND(#9160,.T.);
#9162= IFCFACE((#9161));
#9163= IFCCARTESIANPOINT((-10.,-1078.56684399996,174.43162801466));
#9164= IFCCARTESIANPOINT((210.,-1078.56684399996,174.43162801466));
#9165= IFCPOLYLOOP((#9158,#9163,#9164,#9159));
#9166= IFCFACEOUTERBOUND(#9165,.T.);
#9167= IFCFACE((#9166));
#9168= IFCCARTESIANPOINT((-10.,-1111.92089902004,164.313786039478));
#9169= IFCCARTESIANPOINT((210.,-1111.92089902004,164.313786039478));
#9170= IFCPOLYLOOP((#9163,#9168,#9169,#9164));
#9171= IFCFACEOUTERBOUND(#9170,.T.);
#9172= IFCFACE((#9171));
#9173= IFCCARTESIANPOINT((-10.,-1142.66017217637,147.883302226372));
#9174= IFCCARTESIANPOINT((210.,-1142.66017217637,147.883302226372));
#9175= IFCPOLYLOOP((#9168,#9173,#9174,#9169));
#9176= IFCFACEOUTERBOUND(#9175,.T.);
#9177= IFCFACE((#9176));
#9178= IFCCARTESIANPOINT((-10.,-1169.60337044048,125.771590853925));
#9179= IFCCARTESIANPOINT((210.,-1169.60337044048,125.771590853925));
#9180= IFCPOLYLOOP((#9173,#9178,#9179,#9174));
#9181= IFCFACEOUTERBOUND(#9180,.T.);
#9182= IFCFACE((#9181));
#9183= IFCCARTESIANPOINT((-10.,-1191.71508181293,98.828392589814));
#9184= IFCCARTESIANPOINT((210.,-1191.71508181293,98.828392589814));
#9185= IFCPOLYLOOP((#9178,#9183,#9184,#9179));
#9186= IFCFACEOUTERBOUND(#9185,.T.);
#9187= IFCFACE((#9186));
#9188= IFCCARTESIANPOINT((-10.,-1208.14556562604,68.0891194334836));
#9189= IFCCARTESIANPOINT((210.,-1208.14556562604,68.0891194334836));
#9190= IFCPOLYLOOP((#9183,#9188,#9189,#9184));
#9191= IFCFACEOUTERBOUND(#9190,.T.);
#9192= IFCFACE((#9191));
#9193= IFCCARTESIANPOINT((-10.,-1218.26340760122,34.7350644133985));
#9194= IFCCARTESIANPOINT((210.,-1218.26340760122,34.7350644133985));
#9195= IFCPOLYLOOP((#9188,#9193,#9194,#9189));
#9196= IFCFACEOUTERBOUND(#9195,.T.);
#9197= IFCFACE((#9196));
#9198= IFCPOLYLOOP((#9193,#9041,#9044,#9194));
#9199= IFCFACEOUTERBOUND(#9198,.T.);
#9200= IFCFACE((#9199));
#9201= IFCPOLYLOOP((#9049,#9054,#9059,#9064,#9069,#9074,#9079,#9084,#9089,#9094,#9099,#9104,#9109,#9114,#9119,#9124,#9129,#9134,#9139,#9144,#9149,#9154,#9159,#9164,#9169,#9174,#9179,#9184,#9189,#9194,#9044,#9043));
#9202= IFCFACEOUTERBOUND(#9201,.T.);
#9203= IFCFACE((#9202));
#9204= IFCPOLYLOOP((#9193,#9188,#9183,#9178,#9173,#9168,#9163,#9158,#9153,#9148,#9143,#9138,#9133,#9128,#9123,#9118,#9113,#9108,#9103,#9098,#9093,#9088,#9083,#9078,#9073,#9068,#9063,#9058,#9053,#9048,#9042,#9041));
#9205= IFCFACEOUTERBOUND(#9204,.T.);
#9206= IFCFACE((#9205));
#9207= IFCCLOSEDSHELL((#9047,#9052,#9057,#9062,#9067,#9072,#9077,#9082,#9087,#9092,#9097,#9102,#9107,#9112,#9117,#9122,#9127,#9132,#9137,#9142,#9147,#9152,#9157,#9162,#9167,#9172,#9177,#9182,#9187,#9192,#9197,#9200,#9203,#9206));
#9208= IFCFACETEDBREP(#9207);
#9209= IFCBOOLEANRESULT(.DIFFERENCE.,#9040,#9208);
#9210= IFCCARTESIANPOINT((-10.,-626.329690396204,380.047955690068));
#9211= IFCCARTESIANPOINT((-10.,-622.946135616337,363.037677121465));
#9212= IFCCARTESIANPOINT((210.,-622.946135616337,363.037677121465));
#9213= IFCCARTESIANPOINT((210.,-626.329690396204,380.047955690068));
#9214= IFCPOLYLOOP((#9210,#9211,#9212,#9213));
#9215= IFCFACEOUTERBOUND(#9214,.T.);
#9216= IFCFACE((#9215));
#9217= IFCCARTESIANPOINT((-10.,-613.310586819949,348.617059266311));
#9218= IFCCARTESIANPOINT((210.,-613.310586819949,348.617059266311));
#9219= IFCPOLYLOOP((#9211,#9217,#9218,#9212));
#9220= IFCFACEOUTERBOUND(#9219,.T.);
#9221= IFCFACE((#9220));
#9222= IFCCARTESIANPOINT((-10.,-598.889968964795,338.981510469923));
#9223= IFCCARTESIANPOINT((210.,-598.889968964795,338.981510469923));
#9224= IFCPOLYLOOP((#9217,#9222,#9223,#9218));
#9225= IFCFACEOUTERBOUND(#9224,.T.);
#9226= IFCFACE((#9225));
#9227= IFCCARTESIANPOINT((-10.,-581.879690396192,335.597955690057));
#9228= IFCCARTESIANPOINT((210.,-581.879690396192,335.597955690057));
#9229= IFCPOLYLOOP((#9222,#9227,#9228,#9223));
#9230= IFCFACEOUTERBOUND(#9229,.T.);
#9231= IFCFACE((#9230));
#9232= IFCCARTESIANPOINT((-10.,-564.869411827589,338.981510469923));
#9233= IFCCARTESIANPOINT((210.,-564.869411827589,338.981510469923));
#9234= IFCPOLYLOOP((#9227,#9232,#9233,#9228));
#9235= IFCFACEOUTERBOUND(#9234,.T.);
#9236= IFCFACE((#9235));
#9237= IFCCARTESIANPOINT((-10.,-550.448793972435,348.617059266311));
#9238= IFCCARTESIANPOINT((210.,-550.448793972435,348.617059266311));
#9239= IFCPOLYLOOP((#9232,#9237,#9238,#9233));
#9240= IFCFACEOUTERBOUND(#9239,.T.);
#9241= IFCFACE((#9240));
#9242= IFCCARTESIANPOINT((-10.,-540.813245176047,363.037677121465));
#9243= IFCCARTESIANPOINT((210.,-540.813245176047,363.037677121465));
#9244= IFCPOLYLOOP((#9237,#9242,#9243,#9238));
#9245= IFCFACEOUTERBOUND(#9244,.T.);
#9246= IFCFACE((#9245));
#9247= IFCCARTESIANPOINT((-10.,-537.42969039618,380.047955690068));
#9248= IFCCARTESIANPOINT((210.,-537.42969039618,380.047955690068));
#9249= IFCPOLYLOOP((#9242,#9247,#9248,#9243));
#9250= IFCFACEOUTERBOUND(#9249,.T.);
#9251= IFCFACE((#9250));
#9252= IFCCARTESIANPOINT((-10.,-540.813245176047,397.058234258671));
#9253= IFCCARTESIANPOINT((210.,-540.813245176047,397.058234258671));
#9254= IFCPOLYLOOP((#9247,#9252,#9253,#9248));
#9255= IFCFACEOUTERBOUND(#9254,.T.);
#9256= IFCFACE((#9255));
#9257= IFCCARTESIANPOINT((-10.,-550.448793972435,411.478852113825));
#9258= IFCCARTESIANPOINT((210.,-550.448793972435,411.478852113825));
#9259= IFCPOLYLOOP((#9252,#9257,#9258,#9253));
#9260= IFCFACEOUTERBOUND(#9259,.T.);
#9261= IFCFACE((#9260));
#9262= IFCCARTESIANPOINT((-10.,-564.869411827589,421.114400910214));
#9263= IFCCARTESIANPOINT((210.,-564.869411827589,421.114400910214));
#9264= IFCPOLYLOOP((#9257,#9262,#9263,#9258));
#9265= IFCFACEOUTERBOUND(#9264,.T.);
#9266= IFCFACE((#9265));
#9267= IFCCARTESIANPOINT((-10.,-581.879690396192,424.49795569008));
#9268= IFCCARTESIANPOINT((210.,-581.879690396192,424.49795569008));
#9269= IFCPOLYLOOP((#9262,#9267,#9268,#9263));
#9270= IFCFACEOUTERBOUND(#9269,.T.);
#9271= IFCFACE((#9270));
#9272= IFCCARTESIANPOINT((-10.,-598.889968964795,421.114400910214));
#9273= IFCCARTESIANPOINT((210.,-598.889968964795,421.114400910214));
#9274= IFCPOLYLOOP((#9267,#9272,#9273,#9268));
#9275= IFCFACEOUTERBOUND(#9274,.T.);
#9276= IFCFACE((#9275));
#9277= IFCCARTESIANPOINT((-10.,-613.310586819949,411.478852113825));
#9278= IFCCARTESIANPOINT((210.,-613.310586819949,411.478852113825));
#9279= IFCPOLYLOOP((#9272,#9277,#9278,#9273));
#9280= IFCFACEOUTERBOUND(#9279,.T.);
#9281= IFCFACE((#9280));
#9282= IFCCARTESIANPOINT((-10.,-622.946135616337,397.058234258671));
#9283= IFCCARTESIANPOINT((210.,-622.946135616337,397.058234258671));
#9284= IFCPOLYLOOP((#9277,#9282,#9283,#9278));
#9285= IFCFACEOUTERBOUND(#9284,.T.);
#9286= IFCFACE((#9285));
#9287= IFCPOLYLOOP((#9282,#9210,#9213,#9283));
#9288= IFCFACEOUTERBOUND(#9287,.T.);
#9289= IFCFACE((#9288));
#9290= IFCPOLYLOOP((#9218,#9223,#9228,#9233,#9238,#9243,#9248,#9253,#9258,#9263,#9268,#9273,#9278,#9283,#9213,#9212));
#9291= IFCFACEOUTERBOUND(#9290,.T.);
#9292= IFCFACE((#9291));
#9293= IFCPOLYLOOP((#9282,#9277,#9272,#9267,#9262,#9257,#9252,#9247,#9242,#9237,#9232,#9227,#9222,#9217,#9211,#9210));
#9294= IFCFACEOUTERBOUND(#9293,.T.);
#9295= IFCFACE((#9294));
#9296= IFCCLOSEDSHELL((#9216,#9221,#9226,#9231,#9236,#9241,#9246,#9251,#9256,#9261,#9266,#9271,#9276,#9281,#9286,#9289,#9292,#9295));
#9297= IFCFACETEDBREP(#9296);
#9298= IFCBOOLEANRESULT(.DIFFERENCE.,#9209,#9297);
#9299= IFCCARTESIANPOINT((-10.,-242.733186461322,0.0479902609949932));
#9300= IFCCARTESIANPOINT((-10.,-239.563057281193,-40.2323201422114));
#9301= IFCCARTESIANPOINT((210.,-239.563057281193,-40.2323201422114));
#9302= IFCCARTESIANPOINT((210.,-242.733186461322,0.0479902609949932));
#9303= IFCPOLYLOOP((#9299,#9300,#9301,#9302));
#9304= IFCFACEOUTERBOUND(#9303,.T.);
#9305= IFCFACE((#9304));
#9306= IFCCARTESIANPOINT((-10.,-230.130728842167,-79.5207956206286));
#9307= IFCCARTESIANPOINT((210.,-230.130728842167,-79.5207956206286));
#9308= IFCPOLYLOOP((#9300,#9306,#9307,#9301));
#9309= IFCFACEOUTERBOUND(#9308,.T.);
#9310= IFCFACE((#9309));
#9311= IFCCARTESIANPOINT((-10.,-214.668456374609,-116.850023516919));
#9312= IFCCARTESIANPOINT((210.,-214.668456374609,-116.850023516919));
#9313= IFCPOLYLOOP((#9306,#9311,#9312,#9307));
#9314= IFCFACEOUTERBOUND(#9313,.T.);
#9315= IFCFACE((#9314));
#9316= IFCCARTESIANPOINT((-10.,-193.556972342951,-151.300834351801));
#9317= IFCCARTESIANPOINT((210.,-193.556972342951,-151.300834351801));
#9318= IFCPOLYLOOP((#9311,#9316,#9317,#9312));
#9319= IFCFACEOUTERBOUND(#9318,.T.);
#9320= IFCFACE((#9319));
#9321= IFCCARTESIANPOINT((-10.,-167.316111549037,-182.02493482671));
#9322= IFCCARTESIANPOINT((210.,-167.316111549037,-182.02493482671));
#9323= IFCPOLYLOOP((#9316,#9321,#9322,#9317));
#9324= IFCFACEOUTERBOUND(#9323,.T.);
#9325= IFCFACE((#9324));
#9326= IFCCARTESIANPOINT((-10.,-136.592011074128,-208.265795620624));
#9327= IFCCARTESIANPOINT((210.,-136.592011074128,-208.265795620624));
#9328= IFCPOLYLOOP((#9321,#9326,#9327,#9322));
#9329= IFCFACEOUTERBOUND(#9328,.T.);
#9330= IFCFACE((#9329));
#9331= IFCCARTESIANPOINT((-10.,-102.141200239246,-229.377279652283));
#9332= IFCCARTESIANPOINT((210.,-102.141200239246,-229.377279652283));
#9333= IFCPOLYLOOP((#9326,#9331,#9332,#9327));
#9334= IFCFACEOUTERBOUND(#9333,.T.);
#9335= IFCFACE((#9334));
#9336= IFCCARTESIANPOINT((-10.,-64.8119723429554,-244.83955211984));
#9337= IFCCARTESIANPOINT((210.,-64.8119723429554,-244.83955211984));
#9338= IFCPOLYLOOP((#9331,#9336,#9337,#9332));
#9339= IFCFACEOUTERBOUND(#9338,.T.);
#9340= IFCFACE((#9339));
#9341= IFCCARTESIANPOINT((-10.,-25.5234968645382,-254.271880558867));
#9342= IFCCARTESIANPOINT((210.,-25.5234968645382,-254.271880558867));
#9343= IFCPOLYLOOP((#9336,#9341,#9342,#9337));
#9344= IFCFACEOUTERBOUND(#9343,.T.);
#9345= IFCFACE((#9344));
#9346= IFCCARTESIANPOINT((-10.,14.7568135386682,-257.442009738996));
#9347= IFCCARTESIANPOINT((210.,14.7568135386682,-257.442009738996));
#9348= IFCPOLYLOOP((#9341,#9346,#9347,#9342));
#9349= IFCFACEOUTERBOUND(#9348,.T.);
#9350= IFCFACE((#9349));
#9351= IFCCARTESIANPOINT((-10.,55.0371239418746,-254.271880558867));
#9352= IFCCARTESIANPOINT((210.,55.0371239418746,-254.271880558867));
#9353= IFCPOLYLOOP((#9346,#9351,#9352,#9347));
#9354= IFCFACEOUTERBOUND(#9353,.T.);
#9355= IFCFACE((#9354));
#9356= IFCCARTESIANPOINT((-10.,94.3255994202918,-244.83955211984));
#9357= IFCCARTESIANPOINT((210.,94.3255994202918,-244.83955211984));
#9358= IFCPOLYLOOP((#9351,#9356,#9357,#9352));
#9359= IFCFACEOUTERBOUND(#9358,.T.);
#9360= IFCFACE((#9359));
#9361= IFCCARTESIANPOINT((-10.,131.654827316583,-229.377279652283));
#9362= IFCCARTESIANPOINT((210.,131.654827316583,-229.377279652283));
#9363= IFCPOLYLOOP((#9356,#9361,#9362,#9357));
#9364= IFCFACEOUTERBOUND(#9363,.T.);
#9365= IFCFACE((#9364));
#9366= IFCCARTESIANPOINT((-10.,166.105638151465,-208.265795620624));
#9367= IFCCARTESIANPOINT((210.,166.105638151465,-208.265795620624));
#9368= IFCPOLYLOOP((#9361,#9366,#9367,#9362));
#9369= IFCFACEOUTERBOUND(#9368,.T.);
#9370= IFCFACE((#9369));
#9371= IFCCARTESIANPOINT((-10.,196.829738626373,-182.02493482671));
#9372= IFCCARTESIANPOINT((210.,196.829738626373,-182.02493482671));
#9373= IFCPOLYLOOP((#9366,#9371,#9372,#9367));
#9374= IFCFACEOUTERBOUND(#9373,.T.);
#9375= IFCFACE((#9374));
#9376= IFCCARTESIANPOINT((-10.,223.070599420287,-151.300834351801));
#9377= IFCCARTESIANPOINT((210.,223.070599420287,-151.300834351801));
#9378= IFCPOLYLOOP((#9371,#9376,#9377,#9372));
#9379= IFCFACEOUTERBOUND(#9378,.T.);
#9380= IFCFACE((#9379));
#9381= IFCCARTESIANPOINT((-10.,244.182083451946,-116.850023516919));
#9382= IFCCARTESIANPOINT((210.,244.182083451946,-116.850023516919));
#9383= IFCPOLYLOOP((#9376,#9381,#9382,#9377));
#9384= IFCFACEOUTERBOUND(#9383,.T.);
#9385= IFCFACE((#9384));
#9386= IFCCARTESIANPOINT((-10.,259.644355919503,-79.5207956206286));
#9387= IFCCARTESIANPOINT((210.,259.644355919503,-79.5207956206286));
#9388= IFCPOLYLOOP((#9381,#9386,#9387,#9382));
#9389= IFCFACEOUTERBOUND(#9388,.T.);
#9390= IFCFACE((#9389));
#9391= IFCCARTESIANPOINT((-10.,269.07668435853,-40.2323201422114));
#9392= IFCCARTESIANPOINT((210.,269.07668435853,-40.2323201422114));
#9393= IFCPOLYLOOP((#9386,#9391,#9392,#9387));
#9394= IFCFACEOUTERBOUND(#9393,.T.);
#9395= IFCFACE((#9394));
#9396= IFCCARTESIANPOINT((-10.,272.246813538659,0.0479902609949932));
#9397= IFCCARTESIANPOINT((210.,272.246813538659,0.0479902609949932));
#9398= IFCPOLYLOOP((#9391,#9396,#9397,#9392));
#9399= IFCFACEOUTERBOUND(#9398,.T.);
#9400= IFCFACE((#9399));
#9401= IFCCARTESIANPOINT((-10.,269.07668435853,40.3283006642014));
#9402= IFCCARTESIANPOINT((210.,269.07668435853,40.3283006642014));
#9403= IFCPOLYLOOP((#9396,#9401,#9402,#9397));
#9404= IFCFACEOUTERBOUND(#9403,.T.);
#9405= IFCFACE((#9404));
#9406= IFCCARTESIANPOINT((-10.,259.644355919503,79.6167761426186));
#9407= IFCCARTESIANPOINT((210.,259.644355919503,79.6167761426186));
#9408= IFCPOLYLOOP((#9401,#9406,#9407,#9402));
#9409= IFCFACEOUTERBOUND(#9408,.T.);
#9410= IFCFACE((#9409));
#9411= IFCCARTESIANPOINT((-10.,244.182083451946,116.946004038909));
#9412= IFCCARTESIANPOINT((210.,244.182083451946,116.946004038909));
#9413= IFCPOLYLOOP((#9406,#9411,#9412,#9407));
#9414= IFCFACEOUTERBOUND(#9413,.T.);
#9415= IFCFACE((#9414));
#9416= IFCCARTESIANPOINT((-10.,223.070599420287,151.396814873791));
#9417= IFCCARTESIANPOINT((210.,223.070599420287,151.396814873791));
#9418= IFCPOLYLOOP((#9411,#9416,#9417,#9412));
#9419= IFCFACEOUTERBOUND(#9418,.T.);
#9420= IFCFACE((#9419));
#9421= IFCCARTESIANPOINT((-10.,196.829738626373,182.1209153487));
#9422= IFCCARTESIANPOINT((210.,196.829738626373,182.1209153487));
#9423= IFCPOLYLOOP((#9416,#9421,#9422,#9417));
#9424= IFCFACEOUTERBOUND(#9423,.T.);
#9425= IFCFACE((#9424));
#9426= IFCCARTESIANPOINT((-10.,166.105638151465,208.361776142614));
#9427= IFCCARTESIANPOINT((210.,166.105638151465,208.361776142614));
#9428= IFCPOLYLOOP((#9421,#9426,#9427,#9422));
#9429= IFCFACEOUTERBOUND(#9428,.T.);
#9430= IFCFACE((#9429));
#9431= IFCCARTESIANPOINT((-10.,131.654827316583,229.473260174273));
#9432= IFCCARTESIANPOINT((210.,131.654827316583,229.473260174273));
#9433= IFCPOLYLOOP((#9426,#9431,#9432,#9427));
#9434= IFCFACEOUTERBOUND(#9433,.T.);
#9435= IFCFACE((#9434));
#9436= IFCCARTESIANPOINT((-10.,94.3255994202918,244.93553264183));
#9437= IFCCARTESIANPOINT((210.,94.3255994202918,244.93553264183));
#9438= IFCPOLYLOOP((#9431,#9436,#9437,#9432));
#9439= IFCFACEOUTERBOUND(#9438,.T.);
#9440= IFCFACE((#9439));
#9441= IFCCARTESIANPOINT((-10.,55.0371239418746,254.367861080857));
#9442= IFCCARTESIANPOINT((210.,55.0371239418746,254.367861080857));
#9443= IFCPOLYLOOP((#9436,#9441,#9442,#9437));
#9444= IFCFACEOUTERBOUND(#9443,.T.);
#9445= IFCFACE((#9444));
#9446= IFCCARTESIANPOINT((-10.,14.7568135386682,257.537990260986));
#9447= IFCCARTESIANPOINT((210.,14.7568135386682,257.537990260986));
#9448= IFCPOLYLOOP((#9441,#9446,#9447,#9442));
#9449= IFCFACEOUTERBOUND(#9448,.T.);
#9450= IFCFACE((#9449));
#9451= IFCCARTESIANPOINT((-10.,-25.5234968645382,254.367861080857));
#9452= IFCCARTESIANPOINT((210.,-25.5234968645382,254.367861080857));
#9453= IFCPOLYLOOP((#9446,#9451,#9452,#9447));
#9454= IFCFACEOUTERBOUND(#9453,.T.);
#9455= IFCFACE((#9454));
#9456= IFCCARTESIANPOINT((-10.,-64.8119723429554,244.93553264183));
#9457= IFCCARTESIANPOINT((210.,-64.8119723429554,244.93553264183));
#9458= IFCPOLYLOOP((#9451,#9456,#9457,#9452));
#9459= IFCFACEOUTERBOUND(#9458,.T.);
#9460= IFCFACE((#9459));
#9461= IFCCARTESIANPOINT((-10.,-102.141200239246,229.473260174273));
#9462= IFCCARTESIANPOINT((210.,-102.141200239246,229.473260174273));
#9463= IFCPOLYLOOP((#9456,#9461,#9462,#9457));
#9464= IFCFACEOUTERBOUND(#9463,.T.);
#9465= IFCFACE((#9464));
#9466= IFCCARTESIANPOINT((-10.,-136.592011074128,208.361776142614));
#9467= IFCCARTESIANPOINT((210.,-136.592011074128,208.361776142614));
#9468= IFCPOLYLOOP((#9461,#9466,#9467,#9462));
#9469= IFCFACEOUTERBOUND(#9468,.T.);
#9470= IFCFACE((#9469));
#9471= IFCCARTESIANPOINT((-10.,-167.316111549037,182.1209153487));
#9472= IFCCARTESIANPOINT((210.,-167.316111549037,182.1209153487));
#9473= IFCPOLYLOOP((#9466,#9471,#9472,#9467));
#9474= IFCFACEOUTERBOUND(#9473,.T.);
#9475= IFCFACE((#9474));
#9476= IFCCARTESIANPOINT((-10.,-193.556972342951,151.396814873791));
#9477= IFCCARTESIANPOINT((210.,-193.556972342951,151.396814873791));
#9478= IFCPOLYLOOP((#9471,#9476,#9477,#9472));
#9479= IFCFACEOUTERBOUND(#9478,.T.);
#9480= IFCFACE((#9479));
#9481= IFCCARTESIANPOINT((-10.,-214.668456374609,116.946004038909));
#9482= IFCCARTESIANPOINT((210.,-214.668456374609,116.946004038909));
#9483= IFCPOLYLOOP((#9476,#9481,#9482,#9477));
#9484= IFCFACEOUTERBOUND(#9483,.T.);
#9485= IFCFACE((#9484));
#9486= IFCCARTESIANPOINT((-10.,-230.130728842167,79.6167761426186));
#9487= IFCCARTESIANPOINT((210.,-230.130728842167,79.6167761426186));
#9488= IFCPOLYLOOP((#9481,#9486,#9487,#9482));
#9489= IFCFACEOUTERBOUND(#9488,.T.);
#9490= IFCFACE((#9489));
#9491= IFCCARTESIANPOINT((-10.,-239.563057281193,40.3283006642014));
#9492= IFCCARTESIANPOINT((210.,-239.563057281193,40.3283006642014));
#9493= IFCPOLYLOOP((#9486,#9491,#9492,#9487));
#9494= IFCFACEOUTERBOUND(#9493,.T.);
#9495= IFCFACE((#9494));
#9496= IFCPOLYLOOP((#9491,#9299,#9302,#9492));
#9497= IFCFACEOUTERBOUND(#9496,.T.);
#9498= IFCFACE((#9497));
#9499= IFCPOLYLOOP((#9307,#9312,#9317,#9322,#9327,#9332,#9337,#9342,#9347,#9352,#9357,#9362,#9367,#9372,#9377,#9382,#9387,#9392,#9397,#9402,#9407,#9412,#9417,#9422,#9427,#9432,#9437,#9442,#9447,#9452,#9457,#9462,#9467,#9472,#9477,#9482,#9487,#9492,#9302,#9301));
#9500= IFCFACEOUTERBOUND(#9499,.T.);
#9501= IFCFACE((#9500));
#9502= IFCPOLYLOOP((#9491,#9486,#9481,#9476,#9471,#9466,#9461,#9456,#9451,#9446,#9441,#9436,#9431,#9426,#9421,#9416,#9411,#9406,#9401,#9396,#9391,#9386,#9381,#9376,#9371,#9366,#9361,#9356,#9351,#9346,#9341,#9336,#9331,#9326,#9321,#9316,#9311,#9306,#9300,#9299));
#9503= IFCFACEOUTERBOUND(#9502,.T.);
#9504= IFCFACE((#9503));
#9505= IFCCLOSEDSHELL((#9305,#9310,#9315,#9320,#9325,#9330,#9335,#9340,#9345,#9350,#9355,#9360,#9365,#9370,#9375,#9380,#9385,#9390,#9395,#9400,#9405,#9410,#9415,#9420,#9425,#9430,#9435,#9440,#9445,#9450,#9455,#9460,#9465,#9470,#9475,#9480,#9485,#9490,#9495,#9498,#9501,#9504));
#9506= IFCFACETEDBREP(#9505);
#9507= IFCBOOLEANRESULT(.DIFFERENCE.,#9298,#9506);
#9508= IFCCARTESIANPOINT((-10.,599.970123398991,0.0479902609367855));
#9509= IFCCARTESIANPOINT((-10.,602.767243492766,-17.6123309676186));
#9510= IFCCARTESIANPOINT((210.,602.767243492766,-17.6123309676186));
#9511= IFCCARTESIANPOINT((210.,599.970123398991,0.0479902609367855));
#9512= IFCPOLYLOOP((#9508,#9509,#9510,#9511));
#9513= IFCFACEOUTERBOUND(#9512,.T.);
#9514= IFCFACE((#9513));
#9515= IFCCARTESIANPOINT((-10.,610.884802170505,-33.5439369076048));
#9516= IFCCARTESIANPOINT((210.,610.884802170505,-33.5439369076048));
#9517= IFCPOLYLOOP((#9509,#9515,#9516,#9510));
#9518= IFCFACEOUTERBOUND(#9517,.T.);
#9519= IFCFACE((#9518));
#9520= IFCCARTESIANPOINT((-10.,623.528196230473,-46.1873309675721));
#9521= IFCCARTESIANPOINT((210.,623.528196230473,-46.1873309675721));
#9522= IFCPOLYLOOP((#9515,#9520,#9521,#9516));
#9523= IFCFACEOUTERBOUND(#9522,.T.);
#9524= IFCFACE((#9523));
#9525= IFCCARTESIANPOINT((-10.,639.459802170459,-54.3048896453111));
#9526= IFCCARTESIANPOINT((210.,639.459802170459,-54.3048896453111));
#9527= IFCPOLYLOOP((#9520,#9525,#9526,#9521));
#9528= IFCFACEOUTERBOUND(#9527,.T.);
#9529= IFCFACE((#9528));
#9530= IFCCARTESIANPOINT((-10.,657.120123399014,-57.1020097390865));
#9531= IFCCARTESIANPOINT((210.,657.120123399014,-57.1020097390865));
#9532= IFCPOLYLOOP((#9525,#9530,#9531,#9526));
#9533= IFCFACEOUTERBOUND(#9532,.T.);
#9534= IFCFACE((#9533));
#9535= IFCCARTESIANPOINT((-10.,674.78044462757,-54.3048896453111));
#9536= IFCCARTESIANPOINT((210.,674.78044462757,-54.3048896453111));
#9537= IFCPOLYLOOP((#9530,#9535,#9536,#9531));
#9538= IFCFACEOUTERBOUND(#9537,.T.);
#9539= IFCFACE((#9538));
#9540= IFCCARTESIANPOINT((-10.,690.712050567556,-46.1873309675721));
#9541= IFCCARTESIANPOINT((210.,690.712050567556,-46.1873309675721));
#9542= IFCPOLYLOOP((#9535,#9540,#9541,#9536));
#9543= IFCFACEOUTERBOUND(#9542,.T.);
#9544= IFCFACE((#9543));
#9545= IFCCARTESIANPOINT((-10.,703.355444627523,-33.5439369076048));
#9546= IFCCARTESIANPOINT((210.,703.355444627523,-33.5439369076048));
#9547= IFCPOLYLOOP((#9540,#9545,#9546,#9541));
#9548= IFCFACEOUTERBOUND(#9547,.T.);
#9549= IFCFACE((#9548));
#9550= IFCCARTESIANPOINT((-10.,711.473003305262,-17.6123309676186));
#9551= IFCCARTESIANPOINT((210.,711.473003305262,-17.6123309676186));
#9552= IFCPOLYLOOP((#9545,#9550,#9551,#9546));
#9553= IFCFACEOUTERBOUND(#9552,.T.);
#9554= IFCFACE((#9553));
#9555= IFCCARTESIANPOINT((-10.,714.270123399037,0.0479902609367855));
#9556= IFCCARTESIANPOINT((210.,714.270123399037,0.0479902609367855));
#9557= IFCPOLYLOOP((#9550,#9555,#9556,#9551));
#9558= IFCFACEOUTERBOUND(#9557,.T.);
#9559= IFCFACE((#9558));
#9560= IFCCARTESIANPOINT((-10.,711.473003305262,17.7083114894922));
#9561= IFCCARTESIANPOINT((210.,711.473003305262,17.7083114894922));
#9562= IFCPOLYLOOP((#9555,#9560,#9561,#9556));
#9563= IFCFACEOUTERBOUND(#9562,.T.);
#9564= IFCFACE((#9563));
#9565= IFCCARTESIANPOINT((-10.,703.355444627523,33.6399174294784));
#9566= IFCCARTESIANPOINT((210.,703.355444627523,33.6399174294784));
#9567= IFCPOLYLOOP((#9560,#9565,#9566,#9561));
#9568= IFCFACEOUTERBOUND(#9567,.T.);
#9569= IFCFACE((#9568));
#9570= IFCCARTESIANPOINT((-10.,690.712050567556,46.2833114894456));
#9571= IFCCARTESIANPOINT((210.,690.712050567556,46.2833114894456));
#9572= IFCPOLYLOOP((#9565,#9570,#9571,#9566));
#9573= IFCFACEOUTERBOUND(#9572,.T.);
#9574= IFCFACE((#9573));
#9575= IFCCARTESIANPOINT((-10.,674.78044462757,54.4008701671846));
#9576= IFCCARTESIANPOINT((210.,674.78044462757,54.4008701671846));
#9577= IFCPOLYLOOP((#9570,#9575,#9576,#9571));
#9578= IFCFACEOUTERBOUND(#9577,.T.);
#9579= IFCFACE((#9578));
#9580= IFCCARTESIANPOINT((-10.,657.120123399014,57.1979902609601));
#9581= IFCCARTESIANPOINT((210.,657.120123399014,57.1979902609601));
#9582= IFCPOLYLOOP((#9575,#9580,#9581,#9576));
#9583= IFCFACEOUTERBOUND(#9582,.T.);
#9584= IFCFACE((#9583));
#9585= IFCCARTESIANPOINT((-10.,639.459802170459,54.4008701671846));
#9586= IFCCARTESIANPOINT((210.,639.459802170459,54.4008701671846));
#9587= IFCPOLYLOOP((#9580,#9585,#9586,#9581));
#9588= IFCFACEOUTERBOUND(#9587,.T.);
#9589= IFCFACE((#9588));
#9590= IFCCARTESIANPOINT((-10.,623.528196230473,46.2833114894456));
#9591= IFCCARTESIANPOINT((210.,623.528196230473,46.2833114894456));
#9592= IFCPOLYLOOP((#9585,#9590,#9591,#9586));
#9593= IFCFACEOUTERBOUND(#9592,.T.);
#9594= IFCFACE((#9593));
#9595= IFCCARTESIANPOINT((-10.,610.884802170505,33.6399174294784));
#9596= IFCCARTESIANPOINT((210.,610.884802170505,33.6399174294784));
#9597= IFCPOLYLOOP((#9590,#9595,#9596,#9591));
#9598= IFCFACEOUTERBOUND(#9597,.T.);
#9599= IFCFACE((#9598));
#9600= IFCCARTESIANPOINT((-10.,602.767243492766,17.7083114894922));
#9601= IFCCARTESIANPOINT((210.,602.767243492766,17.7083114894922));
#9602= IFCPOLYLOOP((#9595,#9600,#9601,#9596));
#9603= IFCFACEOUTERBOUND(#9602,.T.);
#9604= IFCFACE((#9603));
#9605= IFCPOLYLOOP((#9600,#9508,#9511,#9601));
#9606= IFCFACEOUTERBOUND(#9605,.T.);
#9607= IFCFACE((#9606));
#9608= IFCPOLYLOOP((#9516,#9521,#9526,#9531,#9536,#9541,#9546,#9551,#9556,#9561,#9566,#9571,#9576,#9581,#9586,#9591,#9596,#9601,#9511,#9510));
#9609= IFCFACEOUTERBOUND(#9608,.T.);
#9610= IFCFACE((#9609));
#9611= IFCPOLYLOOP((#9600,#9595,#9590,#9585,#9580,#9575,#9570,#9565,#9560,#9555,#9550,#9545,#9540,#9535,#9530,#9525,#9520,#9515,#9509,#9508));
#9612= IFCFACEOUTERBOUND(#9611,.T.);
#9613= IFCFACE((#9612));
#9614= IFCCLOSEDSHELL((#9514,#9519,#9524,#9529,#9534,#9539,#9544,#9549,#9554,#9559,#9564,#9569,#9574,#9579,#9584,#9589,#9594,#9599,#9604,#9607,#9610,#9613));
#9615= IFCFACETEDBREP(#9614);
#9616= IFCBOOLEANRESULT(.DIFFERENCE.,#9507,#9615);
#9617= IFCCARTESIANPOINT((-10.,997.970314133738,0.0479902608785778));
#9618= IFCCARTESIANPOINT((-10.,1000.83765585156,-21.7316323844716));
#9619= IFCCARTESIANPOINT((210.,1000.83765585156,-21.7316323844716));
#9620= IFCCARTESIANPOINT((210.,997.970314133738,0.0479902608785778));
#9621= IFCPOLYLOOP((#9617,#9618,#9619,#9620));
#9622= IFCFACEOUTERBOUND(#9621,.T.);
#9623= IFCFACE((#9622));
#9624= IFCCARTESIANPOINT((-10.,1009.24427640531,-42.0270097391331));
#9625= IFCCARTESIANPOINT((210.,1009.24427640531,-42.0270097391331));
#9626= IFCPOLYLOOP((#9618,#9624,#9625,#9619));
#9627= IFCFACEOUTERBOUND(#9626,.T.);
#9628= IFCFACE((#9627));
#9629= IFCCARTESIANPOINT((-10.,1022.61727849691,-59.455045375973));
#9630= IFCCARTESIANPOINT((210.,1022.61727849691,-59.455045375973));
#9631= IFCPOLYLOOP((#9624,#9629,#9630,#9625));
#9632= IFCFACEOUTERBOUND(#9631,.T.);
#9633= IFCFACE((#9632));
#9634= IFCCARTESIANPOINT((-10.,1040.04531413375,-72.8280474675703));
#9635= IFCCARTESIANPOINT((210.,1040.04531413375,-72.8280474675703));
#9636= IFCPOLYLOOP((#9629,#9634,#9635,#9630));
#9637= IFCFACEOUTERBOUND(#9636,.T.);
#9638= IFCFACE((#9637));
#9639= IFCCARTESIANPOINT((-10.,1060.34069148841,-81.2346680213232));
#9640= IFCCARTESIANPOINT((210.,1060.34069148841,-81.2346680213232));
#9641= IFCPOLYLOOP((#9634,#9639,#9640,#9635));
#9642= IFCFACEOUTERBOUND(#9641,.T.);
#9643= IFCFACE((#9642));
#9644= IFCCARTESIANPOINT((-10.,1082.12031413376,-84.1020097391447));
#9645= IFCCARTESIANPOINT((210.,1082.12031413376,-84.1020097391447));
#9646= IFCPOLYLOOP((#9639,#9644,#9645,#9640));
#9647= IFCFACEOUTERBOUND(#9646,.T.);
#9648= IFCFACE((#9647));
#9649= IFCCARTESIANPOINT((-10.,1103.89993677911,-81.2346680213232));
#9650= IFCCARTESIANPOINT((210.,1103.89993677911,-81.2346680213232));
#9651= IFCPOLYLOOP((#9644,#9649,#9650,#9645));
#9652= IFCFACEOUTERBOUND(#9651,.T.);
#9653= IFCFACE((#9652));
#9654= IFCCARTESIANPOINT((-10.,1124.19531413377,-72.8280474675703));
#9655= IFCCARTESIANPOINT((210.,1124.19531413377,-72.8280474675703));
#9656= IFCPOLYLOOP((#9649,#9654,#9655,#9650));
#9657= IFCFACEOUTERBOUND(#9656,.T.);
#9658= IFCFACE((#9657));
#9659= IFCCARTESIANPOINT((-10.,1141.62334977061,-59.455045375973));
#9660= IFCCARTESIANPOINT((210.,1141.62334977061,-59.455045375973));
#9661= IFCPOLYLOOP((#9654,#9659,#9660,#9655));
#9662= IFCFACEOUTERBOUND(#9661,.T.);
#9663= IFCFACE((#9662));
#9664= IFCCARTESIANPOINT((-10.,1154.99635186221,-42.0270097391331));
#9665= IFCCARTESIANPOINT((210.,1154.99635186221,-42.0270097391331));
#9666= IFCPOLYLOOP((#9659,#9664,#9665,#9660));
#9667= IFCFACEOUTERBOUND(#9666,.T.);
#9668= IFCFACE((#9667));
#9669= IFCCARTESIANPOINT((-10.,1163.40297241596,-21.7316323844716));
#9670= IFCCARTESIANPOINT((210.,1163.40297241596,-21.7316323844716));
#9671= IFCPOLYLOOP((#9664,#9669,#9670,#9665));
#9672= IFCFACEOUTERBOUND(#9671,.T.);
#9673= IFCFACE((#9672));
#9674= IFCCARTESIANPOINT((-10.,1166.27031413378,0.0479902608785778));
#9675= IFCCARTESIANPOINT((210.,1166.27031413378,0.0479902608785778));
#9676= IFCPOLYLOOP((#9669,#9674,#9675,#9670));
#9677= IFCFACEOUTERBOUND(#9676,.T.);
#9678= IFCFACE((#9677));
#9679= IFCCARTESIANPOINT((-10.,1163.40297241596,21.8276129062288));
#9680= IFCCARTESIANPOINT((210.,1163.40297241596,21.8276129062288));
#9681= IFCPOLYLOOP((#9674,#9679,#9680,#9675));
#9682= IFCFACEOUTERBOUND(#9681,.T.);
#9683= IFCFACE((#9682));
#9684= IFCCARTESIANPOINT((-10.,1154.99635186221,42.1229902608902));
#9685= IFCCARTESIANPOINT((210.,1154.99635186221,42.1229902608902));
#9686= IFCPOLYLOOP((#9679,#9684,#9685,#9680));
#9687= IFCFACEOUTERBOUND(#9686,.T.);
#9688= IFCFACE((#9687));
#9689= IFCCARTESIANPOINT((-10.,1141.62334977061,59.5510258977301));
#9690= IFCCARTESIANPOINT((210.,1141.62334977061,59.5510258977301));
#9691= IFCPOLYLOOP((#9684,#9689,#9690,#9685));
#9692= IFCFACEOUTERBOUND(#9691,.T.);
#9693= IFCFACE((#9692));
#9694= IFCCARTESIANPOINT((-10.,1124.19531413377,72.9240279893274));
#9695= IFCCARTESIANPOINT((210.,1124.19531413377,72.9240279893274));
#9696= IFCPOLYLOOP((#9689,#9694,#9695,#9690));
#9697= IFCFACEOUTERBOUND(#9696,.T.);
#9698= IFCFACE((#9697));
#9699= IFCCARTESIANPOINT((-10.,1103.89993677911,81.3306485430803));
#9700= IFCCARTESIANPOINT((210.,1103.89993677911,81.3306485430803));
#9701= IFCPOLYLOOP((#9694,#9699,#9700,#9695));
#9702= IFCFACEOUTERBOUND(#9701,.T.);
#9703= IFCFACE((#9702));
#9704= IFCCARTESIANPOINT((-10.,1082.12031413376,84.1979902609019));
#9705= IFCCARTESIANPOINT((210.,1082.12031413376,84.1979902609019));
#9706= IFCPOLYLOOP((#9699,#9704,#9705,#9700));
#9707= IFCFACEOUTERBOUND(#9706,.T.);
#9708= IFCFACE((#9707));
#9709= IFCCARTESIANPOINT((-10.,1060.34069148841,81.3306485430803));
#9710= IFCCARTESIANPOINT((210.,1060.34069148841,81.3306485430803));
#9711= IFCPOLYLOOP((#9704,#9709,#9710,#9705));
#9712= IFCFACEOUTERBOUND(#9711,.T.);
#9713= IFCFACE((#9712));
#9714= IFCCARTESIANPOINT((-10.,1040.04531413375,72.9240279893274));
#9715= IFCCARTESIANPOINT((210.,1040.04531413375,72.9240279893274));
#9716= IFCPOLYLOOP((#9709,#9714,#9715,#9710));
#9717= IFCFACEOUTERBOUND(#9716,.T.);
#9718= IFCFACE((#9717));
#9719= IFCCARTESIANPOINT((-10.,1022.61727849691,59.5510258977301));
#9720= IFCCARTESIANPOINT((210.,1022.61727849691,59.5510258977301));
#9721= IFCPOLYLOOP((#9714,#9719,#9720,#9715));
#9722= IFCFACEOUTERBOUND(#9721,.T.);
#9723= IFCFACE((#9722));
#9724= IFCCARTESIANPOINT((-10.,1009.24427640531,42.1229902608902));
#9725= IFCCARTESIANPOINT((210.,1009.24427640531,42.1229902608902));
#9726= IFCPOLYLOOP((#9719,#9724,#9725,#9720));
#9727= IFCFACEOUTERBOUND(#9726,.T.);
#9728= IFCFACE((#9727));
#9729= IFCCARTESIANPOINT((-10.,1000.83765585156,21.8276129062288));
#9730= IFCCARTESIANPOINT((210.,1000.83765585156,21.8276129062288));
#9731= IFCPOLYLOOP((#9724,#9729,#9730,#9725));
#9732= IFCFACEOUTERBOUND(#9731,.T.);
#9733= IFCFACE((#9732));
#9734= IFCPOLYLOOP((#9729,#9617,#9620,#9730));
#9735= IFCFACEOUTERBOUND(#9734,.T.);
#9736= IFCFACE((#9735));
#9737= IFCPOLYLOOP((#9625,#9630,#9635,#9640,#9645,#9650,#9655,#9660,#9665,#9670,#9675,#9680,#9685,#9690,#9695,#9700,#9705,#9710,#9715,#9720,#9725,#9730,#9620,#9619));
#9738= IFCFACEOUTERBOUND(#9737,.T.);
#9739= IFCFACE((#9738));
#9740= IFCPOLYLOOP((#9729,#9724,#9719,#9714,#9709,#9704,#9699,#9694,#9689,#9684,#9679,#9674,#9669,#9664,#9659,#9654,#9649,#9644,#9639,#9634,#9629,#9624,#9618,#9617));
#9741= IFCFACEOUTERBOUND(#9740,.T.);
#9742= IFCFACE((#9741));
#9743= IFCCLOSEDSHELL((#9623,#9628,#9633,#9638,#9643,#9648,#9653,#9658,#9663,#9668,#9673,#9678,#9683,#9688,#9693,#9698,#9703,#9708,#9713,#9718,#9723,#9728,#9733,#9736,#9739,#9742));
#9744= IFCFACETEDBREP(#9743);
#9745= IFCBOOLEANRESULT(.DIFFERENCE.,#9616,#9744);
#9746= IFCCARTESIANPOINT((-10.,1449.97026645008,-379.952004970633));
#9747= IFCCARTESIANPOINT((-10.,1452.76738654386,-397.612326199189));
#9748= IFCCARTESIANPOINT((210.,1452.76738654386,-397.612326199189));
#9749= IFCCARTESIANPOINT((210.,1449.97026645008,-379.952004970633));
#9750= IFCPOLYLOOP((#9746,#9747,#9748,#9749));
#9751= IFCFACEOUTERBOUND(#9750,.T.);
#9752= IFCFACE((#9751));
#9753= IFCCARTESIANPOINT((-10.,1460.88494522159,-413.543932139175));
#9754= IFCCARTESIANPOINT((210.,1460.88494522159,-413.543932139175));
#9755= IFCPOLYLOOP((#9747,#9753,#9754,#9748));
#9756= IFCFACEOUTERBOUND(#9755,.T.);
#9757= IFCFACE((#9756));
#9758= IFCCARTESIANPOINT((-10.,1473.52833928156,-426.187326199142));
#9759= IFCCARTESIANPOINT((210.,1473.52833928156,-426.187326199142));
#9760= IFCPOLYLOOP((#9753,#9758,#9759,#9754));
#9761= IFCFACEOUTERBOUND(#9760,.T.);
#9762= IFCFACE((#9761));
#9763= IFCCARTESIANPOINT((-10.,1489.45994522155,-434.304884876881));
#9764= IFCCARTESIANPOINT((210.,1489.45994522155,-434.304884876881));
#9765= IFCPOLYLOOP((#9758,#9763,#9764,#9759));
#9766= IFCFACEOUTERBOUND(#9765,.T.);
#9767= IFCFACE((#9766));
#9768= IFCCARTESIANPOINT((-10.,1507.1202664501,-437.102004970657));
#9769= IFCCARTESIANPOINT((210.,1507.1202664501,-437.102004970657));
#9770= IFCPOLYLOOP((#9763,#9768,#9769,#9764));
#9771= IFCFACEOUTERBOUND(#9770,.T.);
#9772= IFCFACE((#9771));
#9773= IFCCARTESIANPOINT((-10.,1524.78058767866,-434.304884876881));
#9774= IFCCARTESIANPOINT((210.,1524.78058767866,-434.304884876881));
#9775= IFCPOLYLOOP((#9768,#9773,#9774,#9769));
#9776= IFCFACEOUTERBOUND(#9775,.T.);
#9777= IFCFACE((#9776));
#9778= IFCCARTESIANPOINT((-10.,1540.71219361864,-426.187326199142));
#9779= IFCCARTESIANPOINT((210.,1540.71219361864,-426.187326199142));
#9780= IFCPOLYLOOP((#9773,#9778,#9779,#9774));
#9781= IFCFACEOUTERBOUND(#9780,.T.);
#9782= IFCFACE((#9781));
#9783= IFCCARTESIANPOINT((-10.,1553.35558767861,-413.543932139175));
#9784= IFCCARTESIANPOINT((210.,1553.35558767861,-413.543932139175));
#9785= IFCPOLYLOOP((#9778,#9783,#9784,#9779));
#9786= IFCFACEOUTERBOUND(#9785,.T.);
#9787= IFCFACE((#9786));
#9788= IFCCARTESIANPOINT((-10.,1561.47314635635,-397.612326199189));
#9789= IFCCARTESIANPOINT((210.,1561.47314635635,-397.612326199189));
#9790= IFCPOLYLOOP((#9783,#9788,#9789,#9784));
#9791= IFCFACEOUTERBOUND(#9790,.T.);
#9792= IFCFACE((#9791));
#9793= IFCCARTESIANPOINT((-10.,1564.27026645013,-379.952004970633));
#9794= IFCCARTESIANPOINT((210.,1564.27026645013,-379.952004970633));
#9795= IFCPOLYLOOP((#9788,#9793,#9794,#9789));
#9796= IFCFACEOUTERBOUND(#9795,.T.);
#9797= IFCFACE((#9796));
#9798= IFCCARTESIANPOINT((-10.,1561.47314635635,-362.291683742078));
#9799= IFCCARTESIANPOINT((210.,1561.47314635635,-362.291683742078));
#9800= IFCPOLYLOOP((#9793,#9798,#9799,#9794));
#9801= IFCFACEOUTERBOUND(#9800,.T.);
#9802= IFCFACE((#9801));
#9803= IFCCARTESIANPOINT((-10.,1553.35558767861,-346.360077802092));
#9804= IFCCARTESIANPOINT((210.,1553.35558767861,-346.360077802092));
#9805= IFCPOLYLOOP((#9798,#9803,#9804,#9799));
#9806= IFCFACEOUTERBOUND(#9805,.T.);
#9807= IFCFACE((#9806));
#9808= IFCCARTESIANPOINT((-10.,1540.71219361864,-333.716683742125));
#9809= IFCCARTESIANPOINT((210.,1540.71219361864,-333.716683742125));
#9810= IFCPOLYLOOP((#9803,#9808,#9809,#9804));
#9811= IFCFACEOUTERBOUND(#9810,.T.);
#9812= IFCFACE((#9811));
#9813= IFCCARTESIANPOINT((-10.,1524.78058767866,-325.599125064386));
#9814= IFCCARTESIANPOINT((210.,1524.78058767866,-325.599125064386));
#9815= IFCPOLYLOOP((#9808,#9813,#9814,#9809));
#9816= IFCFACEOUTERBOUND(#9815,.T.);
#9817= IFCFACE((#9816));
#9818= IFCCARTESIANPOINT((-10.,1507.1202664501,-322.80200497061));
#9819= IFCCARTESIANPOINT((210.,1507.1202664501,-322.80200497061));
#9820= IFCPOLYLOOP((#9813,#9818,#9819,#9814));
#9821= IFCFACEOUTERBOUND(#9820,.T.);
#9822= IFCFACE((#9821));
#9823= IFCCARTESIANPOINT((-10.,1489.45994522155,-325.599125064386));
#9824= IFCCARTESIANPOINT((210.,1489.45994522155,-325.599125064386));
#9825= IFCPOLYLOOP((#9818,#9823,#9824,#9819));
#9826= IFCFACEOUTERBOUND(#9825,.T.);
#9827= IFCFACE((#9826));
#9828= IFCCARTESIANPOINT((-10.,1473.52833928156,-333.716683742125));
#9829= IFCCARTESIANPOINT((210.,1473.52833928156,-333.716683742125));
#9830= IFCPOLYLOOP((#9823,#9828,#9829,#9824));
#9831= IFCFACEOUTERBOUND(#9830,.T.);
#9832= IFCFACE((#9831));
#9833= IFCCARTESIANPOINT((-10.,1460.88494522159,-346.360077802092));
#9834= IFCCARTESIANPOINT((210.,1460.88494522159,-346.360077802092));
#9835= IFCPOLYLOOP((#9828,#9833,#9834,#9829));
#9836= IFCFACEOUTERBOUND(#9835,.T.);
#9837= IFCFACE((#9836));
#9838= IFCCARTESIANPOINT((-10.,1452.76738654386,-362.291683742078));
#9839= IFCCARTESIANPOINT((210.,1452.76738654386,-362.291683742078));
#9840= IFCPOLYLOOP((#9833,#9838,#9839,#9834));
#9841= IFCFACEOUTERBOUND(#9840,.T.);
#9842= IFCFACE((#9841));
#9843= IFCPOLYLOOP((#9838,#9746,#9749,#9839));
#9844= IFCFACEOUTERBOUND(#9843,.T.);
#9845= IFCFACE((#9844));
#9846= IFCPOLYLOOP((#9754,#9759,#9764,#9769,#9774,#9779,#9784,#9789,#9794,#9799,#9804,#9809,#9814,#9819,#9824,#9829,#9834,#9839,#9749,#9748));
#9847= IFCFACEOUTERBOUND(#9846,.T.);
#9848= IFCFACE((#9847));
#9849= IFCPOLYLOOP((#9838,#9833,#9828,#9823,#9818,#9813,#9808,#9803,#9798,#9793,#9788,#9783,#9778,#9773,#9768,#9763,#9758,#9753,#9747,#9746));
#9850= IFCFACEOUTERBOUND(#9849,.T.);
#9851= IFCFACE((#9850));
#9852= IFCCLOSEDSHELL((#9752,#9757,#9762,#9767,#9772,#9777,#9782,#9787,#9792,#9797,#9802,#9807,#9812,#9817,#9822,#9827,#9832,#9837,#9842,#9845,#9848,#9851));
#9853= IFCFACETEDBREP(#9852);
#9854= IFCBOOLEANRESULT(.DIFFERENCE.,#9745,#9853);
#9855= IFCCARTESIANPOINT((-10.,1422.97026645008,380.047955690301));
#9856= IFCCARTESIANPOINT((-10.,1425.8376081679,358.268333044951));
#9857= IFCCARTESIANPOINT((210.,1425.8376081679,358.268333044951));
#9858= IFCCARTESIANPOINT((210.,1422.97026645008,380.047955690301));
#9859= IFCPOLYLOOP((#9855,#9856,#9857,#9858));
#9860= IFCFACEOUTERBOUND(#9859,.T.);
#9861= IFCFACE((#9860));
#9862= IFCCARTESIANPOINT((-10.,1434.24422872165,337.972955690289));
#9863= IFCCARTESIANPOINT((210.,1434.24422872165,337.972955690289));
#9864= IFCPOLYLOOP((#9856,#9862,#9863,#9857));
#9865= IFCFACEOUTERBOUND(#9864,.T.);
#9866= IFCFACE((#9865));
#9867= IFCCARTESIANPOINT((-10.,1447.61723081325,320.544920053449));
#9868= IFCCARTESIANPOINT((210.,1447.61723081325,320.544920053449));
#9869= IFCPOLYLOOP((#9862,#9867,#9868,#9863));
#9870= IFCFACEOUTERBOUND(#9869,.T.);
#9871= IFCFACE((#9870));
#9872= IFCCARTESIANPOINT((-10.,1465.04526645009,307.171917961852));
#9873= IFCCARTESIANPOINT((210.,1465.04526645009,307.171917961852));
#9874= IFCPOLYLOOP((#9867,#9872,#9873,#9868));
#9875= IFCFACEOUTERBOUND(#9874,.T.);
#9876= IFCFACE((#9875));
#9877= IFCCARTESIANPOINT((-10.,1485.34064380475,298.765297408099));
#9878= IFCCARTESIANPOINT((210.,1485.34064380475,298.765297408099));
#9879= IFCPOLYLOOP((#9872,#9877,#9878,#9873));
#9880= IFCFACEOUTERBOUND(#9879,.T.);
#9881= IFCFACE((#9880));
#9882= IFCCARTESIANPOINT((-10.,1507.1202664501,295.897955690278));
#9883= IFCCARTESIANPOINT((210.,1507.1202664501,295.897955690278));
#9884= IFCPOLYLOOP((#9877,#9882,#9883,#9878));
#9885= IFCFACEOUTERBOUND(#9884,.T.);
#9886= IFCFACE((#9885));
#9887= IFCCARTESIANPOINT((-10.,1528.89988909545,298.765297408099));
#9888= IFCCARTESIANPOINT((210.,1528.89988909545,298.765297408099));
#9889= IFCPOLYLOOP((#9882,#9887,#9888,#9883));
#9890= IFCFACEOUTERBOUND(#9889,.T.);
#9891= IFCFACE((#9890));
#9892= IFCCARTESIANPOINT((-10.,1549.19526645012,307.171917961852));
#9893= IFCCARTESIANPOINT((210.,1549.19526645012,307.171917961852));
#9894= IFCPOLYLOOP((#9887,#9892,#9893,#9888));
#9895= IFCFACEOUTERBOUND(#9894,.T.);
#9896= IFCFACE((#9895));
#9897= IFCCARTESIANPOINT((-10.,1566.62330208695,320.544920053449));
#9898= IFCCARTESIANPOINT((210.,1566.62330208695,320.544920053449));
#9899= IFCPOLYLOOP((#9892,#9897,#9898,#9893));
#9900= IFCFACEOUTERBOUND(#9899,.T.);
#9901= IFCFACE((#9900));
#9902= IFCCARTESIANPOINT((-10.,1579.99630417855,337.972955690289));
#9903= IFCCARTESIANPOINT((210.,1579.99630417855,337.972955690289));
#9904= IFCPOLYLOOP((#9897,#9902,#9903,#9898));
#9905= IFCFACEOUTERBOUND(#9904,.T.);
#9906= IFCFACE((#9905));
#9907= IFCCARTESIANPOINT((-10.,1588.40292473231,358.268333044951));
#9908= IFCCARTESIANPOINT((210.,1588.40292473231,358.268333044951));
#9909= IFCPOLYLOOP((#9902,#9907,#9908,#9903));
#9910= IFCFACEOUTERBOUND(#9909,.T.);
#9911= IFCFACE((#9910));
#9912= IFCCARTESIANPOINT((-10.,1591.27026645013,380.047955690301));
#9913= IFCCARTESIANPOINT((210.,1591.27026645013,380.047955690301));
#9914= IFCPOLYLOOP((#9907,#9912,#9913,#9908));
#9915= IFCFACEOUTERBOUND(#9914,.T.);
#9916= IFCFACE((#9915));
#9917= IFCCARTESIANPOINT((-10.,1588.40292473231,401.827578335651));
#9918= IFCCARTESIANPOINT((210.,1588.40292473231,401.827578335651));
#9919= IFCPOLYLOOP((#9912,#9917,#9918,#9913));
#9920= IFCFACEOUTERBOUND(#9919,.T.);
#9921= IFCFACE((#9920));
#9922= IFCCARTESIANPOINT((-10.,1579.99630417855,422.122955690313));
#9923= IFCCARTESIANPOINT((210.,1579.99630417855,422.122955690313));
#9924= IFCPOLYLOOP((#9917,#9922,#9923,#9918));
#9925= IFCFACEOUTERBOUND(#9924,.T.);
#9926= IFCFACE((#9925));
#9927= IFCCARTESIANPOINT((-10.,1566.62330208695,439.550991327153));
#9928= IFCCARTESIANPOINT((210.,1566.62330208695,439.550991327153));
#9929= IFCPOLYLOOP((#9922,#9927,#9928,#9923));
#9930= IFCFACEOUTERBOUND(#9929,.T.);
#9931= IFCFACE((#9930));
#9932= IFCCARTESIANPOINT((-10.,1549.19526645012,452.92399341875));
#9933= IFCCARTESIANPOINT((210.,1549.19526645012,452.92399341875));
#9934= IFCPOLYLOOP((#9927,#9932,#9933,#9928));
#9935= IFCFACEOUTERBOUND(#9934,.T.);
#9936= IFCFACE((#9935));
#9937= IFCCARTESIANPOINT((-10.,1528.89988909545,461.330613972503));
#9938= IFCCARTESIANPOINT((210.,1528.89988909545,461.330613972503));
#9939= IFCPOLYLOOP((#9932,#9937,#9938,#9933));
#9940= IFCFACEOUTERBOUND(#9939,.T.);
#9941= IFCFACE((#9940));
#9942= IFCCARTESIANPOINT((-10.,1507.1202664501,464.197955690324));
#9943= IFCCARTESIANPOINT((210.,1507.1202664501,464.197955690324));
#9944= IFCPOLYLOOP((#9937,#9942,#9943,#9938));
#9945= IFCFACEOUTERBOUND(#9944,.T.);
#9946= IFCFACE((#9945));
#9947= IFCCARTESIANPOINT((-10.,1485.34064380475,461.330613972503));
#9948= IFCCARTESIANPOINT((210.,1485.34064380475,461.330613972503));
#9949= IFCPOLYLOOP((#9942,#9947,#9948,#9943));
#9950= IFCFACEOUTERBOUND(#9949,.T.);
#9951= IFCFACE((#9950));
#9952= IFCCARTESIANPOINT((-10.,1465.04526645009,452.92399341875));
#9953= IFCCARTESIANPOINT((210.,1465.04526645009,452.92399341875));
#9954= IFCPOLYLOOP((#9947,#9952,#9953,#9948));
#9955= IFCFACEOUTERBOUND(#9954,.T.);
#9956= IFCFACE((#9955));
#9957= IFCCARTESIANPOINT((-10.,1447.61723081325,439.550991327153));
#9958= IFCCARTESIANPOINT((210.,1447.61723081325,439.550991327153));
#9959= IFCPOLYLOOP((#9952,#9957,#9958,#9953));
#9960= IFCFACEOUTERBOUND(#9959,.T.);
#9961= IFCFACE((#9960));
#9962= IFCCARTESIANPOINT((-10.,1434.24422872165,422.122955690313));
#9963= IFCCARTESIANPOINT((210.,1434.24422872165,422.122955690313));
#9964= IFCPOLYLOOP((#9957,#9962,#9963,#9958));
#9965= IFCFACEOUTERBOUND(#9964,.T.);
#9966= IFCFACE((#9965));
#9967= IFCCARTESIANPOINT((-10.,1425.8376081679,401.827578335651));
#9968= IFCCARTESIANPOINT((210.,1425.8376081679,401.827578335651));
#9969= IFCPOLYLOOP((#9962,#9967,#9968,#9963));
#9970= IFCFACEOUTERBOUND(#9969,.T.);
#9971= IFCFACE((#9970));
#9972= IFCPOLYLOOP((#9967,#9855,#9858,#9968));
#9973= IFCFACEOUTERBOUND(#9972,.T.);
#9974= IFCFACE((#9973));
#9975= IFCPOLYLOOP((#9863,#9868,#9873,#9878,#9883,#9888,#9893,#9898,#9903,#9908,#9913,#9918,#9923,#9928,#9933,#9938,#9943,#9948,#9953,#9958,#9963,#9968,#9858,#9857));
#9976= IFCFACEOUTERBOUND(#9975,.T.);
#9977= IFCFACE((#9976));
#9978= IFCPOLYLOOP((#9967,#9962,#9957,#9952,#9947,#9942,#9937,#9932,#9927,#9922,#9917,#9912,#9907,#9902,#9897,#9892,#9887,#9882,#9877,#9872,#9867,#9862,#9856,#9855));
#9979= IFCFACEOUTERBOUND(#9978,.T.);
#9980= IFCFACE((#9979));
#9981= IFCCLOSEDSHELL((#9861,#9866,#9871,#9876,#9881,#9886,#9891,#9896,#9901,#9906,#9911,#9916,#9921,#9926,#9931,#9936,#9941,#9946,#9951,#9956,#9961,#9966,#9971,#9974,#9977,#9980));
#9982= IFCFACETEDBREP(#9981);
#9983= IFCBOOLEANRESULT(.DIFFERENCE.,#9854,#9982);
#9984= IFCCARTESIANPOINT((-10.,1901.97021876642,0.0479902608785778));
#9985= IFCCARTESIANPOINT((-10.,1904.26525086124,-11.4899152249563));
#9986= IFCCARTESIANPOINT((210.,1904.26525086124,-11.4899152249563));
#9987= IFCCARTESIANPOINT((210.,1901.97021876642,0.0479902608785778));
#9988= IFCPOLYLOOP((#9984,#9985,#9986,#9987));
#9989= IFCFACEOUTERBOUND(#9988,.T.);
#9990= IFCFACE((#9989));
#9991= IFCCARTESIANPOINT((-10.,1910.80094931368,-21.2712791918893));
#9992= IFCCARTESIANPOINT((210.,1910.80094931368,-21.2712791918893));
#9993= IFCPOLYLOOP((#9985,#9991,#9992,#9986));
#9994= IFCFACEOUTERBOUND(#9993,.T.);
#9995= IFCFACE((#9994));
#9996= IFCCARTESIANPOINT((-10.,1920.58231328061,-27.8069776443299));
#9997= IFCCARTESIANPOINT((210.,1920.58231328061,-27.8069776443299));
#9998= IFCPOLYLOOP((#9991,#9996,#9997,#9992));
#9999= IFCFACEOUTERBOUND(#9998,.T.);
#10000= IFCFACE((#9999));
#10001= IFCCARTESIANPOINT((-10.,1932.12021876645,-30.1020097391447));
#10002= IFCCARTESIANPOINT((210.,1932.12021876645,-30.1020097391447));
#10003= IFCPOLYLOOP((#9996,#10001,#10002,#9997));
#10004= IFCFACEOUTERBOUND(#10003,.T.);
#10005= IFCFACE((#10004));
#10006= IFCCARTESIANPOINT((-10.,1943.65812425228,-27.8069776443299));
#10007= IFCCARTESIANPOINT((210.,1943.65812425228,-27.8069776443299));
#10008= IFCPOLYLOOP((#10001,#10006,#10007,#10002));
#10009= IFCFACEOUTERBOUND(#10008,.T.);
#10010= IFCFACE((#10009));
#10011= IFCCARTESIANPOINT((-10.,1953.43948821921,-21.2712791918893));
#10012= IFCCARTESIANPOINT((210.,1953.43948821921,-21.2712791918893));
#10013= IFCPOLYLOOP((#10006,#10011,#10012,#10007));
#10014= IFCFACEOUTERBOUND(#10013,.T.);
#10015= IFCFACE((#10014));
#10016= IFCCARTESIANPOINT((-10.,1959.97518667165,-11.4899152249563));
#10017= IFCCARTESIANPOINT((210.,1959.97518667165,-11.4899152249563));
#10018= IFCPOLYLOOP((#10011,#10016,#10017,#10012));
#10019= IFCFACEOUTERBOUND(#10018,.T.);
#10020= IFCFACE((#10019));
#10021= IFCCARTESIANPOINT((-10.,1962.27021876647,0.0479902608785778));
#10022= IFCCARTESIANPOINT((210.,1962.27021876647,0.0479902608785778));
#10023= IFCPOLYLOOP((#10016,#10021,#10022,#10017));
#10024= IFCFACEOUTERBOUND(#10023,.T.);
#10025= IFCFACE((#10024));
#10026= IFCCARTESIANPOINT((-10.,1959.97518667165,11.5858957467135));
#10027= IFCCARTESIANPOINT((210.,1959.97518667165,11.5858957467135));
#10028= IFCPOLYLOOP((#10021,#10026,#10027,#10022));
#10029= IFCFACEOUTERBOUND(#10028,.T.);
#10030= IFCFACE((#10029));
#10031= IFCCARTESIANPOINT((-10.,1953.43948821921,21.3672597136465));
#10032= IFCCARTESIANPOINT((210.,1953.43948821921,21.3672597136465));
#10033= IFCPOLYLOOP((#10026,#10031,#10032,#10027));
#10034= IFCFACEOUTERBOUND(#10033,.T.);
#10035= IFCFACE((#10034));
#10036= IFCCARTESIANPOINT((-10.,1943.65812425228,27.902958166087));
#10037= IFCCARTESIANPOINT((210.,1943.65812425228,27.902958166087));
#10038= IFCPOLYLOOP((#10031,#10036,#10037,#10032));
#10039= IFCFACEOUTERBOUND(#10038,.T.);
#10040= IFCFACE((#10039));
#10041= IFCCARTESIANPOINT((-10.,1932.12021876645,30.1979902609019));
#10042= IFCCARTESIANPOINT((210.,1932.12021876645,30.1979902609019));
#10043= IFCPOLYLOOP((#10036,#10041,#10042,#10037));
#10044= IFCFACEOUTERBOUND(#10043,.T.);
#10045= IFCFACE((#10044));
#10046= IFCCARTESIANPOINT((-10.,1920.58231328061,27.902958166087));
#10047= IFCCARTESIANPOINT((210.,1920.58231328061,27.902958166087));
#10048= IFCPOLYLOOP((#10041,#10046,#10047,#10042));
#10049= IFCFACEOUTERBOUND(#10048,.T.);
#10050= IFCFACE((#10049));
#10051= IFCCARTESIANPOINT((-10.,1910.80094931368,21.3672597136465));
#10052= IFCCARTESIANPOINT((210.,1910.80094931368,21.3672597136465));
#10053= IFCPOLYLOOP((#10046,#10051,#10052,#10047));
#10054= IFCFACEOUTERBOUND(#10053,.T.);
#10055= IFCFACE((#10054));
#10056= IFCCARTESIANPOINT((-10.,1904.26525086124,11.5858957467135));
#10057= IFCCARTESIANPOINT((210.,1904.26525086124,11.5858957467135));
#10058= IFCPOLYLOOP((#10051,#10056,#10057,#10052));
#10059= IFCFACEOUTERBOUND(#10058,.T.);
#10060= IFCFACE((#10059));
#10061= IFCPOLYLOOP((#10056,#9984,#9987,#10057));
#10062= IFCFACEOUTERBOUND(#10061,.T.);
#10063= IFCFACE((#10062));
#10064= IFCPOLYLOOP((#9992,#9997,#10002,#10007,#10012,#10017,#10022,#10027,#10032,#10037,#10042,#10047,#10052,#10057,#9987,#9986));
#10065= IFCFACEOUTERBOUND(#10064,.T.);
#10066= IFCFACE((#10065));
#10067= IFCPOLYLOOP((#10056,#10051,#10046,#10041,#10036,#10031,#10026,#10021,#10016,#10011,#10006,#10001,#9996,#9991,#9985,#9984));
#10068= IFCFACEOUTERBOUND(#10067,.T.);
#10069= IFCFACE((#10068));
#10070= IFCCLOSEDSHELL((#9990,#9995,#10000,#10005,#10010,#10015,#10020,#10025,#10030,#10035,#10040,#10045,#10050,#10055,#10060,#10063,#10066,#10069));
#10071= IFCFACETEDBREP(#10070);
#10072= IFCBOOLEANRESULT(.DIFFERENCE.,#9983,#10071);
#10073= IFCCARTESIANPOINT((-10.,2174.97017108265,0.0479902608203702));
#10074= IFCCARTESIANPOINT((-10.,2177.76729117642,-17.612330967735));
#10075= IFCCARTESIANPOINT((210.,2177.76729117642,-17.612330967735));
#10076= IFCCARTESIANPOINT((210.,2174.97017108265,0.0479902608203702));
#10077= IFCPOLYLOOP((#10073,#10074,#10075,#10076));
#10078= IFCFACEOUTERBOUND(#10077,.T.);
#10079= IFCFACE((#10078));
#10080= IFCCARTESIANPOINT((-10.,2185.88484985416,-33.5439369077212));
#10081= IFCCARTESIANPOINT((210.,2185.88484985416,-33.5439369077212));
#10082= IFCPOLYLOOP((#10074,#10080,#10081,#10075));
#10083= IFCFACEOUTERBOUND(#10082,.T.);
#10084= IFCFACE((#10083));
#10085= IFCCARTESIANPOINT((-10.,2198.52824391413,-46.1873309676885));
#10086= IFCCARTESIANPOINT((210.,2198.52824391413,-46.1873309676885));
#10087= IFCPOLYLOOP((#10080,#10085,#10086,#10081));
#10088= IFCFACEOUTERBOUND(#10087,.T.);
#10089= IFCFACE((#10088));
#10090= IFCCARTESIANPOINT((-10.,2214.45984985412,-54.3048896454275));
#10091= IFCCARTESIANPOINT((210.,2214.45984985412,-54.3048896454275));
#10092= IFCPOLYLOOP((#10085,#10090,#10091,#10086));
#10093= IFCFACEOUTERBOUND(#10092,.T.);
#10094= IFCFACE((#10093));
#10095= IFCCARTESIANPOINT((-10.,2232.12017108267,-57.1020097392029));
#10096= IFCCARTESIANPOINT((210.,2232.12017108267,-57.1020097392029));
#10097= IFCPOLYLOOP((#10090,#10095,#10096,#10091));
#10098= IFCFACEOUTERBOUND(#10097,.T.);
#10099= IFCFACE((#10098));
#10100= IFCCARTESIANPOINT((-10.,2249.78049231123,-54.3048896454275));
#10101= IFCCARTESIANPOINT((210.,2249.78049231123,-54.3048896454275));
#10102= IFCPOLYLOOP((#10095,#10100,#10101,#10096));
#10103= IFCFACEOUTERBOUND(#10102,.T.);
#10104= IFCFACE((#10103));
#10105= IFCCARTESIANPOINT((-10.,2265.71209825121,-46.1873309676885));
#10106= IFCCARTESIANPOINT((210.,2265.71209825121,-46.1873309676885));
#10107= IFCPOLYLOOP((#10100,#10105,#10106,#10101));
#10108= IFCFACEOUTERBOUND(#10107,.T.);
#10109= IFCFACE((#10108));
#10110= IFCCARTESIANPOINT((-10.,2278.35549231118,-33.5439369077212));
#10111= IFCCARTESIANPOINT((210.,2278.35549231118,-33.5439369077212));
#10112= IFCPOLYLOOP((#10105,#10110,#10111,#10106));
#10113= IFCFACEOUTERBOUND(#10112,.T.);
#10114= IFCFACE((#10113));
#10115= IFCCARTESIANPOINT((-10.,2286.47305098892,-17.612330967735));
#10116= IFCCARTESIANPOINT((210.,2286.47305098892,-17.612330967735));
#10117= IFCPOLYLOOP((#10110,#10115,#10116,#10111));
#10118= IFCFACEOUTERBOUND(#10117,.T.);
#10119= IFCFACE((#10118));
#10120= IFCCARTESIANPOINT((-10.,2289.2701710827,0.0479902608203702));
#10121= IFCCARTESIANPOINT((210.,2289.2701710827,0.0479902608203702));
#10122= IFCPOLYLOOP((#10115,#10120,#10121,#10116));
#10123= IFCFACEOUTERBOUND(#10122,.T.);
#10124= IFCFACE((#10123));
#10125= IFCCARTESIANPOINT((-10.,2286.47305098892,17.7083114893758));
#10126= IFCCARTESIANPOINT((210.,2286.47305098892,17.7083114893758));
#10127= IFCPOLYLOOP((#10120,#10125,#10126,#10121));
#10128= IFCFACEOUTERBOUND(#10127,.T.);
#10129= IFCFACE((#10128));
#10130= IFCCARTESIANPOINT((-10.,2278.35549231118,33.639917429362));
#10131= IFCCARTESIANPOINT((210.,2278.35549231118,33.639917429362));
#10132= IFCPOLYLOOP((#10125,#10130,#10131,#10126));
#10133= IFCFACEOUTERBOUND(#10132,.T.);
#10134= IFCFACE((#10133));
#10135= IFCCARTESIANPOINT((-10.,2265.71209825121,46.2833114893292));
#10136= IFCCARTESIANPOINT((210.,2265.71209825121,46.2833114893292));
#10137= IFCPOLYLOOP((#10130,#10135,#10136,#10131));
#10138= IFCFACEOUTERBOUND(#10137,.T.);
#10139= IFCFACE((#10138));
#10140= IFCCARTESIANPOINT((-10.,2249.78049231123,54.4008701670682));
#10141= IFCCARTESIANPOINT((210.,2249.78049231123,54.4008701670682));
#10142= IFCPOLYLOOP((#10135,#10140,#10141,#10136));
#10143= IFCFACEOUTERBOUND(#10142,.T.);
#10144= IFCFACE((#10143));
#10145= IFCCARTESIANPOINT((-10.,2232.12017108267,57.1979902608437));
#10146= IFCCARTESIANPOINT((210.,2232.12017108267,57.1979902608437));
#10147= IFCPOLYLOOP((#10140,#10145,#10146,#10141));
#10148= IFCFACEOUTERBOUND(#10147,.T.);
#10149= IFCFACE((#10148));
#10150= IFCCARTESIANPOINT((-10.,2214.45984985412,54.4008701670682));
#10151= IFCCARTESIANPOINT((210.,2214.45984985412,54.4008701670682));
#10152= IFCPOLYLOOP((#10145,#10150,#10151,#10146));
#10153= IFCFACEOUTERBOUND(#10152,.T.);
#10154= IFCFACE((#10153));
#10155= IFCCARTESIANPOINT((-10.,2198.52824391413,46.2833114893292));
#10156= IFCCARTESIANPOINT((210.,2198.52824391413,46.2833114893292));
#10157= IFCPOLYLOOP((#10150,#10155,#10156,#10151));
#10158= IFCFACEOUTERBOUND(#10157,.T.);
#10159= IFCFACE((#10158));
#10160= IFCCARTESIANPOINT((-10.,2185.88484985416,33.639917429362));
#10161= IFCCARTESIANPOINT((210.,2185.88484985416,33.639917429362));
#10162= IFCPOLYLOOP((#10155,#10160,#10161,#10156));
#10163= IFCFACEOUTERBOUND(#10162,.T.);
#10164= IFCFACE((#10163));
#10165= IFCCARTESIANPOINT((-10.,2177.76729117642,17.7083114893758));
#10166= IFCCARTESIANPOINT((210.,2177.76729117642,17.7083114893758));
#10167= IFCPOLYLOOP((#10160,#10165,#10166,#10161));
#10168= IFCFACEOUTERBOUND(#10167,.T.);
#10169= IFCFACE((#10168));
#10170= IFCPOLYLOOP((#10165,#10073,#10076,#10166));
#10171= IFCFACEOUTERBOUND(#10170,.T.);
#10172= IFCFACE((#10171));
#10173= IFCPOLYLOOP((#10081,#10086,#10091,#10096,#10101,#10106,#10111,#10116,#10121,#10126,#10131,#10136,#10141,#10146,#10151,#10156,#10161,#10166,#10076,#10075));
#10174= IFCFACEOUTERBOUND(#10173,.T.);
#10175= IFCFACE((#10174));
#10176= IFCPOLYLOOP((#10165,#10160,#10155,#10150,#10145,#10140,#10135,#10130,#10125,#10120,#10115,#10110,#10105,#10100,#10095,#10090,#10085,#10080,#10074,#10073));
#10177= IFCFACEOUTERBOUND(#10176,.T.);
#10178= IFCFACE((#10177));
#10179= IFCCLOSEDSHELL((#10079,#10084,#10089,#10094,#10099,#10104,#10109,#10114,#10119,#10124,#10129,#10134,#10139,#10144,#10149,#10154,#10159,#10164,#10169,#10172,#10175,#10178));
#10180= IFCFACETEDBREP(#10179);
#10181= IFCBOOLEANRESULT(.DIFFERENCE.,#10072,#10180);
#10182= IFCSHAPEREPRESENTATION(#13,'Body','CSG',(#10181));
#10183= IFCSTYLEDITEM(#8782,(#2613),$);
#10184= IFCPRODUCTDEFINITIONSHAPE($,$,(#10182));
#10185= IFCCARTESIANPOINT((443200.,393000.,-1100.));
#10186= IFCAXIS2PLACEMENT3D(#10185,#8,#9);
#10187= IFCLOCALPLACEMENT(#8769,#10186);
#10188= IFCFOOTING('3aIVqShff8ex3dUaIcFctn',#2593,'FUNDACION','4000*8000',$,#10187,#10184,'IDe449fd1c-ae9a-48a3-b0e7-7a44a63e6df1',.PAD_FOOTING.);
#10189= IFCPROPERTYSINGLEVALUE('AREA_FORM_BOTTOM',$,IFCAREAMEASURE(1.61616),$);
#10190= IFCPROPERTYSINGLEVALUE('GUID',$,IFCLABEL('e449fd1c-ae9a-48a3-b0e7-7a44a63e6df1'),$);
#10191= IFCPROPERTYSET('2sgqjqZ5H0ZBiYwKZgIa9n',#5,'Fundacion',$,(#10189,#100,#101,#8774,#2781,#8775,#8776,#8777,#8778,#59,#60,#61,#62,#63,#64,#65,#66,#67,#68,#69,#7428,#102,#127,#128,#2605,#10190));
#10192= IFCQUANTITYLENGTH('Length',$,$,200.);
#10193= IFCQUANTITYAREA('OuterSurfaceArea',$,$,69.1556059980629);
#10194= IFCQUANTITYAREA('GrossSurfaceArea',$,$,68.8);
#10195= IFCQUANTITYAREA('CrossSectionArea',$,$,32.);
#10196= IFCQUANTITYVOLUME('NetVolume',$,$,6.30121271311785);
#10197= IFCQUANTITYVOLUME('GrossVolume',$,$,6.4);
#10198= IFCQUANTITYWEIGHT('NetWeight',$,$,15122.9105114828);
#10199= IFCQUANTITYWEIGHT('GrossWeight',$,$,15360.);
#10200= IFCQUANTITYLENGTH('Height',$,$,4000.);
#10201= IFCELEMENTQUANTITY('3NW4cxxpH5IRt4VK7QdpzK',#5,'BaseQuantities',$,$,(#10192,#10193,#10194,#10195,#10196,#10197,#10198,#10199,#2608,#10200));
#10202= IFCCOLOURRGB('Dark Blue',0.117647058823529,0.262745098039216,0.513725490196078);
#10203= IFCSURFACESTYLERENDERING(#10202,0.,$,$,$,$,IFCNORMALISEDRATIOMEASURE(0.00390625),IFCSPECULAREXPONENT(10.),.NOTDEFINED.);
#10204= IFCSURFACESTYLE('ADN-420',.POSITIVE.,(#10203));
#10205= IFCPRESENTATIONSTYLEASSIGNMENT((#10204));
#10206= IFCVECTOR(#676,1.);
#10207= IFCLINE(#6,#10206);
#10208= IFCTRIMMEDCURVE(#10207,(IFCPARAMETERVALUE(0.)),(IFCPARAMETERVALUE(315.)),.T.,.PARAMETER.);
#10209= IFCCOMPOSITECURVESEGMENT(.CONTINUOUS.,.T.,#10208);
#10210= IFCCARTESIANPOINT((35.3125,0.,-315.));
#10211= IFCAXIS2PLACEMENT3D(#10210,#87,#88);
#10212= IFCCIRCLE(#10211,35.31);
#10213= IFCTRIMMEDCURVE(#10212,(IFCPARAMETERVALUE(0.)),(IFCPARAMETERVALUE(1.5707963267949)),.T.,.PARAMETER.);
#10214= IFCCOMPOSITECURVESEGMENT(.CONTINUOUS.,.T.,#10213);
#10215= IFCCARTESIANPOINT((35.3125,0.,-350.3125));
#10216= IFCVECTOR(#7,1.);
#10217= IFCLINE(#10215,#10216);
#10218= IFCTRIMMEDCURVE(#10217,(IFCPARAMETERVALUE(0.)),(IFCPARAMETERVALUE(3838.75000000006)),.T.,.PARAMETER.);
#10219= IFCCOMPOSITECURVESEGMENT(.CONTINUOUS.,.T.,#10218);
#10220= IFCCARTESIANPOINT((3874.06250000006,0.,-315.));
#10221= IFCAXIS2PLACEMENT3D(#10220,#87,#676);
#10222= IFCCIRCLE(#10221,35.31);
#10223= IFCTRIMMEDCURVE(#10222,(IFCPARAMETERVALUE(0.)),(IFCPARAMETERVALUE(1.5707963267949)),.T.,.PARAMETER.);
#10224= IFCCOMPOSITECURVESEGMENT(.CONTINUOUS.,.T.,#10223);
#10225= IFCCARTESIANPOINT((3909.37500000006,0.,-315.));
#10226= IFCVECTOR(#9,1.);
#10227= IFCLINE(#10225,#10226);
#10228= IFCTRIMMEDCURVE(#10227,(IFCPARAMETERVALUE(0.)),(IFCPARAMETERVALUE(315.)),.T.,.PARAMETER.);
#10229= IFCCOMPOSITECURVESEGMENT(.DISCONTINUOUS.,.T.,#10228);
#10230= IFCCOMPOSITECURVE((#10209,#10214,#10219,#10224,#10229),.F.);
#10231= IFCSWEPTDISKSOLID(#10230,5.3125,$,0.,4471.89159265365);
#10232= IFCSTYLEDITEM(#10231,(#10205),$);
#10233= IFCCARTESIANPOINT((545.3125,1105.3125,420.625));
#10234= IFCCARTESIANTRANSFORMATIONOPERATOR3D($,$,#10233,$,$);
#10235= IFCSHAPEREPRESENTATION(#13,'Body','AdvancedSweptSolid',(#10231));
#10236= IFCREPRESENTATIONMAP(#10,#10235);
#10237= IFCMAPPEDITEM(#10236,#10234);
#10238= IFCCARTESIANPOINT((545.3125,1305.3125,420.625));
#10239= IFCCARTESIANTRANSFORMATIONOPERATOR3D($,$,#10238,$,$);
#10240= IFCSHAPEREPRESENTATION(#13,'Body','AdvancedSweptSolid',(#10231));
#10241= IFCREPRESENTATIONMAP(#10,#10240);
#10242= IFCMAPPEDITEM(#10241,#10239);
#10243= IFCCARTESIANPOINT((545.3125,1505.3125,420.625));
#10244= IFCCARTESIANTRANSFORMATIONOPERATOR3D($,$,#10243,$,$);
#10245= IFCSHAPEREPRESENTATION(#13,'Body','AdvancedSweptSolid',(#10231));
#10246= IFCREPRESENTATIONMAP(#10,#10245);
#10247= IFCMAPPEDITEM(#10246,#10244);
#10248= IFCCARTESIANPOINT((545.3125,1705.3125,420.625));
#10249= IFCCARTESIANTRANSFORMATIONOPERATOR3D($,$,#10248,$,$);
#10250= IFCSHAPEREPRESENTATION(#13,'Body','AdvancedSweptSolid',(#10231));
#10251= IFCREPRESENTATIONMAP(#10,#10250);
#10252= IFCMAPPEDITEM(#10251,#10249);
#10253= IFCCARTESIANPOINT((545.3125,1905.3125,420.625));
#10254= IFCCARTESIANTRANSFORMATIONOPERATOR3D($,$,#10253,$,$);
#10255= IFCSHAPEREPRESENTATION(#13,'Body','AdvancedSweptSolid',(#10231));
#10256= IFCREPRESENTATIONMAP(#10,#10255);
#10257= IFCMAPPEDITEM(#10256,#10254);
#10258= IFCCARTESIANPOINT((545.3125,2105.3125,420.625));
#10259= IFCCARTESIANTRANSFORMATIONOPERATOR3D($,$,#10258,$,$);
#10260= IFCSHAPEREPRESENTATION(#13,'Body','AdvancedSweptSolid',(#10231));
#10261= IFCREPRESENTATIONMAP(#10,#10260);
#10262= IFCMAPPEDITEM(#10261,#10259);
#10263= IFCCARTESIANPOINT((545.3125,2305.3125,420.625));
#10264= IFCCARTESIANTRANSFORMATIONOPERATOR3D($,$,#10263,$,$);
#10265= IFCSHAPEREPRESENTATION(#13,'Body','AdvancedSweptSolid',(#10231));
#10266= IFCREPRESENTATIONMAP(#10,#10265);
#10267= IFCMAPPEDITEM(#10266,#10264);
#10268= IFCCARTESIANPOINT((545.3125,2505.3125,420.625));
#10269= IFCCARTESIANTRANSFORMATIONOPERATOR3D($,$,#10268,$,$);
#10270= IFCSHAPEREPRESENTATION(#13,'Body','AdvancedSweptSolid',(#10231));
#10271= IFCREPRESENTATIONMAP(#10,#10270);
#10272= IFCMAPPEDITEM(#10271,#10269);
#10273= IFCCARTESIANPOINT((545.3125,2705.3125,420.625));
#10274= IFCCARTESIANTRANSFORMATIONOPERATOR3D($,$,#10273,$,$);
#10275= IFCSHAPEREPRESENTATION(#13,'Body','AdvancedSweptSolid',(#10231));
#10276= IFCREPRESENTATIONMAP(#10,#10275);
#10277= IFCMAPPEDITEM(#10276,#10274);
#10278= IFCCARTESIANPOINT((545.3125,2905.3125,420.625));
#10279= IFCCARTESIANTRANSFORMATIONOPERATOR3D($,$,#10278,$,$);
#10280= IFCSHAPEREPRESENTATION(#13,'Body','AdvancedSweptSolid',(#10231));
#10281= IFCREPRESENTATIONMAP(#10,#10280);
#10282= IFCMAPPEDITEM(#10281,#10279);
#10283= IFCCARTESIANPOINT((545.3125,3305.3125,420.625));
#10284= IFCCARTESIANTRANSFORMATIONOPERATOR3D($,$,#10283,$,$);
#10285= IFCSHAPEREPRESENTATION(#13,'Body','AdvancedSweptSolid',(#10231));
#10286= IFCREPRESENTATIONMAP(#10,#10285);
#10287= IFCMAPPEDITEM(#10286,#10284);
#10288= IFCCARTESIANPOINT((545.3125,3505.3125,420.625));
#10289= IFCCARTESIANTRANSFORMATIONOPERATOR3D($,$,#10288,$,$);
#10290= IFCSHAPEREPRESENTATION(#13,'Body','AdvancedSweptSolid',(#10231));
#10291= IFCREPRESENTATIONMAP(#10,#10290);
#10292= IFCMAPPEDITEM(#10291,#10289);
#10293= IFCCARTESIANPOINT((545.3125,3705.3125,420.625));
#10294= IFCCARTESIANTRANSFORMATIONOPERATOR3D($,$,#10293,$,$);
#10295= IFCSHAPEREPRESENTATION(#13,'Body','AdvancedSweptSolid',(#10231));
#10296= IFCREPRESENTATIONMAP(#10,#10295);
#10297= IFCMAPPEDITEM(#10296,#10294);
#10298= IFCCARTESIANPOINT((545.3125,4305.3125,420.625));
#10299= IFCCARTESIANTRANSFORMATIONOPERATOR3D($,$,#10298,$,$);
#10300= IFCSHAPEREPRESENTATION(#13,'Body','AdvancedSweptSolid',(#10231));
#10301= IFCREPRESENTATIONMAP(#10,#10300);
#10302= IFCMAPPEDITEM(#10301,#10299);
#10303= IFCCARTESIANPOINT((545.3125,4505.3125,420.625));
#10304= IFCCARTESIANTRANSFORMATIONOPERATOR3D($,$,#10303,$,$);
#10305= IFCSHAPEREPRESENTATION(#13,'Body','AdvancedSweptSolid',(#10231));
#10306= IFCREPRESENTATIONMAP(#10,#10305);
#10307= IFCMAPPEDITEM(#10306,#10304);
#10308= IFCCARTESIANPOINT((545.3125,4705.3125,420.625));
#10309= IFCCARTESIANTRANSFORMATIONOPERATOR3D($,$,#10308,$,$);
#10310= IFCSHAPEREPRESENTATION(#13,'Body','AdvancedSweptSolid',(#10231));
#10311= IFCREPRESENTATIONMAP(#10,#10310);
#10312= IFCMAPPEDITEM(#10311,#10309);
#10313= IFCCARTESIANPOINT((545.312499999942,5305.3125,420.625));
#10314= IFCCARTESIANTRANSFORMATIONOPERATOR3D($,$,#10313,$,$);
#10315= IFCSHAPEREPRESENTATION(#13,'Body','AdvancedSweptSolid',(#10231));
#10316= IFCREPRESENTATIONMAP(#10,#10315);
#10317= IFCMAPPEDITEM(#10316,#10314);
#10318= IFCCARTESIANPOINT((545.312499999942,5505.3125,420.625));
#10319= IFCCARTESIANTRANSFORMATIONOPERATOR3D($,$,#10318,$,$);
#10320= IFCSHAPEREPRESENTATION(#13,'Body','AdvancedSweptSolid',(#10231));
#10321= IFCREPRESENTATIONMAP(#10,#10320);
#10322= IFCMAPPEDITEM(#10321,#10319);
#10323= IFCCARTESIANPOINT((545.312499999942,5705.3125,420.625));
#10324= IFCCARTESIANTRANSFORMATIONOPERATOR3D($,$,#10323,$,$);
#10325= IFCSHAPEREPRESENTATION(#13,'Body','AdvancedSweptSolid',(#10231));
#10326= IFCREPRESENTATIONMAP(#10,#10325);
#10327= IFCMAPPEDITEM(#10326,#10324);
#10328= IFCCARTESIANPOINT((545.312499999942,5905.3125,420.625));
#10329= IFCCARTESIANTRANSFORMATIONOPERATOR3D($,$,#10328,$,$);
#10330= IFCSHAPEREPRESENTATION(#13,'Body','AdvancedSweptSolid',(#10231));
#10331= IFCREPRESENTATIONMAP(#10,#10330);
#10332= IFCMAPPEDITEM(#10331,#10329);
#10333= IFCCARTESIANPOINT((545.312499999942,6105.3125,420.625));
#10334= IFCCARTESIANTRANSFORMATIONOPERATOR3D($,$,#10333,$,$);
#10335= IFCSHAPEREPRESENTATION(#13,'Body','AdvancedSweptSolid',(#10231));
#10336= IFCREPRESENTATIONMAP(#10,#10335);
#10337= IFCMAPPEDITEM(#10336,#10334);
#10338= IFCCARTESIANPOINT((545.312499999942,6305.3125,420.625));
#10339= IFCCARTESIANTRANSFORMATIONOPERATOR3D($,$,#10338,$,$);
#10340= IFCSHAPEREPRESENTATION(#13,'Body','AdvancedSweptSolid',(#10231));
#10341= IFCREPRESENTATIONMAP(#10,#10340);
#10342= IFCMAPPEDITEM(#10341,#10339);
#10343= IFCCARTESIANPOINT((545.312499999942,6505.3125,420.625));
#10344= IFCCARTESIANTRANSFORMATIONOPERATOR3D($,$,#10343,$,$);
#10345= IFCSHAPEREPRESENTATION(#13,'Body','AdvancedSweptSolid',(#10231));
#10346= IFCREPRESENTATIONMAP(#10,#10345);
#10347= IFCMAPPEDITEM(#10346,#10344);
#10348= IFCCARTESIANPOINT((545.312499999942,6705.3125,420.625));
#10349= IFCCARTESIANTRANSFORMATIONOPERATOR3D($,$,#10348,$,$);
#10350= IFCSHAPEREPRESENTATION(#13,'Body','AdvancedSweptSolid',(#10231));
#10351= IFCREPRESENTATIONMAP(#10,#10350);
#10352= IFCMAPPEDITEM(#10351,#10349);
#10353= IFCCARTESIANPOINT((545.312499999942,6905.3125,420.625));
#10354= IFCCARTESIANTRANSFORMATIONOPERATOR3D($,$,#10353,$,$);
#10355= IFCSHAPEREPRESENTATION(#13,'Body','AdvancedSweptSolid',(#10231));
#10356= IFCREPRESENTATIONMAP(#10,#10355);
#10357= IFCMAPPEDITEM(#10356,#10354);
#10358= IFCCARTESIANPOINT((545.312499999942,7105.3125,420.625));
#10359= IFCCARTESIANTRANSFORMATIONOPERATOR3D($,$,#10358,$,$);
#10360= IFCSHAPEREPRESENTATION(#13,'Body','AdvancedSweptSolid',(#10231));
#10361= IFCREPRESENTATIONMAP(#10,#10360);
#10362= IFCMAPPEDITEM(#10361,#10359);
#10363= IFCCARTESIANPOINT((545.312499999942,7305.3125,420.625));
#10364= IFCCARTESIANTRANSFORMATIONOPERATOR3D($,$,#10363,$,$);
#10365= IFCSHAPEREPRESENTATION(#13,'Body','AdvancedSweptSolid',(#10231));
#10366= IFCREPRESENTATIONMAP(#10,#10365);
#10367= IFCMAPPEDITEM(#10366,#10364);
#10368= IFCCARTESIANPOINT((545.312499999942,7505.3125,420.625));
#10369= IFCCARTESIANTRANSFORMATIONOPERATOR3D($,$,#10368,$,$);
#10370= IFCSHAPEREPRESENTATION(#13,'Body','AdvancedSweptSolid',(#10231));
#10371= IFCREPRESENTATIONMAP(#10,#10370);
#10372= IFCMAPPEDITEM(#10371,#10369);
#10373= IFCCARTESIANPOINT((545.312499999942,7705.3125,420.625));
#10374= IFCCARTESIANTRANSFORMATIONOPERATOR3D($,$,#10373,$,$);
#10375= IFCSHAPEREPRESENTATION(#13,'Body','AdvancedSweptSolid',(#10231));
#10376= IFCREPRESENTATIONMAP(#10,#10375);
#10377= IFCMAPPEDITEM(#10376,#10374);
#10378= IFCCARTESIANPOINT((545.312499999942,7905.3125,420.625));
#10379= IFCCARTESIANTRANSFORMATIONOPERATOR3D($,$,#10378,$,$);
#10380= IFCSHAPEREPRESENTATION(#13,'Body','AdvancedSweptSolid',(#10231));
#10381= IFCREPRESENTATIONMAP(#10,#10380);
#10382= IFCMAPPEDITEM(#10381,#10379);
#10383= IFCCARTESIANPOINT((545.312499999942,8105.3125,420.625));
#10384= IFCCARTESIANTRANSFORMATIONOPERATOR3D($,$,#10383,$,$);
#10385= IFCSHAPEREPRESENTATION(#13,'Body','AdvancedSweptSolid',(#10231));
#10386= IFCREPRESENTATIONMAP(#10,#10385);
#10387= IFCMAPPEDITEM(#10386,#10384);
#10388= IFCCARTESIANPOINT((545.312499999942,8305.3125,420.625));
#10389= IFCCARTESIANTRANSFORMATIONOPERATOR3D($,$,#10388,$,$);
#10390= IFCSHAPEREPRESENTATION(#13,'Body','AdvancedSweptSolid',(#10231));
#10391= IFCREPRESENTATIONMAP(#10,#10390);
#10392= IFCMAPPEDITEM(#10391,#10389);
#10393= IFCCARTESIANPOINT((545.312499999942,8505.3125,420.625));
#10394= IFCCARTESIANTRANSFORMATIONOPERATOR3D($,$,#10393,$,$);
#10395= IFCSHAPEREPRESENTATION(#13,'Body','AdvancedSweptSolid',(#10231));
#10396= IFCREPRESENTATIONMAP(#10,#10395);
#10397= IFCMAPPEDITEM(#10396,#10394);
#10398= IFCCARTESIANPOINT((545.312499999942,8705.3125,420.625));
#10399= IFCCARTESIANTRANSFORMATIONOPERATOR3D($,$,#10398,$,$);
#10400= IFCSHAPEREPRESENTATION(#13,'Body','AdvancedSweptSolid',(#10231));
#10401= IFCREPRESENTATIONMAP(#10,#10400);
#10402= IFCMAPPEDITEM(#10401,#10399);
#10403= IFCCARTESIANPOINT((545.312499999942,8905.3125,420.625));
#10404= IFCCARTESIANTRANSFORMATIONOPERATOR3D($,$,#10403,$,$);
#10405= IFCSHAPEREPRESENTATION(#13,'Body','AdvancedSweptSolid',(#10231));
#10406= IFCREPRESENTATIONMAP(#10,#10405);
#10407= IFCMAPPEDITEM(#10406,#10404);
#10408= IFCSHAPEREPRESENTATION(#13,'Body','MappedRepresentation',(#10237,#10242,#10247,#10252,#10257,#10262,#10267,#10272,#10277,#10282,#10287,#10292,#10297,#10302,#10307,#10312,#10317,#10322,#10327,#10332,#10337,#10342,#10347,#10352,#10357,#10362,#10367,#10372,#10377,#10382,#10387,#10392,#10397,#10402,#10407));
#10409= IFCPRODUCTDEFINITIONSHAPE($,$,(#10408));
#10410= IFCCARTESIANPOINT((438200.,395500.,-1099.99999999999));
#10411= IFCAXIS2PLACEMENT3D(#10410,#9,#87);
#10412= IFCLOCALPLACEMENT(#8769,#10411);
#10413= IFCREINFORCINGBAR('2RaMOckhj2fOeiWd_36E$y',#2593,'TRANSV INF',$,$,#10412,#10409,'ID9b916626-babb-42a5-8a2c-827f8318effc',$,10.625,0.,$,.NOTDEFINED.,.NULL.);
#10414= IFCPROPERTYSINGLEVALUE('HISTORY.CREATED',$,IFCLABEL('05.03.2026 16:59:51'),$);
#10415= IFCPROPERTYSINGLEVALUE('WEIGHT_TOTAL_IN_GROUP',$,IFCMASSMEASURE(98.89831),$);
#10416= IFCPROPERTYSINGLEVALUE('SHAPE',$,IFCLABEL('F105'),$);
#10417= IFCPROPERTYSINGLEVALUE('REBAR_POS',$,IFCLABEL('11'),$);
#10418= IFCPROPERTYSINGLEVALUE('NUMBER_OF_BARS_IN_GROUP',$,IFCINTEGER(35),$);
#10419= IFCPROPERTYSINGLEVALUE('MATERIAL',$,IFCLABEL('ADN-420'),$);
#10420= IFCPROPERTYSINGLEVALUE('MODEL_TOTAL',$,$,$);
#10421= IFCPROPERTYSINGLEVALUE('NAME',$,IFCLABEL('TRANSV INF'),$);
#10422= IFCPROPERTYSINGLEVALUE('LAYER',$,IFCLABEL(''),$);
#10423= IFCPROPERTYSINGLEVALUE('HOOK_START_LENGTH',$,$,$);
#10424= IFCPROPERTYSINGLEVALUE('HOOK_START_ANGLE',$,IFCLABEL('90.000'),$);
#10425= IFCPROPERTYSINGLEVALUE('HOOK_END_LENGTH',$,$,$);
#10426= IFCPROPERTYSINGLEVALUE('HOOK_END_ANGLE',$,IFCLABEL('90.000'),$);
#10427= IFCPROPERTYSINGLEVALUE('GUID',$,IFCLABEL('9b916626-babb-42a5-8a2c-827f8318effc'),$);
#10428= IFCPROPERTYSINGLEVALUE('GRADE',$,IFCLABEL('ADN-420'),$);
#10429= IFCPROPERTYSINGLEVALUE('DIM_L',$,IFCLENGTHMEASURE(4630.),$);
#10430= IFCPROPERTYSINGLEVALUE('DIM_E',$,$,$);
#10431= IFCPROPERTYSINGLEVALUE('DIM_D',$,$,$);
#10432= IFCPROPERTYSINGLEVALUE('DIM_C',$,IFCLENGTHMEASURE(355.),$);
#10433= IFCPROPERTYSINGLEVALUE('DIM_B',$,IFCLENGTHMEASURE(3920.),$);
#10434= IFCPROPERTYSINGLEVALUE('DIM_A',$,IFCLENGTHMEASURE(355.),$);
#10435= IFCPROPERTYSINGLEVALUE('DIAMETER_NOMINAL',$,IFCLENGTHMEASURE(10.),$);
#10436= IFCPROPERTYSINGLEVALUE('CONCRETE_COVER_ON_PLANE_MIN',$,IFCLENGTHMEASURE(65.),$);
#10437= IFCPROPERTYSINGLEVALUE('CC_TARGET',$,IFCLENGTHMEASURE(200.),$);
#10438= IFCPROPERTYSINGLEVALUE('CATALOG_NAME',$,IFCLABEL(''),$);
#10439= IFCPROPERTYSINGLEVALUE('CAST_UNIT_POS',$,IFCLABEL('Z2'),$);
#10440= IFCPROPERTYSINGLEVALUE('ADDED_TO_POUR_UNIT',$,IFCINTEGER(0),$);
#10441= IFCPROPERTYSET('2ANyRv50DDnw_T2VKlZRvw',#5,'Rebar_properties',$,(#127,#128,#2605,#69,#10414,#10415,#10416,#10417,#10418,#10419,#10420,#10421,#10422,#10423,#10424,#10425,#10426,#10427,#10428,#10429,#10430,#10431,#10432,#10433,#10434,#10435,#10436,#10437,#10438,#10439,#10440));
#10442= IFCMATERIAL('ADN-420');
#10443= IFCTRIMMEDCURVE(#10207,(IFCPARAMETERVALUE(0.)),(IFCPARAMETERVALUE(305.)),.T.,.PARAMETER.);
#10444= IFCCOMPOSITECURVESEGMENT(.CONTINUOUS.,.T.,#10443);
#10445= IFCCARTESIANPOINT((35.3125,0.,-305.));
#10446= IFCAXIS2PLACEMENT3D(#10445,#87,#88);
#10447= IFCCIRCLE(#10446,35.31);
#10448= IFCTRIMMEDCURVE(#10447,(IFCPARAMETERVALUE(0.)),(IFCPARAMETERVALUE(1.57079632679489)),.T.,.PARAMETER.);
#10449= IFCCOMPOSITECURVESEGMENT(.CONTINUOUS.,.T.,#10448);
#10450= IFCCARTESIANPOINT((35.3125,0.,-340.3125));
#10451= IFCLINE(#10450,#10216);
#10452= IFCTRIMMEDCURVE(#10451,(IFCPARAMETERVALUE(0.)),(IFCPARAMETERVALUE(7838.75000000012)),.T.,.PARAMETER.);
#10453= IFCCOMPOSITECURVESEGMENT(.CONTINUOUS.,.T.,#10452);
#10454= IFCCARTESIANPOINT((7874.06250000012,0.,-305.000000000014));
#10455= IFCAXIS2PLACEMENT3D(#10454,#87,#676);
#10456= IFCCIRCLE(#10455,35.31);
#10457= IFCTRIMMEDCURVE(#10456,(IFCPARAMETERVALUE(0.)),(IFCPARAMETERVALUE(1.5707963267949)),.T.,.PARAMETER.);
#10458= IFCCOMPOSITECURVESEGMENT(.CONTINUOUS.,.T.,#10457);
#10459= IFCCARTESIANPOINT((7909.37500000012,0.,-305.000000000014));
#10460= IFCLINE(#10459,#10226);
#10461= IFCTRIMMEDCURVE(#10460,(IFCPARAMETERVALUE(0.)),(IFCPARAMETERVALUE(305.)),.T.,.PARAMETER.);
#10462= IFCCOMPOSITECURVESEGMENT(.DISCONTINUOUS.,.T.,#10461);
#10463= IFCCOMPOSITECURVE((#10444,#10449,#10453,#10458,#10462),.F.);
#10464= IFCSWEPTDISKSOLID(#10463,5.3125,$,0.,8451.89159265371);
#10465= IFCSTYLEDITEM(#10464,(#10205),$);
#10466= IFCCARTESIANPOINT((1045.3125,605.3125,420.625));
#10467= IFCCARTESIANTRANSFORMATIONOPERATOR3D($,$,#10466,$,$);
#10468= IFCSHAPEREPRESENTATION(#13,'Body','AdvancedSweptSolid',(#10464));
#10469= IFCREPRESENTATIONMAP(#10,#10468);
#10470= IFCMAPPEDITEM(#10469,#10467);
#10471= IFCTRIMMEDCURVE(#10460,(IFCPARAMETERVALUE(0.)),(IFCPARAMETERVALUE(305.)),.T.,.PARAMETER.);
#10472= IFCCOMPOSITECURVESEGMENT(.DISCONTINUOUS.,.T.,#10471);
#10473= IFCCOMPOSITECURVE((#10444,#10449,#10453,#10458,#10472),.F.);
#10474= IFCSWEPTDISKSOLID(#10473,5.3125,$,0.,8451.89159265371);
#10475= IFCSTYLEDITEM(#10474,(#10205),$);
#10476= IFCCARTESIANPOINT((1045.3125,805.3125,420.624999999999));
#10477= IFCCARTESIANTRANSFORMATIONOPERATOR3D($,$,#10476,$,$);
#10478= IFCSHAPEREPRESENTATION(#13,'Body','AdvancedSweptSolid',(#10474));
#10479= IFCREPRESENTATIONMAP(#10,#10478);
#10480= IFCMAPPEDITEM(#10479,#10477);
#10481= IFCCARTESIANPOINT((1045.3125,1005.3125,420.624999999998));
#10482= IFCCARTESIANTRANSFORMATIONOPERATOR3D($,$,#10481,$,$);
#10483= IFCSHAPEREPRESENTATION(#13,'Body','AdvancedSweptSolid',(#10474));
#10484= IFCREPRESENTATIONMAP(#10,#10483);
#10485= IFCMAPPEDITEM(#10484,#10482);
#10486= IFCTRIMMEDCURVE(#10207,(IFCPARAMETERVALUE(0.)),(IFCPARAMETERVALUE(305.)),.T.,.PARAMETER.);
#10487= IFCCOMPOSITECURVESEGMENT(.CONTINUOUS.,.T.,#10486);
#10488= IFCCOMPOSITECURVE((#10487,#10449,#10453,#10458,#10472),.F.);
#10489= IFCSWEPTDISKSOLID(#10488,5.3125,$,0.,8451.89159265371);
#10490= IFCSTYLEDITEM(#10489,(#10205),$);
#10491= IFCCARTESIANPOINT((1045.3125,1205.3125,420.624999999997));
#10492= IFCCARTESIANTRANSFORMATIONOPERATOR3D($,$,#10491,$,$);
#10493= IFCSHAPEREPRESENTATION(#13,'Body','AdvancedSweptSolid',(#10489));
#10494= IFCREPRESENTATIONMAP(#10,#10493);
#10495= IFCMAPPEDITEM(#10494,#10492);
#10496= IFCCARTESIANPOINT((1045.3125,1405.3125,420.624999999997));
#10497= IFCCARTESIANTRANSFORMATIONOPERATOR3D($,$,#10496,$,$);
#10498= IFCSHAPEREPRESENTATION(#13,'Body','AdvancedSweptSolid',(#10474));
#10499= IFCREPRESENTATIONMAP(#10,#10498);
#10500= IFCMAPPEDITEM(#10499,#10497);
#10501= IFCCARTESIANPOINT((1045.3125,1605.3125,420.624999999996));
#10502= IFCCARTESIANTRANSFORMATIONOPERATOR3D($,$,#10501,$,$);
#10503= IFCSHAPEREPRESENTATION(#13,'Body','AdvancedSweptSolid',(#10464));
#10504= IFCREPRESENTATIONMAP(#10,#10503);
#10505= IFCMAPPEDITEM(#10504,#10502);
#10506= IFCCARTESIANPOINT((1045.3125,1805.3125,420.624999999995));
#10507= IFCCARTESIANTRANSFORMATIONOPERATOR3D($,$,#10506,$,$);
#10508= IFCSHAPEREPRESENTATION(#13,'Body','AdvancedSweptSolid',(#10474));
#10509= IFCREPRESENTATIONMAP(#10,#10508);
#10510= IFCMAPPEDITEM(#10509,#10507);
#10511= IFCCARTESIANPOINT((1045.3125,2005.3125,420.624999999995));
#10512= IFCCARTESIANTRANSFORMATIONOPERATOR3D($,$,#10511,$,$);
#10513= IFCSHAPEREPRESENTATION(#13,'Body','AdvancedSweptSolid',(#10474));
#10514= IFCREPRESENTATIONMAP(#10,#10513);
#10515= IFCMAPPEDITEM(#10514,#10512);
#10516= IFCCARTESIANPOINT((1045.3125,2205.3125,420.624999999994));
#10517= IFCCARTESIANTRANSFORMATIONOPERATOR3D($,$,#10516,$,$);
#10518= IFCSHAPEREPRESENTATION(#13,'Body','AdvancedSweptSolid',(#10489));
#10519= IFCREPRESENTATIONMAP(#10,#10518);
#10520= IFCMAPPEDITEM(#10519,#10517);
#10521= IFCCARTESIANPOINT((1045.3125,2805.3125,420.624999999992));
#10522= IFCCARTESIANTRANSFORMATIONOPERATOR3D($,$,#10521,$,$);
#10523= IFCSHAPEREPRESENTATION(#13,'Body','AdvancedSweptSolid',(#10474));
#10524= IFCREPRESENTATIONMAP(#10,#10523);
#10525= IFCMAPPEDITEM(#10524,#10522);
#10526= IFCCARTESIANPOINT((1045.3125,3005.3125,420.624999999991));
#10527= IFCCARTESIANTRANSFORMATIONOPERATOR3D($,$,#10526,$,$);
#10528= IFCSHAPEREPRESENTATION(#13,'Body','AdvancedSweptSolid',(#10474));
#10529= IFCREPRESENTATIONMAP(#10,#10528);
#10530= IFCMAPPEDITEM(#10529,#10527);
#10531= IFCCARTESIANPOINT((1045.3125,3205.3125,420.62499999999));
#10532= IFCCARTESIANTRANSFORMATIONOPERATOR3D($,$,#10531,$,$);
#10533= IFCSHAPEREPRESENTATION(#13,'Body','AdvancedSweptSolid',(#10489));
#10534= IFCREPRESENTATIONMAP(#10,#10533);
#10535= IFCMAPPEDITEM(#10534,#10532);
#10536= IFCCARTESIANPOINT((1045.3125,3405.3125,420.624999999989));
#10537= IFCCARTESIANTRANSFORMATIONOPERATOR3D($,$,#10536,$,$);
#10538= IFCSHAPEREPRESENTATION(#13,'Body','AdvancedSweptSolid',(#10474));
#10539= IFCREPRESENTATIONMAP(#10,#10538);
#10540= IFCMAPPEDITEM(#10539,#10537);
#10541= IFCCARTESIANPOINT((1045.3125,3605.3125,420.624999999989));
#10542= IFCCARTESIANTRANSFORMATIONOPERATOR3D($,$,#10541,$,$);
#10543= IFCSHAPEREPRESENTATION(#13,'Body','AdvancedSweptSolid',(#10464));
#10544= IFCREPRESENTATIONMAP(#10,#10543);
#10545= IFCMAPPEDITEM(#10544,#10542);
#10546= IFCSHAPEREPRESENTATION(#13,'Body','MappedRepresentation',(#10470,#10480,#10485,#10495,#10500,#10505,#10510,#10515,#10520,#10525,#10530,#10535,#10540,#10545));
#10547= IFCPRODUCTDEFINITIONSHAPE($,$,(#10546));
#10548= IFCCARTESIANPOINT((438200.,390500.,-1100.00000000003));
#10549= IFCAXIS2PLACEMENT3D(#10548,#9,#7);
#10550= IFCLOCALPLACEMENT(#8769,#10549);
#10551= IFCREINFORCINGBAR('0GB94_LDH0RPnOoZfhHT9O',#2593,'LONG INF',$,$,#10550,#10547,'ID102c913e-54d4-406d-9c58-ca3a6b45d258',$,10.625,0.,$,.NOTDEFINED.,.NULL.);
#10552= IFCPROPERTYSINGLEVALUE('HISTORY.CREATED',$,IFCLABEL('05.03.2026 17:29:02'),$);
#10553= IFCPROPERTYSINGLEVALUE('WEIGHT_TOTAL_IN_GROUP',$,IFCMASSMEASURE(73.9382),$);
#10554= IFCPROPERTYSINGLEVALUE('REBAR_POS',$,IFCLABEL('12'),$);
#10555= IFCPROPERTYSINGLEVALUE('NUMBER_OF_BARS_IN_GROUP',$,IFCINTEGER(14),$);
#10556= IFCPROPERTYSINGLEVALUE('NAME',$,IFCLABEL('LONG INF'),$);
#10557= IFCPROPERTYSINGLEVALUE('GUID',$,IFCLABEL('102c913e-54d4-406d-9c58-ca3a6b45d258'),$);
#10558= IFCPROPERTYSINGLEVALUE('DIM_L',$,IFCLENGTHMEASURE(8610.),$);
#10559= IFCPROPERTYSINGLEVALUE('DIM_C',$,IFCLENGTHMEASURE(345.),$);
#10560= IFCPROPERTYSINGLEVALUE('DIM_B',$,IFCLENGTHMEASURE(7920.),$);
#10561= IFCPROPERTYSINGLEVALUE('DIM_A',$,IFCLENGTHMEASURE(345.),$);
#10562= IFCPROPERTYSINGLEVALUE('CONCRETE_COVER_ON_PLANE_MIN',$,IFCLENGTHMEASURE(75.),$);
#10563= IFCPROPERTYSET('2FMv_PaL557hAnrKyYBPF3',#5,'Rebar_properties',$,(#127,#128,#2605,#69,#10552,#10553,#10416,#10554,#10555,#10419,#10420,#10556,#10422,#10423,#10424,#10425,#10426,#10557,#10428,#10558,#10430,#10431,#10559,#10560,#10561,#10435,#10562,#10437,#10438,#10439,#10440));
#10564= IFCTRIMMEDCURVE(#10207,(IFCPARAMETERVALUE(0.)),(IFCPARAMETERVALUE(50.0000000000001)),.T.,.PARAMETER.);
#10565= IFCCOMPOSITECURVESEGMENT(.CONTINUOUS.,.T.,#10564);
#10566= IFCCARTESIANPOINT((35.3125,-5.25801624462474E-13,-50.0000000000001));
#10567= IFCAXIS2PLACEMENT3D(#10566,#87,#88);
#10568= IFCCIRCLE(#10567,35.31);
#10569= IFCTRIMMEDCURVE(#10568,(IFCPARAMETERVALUE(0.)),(IFCPARAMETERVALUE(1.5707963267949)),.T.,.PARAMETER.);
#10570= IFCCOMPOSITECURVESEGMENT(.CONTINUOUS.,.T.,#10569);
#10571= IFCCARTESIANPOINT((35.3125,-5.25801624462474E-13,-85.3125000000001));
#10572= IFCLINE(#10571,#10216);
#10573= IFCTRIMMEDCURVE(#10572,(IFCPARAMETERVALUE(0.)),(IFCPARAMETERVALUE(3838.75)),.T.,.PARAMETER.);
#10574= IFCCOMPOSITECURVESEGMENT(.CONTINUOUS.,.T.,#10573);
#10575= IFCCARTESIANPOINT((3874.0625,-5.76818592890049E-11,-50.0000000000001));
#10576= IFCAXIS2PLACEMENT3D(#10575,#87,#676);
#10577= IFCCIRCLE(#10576,35.31);
#10578= IFCTRIMMEDCURVE(#10577,(IFCPARAMETERVALUE(0.)),(IFCPARAMETERVALUE(1.5707963267949)),.T.,.PARAMETER.);
#10579= IFCCOMPOSITECURVESEGMENT(.CONTINUOUS.,.T.,#10578);
#10580= IFCCARTESIANPOINT((3909.375,-5.82076609134674E-11,-50.0000000000001));
#10581= IFCLINE(#10580,#10226);
#10582= IFCTRIMMEDCURVE(#10581,(IFCPARAMETERVALUE(0.)),(IFCPARAMETERVALUE(50.0000000000001)),.T.,.PARAMETER.);
#10583= IFCCOMPOSITECURVESEGMENT(.DISCONTINUOUS.,.T.,#10582);
#10584= IFCCOMPOSITECURVE((#10565,#10570,#10574,#10579,#10583),.F.);
#10585= IFCSWEPTDISKSOLID(#10584,5.3125,$,0.,3941.89159265359);
#10586= IFCSTYLEDITEM(#10585,(#10205),$);
#10587= IFCCARTESIANPOINT((545.3125,105.3125,130.625));
#10588= IFCCARTESIANTRANSFORMATIONOPERATOR3D($,$,#10587,$,$);
#10589= IFCSHAPEREPRESENTATION(#13,'Body','AdvancedSweptSolid',(#10585));
#10590= IFCREPRESENTATIONMAP(#10,#10589);
#10591= IFCMAPPEDITEM(#10590,#10588);
#10592= IFCCARTESIANPOINT((545.3125,305.3125,130.624999999998));
#10593= IFCCARTESIANTRANSFORMATIONOPERATOR3D($,$,#10592,$,$);
#10594= IFCSHAPEREPRESENTATION(#13,'Body','AdvancedSweptSolid',(#10585));
#10595= IFCREPRESENTATIONMAP(#10,#10594);
#10596= IFCMAPPEDITEM(#10595,#10593);
#10597= IFCTRIMMEDCURVE(#10207,(IFCPARAMETERVALUE(0.)),(IFCPARAMETERVALUE(50.)),.T.,.PARAMETER.);
#10598= IFCCOMPOSITECURVESEGMENT(.CONTINUOUS.,.T.,#10597);
#10599= IFCTRIMMEDCURVE(#10581,(IFCPARAMETERVALUE(0.)),(IFCPARAMETERVALUE(50.)),.T.,.PARAMETER.);
#10600= IFCCOMPOSITECURVESEGMENT(.DISCONTINUOUS.,.T.,#10599);
#10601= IFCCOMPOSITECURVE((#10598,#10570,#10574,#10579,#10600),.F.);
#10602= IFCSWEPTDISKSOLID(#10601,5.3125,$,0.,3941.89159265359);
#10603= IFCSTYLEDITEM(#10602,(#10205),$);
#10604= IFCCARTESIANPOINT((545.3125,505.3125,130.624999999997));
#10605= IFCCARTESIANTRANSFORMATIONOPERATOR3D($,$,#10604,$,$);
#10606= IFCSHAPEREPRESENTATION(#13,'Body','AdvancedSweptSolid',(#10602));
#10607= IFCREPRESENTATIONMAP(#10,#10606);
#10608= IFCMAPPEDITEM(#10607,#10605);
#10609= IFCCARTESIANPOINT((545.3125,705.3125,130.624999999996));
#10610= IFCCARTESIANTRANSFORMATIONOPERATOR3D($,$,#10609,$,$);
#10611= IFCSHAPEREPRESENTATION(#13,'Body','AdvancedSweptSolid',(#10602));
#10612= IFCREPRESENTATIONMAP(#10,#10611);
#10613= IFCMAPPEDITEM(#10612,#10610);
#10614= IFCTRIMMEDCURVE(#10207,(IFCPARAMETERVALUE(0.)),(IFCPARAMETERVALUE(49.9999999999999)),.T.,.PARAMETER.);
#10615= IFCCOMPOSITECURVESEGMENT(.CONTINUOUS.,.T.,#10614);
#10616= IFCTRIMMEDCURVE(#10581,(IFCPARAMETERVALUE(0.)),(IFCPARAMETERVALUE(49.9999999999999)),.T.,.PARAMETER.);
#10617= IFCCOMPOSITECURVESEGMENT(.DISCONTINUOUS.,.T.,#10616);
#10618= IFCCOMPOSITECURVE((#10615,#10570,#10574,#10579,#10617),.F.);
#10619= IFCSWEPTDISKSOLID(#10618,5.3125,$,0.,3941.89159265359);
#10620= IFCSTYLEDITEM(#10619,(#10205),$);
#10621= IFCCARTESIANPOINT((545.3125,905.3125,130.624999999995));
#10622= IFCCARTESIANTRANSFORMATIONOPERATOR3D($,$,#10621,$,$);
#10623= IFCSHAPEREPRESENTATION(#13,'Body','AdvancedSweptSolid',(#10619));
#10624= IFCREPRESENTATIONMAP(#10,#10623);
#10625= IFCMAPPEDITEM(#10624,#10622);
#10626= IFCCARTESIANPOINT((545.3125,1105.3125,130.624999999994));
#10627= IFCCARTESIANTRANSFORMATIONOPERATOR3D($,$,#10626,$,$);
#10628= IFCSHAPEREPRESENTATION(#13,'Body','AdvancedSweptSolid',(#10585));
#10629= IFCREPRESENTATIONMAP(#10,#10628);
#10630= IFCMAPPEDITEM(#10629,#10627);
#10631= IFCCARTESIANPOINT((545.3125,1305.3125,130.624999999993));
#10632= IFCCARTESIANTRANSFORMATIONOPERATOR3D($,$,#10631,$,$);
#10633= IFCSHAPEREPRESENTATION(#13,'Body','AdvancedSweptSolid',(#10585));
#10634= IFCREPRESENTATIONMAP(#10,#10633);
#10635= IFCMAPPEDITEM(#10634,#10632);
#10636= IFCCARTESIANPOINT((545.3125,1505.3125,130.624999999992));
#10637= IFCCARTESIANTRANSFORMATIONOPERATOR3D($,$,#10636,$,$);
#10638= IFCSHAPEREPRESENTATION(#13,'Body','AdvancedSweptSolid',(#10602));
#10639= IFCREPRESENTATIONMAP(#10,#10638);
#10640= IFCMAPPEDITEM(#10639,#10637);
#10641= IFCCARTESIANPOINT((545.3125,1705.3125,130.624999999991));
#10642= IFCCARTESIANTRANSFORMATIONOPERATOR3D($,$,#10641,$,$);
#10643= IFCSHAPEREPRESENTATION(#13,'Body','AdvancedSweptSolid',(#10602));
#10644= IFCREPRESENTATIONMAP(#10,#10643);
#10645= IFCMAPPEDITEM(#10644,#10642);
#10646= IFCCARTESIANPOINT((545.3125,1905.3125,130.62499999999));
#10647= IFCCARTESIANTRANSFORMATIONOPERATOR3D($,$,#10646,$,$);
#10648= IFCSHAPEREPRESENTATION(#13,'Body','AdvancedSweptSolid',(#10619));
#10649= IFCREPRESENTATIONMAP(#10,#10648);
#10650= IFCMAPPEDITEM(#10649,#10647);
#10651= IFCCARTESIANPOINT((545.3125,2105.3125,130.624999999989));
#10652= IFCCARTESIANTRANSFORMATIONOPERATOR3D($,$,#10651,$,$);
#10653= IFCSHAPEREPRESENTATION(#13,'Body','AdvancedSweptSolid',(#10585));
#10654= IFCREPRESENTATIONMAP(#10,#10653);
#10655= IFCMAPPEDITEM(#10654,#10652);
#10656= IFCCARTESIANPOINT((545.3125,2305.3125,130.624999999987));
#10657= IFCCARTESIANTRANSFORMATIONOPERATOR3D($,$,#10656,$,$);
#10658= IFCSHAPEREPRESENTATION(#13,'Body','AdvancedSweptSolid',(#10585));
#10659= IFCREPRESENTATIONMAP(#10,#10658);
#10660= IFCMAPPEDITEM(#10659,#10657);
#10661= IFCCARTESIANPOINT((545.3125,2505.3125,130.624999999986));
#10662= IFCCARTESIANTRANSFORMATIONOPERATOR3D($,$,#10661,$,$);
#10663= IFCSHAPEREPRESENTATION(#13,'Body','AdvancedSweptSolid',(#10602));
#10664= IFCREPRESENTATIONMAP(#10,#10663);
#10665= IFCMAPPEDITEM(#10664,#10662);
#10666= IFCCARTESIANPOINT((545.3125,2705.3125,130.624999999985));
#10667= IFCCARTESIANTRANSFORMATIONOPERATOR3D($,$,#10666,$,$);
#10668= IFCSHAPEREPRESENTATION(#13,'Body','AdvancedSweptSolid',(#10602));
#10669= IFCREPRESENTATIONMAP(#10,#10668);
#10670= IFCMAPPEDITEM(#10669,#10667);
#10671= IFCCARTESIANPOINT((545.3125,2905.3125,130.624999999984));
#10672= IFCCARTESIANTRANSFORMATIONOPERATOR3D($,$,#10671,$,$);
#10673= IFCSHAPEREPRESENTATION(#13,'Body','AdvancedSweptSolid',(#10619));
#10674= IFCREPRESENTATIONMAP(#10,#10673);
#10675= IFCMAPPEDITEM(#10674,#10672);
#10676= IFCCARTESIANPOINT((545.3125,3105.3125,130.624999999983));
#10677= IFCCARTESIANTRANSFORMATIONOPERATOR3D($,$,#10676,$,$);
#10678= IFCSHAPEREPRESENTATION(#13,'Body','AdvancedSweptSolid',(#10585));
#10679= IFCREPRESENTATIONMAP(#10,#10678);
#10680= IFCMAPPEDITEM(#10679,#10677);
#10681= IFCCARTESIANPOINT((545.3125,3305.3125,130.624999999982));
#10682= IFCCARTESIANTRANSFORMATIONOPERATOR3D($,$,#10681,$,$);
#10683= IFCSHAPEREPRESENTATION(#13,'Body','AdvancedSweptSolid',(#10585));
#10684= IFCREPRESENTATIONMAP(#10,#10683);
#10685= IFCMAPPEDITEM(#10684,#10682);
#10686= IFCCARTESIANPOINT((545.3125,3505.3125,130.624999999981));
#10687= IFCCARTESIANTRANSFORMATIONOPERATOR3D($,$,#10686,$,$);
#10688= IFCSHAPEREPRESENTATION(#13,'Body','AdvancedSweptSolid',(#10602));
#10689= IFCREPRESENTATIONMAP(#10,#10688);
#10690= IFCMAPPEDITEM(#10689,#10687);
#10691= IFCCARTESIANPOINT((545.3125,3705.3125,130.62499999998));
#10692= IFCCARTESIANTRANSFORMATIONOPERATOR3D($,$,#10691,$,$);
#10693= IFCSHAPEREPRESENTATION(#13,'Body','AdvancedSweptSolid',(#10602));
#10694= IFCREPRESENTATIONMAP(#10,#10693);
#10695= IFCMAPPEDITEM(#10694,#10692);
#10696= IFCCARTESIANPOINT((545.3125,4305.3125,130.624999999977));
#10697= IFCCARTESIANTRANSFORMATIONOPERATOR3D($,$,#10696,$,$);
#10698= IFCSHAPEREPRESENTATION(#13,'Body','AdvancedSweptSolid',(#10585));
#10699= IFCREPRESENTATIONMAP(#10,#10698);
#10700= IFCMAPPEDITEM(#10699,#10697);
#10701= IFCCARTESIANPOINT((545.3125,4505.3125,130.624999999975));
#10702= IFCCARTESIANTRANSFORMATIONOPERATOR3D($,$,#10701,$,$);
#10703= IFCSHAPEREPRESENTATION(#13,'Body','AdvancedSweptSolid',(#10602));
#10704= IFCREPRESENTATIONMAP(#10,#10703);
#10705= IFCMAPPEDITEM(#10704,#10702);
#10706= IFCCARTESIANPOINT((545.3125,4705.3125,130.624999999974));
#10707= IFCCARTESIANTRANSFORMATIONOPERATOR3D($,$,#10706,$,$);
#10708= IFCSHAPEREPRESENTATION(#13,'Body','AdvancedSweptSolid',(#10602));
#10709= IFCREPRESENTATIONMAP(#10,#10708);
#10710= IFCMAPPEDITEM(#10709,#10707);
#10711= IFCCARTESIANPOINT((545.3125,5305.3125,130.624999999971));
#10712= IFCCARTESIANTRANSFORMATIONOPERATOR3D($,$,#10711,$,$);
#10713= IFCSHAPEREPRESENTATION(#13,'Body','AdvancedSweptSolid',(#10585));
#10714= IFCREPRESENTATIONMAP(#10,#10713);
#10715= IFCMAPPEDITEM(#10714,#10712);
#10716= IFCCARTESIANPOINT((545.3125,5505.3125,130.62499999997));
#10717= IFCCARTESIANTRANSFORMATIONOPERATOR3D($,$,#10716,$,$);
#10718= IFCSHAPEREPRESENTATION(#13,'Body','AdvancedSweptSolid',(#10602));
#10719= IFCREPRESENTATIONMAP(#10,#10718);
#10720= IFCMAPPEDITEM(#10719,#10717);
#10721= IFCCARTESIANPOINT((545.3125,5705.3125,130.624999999969));
#10722= IFCCARTESIANTRANSFORMATIONOPERATOR3D($,$,#10721,$,$);
#10723= IFCSHAPEREPRESENTATION(#13,'Body','AdvancedSweptSolid',(#10602));
#10724= IFCREPRESENTATIONMAP(#10,#10723);
#10725= IFCMAPPEDITEM(#10724,#10722);
#10726= IFCCARTESIANPOINT((545.3125,6105.3125,130.624999999967));
#10727= IFCCARTESIANTRANSFORMATIONOPERATOR3D($,$,#10726,$,$);
#10728= IFCSHAPEREPRESENTATION(#13,'Body','AdvancedSweptSolid',(#10585));
#10729= IFCREPRESENTATIONMAP(#10,#10728);
#10730= IFCMAPPEDITEM(#10729,#10727);
#10731= IFCCARTESIANPOINT((545.3125,6305.3125,130.624999999966));
#10732= IFCCARTESIANTRANSFORMATIONOPERATOR3D($,$,#10731,$,$);
#10733= IFCSHAPEREPRESENTATION(#13,'Body','AdvancedSweptSolid',(#10585));
#10734= IFCREPRESENTATIONMAP(#10,#10733);
#10735= IFCMAPPEDITEM(#10734,#10732);
#10736= IFCCARTESIANPOINT((545.3125,6505.3125,130.624999999965));
#10737= IFCCARTESIANTRANSFORMATIONOPERATOR3D($,$,#10736,$,$);
#10738= IFCSHAPEREPRESENTATION(#13,'Body','AdvancedSweptSolid',(#10602));
#10739= IFCREPRESENTATIONMAP(#10,#10738);
#10740= IFCMAPPEDITEM(#10739,#10737);
#10741= IFCCARTESIANPOINT((545.3125,6705.3125,130.624999999963));
#10742= IFCCARTESIANTRANSFORMATIONOPERATOR3D($,$,#10741,$,$);
#10743= IFCSHAPEREPRESENTATION(#13,'Body','AdvancedSweptSolid',(#10602));
#10744= IFCREPRESENTATIONMAP(#10,#10743);
#10745= IFCMAPPEDITEM(#10744,#10742);
#10746= IFCCARTESIANPOINT((545.3125,6905.3125,130.624999999962));
#10747= IFCCARTESIANTRANSFORMATIONOPERATOR3D($,$,#10746,$,$);
#10748= IFCSHAPEREPRESENTATION(#13,'Body','AdvancedSweptSolid',(#10619));
#10749= IFCREPRESENTATIONMAP(#10,#10748);
#10750= IFCMAPPEDITEM(#10749,#10747);
#10751= IFCCARTESIANPOINT((545.3125,7105.3125,130.624999999961));
#10752= IFCCARTESIANTRANSFORMATIONOPERATOR3D($,$,#10751,$,$);
#10753= IFCSHAPEREPRESENTATION(#13,'Body','AdvancedSweptSolid',(#10585));
#10754= IFCREPRESENTATIONMAP(#10,#10753);
#10755= IFCMAPPEDITEM(#10754,#10752);
#10756= IFCCARTESIANPOINT((545.3125,7305.3125,130.62499999996));
#10757= IFCCARTESIANTRANSFORMATIONOPERATOR3D($,$,#10756,$,$);
#10758= IFCSHAPEREPRESENTATION(#13,'Body','AdvancedSweptSolid',(#10585));
#10759= IFCREPRESENTATIONMAP(#10,#10758);
#10760= IFCMAPPEDITEM(#10759,#10757);
#10761= IFCCARTESIANPOINT((545.3125,7505.3125,130.624999999959));
#10762= IFCCARTESIANTRANSFORMATIONOPERATOR3D($,$,#10761,$,$);
#10763= IFCSHAPEREPRESENTATION(#13,'Body','AdvancedSweptSolid',(#10602));
#10764= IFCREPRESENTATIONMAP(#10,#10763);
#10765= IFCMAPPEDITEM(#10764,#10762);
#10766= IFCCARTESIANPOINT((545.3125,7705.3125,130.624999999958));
#10767= IFCCARTESIANTRANSFORMATIONOPERATOR3D($,$,#10766,$,$);
#10768= IFCSHAPEREPRESENTATION(#13,'Body','AdvancedSweptSolid',(#10602));
#10769= IFCREPRESENTATIONMAP(#10,#10768);
#10770= IFCMAPPEDITEM(#10769,#10767);
#10771= IFCCARTESIANPOINT((545.3125,7905.3125,130.624999999957));
#10772= IFCCARTESIANTRANSFORMATIONOPERATOR3D($,$,#10771,$,$);
#10773= IFCSHAPEREPRESENTATION(#13,'Body','AdvancedSweptSolid',(#10619));
#10774= IFCREPRESENTATIONMAP(#10,#10773);
#10775= IFCMAPPEDITEM(#10774,#10772);
#10776= IFCSHAPEREPRESENTATION(#13,'Body','MappedRepresentation',(#10591,#10596,#10608,#10613,#10625,#10630,#10635,#10640,#10645,#10650,#10655,#10660,#10665,#10670,#10675,#10680,#10685,#10690,#10695,#10700,#10705,#10710,#10715,#10720,#10725,#10730,#10735,#10740,#10745,#10750,#10755,#10760,#10765,#10770,#10775));
#10777= IFCPRODUCTDEFINITIONSHAPE($,$,(#10776));
#10778= IFCCARTESIANPOINT((447200.,395500.,-899.999999999985));
#10779= IFCAXIS2PLACEMENT3D(#10778,#676,#87);
#10780= IFCLOCALPLACEMENT(#8769,#10779);
#10781= IFCREINFORCINGBAR('0yQJKJ8y56veLGXGoKCQTS',#2593,'TRANSV SUP',$,$,#10780,#10777,'ID3c693513-23c1-46e6-8550-850c9431a75c',$,10.625,0.,$,.NOTDEFINED.,.NULL.);
#10782= IFCPROPERTYSINGLEVALUE('WEIGHT_TOTAL_IN_GROUP',$,IFCMASSMEASURE(87.45296),$);
#10783= IFCPROPERTYSINGLEVALUE('REBAR_POS',$,IFCLABEL('13'),$);
#10784= IFCPROPERTYSINGLEVALUE('NAME',$,IFCLABEL('TRANSV SUP'),$);
#10785= IFCPROPERTYSINGLEVALUE('GUID',$,IFCLABEL('3c693513-23c1-46e6-8550-850c9431a75c'),$);
#10786= IFCPROPERTYSINGLEVALUE('DIM_L',$,IFCLENGTHMEASURE(4100.),$);
#10787= IFCPROPERTYSINGLEVALUE('DIM_C',$,IFCLENGTHMEASURE(90.),$);
#10788= IFCPROPERTYSINGLEVALUE('DIM_A',$,IFCLENGTHMEASURE(90.),$);
#10789= IFCPROPERTYSINGLEVALUE('CONCRETE_COVER_ON_PLANE_MIN',$,IFCLENGTHMEASURE(40.),$);
#10790= IFCPROPERTYSET('2oi9ErcKXBKRgeAA$eKyl1',#5,'Rebar_properties',$,(#127,#128,#2605,#69,#10552,#10782,#10416,#10783,#10418,#10419,#10420,#10784,#10422,#10423,#10424,#10425,#10426,#10785,#10428,#10786,#10430,#10431,#10787,#10433,#10788,#10435,#10789,#10437,#10438,#10439,#10440));
#10791= IFCTRIMMEDCURVE(#10207,(IFCPARAMETERVALUE(0.)),(IFCPARAMETERVALUE(40.)),.T.,.PARAMETER.);
#10792= IFCCOMPOSITECURVESEGMENT(.CONTINUOUS.,.T.,#10791);
#10793= IFCCARTESIANPOINT((35.3125,-2.27373675443232E-13,-40.));
#10794= IFCAXIS2PLACEMENT3D(#10793,#87,#88);
#10795= IFCCIRCLE(#10794,35.31);
#10796= IFCTRIMMEDCURVE(#10795,(IFCPARAMETERVALUE(0.)),(IFCPARAMETERVALUE(1.5707963267949)),.T.,.PARAMETER.);
#10797= IFCCOMPOSITECURVESEGMENT(.CONTINUOUS.,.T.,#10796);
#10798= IFCCARTESIANPOINT((35.3125,-2.27373675443232E-13,-75.3125));
#10799= IFCLINE(#10798,#10216);
#10800= IFCTRIMMEDCURVE(#10799,(IFCPARAMETERVALUE(0.)),(IFCPARAMETERVALUE(7838.75)),.T.,.PARAMETER.);
#10801= IFCCOMPOSITECURVESEGMENT(.CONTINUOUS.,.T.,#10800);
#10802= IFCCARTESIANPOINT((7874.0625,-5.79802872380242E-11,-40.));
#10803= IFCAXIS2PLACEMENT3D(#10802,#87,#676);
#10804= IFCCIRCLE(#10803,35.31);
#10805= IFCTRIMMEDCURVE(#10804,(IFCPARAMETERVALUE(0.)),(IFCPARAMETERVALUE(1.5707963267949)),.T.,.PARAMETER.);
#10806= IFCCOMPOSITECURVESEGMENT(.CONTINUOUS.,.T.,#10805);
#10807= IFCCARTESIANPOINT((7909.375,-5.82076609134674E-11,-40.));
#10808= IFCLINE(#10807,#10226);
#10809= IFCTRIMMEDCURVE(#10808,(IFCPARAMETERVALUE(0.)),(IFCPARAMETERVALUE(40.)),.T.,.PARAMETER.);
#10810= IFCCOMPOSITECURVESEGMENT(.DISCONTINUOUS.,.T.,#10809);
#10811= IFCCOMPOSITECURVE((#10792,#10797,#10801,#10806,#10810),.F.);
#10812= IFCSWEPTDISKSOLID(#10811,5.3125,$,0.,7921.89159265359);
#10813= IFCSTYLEDITEM(#10812,(#10205),$);
#10814= IFCCARTESIANPOINT((45.3125,617.3125,130.625));
#10815= IFCCARTESIANTRANSFORMATIONOPERATOR3D($,$,#10814,$,$);
#10816= IFCSHAPEREPRESENTATION(#13,'Body','AdvancedSweptSolid',(#10812));
#10817= IFCREPRESENTATIONMAP(#10,#10816);
#10818= IFCMAPPEDITEM(#10817,#10815);
#10819= IFCCARTESIANPOINT((45.3125,817.3125,130.625000000001));
#10820= IFCCARTESIANTRANSFORMATIONOPERATOR3D($,$,#10819,$,$);
#10821= IFCSHAPEREPRESENTATION(#13,'Body','AdvancedSweptSolid',(#10812));
#10822= IFCREPRESENTATIONMAP(#10,#10821);
#10823= IFCMAPPEDITEM(#10822,#10820);
#10824= IFCTRIMMEDCURVE(#10207,(IFCPARAMETERVALUE(0.)),(IFCPARAMETERVALUE(39.9999999999999)),.T.,.PARAMETER.);
#10825= IFCCOMPOSITECURVESEGMENT(.CONTINUOUS.,.T.,#10824);
#10826= IFCTRIMMEDCURVE(#10808,(IFCPARAMETERVALUE(0.)),(IFCPARAMETERVALUE(39.9999999999999)),.T.,.PARAMETER.);
#10827= IFCCOMPOSITECURVESEGMENT(.DISCONTINUOUS.,.T.,#10826);
#10828= IFCCOMPOSITECURVE((#10825,#10797,#10801,#10806,#10827),.F.);
#10829= IFCSWEPTDISKSOLID(#10828,5.3125,$,0.,7921.89159265359);
#10830= IFCSTYLEDITEM(#10829,(#10205),$);
#10831= IFCCARTESIANPOINT((45.3125,1017.3125,130.625000000002));
#10832= IFCCARTESIANTRANSFORMATIONOPERATOR3D($,$,#10831,$,$);
#10833= IFCSHAPEREPRESENTATION(#13,'Body','AdvancedSweptSolid',(#10829));
#10834= IFCREPRESENTATIONMAP(#10,#10833);
#10835= IFCMAPPEDITEM(#10834,#10832);
#10836= IFCVECTOR(#676,1.);
#10837= IFCLINE(#6,#10836);
#10838= IFCTRIMMEDCURVE(#10837,(IFCPARAMETERVALUE(0.)),(IFCPARAMETERVALUE(40.0000000000001)),.T.,.PARAMETER.);
#10839= IFCCOMPOSITECURVESEGMENT(.CONTINUOUS.,.T.,#10838);
#10840= IFCTRIMMEDCURVE(#10808,(IFCPARAMETERVALUE(0.)),(IFCPARAMETERVALUE(40.0000000000001)),.T.,.PARAMETER.);
#10841= IFCCOMPOSITECURVESEGMENT(.DISCONTINUOUS.,.T.,#10840);
#10842= IFCCOMPOSITECURVE((#10839,#10797,#10801,#10806,#10841),.F.);
#10843= IFCSWEPTDISKSOLID(#10842,5.3125,$,0.,7921.89159265359);
#10844= IFCSTYLEDITEM(#10843,(#10205),$);
#10845= IFCCARTESIANPOINT((45.3125,1217.3125,130.625000000003));
#10846= IFCCARTESIANTRANSFORMATIONOPERATOR3D($,$,#10845,$,$);
#10847= IFCSHAPEREPRESENTATION(#13,'Body','AdvancedSweptSolid',(#10843));
#10848= IFCREPRESENTATIONMAP(#10,#10847);
#10849= IFCMAPPEDITEM(#10848,#10846);
#10850= IFCCARTESIANPOINT((45.3125,1417.3125,130.625000000003));
#10851= IFCCARTESIANTRANSFORMATIONOPERATOR3D($,$,#10850,$,$);
#10852= IFCSHAPEREPRESENTATION(#13,'Body','AdvancedSweptSolid',(#10843));
#10853= IFCREPRESENTATIONMAP(#10,#10852);
#10854= IFCMAPPEDITEM(#10853,#10851);
#10855= IFCCARTESIANPOINT((45.3125,1617.3125,130.625000000004));
#10856= IFCCARTESIANTRANSFORMATIONOPERATOR3D($,$,#10855,$,$);
#10857= IFCSHAPEREPRESENTATION(#13,'Body','AdvancedSweptSolid',(#10812));
#10858= IFCREPRESENTATIONMAP(#10,#10857);
#10859= IFCMAPPEDITEM(#10858,#10856);
#10860= IFCCARTESIANPOINT((45.3125,1817.3125,130.625000000005));
#10861= IFCCARTESIANTRANSFORMATIONOPERATOR3D($,$,#10860,$,$);
#10862= IFCSHAPEREPRESENTATION(#13,'Body','AdvancedSweptSolid',(#10812));
#10863= IFCREPRESENTATIONMAP(#10,#10862);
#10864= IFCMAPPEDITEM(#10863,#10861);
#10865= IFCCARTESIANPOINT((45.3125,2017.3125,130.625000000005));
#10866= IFCCARTESIANTRANSFORMATIONOPERATOR3D($,$,#10865,$,$);
#10867= IFCSHAPEREPRESENTATION(#13,'Body','AdvancedSweptSolid',(#10829));
#10868= IFCREPRESENTATIONMAP(#10,#10867);
#10869= IFCMAPPEDITEM(#10868,#10866);
#10870= IFCCARTESIANPOINT((45.3125,2217.3125,130.625000000006));
#10871= IFCCARTESIANTRANSFORMATIONOPERATOR3D($,$,#10870,$,$);
#10872= IFCSHAPEREPRESENTATION(#13,'Body','AdvancedSweptSolid',(#10843));
#10873= IFCREPRESENTATIONMAP(#10,#10872);
#10874= IFCMAPPEDITEM(#10873,#10871);
#10875= IFCCARTESIANPOINT((45.3125,2817.3125,130.625000000008));
#10876= IFCCARTESIANTRANSFORMATIONOPERATOR3D($,$,#10875,$,$);
#10877= IFCSHAPEREPRESENTATION(#13,'Body','AdvancedSweptSolid',(#10812));
#10878= IFCREPRESENTATIONMAP(#10,#10877);
#10879= IFCMAPPEDITEM(#10878,#10876);
#10880= IFCCARTESIANPOINT((45.3125,3017.3125,130.625000000009));
#10881= IFCCARTESIANTRANSFORMATIONOPERATOR3D($,$,#10880,$,$);
#10882= IFCSHAPEREPRESENTATION(#13,'Body','AdvancedSweptSolid',(#10829));
#10883= IFCREPRESENTATIONMAP(#10,#10882);
#10884= IFCMAPPEDITEM(#10883,#10881);
#10885= IFCCARTESIANPOINT((45.3125,3217.3125,130.62500000001));
#10886= IFCCARTESIANTRANSFORMATIONOPERATOR3D($,$,#10885,$,$);
#10887= IFCSHAPEREPRESENTATION(#13,'Body','AdvancedSweptSolid',(#10843));
#10888= IFCREPRESENTATIONMAP(#10,#10887);
#10889= IFCMAPPEDITEM(#10888,#10886);
#10890= IFCCARTESIANPOINT((45.3125,3417.3125,130.625000000011));
#10891= IFCCARTESIANTRANSFORMATIONOPERATOR3D($,$,#10890,$,$);
#10892= IFCSHAPEREPRESENTATION(#13,'Body','AdvancedSweptSolid',(#10843));
#10893= IFCREPRESENTATIONMAP(#10,#10892);
#10894= IFCMAPPEDITEM(#10893,#10891);
#10895= IFCCARTESIANPOINT((45.3125,3617.3125,130.625000000011));
#10896= IFCCARTESIANTRANSFORMATIONOPERATOR3D($,$,#10895,$,$);
#10897= IFCSHAPEREPRESENTATION(#13,'Body','AdvancedSweptSolid',(#10812));
#10898= IFCREPRESENTATIONMAP(#10,#10897);
#10899= IFCMAPPEDITEM(#10898,#10896);
#10900= IFCCARTESIANPOINT((45.3125,3817.3125,130.625000000012));
#10901= IFCCARTESIANTRANSFORMATIONOPERATOR3D($,$,#10900,$,$);
#10902= IFCSHAPEREPRESENTATION(#13,'Body','AdvancedSweptSolid',(#10812));
#10903= IFCREPRESENTATIONMAP(#10,#10902);
#10904= IFCMAPPEDITEM(#10903,#10901);
#10905= IFCCARTESIANPOINT((45.3125,4017.3125,130.625000000013));
#10906= IFCCARTESIANTRANSFORMATIONOPERATOR3D($,$,#10905,$,$);
#10907= IFCSHAPEREPRESENTATION(#13,'Body','AdvancedSweptSolid',(#10829));
#10908= IFCREPRESENTATIONMAP(#10,#10907);
#10909= IFCMAPPEDITEM(#10908,#10906);
#10910= IFCCARTESIANPOINT((45.3125,4217.3125,130.625000000014));
#10911= IFCCARTESIANTRANSFORMATIONOPERATOR3D($,$,#10910,$,$);
#10912= IFCSHAPEREPRESENTATION(#13,'Body','AdvancedSweptSolid',(#10843));
#10913= IFCREPRESENTATIONMAP(#10,#10912);
#10914= IFCMAPPEDITEM(#10913,#10911);
#10915= IFCCARTESIANPOINT((45.3125,4417.3125,130.625000000014));
#10916= IFCCARTESIANTRANSFORMATIONOPERATOR3D($,$,#10915,$,$);
#10917= IFCSHAPEREPRESENTATION(#13,'Body','AdvancedSweptSolid',(#10843));
#10918= IFCREPRESENTATIONMAP(#10,#10917);
#10919= IFCMAPPEDITEM(#10918,#10916);
#10920= IFCSHAPEREPRESENTATION(#13,'Body','MappedRepresentation',(#10818,#10823,#10835,#10849,#10854,#10859,#10864,#10869,#10874,#10879,#10884,#10889,#10894,#10899,#10904,#10909,#10914,#10919));
#10921= IFCPRODUCTDEFINITIONSHAPE($,$,(#10920));
#10922= IFCCARTESIANPOINT((447200.,390500.,-900.000000000015));
#10923= IFCAXIS2PLACEMENT3D(#10922,#676,#88);
#10924= IFCLOCALPLACEMENT(#8769,#10923);
#10925= IFCREINFORCINGBAR('3RtBaiqiLBkfIz3URZYmFm',#2593,'LONG SUP',$,$,#10924,#10921,'IDdbdcb92c-d2c5-4bba-94bd-0de6e38b03f0',$,10.625,0.,$,.NOTDEFINED.,.NULL.);
#10926= IFCPROPERTYSINGLEVALUE('WEIGHT_TOTAL_IN_GROUP',$,IFCMASSMEASURE(89.17748),$);
#10927= IFCPROPERTYSINGLEVALUE('REBAR_POS',$,IFCLABEL('14'),$);
#10928= IFCPROPERTYSINGLEVALUE('NUMBER_OF_BARS_IN_GROUP',$,IFCINTEGER(18),$);
#10929= IFCPROPERTYSINGLEVALUE('NAME',$,IFCLABEL('LONG SUP'),$);
#10930= IFCPROPERTYSINGLEVALUE('GUID',$,IFCLABEL('dbdcb92c-d2c5-4bba-94bd-0de6e38b03f0'),$);
#10931= IFCPROPERTYSINGLEVALUE('DIM_L',$,IFCLENGTHMEASURE(8080.),$);
#10932= IFCPROPERTYSINGLEVALUE('DIM_C',$,IFCLENGTHMEASURE(80.),$);
#10933= IFCPROPERTYSINGLEVALUE('DIM_A',$,IFCLENGTHMEASURE(80.),$);
#10934= IFCPROPERTYSINGLEVALUE('CONCRETE_COVER_ON_PLANE_MIN',$,IFCLENGTHMEASURE(50.),$);
#10935= IFCPROPERTYSET('3arz0LZlz4tfJp78ep09n2',#5,'Rebar_properties',$,(#127,#128,#2605,#69,#10552,#10926,#10416,#10927,#10928,#10419,#10420,#10929,#10422,#10423,#10424,#10425,#10426,#10930,#10428,#10931,#10430,#10431,#10932,#10560,#10933,#10435,#10934,#10437,#10438,#10439,#10440));
#10936= IFCVECTOR(#7,1.);
#10937= IFCLINE(#6,#10936);
#10938= IFCTRIMMEDCURVE(#10937,(IFCPARAMETERVALUE(0.)),(IFCPARAMETERVALUE(7900.00000000017)),.T.,.PARAMETER.);
#10939= IFCSWEPTDISKSOLID(#10938,4.3125,$,0.,7900.00000000017);
#10940= IFCSTYLEDITEM(#10939,(#10205),$);
#10941= IFCCARTESIANPOINT((50.,44.3125,54.3125));
#10942= IFCCARTESIANTRANSFORMATIONOPERATOR3D($,$,#10941,$,$);
#10943= IFCSHAPEREPRESENTATION(#13,'Body','AdvancedSweptSolid',(#10939));
#10944= IFCREPRESENTATIONMAP(#10,#10943);
#10945= IFCMAPPEDITEM(#10944,#10942);
#10946= IFCCARTESIANPOINT((50.,194.3125,54.3125));
#10947= IFCCARTESIANTRANSFORMATIONOPERATOR3D($,$,#10946,$,$);
#10948= IFCSHAPEREPRESENTATION(#13,'Body','AdvancedSweptSolid',(#10939));
#10949= IFCREPRESENTATIONMAP(#10,#10948);
#10950= IFCMAPPEDITEM(#10949,#10947);
#10951= IFCSHAPEREPRESENTATION(#13,'Body','MappedRepresentation',(#10945,#10950));
#10952= IFCPRODUCTDEFINITIONSHAPE($,$,(#10951));
#10953= IFCCARTESIANPOINT((447200.,391000.,-900.000000000004));
#10954= IFCAXIS2PLACEMENT3D(#10953,#8,#88);
#10955= IFCLOCALPLACEMENT(#8769,#10954);
#10956= IFCREINFORCINGBAR('0fqr2Jgs56Z9RHqu98gRWV',#2593,'MURO',$,$,#10955,#10952,'ID29d35093-ab61-468c-96d1-d38248a9b81f',$,8.625,0.,$,.NOTDEFINED.,.NULL.);
#10957= IFCPROPERTYSINGLEVALUE('WEIGHT_TOTAL_IN_GROUP',$,IFCMASSMEASURE(6.241),$);
#10958= IFCPROPERTYSINGLEVALUE('SHAPE',$,IFCLABEL('F101'),$);
#10959= IFCPROPERTYSINGLEVALUE('REBAR_POS',$,IFCLABEL('15'),$);
#10960= IFCPROPERTYSINGLEVALUE('NUMBER_OF_BARS_IN_GROUP',$,IFCINTEGER(2),$);
#10961= IFCPROPERTYSINGLEVALUE('NAME',$,IFCLABEL('MURO'),$);
#10962= IFCPROPERTYSINGLEVALUE('HOOK_START_ANGLE',$,$,$);
#10963= IFCPROPERTYSINGLEVALUE('HOOK_END_ANGLE',$,$,$);
#10964= IFCPROPERTYSINGLEVALUE('GUID',$,IFCLABEL('29d35093-ab61-468c-96d1-d38248a9b81f'),$);
#10965= IFCPROPERTYSINGLEVALUE('DIM_L',$,IFCLENGTHMEASURE(7900.),$);
#10966= IFCPROPERTYSINGLEVALUE('DIM_C',$,$,$);
#10967= IFCPROPERTYSINGLEVALUE('DIM_B',$,$,$);
#10968= IFCPROPERTYSINGLEVALUE('DIM_A',$,IFCLENGTHMEASURE(7900.),$);
#10969= IFCPROPERTYSINGLEVALUE('DIAMETER_NOMINAL',$,IFCLENGTHMEASURE(8.),$);
#10970= IFCPROPERTYSINGLEVALUE('CC_TARGET',$,IFCLENGTHMEASURE(150.),$);
#10971= IFCPROPERTYSET('3oSUBg$c18LgXHtFxkdGxu',#5,'Rebar_properties',$,(#127,#128,#2605,#69,#10552,#10957,#10958,#10959,#10960,#10419,#10420,#10961,#10422,#10423,#10962,#10425,#10963,#10964,#10428,#10965,#10430,#10431,#10966,#10967,#10968,#10969,#10934,#10970,#10438,#10439,#10440));
#10972= IFCVECTOR(#87,1.);
#10973= IFCLINE(#6,#10972);
#10974= IFCTRIMMEDCURVE(#10973,(IFCPARAMETERVALUE(0.)),(IFCPARAMETERVALUE(279.687499999884)),.T.,.PARAMETER.);
#10975= IFCCOMPOSITECURVESEGMENT(.CONTINUOUS.,.T.,#10974);
#10976= IFCCARTESIANPOINT((4.34852154285181E-11,-279.687499999884,-20.3125));
#10977= IFCAXIS2PLACEMENT3D(#10976,#7,#9);
#10978= IFCCIRCLE(#10977,20.31);
#10979= IFCTRIMMEDCURVE(#10978,(IFCPARAMETERVALUE(0.)),(IFCPARAMETERVALUE(1.5707963267949)),.T.,.PARAMETER.);
#10980= IFCCOMPOSITECURVESEGMENT(.CONTINUOUS.,.T.,#10979);
#10981= IFCCARTESIANPOINT((4.34852154285181E-11,-299.999999999884,-20.3125));
#10982= IFCLINE(#10981,#10206);
#10983= IFCTRIMMEDCURVE(#10982,(IFCPARAMETERVALUE(0.)),(IFCPARAMETERVALUE(13.7499999997816)),.T.,.PARAMETER.);
#10984= IFCCOMPOSITECURVESEGMENT(.CONTINUOUS.,.T.,#10983);
#10985= IFCCARTESIANPOINT((20.3125000000729,-299.999999999876,-34.0624999997381));
#10986= IFCAXIS2PLACEMENT3D(#10985,#87,#88);
#10987= IFCCIRCLE(#10986,20.31);
#10988= IFCTRIMMEDCURVE(#10987,(IFCPARAMETERVALUE(0.)),(IFCPARAMETERVALUE(1.57079632679276)),.T.,.PARAMETER.);
#10989= IFCCOMPOSITECURVESEGMENT(.CONTINUOUS.,.T.,#10988);
#10990= IFCCARTESIANPOINT((20.3125000000729,-299.999999999876,-54.3749999997381));
#10991= IFCLINE(#10990,#10216);
#10992= IFCTRIMMEDCURVE(#10991,(IFCPARAMETERVALUE(0.)),(IFCPARAMETERVALUE(259.375000000102)),.T.,.PARAMETER.);
#10993= IFCCOMPOSITECURVESEGMENT(.CONTINUOUS.,.T.,#10992);
#10994= IFCCARTESIANPOINT((279.687500000175,-299.999999999797,-34.0624999997381));
#10995= IFCAXIS2PLACEMENT3D(#10994,#87,#676);
#10996= IFCCIRCLE(#10995,20.31);
#10997= IFCTRIMMEDCURVE(#10996,(IFCPARAMETERVALUE(0.)),(IFCPARAMETERVALUE(1.5707963267949)),.T.,.PARAMETER.);
#10998= IFCCOMPOSITECURVESEGMENT(.CONTINUOUS.,.T.,#10997);
#10999= IFCCARTESIANPOINT((300.000000000175,-299.999999999789,-34.0624999997381));
#11000= IFCLINE(#10999,#10226);
#11001= IFCTRIMMEDCURVE(#11000,(IFCPARAMETERVALUE(0.)),(IFCPARAMETERVALUE(13.7499999997619)),.T.,.PARAMETER.);
#11002= IFCCOMPOSITECURVESEGMENT(.CONTINUOUS.,.T.,#11001);
#11003= IFCCARTESIANPOINT((300.000000000171,-320.312499999804,-20.312499999998));
#11004= IFCAXIS2PLACEMENT3D(#11003,#7,#8);
#11005= IFCCIRCLE(#11004,20.31);
#11006= IFCTRIMMEDCURVE(#11005,(IFCPARAMETERVALUE(0.)),(IFCPARAMETERVALUE(1.57079632679372)),.T.,.PARAMETER.);
#11007= IFCCOMPOSITECURVESEGMENT(.CONTINUOUS.,.T.,#11006);
#11008= IFCCARTESIANPOINT((300.000000000171,-320.312499999802,1.96820337805548E-12));
#11009= IFCVECTOR(#87,1.);
#11010= IFCLINE(#11008,#11009);
#11011= IFCTRIMMEDCURVE(#11010,(IFCPARAMETERVALUE(0.)),(IFCPARAMETERVALUE(279.687500000024)),.T.,.PARAMETER.);
#11012= IFCCOMPOSITECURVESEGMENT(.DISCONTINUOUS.,.T.,#11011);
#11013= IFCCOMPOSITECURVE((#10975,#10980,#10984,#10989,#10993,#10998,#11002,#11007,#11012),.F.);
#11014= IFCSWEPTDISKSOLID(#11013,4.3125,$,0.,852.533185306729);
#11015= IFCSTYLEDITEM(#11014,(#10205),$);
#11016= IFCCARTESIANPOINT((-500.000000000116,-1704.68749999983,54.3749999997381));
#11017= IFCCARTESIANTRANSFORMATIONOPERATOR3D($,$,#11016,$,$);
#11018= IFCSHAPEREPRESENTATION(#13,'Body','AdvancedSweptSolid',(#11014));
#11019= IFCREPRESENTATIONMAP(#10,#11018);
#11020= IFCMAPPEDITEM(#11019,#11017);
#11021= IFCTRIMMEDCURVE(#10991,(IFCPARAMETERVALUE(0.)),(IFCPARAMETERVALUE(259.375000000043)),.T.,.PARAMETER.);
#11022= IFCCOMPOSITECURVESEGMENT(.CONTINUOUS.,.T.,#11021);
#11023= IFCTRIMMEDCURVE(#11000,(IFCPARAMETERVALUE(0.)),(IFCPARAMETERVALUE(13.7499999997618)),.T.,.PARAMETER.);
#11024= IFCCOMPOSITECURVESEGMENT(.CONTINUOUS.,.T.,#11023);
#11025= IFCTRIMMEDCURVE(#11010,(IFCPARAMETERVALUE(0.)),(IFCPARAMETERVALUE(279.687500000024)),.T.,.PARAMETER.);
#11026= IFCCOMPOSITECURVESEGMENT(.DISCONTINUOUS.,.T.,#11025);
#11027= IFCCOMPOSITECURVE((#10975,#10980,#10984,#10989,#11022,#10998,#11024,#11007,#11026),.F.);
#11028= IFCSWEPTDISKSOLID(#11027,4.3125,$,0.,852.53318530667);
#11029= IFCSTYLEDITEM(#11028,(#10205),$);
#11030= IFCCARTESIANPOINT((-500.000000032654,-3204.68749999983,54.3749999993561));
#11031= IFCCARTESIANTRANSFORMATIONOPERATOR3D($,$,#11030,$,$);
#11032= IFCSHAPEREPRESENTATION(#13,'Body','AdvancedSweptSolid',(#11028));
#11033= IFCREPRESENTATIONMAP(#10,#11032);
#11034= IFCMAPPEDITEM(#11033,#11031);
#11035= IFCCOMPOSITECURVE((#10975,#10980,#10984,#10989,#10993,#10998,#11024,#11007,#11026),.F.);
#11036= IFCSWEPTDISKSOLID(#11035,4.3125,$,0.,852.533185306729);
#11037= IFCSTYLEDITEM(#11036,(#10205),$);
#11038= IFCCARTESIANPOINT((-500.000000065251,-4704.68749999983,54.3749999989741));
#11039= IFCCARTESIANTRANSFORMATIONOPERATOR3D($,$,#11038,$,$);
#11040= IFCSHAPEREPRESENTATION(#13,'Body','AdvancedSweptSolid',(#11036));
#11041= IFCREPRESENTATIONMAP(#10,#11040);
#11042= IFCMAPPEDITEM(#11041,#11039);
#11043= IFCTRIMMEDCURVE(#10991,(IFCPARAMETERVALUE(0.)),(IFCPARAMETERVALUE(259.37500000016)),.T.,.PARAMETER.);
#11044= IFCCOMPOSITECURVESEGMENT(.CONTINUOUS.,.T.,#11043);
#11045= IFCCOMPOSITECURVE((#10975,#10980,#10984,#10989,#11044,#10998,#11024,#11007,#11026),.F.);
#11046= IFCSWEPTDISKSOLID(#11045,4.3125,$,0.,852.533185306787);
#11047= IFCSTYLEDITEM(#11046,(#10205),$);
#11048= IFCCARTESIANPOINT((-500.000000097847,-6204.68749999983,54.3749999985921));
#11049= IFCCARTESIANTRANSFORMATIONOPERATOR3D($,$,#11048,$,$);
#11050= IFCSHAPEREPRESENTATION(#13,'Body','AdvancedSweptSolid',(#11046));
#11051= IFCREPRESENTATIONMAP(#10,#11050);
#11052= IFCMAPPEDITEM(#11051,#11049);
#11053= IFCCARTESIANPOINT((-500.000000130385,-7704.68749999983,54.3749999982101));
#11054= IFCCARTESIANTRANSFORMATIONOPERATOR3D($,$,#11053,$,$);
#11055= IFCSHAPEREPRESENTATION(#13,'Body','AdvancedSweptSolid',(#11036));
#11056= IFCREPRESENTATIONMAP(#10,#11055);
#11057= IFCMAPPEDITEM(#11056,#11054);
#11058= IFCSHAPEREPRESENTATION(#13,'Body','MappedRepresentation',(#11020,#11034,#11042,#11052,#11057));
#11059= IFCPRODUCTDEFINITIONSHAPE($,$,(#11058));
#11060= IFCCARTESIANPOINT((438195.312500895,391900.000001789,-965.312500459317));
#11061= IFCAXIS2PLACEMENT3D(#11060,#676,#87);
#11062= IFCLOCALPLACEMENT(#8769,#11061);
#11063= IFCREINFORCINGBAR('15ZZB0naHBl80AGc0QblTs',#2593,'CABALLETE',$,$,#11062,#11059,'ID458e32c0-c644-4bbc-800a-42601a96f776',$,8.625,0.,$,.NOTDEFINED.,.NULL.);
#11064= IFCPROPERTYSINGLEVALUE('HISTORY.CREATED',$,IFCLABEL('06.03.2026 12:32:29'),$);
#11065= IFCPROPERTYSINGLEVALUE('WEIGHT_TOTAL_IN_GROUP',$,IFCMASSMEASURE(1.92326),$);
#11066= IFCPROPERTYSINGLEVALUE('SHAPE',$,IFCLABEL('F401'),$);
#11067= IFCPROPERTYSINGLEVALUE('REBAR_POS',$,IFCLABEL('31'),$);
#11068= IFCPROPERTYSINGLEVALUE('NUMBER_OF_BARS_IN_GROUP',$,IFCINTEGER(5),$);
#11069= IFCPROPERTYSINGLEVALUE('NAME',$,IFCLABEL('CABALLETE'),$);
#11070= IFCPROPERTYSINGLEVALUE('GUID',$,IFCLABEL('458e32c0-c644-4bbc-800a-42601a96f776'),$);
#11071= IFCPROPERTYSINGLEVALUE('DIM_L',$,IFCLENGTHMEASURE(1040.),$);
#11072= IFCPROPERTYSINGLEVALUE('DIM_E',$,IFCLENGTHMEASURE(304.),$);
#11073= IFCPROPERTYSINGLEVALUE('DIM_D',$,IFCLENGTHMEASURE(63.),$);
#11074= IFCPROPERTYSINGLEVALUE('DIM_C',$,IFCLENGTHMEASURE(308.),$);
#11075= IFCPROPERTYSINGLEVALUE('DIM_B',$,IFCLENGTHMEASURE(63.),$);
#11076= IFCPROPERTYSINGLEVALUE('DIM_A',$,IFCLENGTHMEASURE(304.),$);
#11077= IFCPROPERTYSINGLEVALUE('CONCRETE_COVER_ON_PLANE_MIN',$,IFCLENGTHMEASURE(0.),$);
#11078= IFCPROPERTYSINGLEVALUE('CC_TARGET',$,IFCLENGTHMEASURE(1500.),$);
#11079= IFCPROPERTYSET('2gh9XSi4H4qfY2ZETXQ75q',#5,'Rebar_properties',$,(#127,#128,#2605,#69,#11064,#11065,#11066,#11067,#11068,#10419,#10420,#11069,#10422,#10423,#10962,#10425,#10963,#11070,#10428,#11071,#11072,#11073,#11074,#11075,#11076,#10969,#11077,#11078,#10438,#10439,#10440));
#11080= IFCTRIMMEDCURVE(#10207,(IFCPARAMETERVALUE(0.)),(IFCPARAMETERVALUE(349.999999999999)),.T.,.PARAMETER.);
#11081= IFCCOMPOSITECURVESEGMENT(.CONTINUOUS.,.T.,#11080);
#11082= IFCCARTESIANPOINT((28.3125,-4.2277292777726E-12,-349.999999999999));
#11083= IFCAXIS2PLACEMENT3D(#11082,#87,#88);
#11084= IFCCIRCLE(#11083,28.31);
#11085= IFCTRIMMEDCURVE(#11084,(IFCPARAMETERVALUE(0.)),(IFCPARAMETERVALUE(1.57079632679493)),.T.,.PARAMETER.);
#11086= IFCCOMPOSITECURVESEGMENT(.CONTINUOUS.,.T.,#11085);
#11087= IFCCARTESIANPOINT((28.3125000000009,-4.2277292777726E-12,-378.312499999999));
#11088= IFCLINE(#11087,#10216);
#11089= IFCTRIMMEDCURVE(#11088,(IFCPARAMETERVALUE(0.)),(IFCPARAMETERVALUE(3834.74999999988)),.T.,.PARAMETER.);
#11090= IFCCOMPOSITECURVESEGMENT(.CONTINUOUS.,.T.,#11089);
#11091= IFCCARTESIANPOINT((3863.06249999988,-5.76484637804242E-10,-349.999999999884));
#11092= IFCAXIS2PLACEMENT3D(#11091,#87,#676);
#11093= IFCCIRCLE(#11092,28.31);
#11094= IFCTRIMMEDCURVE(#11093,(IFCPARAMETERVALUE(0.)),(IFCPARAMETERVALUE(1.57079632679487)),.T.,.PARAMETER.);
#11095= IFCCOMPOSITECURVESEGMENT(.CONTINUOUS.,.T.,#11094);
#11096= IFCCARTESIANPOINT((3891.37499999988,-5.80712367082015E-10,-349.999999999884));
#11097= IFCLINE(#11096,#10226);
#11098= IFCTRIMMEDCURVE(#11097,(IFCPARAMETERVALUE(0.)),(IFCPARAMETERVALUE(350.000000000001)),.T.,.PARAMETER.);
#11099= IFCCOMPOSITECURVESEGMENT(.DISCONTINUOUS.,.T.,#11098);
#11100= IFCCOMPOSITECURVE((#11081,#11086,#11090,#11095,#11099),.F.);
#11101= IFCSWEPTDISKSOLID(#11100,4.3125,$,0.,4537.89159265347);
#11102= IFCSTYLEDITEM(#11101,(#10205),$);
#11103= IFCCARTESIANPOINT((54.3125,54.3124999999993,432.625));
#11104= IFCCARTESIANTRANSFORMATIONOPERATOR3D($,$,#11103,$,$);
#11105= IFCSHAPEREPRESENTATION(#13,'Body','AdvancedSweptSolid',(#11101));
#11106= IFCREPRESENTATIONMAP(#10,#11105);
#11107= IFCMAPPEDITEM(#11106,#11104);
#11108= IFCCARTESIANPOINT((54.3124999999418,204.312499999999,432.625000000058));
#11109= IFCCARTESIANTRANSFORMATIONOPERATOR3D($,$,#11108,$,$);
#11110= IFCSHAPEREPRESENTATION(#13,'Body','AdvancedSweptSolid',(#11101));
#11111= IFCREPRESENTATIONMAP(#10,#11110);
#11112= IFCMAPPEDITEM(#11111,#11109);
#11113= IFCSHAPEREPRESENTATION(#13,'Body','MappedRepresentation',(#11107,#11112));
#11114= IFCPRODUCTDEFINITIONSHAPE($,$,(#11113));
#11115= IFCCARTESIANPOINT((439200.,391000.,-899.999999999913));
#11116= IFCAXIS2PLACEMENT3D(#11115,#7,#8);
#11117= IFCLOCALPLACEMENT(#8769,#11116);
#11118= IFCREINFORCINGBAR('0niMscYXLDCAiZHdPbf2d5',#2593,'MURO',$,$,#11117,#11114,'ID31b16da6-8a15-4d30-ab23-467665a429c5',$,8.625,0.,$,.NOTDEFINED.,.NULL.);
#11119= IFCPROPERTYSINGLEVALUE('HISTORY.CREATED',$,IFCLABEL('13.04.2026 15:25:50'),$);
#11120= IFCPROPERTYSINGLEVALUE('WEIGHT_TOTAL_IN_GROUP',$,IFCMASSMEASURE(3.65257),$);
#11121= IFCPROPERTYSINGLEVALUE('REBAR_POS',$,IFCLABEL('16'),$);
#11122= IFCPROPERTYSINGLEVALUE('GUID',$,IFCLABEL('31b16da6-8a15-4d30-ab23-467665a429c5'),$);
#11123= IFCPROPERTYSINGLEVALUE('DIM_L',$,IFCLENGTHMEASURE(4660.),$);
#11124= IFCPROPERTYSINGLEVALUE('DIM_C',$,IFCLENGTHMEASURE(382.),$);
#11125= IFCPROPERTYSINGLEVALUE('DIM_B',$,IFCLENGTHMEASURE(3900.),$);
#11126= IFCPROPERTYSINGLEVALUE('DIM_A',$,IFCLENGTHMEASURE(382.),$);
#11127= IFCPROPERTYSET('0Rv$PrX0DBY8Usyi9v8gXp',#5,'Rebar_properties',$,(#127,#128,#2605,#69,#11119,#11120,#10416,#11121,#10960,#10419,#10420,#10961,#10422,#10423,#10424,#10425,#10426,#11122,#10428,#11123,#10430,#10431,#11124,#11125,#11126,#10969,#10934,#10970,#10438,#10439,#10440));
#11128= IFCLINE(#6,#10216);
#11129= IFCTRIMMEDCURVE(#11128,(IFCPARAMETERVALUE(0.)),(IFCPARAMETERVALUE(3047.37500000012)),.T.,.PARAMETER.);
#11130= IFCCOMPOSITECURVESEGMENT(.CONTINUOUS.,.T.,#11129);
#11131= IFCCARTESIANPOINT((3047.37500000012,1.51160861605604E-10,28.3125000000577));
#11132= IFCAXIS2PLACEMENT3D(#11131,#87,#676);
#11133= IFCCIRCLE(#11132,28.31);
#11134= IFCTRIMMEDCURVE(#11133,(IFCPARAMETERVALUE(0.)),(IFCPARAMETERVALUE(1.57079632679488)),.T.,.PARAMETER.);
#11135= IFCCOMPOSITECURVESEGMENT(.CONTINUOUS.,.T.,#11134);
#11136= IFCCARTESIANPOINT((3075.68750000012,1.52567736222409E-10,28.3125000000577));
#11137= IFCLINE(#11136,#10226);
#11138= IFCTRIMMEDCURVE(#11137,(IFCPARAMETERVALUE(0.)),(IFCPARAMETERVALUE(350.000000000001)),.T.,.PARAMETER.);
#11139= IFCCOMPOSITECURVESEGMENT(.DISCONTINUOUS.,.T.,#11138);
#11140= IFCCOMPOSITECURVE((#11130,#11135,#11139),.F.);
#11141= IFCSWEPTDISKSOLID(#11140,4.3125,$,0.,3398.94579632691);
#11142= IFCSTYLEDITEM(#11141,(#10205),$);
#11143= IFCCARTESIANPOINT((870.,54.3125,54.3125));
#11144= IFCCARTESIANTRANSFORMATIONOPERATOR3D($,$,#11143,$,$);
#11145= IFCSHAPEREPRESENTATION(#13,'Body','AdvancedSweptSolid',(#11141));
#11146= IFCREPRESENTATIONMAP(#10,#11145);
#11147= IFCMAPPEDITEM(#11146,#11144);
#11148= IFCCARTESIANPOINT((869.999999999942,204.3125,54.3125000000582));
#11149= IFCCARTESIANTRANSFORMATIONOPERATOR3D($,$,#11148,$,$);
#11150= IFCSHAPEREPRESENTATION(#13,'Body','AdvancedSweptSolid',(#11141));
#11151= IFCREPRESENTATIONMAP(#10,#11150);
#11152= IFCMAPPEDITEM(#11151,#11149);
#11153= IFCSHAPEREPRESENTATION(#13,'Body','MappedRepresentation',(#11147,#11152));
#11154= IFCPRODUCTDEFINITIONSHAPE($,$,(#11153));
#11155= IFCCARTESIANPOINT((447200.,395000.,-900.000000000146));
#11156= IFCAXIS2PLACEMENT3D(#11155,#88,#87);
#11157= IFCLOCALPLACEMENT(#8769,#11156);
#11158= IFCREINFORCINGBAR('3cZjpnl$jD9QWpWkIlJB4M',#2593,'MURO',$,$,#11157,#11154,'IDe68edcf1-bffb-4d25-a833-82e4af4cb116',$,8.625,0.,$,.NOTDEFINED.,.NULL.);
#11159= IFCPROPERTYSINGLEVALUE('WEIGHT_TOTAL_IN_GROUP',$,IFCMASSMEASURE(2.71879),$);
#11160= IFCPROPERTYSINGLEVALUE('SHAPE',$,IFCLABEL('F102'),$);
#11161= IFCPROPERTYSINGLEVALUE('REBAR_POS',$,IFCLABEL('17'),$);
#11162= IFCPROPERTYSINGLEVALUE('GUID',$,IFCLABEL('e68edcf1-bffb-4d25-a833-82e4af4cb116'),$);
#11163= IFCPROPERTYSINGLEVALUE('DIM_L',$,IFCLENGTHMEASURE(3460.),$);
#11164= IFCPROPERTYSINGLEVALUE('DIM_B',$,IFCLENGTHMEASURE(382.),$);
#11165= IFCPROPERTYSINGLEVALUE('DIM_A',$,IFCLENGTHMEASURE(3080.),$);
#11166= IFCPROPERTYSET('1lc0mnRor4$ATU9UA$4CE4',#5,'Rebar_properties',$,(#127,#128,#2605,#69,#11119,#11159,#11160,#11161,#10960,#10419,#10420,#10961,#10422,#10423,#10424,#10425,#10426,#11162,#10428,#11163,#10430,#10431,#10966,#11164,#11165,#10969,#10934,#10970,#10438,#10439,#10440));
#11167= IFCCARTESIANPOINT((50.,-194.312500000014,54.3125));
#11168= IFCCARTESIANTRANSFORMATIONOPERATOR3D($,$,#11167,$,$);
#11169= IFCSHAPEREPRESENTATION(#13,'Body','AdvancedSweptSolid',(#10939));
#11170= IFCREPRESENTATIONMAP(#10,#11169);
#11171= IFCMAPPEDITEM(#11170,#11168);
#11172= IFCCARTESIANPOINT((50.,-44.3125000000141,54.3125));
#11173= IFCCARTESIANTRANSFORMATIONOPERATOR3D($,$,#11172,$,$);
#11174= IFCSHAPEREPRESENTATION(#13,'Body','AdvancedSweptSolid',(#10939));
#11175= IFCREPRESENTATIONMAP(#10,#11174);
#11176= IFCMAPPEDITEM(#11175,#11173);
#11177= IFCSHAPEREPRESENTATION(#13,'Body','MappedRepresentation',(#11171,#11176));
#11178= IFCPRODUCTDEFINITIONSHAPE($,$,(#11177));
#11179= IFCAXIS2PLACEMENT3D(#11155,#87,#88);
#11180= IFCLOCALPLACEMENT(#8769,#11179);
#11181= IFCREINFORCINGBAR('3h0lM5yJH51QzKhpyJHeHa',#2593,'MURO',$,$,#11180,#11178,'IDeb02f585-f134-4505-af54-af3f13468464',$,8.625,0.,$,.NOTDEFINED.,.NULL.);
#11182= IFCPROPERTYSINGLEVALUE('GUID',$,IFCLABEL('eb02f585-f134-4505-af54-af3f13468464'),$);
#11183= IFCPROPERTYSET('0BrGlqy$L8ovEyVV3618Iv',#5,'Rebar_properties',$,(#127,#128,#2605,#69,#11119,#10957,#10958,#10959,#10960,#10419,#10420,#10961,#10422,#10423,#10962,#10425,#10963,#11182,#10428,#10965,#10430,#10431,#10966,#10967,#10968,#10969,#10934,#10970,#10438,#10439,#10440));
#11184= IFCSHAPEREPRESENTATION(#13,'Body','AdvancedSweptSolid',(#11014));
#11185= IFCREPRESENTATIONMAP(#10,#11184);
#11186= IFCMAPPEDITEM(#11185,#11017);
#11187= IFCSHAPEREPRESENTATION(#13,'Body','AdvancedSweptSolid',(#11028));
#11188= IFCREPRESENTATIONMAP(#10,#11187);
#11189= IFCMAPPEDITEM(#11188,#11031);
#11190= IFCSHAPEREPRESENTATION(#13,'Body','AdvancedSweptSolid',(#11036));
#11191= IFCREPRESENTATIONMAP(#10,#11190);
#11192= IFCMAPPEDITEM(#11191,#11039);
#11193= IFCSHAPEREPRESENTATION(#13,'Body','AdvancedSweptSolid',(#11046));
#11194= IFCREPRESENTATIONMAP(#10,#11193);
#11195= IFCMAPPEDITEM(#11194,#11049);
#11196= IFCSHAPEREPRESENTATION(#13,'Body','AdvancedSweptSolid',(#11036));
#11197= IFCREPRESENTATIONMAP(#10,#11196);
#11198= IFCMAPPEDITEM(#11197,#11054);
#11199= IFCSHAPEREPRESENTATION(#13,'Body','MappedRepresentation',(#11186,#11189,#11192,#11195,#11198));
#11200= IFCPRODUCTDEFINITIONSHAPE($,$,(#11199));
#11201= IFCCARTESIANPOINT((438195.312500895,393400.000001789,-965.312500459317));
#11202= IFCAXIS2PLACEMENT3D(#11201,#676,#87);
#11203= IFCLOCALPLACEMENT(#8769,#11202);
#11204= IFCREINFORCINGBAR('0mPasEp6H56uFpCMpocHWk',#2593,'CABALLETE',$,$,#11203,#11200,'ID30664d8e-cc64-451b-83f3-316cf299182e',$,8.625,0.,$,.NOTDEFINED.,.NULL.);
#11205= IFCPROPERTYSINGLEVALUE('HISTORY.CREATED',$,IFCLABEL('13.04.2026 15:30:51'),$);
#11206= IFCPROPERTYSINGLEVALUE('GUID',$,IFCLABEL('30664d8e-cc64-451b-83f3-316cf299182e'),$);
#11207= IFCPROPERTYSET('3AefDrlCj16hT9t2dV7AS9',#5,'Rebar_properties',$,(#127,#128,#2605,#69,#11205,#11065,#11066,#11067,#11068,#10419,#10420,#11069,#10422,#10423,#10962,#10425,#10963,#11206,#10428,#11071,#11072,#11073,#11074,#11075,#11076,#10969,#11077,#11078,#10438,#10439,#10440));
#11208= IFCTRIMMEDCURVE(#10207,(IFCPARAMETERVALUE(0.)),(IFCPARAMETERVALUE(305.000000000001)),.T.,.PARAMETER.);
#11209= IFCCOMPOSITECURVESEGMENT(.CONTINUOUS.,.T.,#11208);
#11210= IFCTRIMMEDCURVE(#10451,(IFCPARAMETERVALUE(0.)),(IFCPARAMETERVALUE(1767.37030316726)),.T.,.PARAMETER.);
#11211= IFCCOMPOSITECURVESEGMENT(.CONTINUOUS.,.T.,#11210);
#11212= IFCCARTESIANPOINT((1802.68280317049,-3.67655386601644E-08,-304.999999980957));
#11213= IFCAXIS2PLACEMENT3D(#11212,#87,#676);
#11214= IFCCIRCLE(#11213,35.31);
#11215= IFCTRIMMEDCURVE(#11214,(IFCPARAMETERVALUE(0.)),(IFCPARAMETERVALUE(1.57079632679515)),.T.,.PARAMETER.);
#11216= IFCCOMPOSITECURVESEGMENT(.CONTINUOUS.,.T.,#11215);
#11217= IFCCARTESIANPOINT((1837.99530317049,-3.7485733628273E-08,-304.999999980575));
#11218= IFCLINE(#11217,#10226);
#11219= IFCTRIMMEDCURVE(#11218,(IFCPARAMETERVALUE(0.)),(IFCPARAMETERVALUE(39.999999999991)),.T.,.PARAMETER.);
#11220= IFCCOMPOSITECURVESEGMENT(.DISCONTINUOUS.,.T.,#11219);
#11221= IFCCOMPOSITECURVE((#11209,#10449,#11211,#11216,#11220),.F.);
#11222= IFCSWEPTDISKSOLID(#11221,5.3125,$,0.,2115.51189582084);
#11223= IFCSTYLEDITEM(#11222,(#10205),$);
#11224= IFCCARTESIANPOINT((45.3124999963911,-1.16415321826935E-10,420.625000000056));
#11225= IFCCARTESIANTRANSFORMATIONOPERATOR3D($,$,#11224,$,$);
#11226= IFCSHAPEREPRESENTATION(#13,'Body','AdvancedSweptSolid',(#11222));
#11227= IFCREPRESENTATIONMAP(#10,#11226);
#11228= IFCMAPPEDITEM(#11227,#11225);
#11229= IFCCARTESIANPOINT((45.3124999963911,199.999999999884,420.625000000055));
#11230= IFCCARTESIANTRANSFORMATIONOPERATOR3D($,$,#11229,$,$);
#11231= IFCSHAPEREPRESENTATION(#13,'Body','AdvancedSweptSolid',(#11222));
#11232= IFCREPRESENTATIONMAP(#10,#11231);
#11233= IFCMAPPEDITEM(#11232,#11230);
#11234= IFCSHAPEREPRESENTATION(#13,'Body','MappedRepresentation',(#11228,#11233));
#11235= IFCPRODUCTDEFINITIONSHAPE($,$,(#11234));
#11236= IFCCARTESIANPOINT((439200.,392905.3125,-1100.00000000003));
#11237= IFCAXIS2PLACEMENT3D(#11236,#9,#7);
#11238= IFCLOCALPLACEMENT(#8769,#11237);
#11239= IFCREINFORCINGBAR('3pbKpvtMP3VBfSKtZbUZS0',#2593,'LONG INF',$,$,#11238,#11235,'IDf3954cf9-dd66-437c-ba5c-5378e57a3700',$,10.625,0.,$,.NOTDEFINED.,.NULL.);
#11240= IFCPROPERTYSINGLEVALUE('HISTORY.CREATED',$,IFCLABEL('15.04.2026 09:47:40'),$);
#11241= IFCPROPERTYSINGLEVALUE('WEIGHT_TOTAL_IN_GROUP',$,IFCMASSMEASURE(2.74318),$);
#11242= IFCPROPERTYSINGLEVALUE('REBAR_POS',$,IFCLABEL('18'),$);
#11243= IFCPROPERTYSINGLEVALUE('GUID',$,IFCLABEL('f3954cf9-dd66-437c-ba5c-5378e57a3700'),$);
#11244= IFCPROPERTYSINGLEVALUE('DIM_L',$,IFCLENGTHMEASURE(2270.),$);
#11245= IFCPROPERTYSINGLEVALUE('DIM_B',$,IFCLENGTHMEASURE(1848.),$);
#11246= IFCPROPERTYSET('2FVQNuvwD0Wf4FbACUnuyP',#5,'Rebar_properties',$,(#127,#128,#2605,#69,#11240,#11241,#10416,#11242,#10960,#10419,#10420,#10556,#10422,#10423,#10424,#10425,#10426,#11243,#10428,#11244,#10430,#10431,#10932,#11245,#10561,#10435,#10562,#10437,#10438,#10439,#10440));
#11247= IFCTRIMMEDCURVE(#10207,(IFCPARAMETERVALUE(0.)),(IFCPARAMETERVALUE(40.0000000000105)),.T.,.PARAMETER.);
#11248= IFCCOMPOSITECURVESEGMENT(.CONTINUOUS.,.T.,#11247);
#11249= IFCTRIMMEDCURVE(#10799,(IFCPARAMETERVALUE(0.)),(IFCPARAMETERVALUE(1767.37030316686)),.T.,.PARAMETER.);
#11250= IFCCOMPOSITECURVESEGMENT(.CONTINUOUS.,.T.,#11249);
#11251= IFCCARTESIANPOINT((1802.68280316729,3.69368073904752E-08,-39.9999999810275));
#11252= IFCAXIS2PLACEMENT3D(#11251,#87,#676);
#11253= IFCCIRCLE(#11252,35.31);
#11254= IFCTRIMMEDCURVE(#11253,(IFCPARAMETERVALUE(0.)),(IFCPARAMETERVALUE(1.57079632679519)),.T.,.PARAMETER.);
#11255= IFCCOMPOSITECURVESEGMENT(.CONTINUOUS.,.T.,#11254);
#11256= IFCCARTESIANPOINT((1837.99530316729,3.76603566110134E-08,-39.9999999806454));
#11257= IFCLINE(#11256,#10226);
#11258= IFCTRIMMEDCURVE(#11257,(IFCPARAMETERVALUE(0.)),(IFCPARAMETERVALUE(39.9999999999895)),.T.,.PARAMETER.);
#11259= IFCCOMPOSITECURVESEGMENT(.DISCONTINUOUS.,.T.,#11258);
#11260= IFCCOMPOSITECURVE((#11248,#10797,#11250,#11255,#11259),.F.);
#11261= IFCSWEPTDISKSOLID(#11260,5.3125,$,0.,1850.51189582045);
#11262= IFCSTYLEDITEM(#11261,(#10205),$);
#11263= IFCCARTESIANPOINT((45.3124999991851,17.3125000001164,130.625000000056));
#11264= IFCCARTESIANTRANSFORMATIONOPERATOR3D($,$,#11263,$,$);
#11265= IFCSHAPEREPRESENTATION(#13,'Body','AdvancedSweptSolid',(#11261));
#11266= IFCREPRESENTATIONMAP(#10,#11265);
#11267= IFCMAPPEDITEM(#11266,#11264);
#11268= IFCTRIMMEDCURVE(#10837,(IFCPARAMETERVALUE(0.)),(IFCPARAMETERVALUE(40.0000000000103)),.T.,.PARAMETER.);
#11269= IFCCOMPOSITECURVESEGMENT(.CONTINUOUS.,.T.,#11268);
#11270= IFCTRIMMEDCURVE(#11257,(IFCPARAMETERVALUE(0.)),(IFCPARAMETERVALUE(39.9999999999897)),.T.,.PARAMETER.);
#11271= IFCCOMPOSITECURVESEGMENT(.DISCONTINUOUS.,.T.,#11270);
#11272= IFCCOMPOSITECURVE((#11269,#10797,#11250,#11255,#11271),.F.);
#11273= IFCSWEPTDISKSOLID(#11272,5.3125,$,0.,1850.51189582045);
#11274= IFCSTYLEDITEM(#11273,(#10205),$);
#11275= IFCCARTESIANPOINT((45.3124999991851,217.312500000116,130.625000000057));
#11276= IFCCARTESIANTRANSFORMATIONOPERATOR3D($,$,#11275,$,$);
#11277= IFCSHAPEREPRESENTATION(#13,'Body','AdvancedSweptSolid',(#11273));
#11278= IFCREPRESENTATIONMAP(#10,#11277);
#11279= IFCMAPPEDITEM(#11278,#11276);
#11280= IFCSHAPEREPRESENTATION(#13,'Body','MappedRepresentation',(#11267,#11279));
#11281= IFCPRODUCTDEFINITIONSHAPE($,$,(#11280));
#11282= IFCCARTESIANPOINT((441128.620303167,392905.312499963,-899.999999980559));
#11283= IFCAXIS2PLACEMENT3D(#11282,#676,#88);
#11284= IFCLOCALPLACEMENT(#8769,#11283);
#11285= IFCREINFORCINGBAR('27lkfrxTv8sBe49V4T5bl9',#2593,'LONG SUP',$,$,#11284,#11281,'ID87beea75-edde-48d8-ba04-25f11d165bc9',$,10.625,0.,$,.NOTDEFINED.,.NULL.);
#11286= IFCPROPERTYSINGLEVALUE('WEIGHT_TOTAL_IN_GROUP',$,IFCMASSMEASURE(2.41617),$);
#11287= IFCPROPERTYSINGLEVALUE('REBAR_POS',$,IFCLABEL('19'),$);
#11288= IFCPROPERTYSINGLEVALUE('GUID',$,IFCLABEL('87beea75-edde-48d8-ba04-25f11d165bc9'),$);
#11289= IFCPROPERTYSINGLEVALUE('DIM_L',$,IFCLENGTHMEASURE(2000.),$);
#11290= IFCPROPERTYSET('1H_FuQLXX4WvQIrCStXVzI',#5,'Rebar_properties',$,(#127,#128,#2605,#69,#11240,#11286,#10416,#11287,#10960,#10419,#10420,#10929,#10422,#10423,#10424,#10425,#10426,#11288,#10428,#11289,#10430,#10431,#10932,#11245,#10933,#10435,#10934,#10437,#10438,#10439,#10440));
#11291= IFCTRIMMEDCURVE(#10207,(IFCPARAMETERVALUE(0.)),(IFCPARAMETERVALUE(39.9999999996287)),.T.,.PARAMETER.);
#11292= IFCCOMPOSITECURVESEGMENT(.CONTINUOUS.,.T.,#11291);
#11293= IFCTRIMMEDCURVE(#10799,(IFCPARAMETERVALUE(0.)),(IFCPARAMETERVALUE(3580.75000029266)),.T.,.PARAMETER.);
#11294= IFCCOMPOSITECURVESEGMENT(.CONTINUOUS.,.T.,#11293);
#11295= IFCCARTESIANPOINT((3616.06250029164,-1.020888235419E-07,-40.0000000542077));
#11296= IFCAXIS2PLACEMENT3D(#11295,#87,#676);
#11297= IFCCIRCLE(#11296,35.31);
#11298= IFCTRIMMEDCURVE(#11297,(IFCPARAMETERVALUE(0.)),(IFCPARAMETERVALUE(1.57079632678457)),.T.,.PARAMETER.);
#11299= IFCCOMPOSITECURVESEGMENT(.CONTINUOUS.,.T.,#11298);
#11300= IFCCARTESIANPOINT((3651.37500029164,-1.03085767477751E-07,-40.0000000551017));
#11301= IFCLINE(#11300,#10226);
#11302= IFCTRIMMEDCURVE(#11301,(IFCPARAMETERVALUE(0.)),(IFCPARAMETERVALUE(305.000000000365)),.T.,.PARAMETER.);
#11303= IFCCOMPOSITECURVESEGMENT(.DISCONTINUOUS.,.T.,#11302);
#11304= IFCCOMPOSITECURVE((#11292,#10797,#11294,#11299,#11303),.F.);
#11305= IFCSWEPTDISKSOLID(#11304,5.3125,$,0.,3928.89159294625);
#11306= IFCSTYLEDITEM(#11305,(#10205),$);
#11307= IFCCARTESIANPOINT((45.312500002794,-1.74622982740402E-10,155.62499999992));
#11308= IFCCARTESIANTRANSFORMATIONOPERATOR3D($,$,#11307,$,$);
#11309= IFCSHAPEREPRESENTATION(#13,'Body','AdvancedSweptSolid',(#11305));
#11310= IFCREPRESENTATIONMAP(#10,#11309);
#11311= IFCMAPPEDITEM(#11310,#11308);
#11312= IFCTRIMMEDCURVE(#10799,(IFCPARAMETERVALUE(0.)),(IFCPARAMETERVALUE(3580.75000029267)),.T.,.PARAMETER.);
#11313= IFCCOMPOSITECURVESEGMENT(.CONTINUOUS.,.T.,#11312);
#11314= IFCTRIMMEDCURVE(#11301,(IFCPARAMETERVALUE(0.)),(IFCPARAMETERVALUE(305.000000000371)),.T.,.PARAMETER.);
#11315= IFCCOMPOSITECURVESEGMENT(.DISCONTINUOUS.,.T.,#11314);
#11316= IFCCOMPOSITECURVE((#11292,#10797,#11313,#11299,#11315),.F.);
#11317= IFCSWEPTDISKSOLID(#11316,5.3125,$,0.,3928.89159294626);
#11318= IFCSTYLEDITEM(#11317,(#10205),$);
#11319= IFCCARTESIANPOINT((45.3124999623979,199.999999999825,155.625000000109));
#11320= IFCCARTESIANTRANSFORMATIONOPERATOR3D($,$,#11319,$,$);
#11321= IFCSHAPEREPRESENTATION(#13,'Body','AdvancedSweptSolid',(#11317));
#11322= IFCREPRESENTATIONMAP(#10,#11321);
#11323= IFCMAPPEDITEM(#11322,#11320);
#11324= IFCSHAPEREPRESENTATION(#13,'Body','MappedRepresentation',(#11311,#11323));
#11325= IFCPRODUCTDEFINITIONSHAPE($,$,(#11324));
#11326= IFCCARTESIANPOINT((443458.,392905.312500001,-1100.));
#11327= IFCAXIS2PLACEMENT3D(#11326,#9,#7);
#11328= IFCLOCALPLACEMENT(#8769,#11327);
#11329= IFCREINFORCINGBAR('0xkbjT8mP8IepnQ7AhPe$S',#2593,'LONG INF',$,$,#11328,#11325,'ID3bba5b5d-2306-484a-8cf1-6872ab668fdc',$,10.625,0.,$,.NOTDEFINED.,.NULL.);
#11330= IFCPROPERTYSINGLEVALUE('WEIGHT_TOTAL_IN_GROUP',$,IFCMASSMEASURE(4.98104),$);
#11331= IFCPROPERTYSINGLEVALUE('REBAR_POS',$,IFCLABEL('110'),$);
#11332= IFCPROPERTYSINGLEVALUE('GUID',$,IFCLABEL('3bba5b5d-2306-484a-8cf1-6872ab668fdc'),$);
#11333= IFCPROPERTYSINGLEVALUE('DIM_L',$,IFCLENGTHMEASURE(4080.),$);
#11334= IFCPROPERTYSINGLEVALUE('DIM_B',$,IFCLENGTHMEASURE(3662.),$);
#11335= IFCPROPERTYSET('2bAP3S8PH9PhQ6Hfq56IOk',#5,'Rebar_properties',$,(#127,#128,#2605,#69,#11240,#11330,#10416,#11331,#10960,#10419,#10420,#10556,#10422,#10423,#10424,#10425,#10426,#11332,#10428,#11333,#10430,#10431,#10932,#11334,#10561,#10435,#10562,#10437,#10438,#10439,#10440));
#11336= IFCTRIMMEDCURVE(#10837,(IFCPARAMETERVALUE(0.)),(IFCPARAMETERVALUE(39.9999999999998)),.T.,.PARAMETER.);
#11337= IFCCOMPOSITECURVESEGMENT(.CONTINUOUS.,.T.,#11336);
#11338= IFCLINE(#10798,#10936);
#11339= IFCTRIMMEDCURVE(#11338,(IFCPARAMETERVALUE(0.)),(IFCPARAMETERVALUE(3580.74999999994)),.T.,.PARAMETER.);
#11340= IFCCOMPOSITECURVESEGMENT(.CONTINUOUS.,.T.,#11339);
#11341= IFCTRIMMEDCURVE(#11301,(IFCPARAMETERVALUE(0.)),(IFCPARAMETERVALUE(40.0000000000001)),.T.,.PARAMETER.);
#11342= IFCCOMPOSITECURVESEGMENT(.DISCONTINUOUS.,.T.,#11341);
#11343= IFCCOMPOSITECURVE((#11337,#10797,#11340,#11299,#11342),.F.);
#11344= IFCSWEPTDISKSOLID(#11343,5.3125,$,0.,3663.89159265353);
#11345= IFCSTYLEDITEM(#11344,(#10205),$);
#11346= IFCSHAPEREPRESENTATION(#13,'Body','AdvancedSweptSolid',(#11344));
#11347= IFCREPRESENTATIONMAP(#10,#11346);
#11348= IFCMAPPEDITEM(#11347,#11264);
#11349= IFCTRIMMEDCURVE(#10837,(IFCPARAMETERVALUE(0.)),(IFCPARAMETERVALUE(40.)),.T.,.PARAMETER.);
#11350= IFCCOMPOSITECURVESEGMENT(.CONTINUOUS.,.T.,#11349);
#11351= IFCVECTOR(#9,1.);
#11352= IFCLINE(#11300,#11351);
#11353= IFCTRIMMEDCURVE(#11352,(IFCPARAMETERVALUE(0.)),(IFCPARAMETERVALUE(40.)),.T.,.PARAMETER.);
#11354= IFCCOMPOSITECURVESEGMENT(.DISCONTINUOUS.,.T.,#11353);
#11355= IFCCOMPOSITECURVE((#11350,#10797,#11340,#11299,#11354),.F.);
#11356= IFCSWEPTDISKSOLID(#11355,5.3125,$,0.,3663.89159265353);
#11357= IFCSTYLEDITEM(#11356,(#10205),$);
#11358= IFCSHAPEREPRESENTATION(#13,'Body','AdvancedSweptSolid',(#11356));
#11359= IFCREPRESENTATIONMAP(#10,#11358);
#11360= IFCMAPPEDITEM(#11359,#11276);
#11361= IFCSHAPEREPRESENTATION(#13,'Body','MappedRepresentation',(#11348,#11360));
#11362= IFCPRODUCTDEFINITIONSHAPE($,$,(#11361));
#11363= IFCCARTESIANPOINT((447200.,392905.312500001,-900.000000000015));
#11364= IFCAXIS2PLACEMENT3D(#11363,#676,#88);
#11365= IFCLOCALPLACEMENT(#8769,#11364);
#11366= IFCREINFORCINGBAR('1PlTmb4jrBZvVAF9gHJQoj',#2593,'LONG SUP',$,$,#11365,#11362,'ID59bddc25-12dd-4b8f-97ca-3c9a914dacad',$,10.625,0.,$,.NOTDEFINED.,.NULL.);
#11367= IFCPROPERTYSINGLEVALUE('WEIGHT_TOTAL_IN_GROUP',$,IFCMASSMEASURE(4.65403),$);
#11368= IFCPROPERTYSINGLEVALUE('REBAR_POS',$,IFCLABEL('111'),$);
#11369= IFCPROPERTYSINGLEVALUE('GUID',$,IFCLABEL('59bddc25-12dd-4b8f-97ca-3c9a914dacad'),$);
#11370= IFCPROPERTYSINGLEVALUE('DIM_L',$,IFCLENGTHMEASURE(3820.),$);
#11371= IFCPROPERTYSET('2xxfxeM9f7BhgX6jZfwvqQ',#5,'Rebar_properties',$,(#127,#128,#2605,#69,#11240,#11367,#10416,#11368,#10960,#10419,#10420,#10929,#10422,#10423,#10424,#10425,#10426,#11369,#10428,#11370,#10430,#10431,#10932,#11334,#10933,#10435,#10934,#10437,#10438,#10439,#10440));
#11372= IFCTRIMMEDCURVE(#10207,(IFCPARAMETERVALUE(0.)),(IFCPARAMETERVALUE(40.000000000005)),.T.,.PARAMETER.);
#11373= IFCCOMPOSITECURVESEGMENT(.CONTINUOUS.,.T.,#11372);
#11374= IFCTRIMMEDCURVE(#11338,(IFCPARAMETERVALUE(0.)),(IFCPARAMETERVALUE(333.75051842205)),.T.,.PARAMETER.);
#11375= IFCCOMPOSITECURVESEGMENT(.CONTINUOUS.,.T.,#11374);
#11376= IFCCARTESIANPOINT((369.06301842205,-6.64057727697235E-09,-40.0000000000519));
#11377= IFCAXIS2PLACEMENT3D(#11376,#87,#676);
#11378= IFCCIRCLE(#11377,35.31);
#11379= IFCTRIMMEDCURVE(#11378,(IFCPARAMETERVALUE(0.)),(IFCPARAMETERVALUE(1.57079632679504)),.T.,.PARAMETER.);
#11380= IFCCOMPOSITECURVESEGMENT(.CONTINUOUS.,.T.,#11379);
#11381= IFCCARTESIANPOINT((404.37551842205,-7.27595761418343E-09,-40.0000000000519));
#11382= IFCLINE(#11381,#10226);
#11383= IFCTRIMMEDCURVE(#11382,(IFCPARAMETERVALUE(0.)),(IFCPARAMETERVALUE(39.999999999995)),.T.,.PARAMETER.);
#11384= IFCCOMPOSITECURVESEGMENT(.DISCONTINUOUS.,.T.,#11383);
#11385= IFCCOMPOSITECURVE((#11373,#10797,#11375,#11380,#11384),.F.);
#11386= IFCSWEPTDISKSOLID(#11385,5.3125,$,0.,416.89211107564);
#11387= IFCSTYLEDITEM(#11386,(#10205),$);
#11388= IFCCARTESIANPOINT((45.3125,-0.000240749912336469,155.624999999999));
#11389= IFCCARTESIANTRANSFORMATIONOPERATOR3D($,$,#11388,$,$);
#11390= IFCSHAPEREPRESENTATION(#13,'Body','AdvancedSweptSolid',(#11386));
#11391= IFCREPRESENTATIONMAP(#10,#11390);
#11392= IFCMAPPEDITEM(#11391,#11389);
#11393= IFCTRIMMEDCURVE(#10837,(IFCPARAMETERVALUE(0.)),(IFCPARAMETERVALUE(40.000000000005)),.T.,.PARAMETER.);
#11394= IFCCOMPOSITECURVESEGMENT(.CONTINUOUS.,.T.,#11393);
#11395= IFCCOMPOSITECURVE((#11394,#10797,#11375,#11380,#11384),.F.);
#11396= IFCSWEPTDISKSOLID(#11395,5.3125,$,0.,416.89211107564);
#11397= IFCSTYLEDITEM(#11396,(#10205),$);
#11398= IFCCARTESIANPOINT((45.3125060233288,199.999759250088,155.624999999999));
#11399= IFCCARTESIANTRANSFORMATIONOPERATOR3D($,$,#11398,$,$);
#11400= IFCSHAPEREPRESENTATION(#13,'Body','AdvancedSweptSolid',(#11396));
#11401= IFCREPRESENTATIONMAP(#10,#11400);
#11402= IFCMAPPEDITEM(#11401,#11399);
#11403= IFCSHAPEREPRESENTATION(#13,'Body','MappedRepresentation',(#11392,#11402));
#11404= IFCPRODUCTDEFINITIONSHAPE($,$,(#11403));
#11405= IFCCARTESIANPOINT((441483.619696833,392905.312499963,-1099.99999998047));
#11406= IFCAXIS2PLACEMENT3D(#11405,#9,#7);
#11407= IFCLOCALPLACEMENT(#8769,#11406);
#11408= IFCREINFORCINGBAR('1UW2M4uWjDHRglGmt903fP',#2593,'LONG INF',$,$,#11407,#11404,'ID5e802584-e20b-4d45-baaf-430dc9003a59',$,10.625,0.,$,.NOTDEFINED.,.NULL.);
#11409= IFCPROPERTYSINGLEVALUE('HISTORY.CREATED',$,IFCLABEL('15.04.2026 11:45:22'),$);
#11410= IFCPROPERTYSINGLEVALUE('WEIGHT_TOTAL_IN_GROUP',$,IFCMASSMEASURE(0.64723),$);
#11411= IFCPROPERTYSINGLEVALUE('REBAR_POS',$,IFCLABEL('112'),$);
#11412= IFCPROPERTYSINGLEVALUE('GUID',$,IFCLABEL('5e802584-e20b-4d45-baaf-430dc9003a59'),$);
#11413= IFCPROPERTYSINGLEVALUE('DIM_L',$,IFCLENGTHMEASURE(570.),$);
#11414= IFCPROPERTYSINGLEVALUE('DIM_B',$,IFCLENGTHMEASURE(415.),$);
#11415= IFCPROPERTYSET('0IlOOBrAjAmQnAvpuDkXc7',#5,'Rebar_properties',$,(#127,#128,#2605,#69,#11409,#11410,#10416,#11411,#10960,#10419,#10420,#10556,#10422,#10423,#10424,#10425,#10426,#11412,#10428,#11413,#10430,#10431,#10932,#11414,#10933,#10435,#10562,#10437,#10438,#10439,#10440));
#11416= IFCTRIMMEDCURVE(#10207,(IFCPARAMETERVALUE(0.)),(IFCPARAMETERVALUE(40.0000000000148)),.T.,.PARAMETER.);
#11417= IFCCOMPOSITECURVESEGMENT(.CONTINUOUS.,.T.,#11416);
#11418= IFCTRIMMEDCURVE(#11338,(IFCPARAMETERVALUE(0.)),(IFCPARAMETERVALUE(331.441106862098)),.T.,.PARAMETER.);
#11419= IFCCOMPOSITECURVESEGMENT(.CONTINUOUS.,.T.,#11418);
#11420= IFCCARTESIANPOINT((366.753606862994,-8.44217140638648E-09,-39.9999999919333));
#11421= IFCAXIS2PLACEMENT3D(#11420,#87,#676);
#11422= IFCCIRCLE(#11421,35.31);
#11423= IFCTRIMMEDCURVE(#11422,(IFCPARAMETERVALUE(0.)),(IFCPARAMETERVALUE(1.57079632679532)),.T.,.PARAMETER.);
#11424= IFCCOMPOSITECURVESEGMENT(.CONTINUOUS.,.T.,#11423);
#11425= IFCCARTESIANPOINT((402.066106862994,-9.25501808524132E-09,-39.9999999911418));
#11426= IFCLINE(#11425,#10226);
#11427= IFCTRIMMEDCURVE(#11426,(IFCPARAMETERVALUE(0.)),(IFCPARAMETERVALUE(39.9999999999851)),.T.,.PARAMETER.);
#11428= IFCCOMPOSITECURVESEGMENT(.DISCONTINUOUS.,.T.,#11427);
#11429= IFCCOMPOSITECURVE((#11417,#10797,#11419,#11424,#11428),.F.);
#11430= IFCSWEPTDISKSOLID(#11429,5.3125,$,0.,414.582699515687);
#11431= IFCSTYLEDITEM(#11430,(#10205),$);
#11432= IFCSHAPEREPRESENTATION(#13,'Body','AdvancedSweptSolid',(#11430));
#11433= IFCREPRESENTATIONMAP(#10,#11432);
#11434= IFCMAPPEDITEM(#11433,#11264);
#11435= IFCTRIMMEDCURVE(#10207,(IFCPARAMETERVALUE(0.)),(IFCPARAMETERVALUE(40.0000000000147)),.T.,.PARAMETER.);
#11436= IFCCOMPOSITECURVESEGMENT(.CONTINUOUS.,.T.,#11435);
#11437= IFCTRIMMEDCURVE(#11426,(IFCPARAMETERVALUE(0.)),(IFCPARAMETERVALUE(39.9999999999853)),.T.,.PARAMETER.);
#11438= IFCCOMPOSITECURVESEGMENT(.DISCONTINUOUS.,.T.,#11437);
#11439= IFCCOMPOSITECURVE((#11436,#10797,#11419,#11424,#11438),.F.);
#11440= IFCSWEPTDISKSOLID(#11439,5.3125,$,0.,414.582699515687);
#11441= IFCSTYLEDITEM(#11440,(#10205),$);
#11442= IFCSHAPEREPRESENTATION(#13,'Body','AdvancedSweptSolid',(#11440));
#11443= IFCREPRESENTATIONMAP(#10,#11442);
#11444= IFCMAPPEDITEM(#11443,#11276);
#11445= IFCSHAPEREPRESENTATION(#13,'Body','MappedRepresentation',(#11434,#11444));
#11446= IFCPRODUCTDEFINITIONSHAPE($,$,(#11445));
#11447= IFCCARTESIANPOINT((441976.310803695,392905.312500001,-900.000000000058));
#11448= IFCAXIS2PLACEMENT3D(#11447,#676,#88);
#11449= IFCLOCALPLACEMENT(#8769,#11448);
#11450= IFCREINFORCINGBAR('1_PUy4hU90uP9NbjsBNnOM',#2593,'LONG SUP',$,$,#11449,#11446,'ID7e65ef04-ade2-40e1-9257-96dd8b5f1616',$,10.625,0.,$,.NOTDEFINED.,.NULL.);
#11451= IFCPROPERTYSINGLEVALUE('WEIGHT_TOTAL_IN_GROUP',$,IFCMASSMEASURE(0.64415),$);
#11452= IFCPROPERTYSINGLEVALUE('REBAR_POS',$,IFCLABEL('113'),$);
#11453= IFCPROPERTYSINGLEVALUE('GUID',$,IFCLABEL('7e65ef04-ade2-40e1-9257-96dd8b5f1616'),$);
#11454= IFCPROPERTYSINGLEVALUE('DIM_B',$,IFCLENGTHMEASURE(412.),$);
#11455= IFCPROPERTYSET('3ee8ba1DzBsQyrYWZtcQCZ',#5,'Rebar_properties',$,(#127,#128,#2605,#69,#11409,#11451,#10416,#11452,#10960,#10419,#10420,#10929,#10422,#10423,#10424,#10425,#10426,#11453,#10428,#11413,#10430,#10431,#10932,#11454,#10933,#10435,#10934,#10437,#10438,#10439,#10440));
#11456= IFCTRIMMEDCURVE(#10207,(IFCPARAMETERVALUE(0.)),(IFCPARAMETERVALUE(39.9999999999975)),.T.,.PARAMETER.);
#11457= IFCCOMPOSITECURVESEGMENT(.CONTINUOUS.,.T.,#11456);
#11458= IFCTRIMMEDCURVE(#10799,(IFCPARAMETERVALUE(0.)),(IFCPARAMETERVALUE(461.887204532395)),.T.,.PARAMETER.);
#11459= IFCCOMPOSITECURVESEGMENT(.CONTINUOUS.,.T.,#11458);
#11460= IFCCARTESIANPOINT((497.199704533632,1.923909794503E-08,-39.9999999845935));
#11461= IFCAXIS2PLACEMENT3D(#11460,#87,#676);
#11462= IFCCIRCLE(#11461,35.31);
#11463= IFCTRIMMEDCURVE(#11462,(IFCPARAMETERVALUE(0.)),(IFCPARAMETERVALUE(1.57079632679483)),.T.,.PARAMETER.);
#11464= IFCCOMPOSITECURVESEGMENT(.CONTINUOUS.,.T.,#11463);
#11465= IFCCARTESIANPOINT((532.512204533632,2.06055119633675E-08,-39.9999999835018));
#11466= IFCLINE(#11465,#10226);
#11467= IFCTRIMMEDCURVE(#11466,(IFCPARAMETERVALUE(0.)),(IFCPARAMETERVALUE(40.0000000000025)),.T.,.PARAMETER.);
#11468= IFCCOMPOSITECURVESEGMENT(.DISCONTINUOUS.,.T.,#11467);
#11469= IFCCOMPOSITECURVE((#11457,#10797,#11459,#11464,#11468),.F.);
#11470= IFCSWEPTDISKSOLID(#11469,5.3125,$,0.,545.028797185985);
#11471= IFCSTYLEDITEM(#11470,(#10205),$);
#11472= IFCCARTESIANPOINT((45.3124999977299,0.00018997973529622,155.625000000165));
#11473= IFCCARTESIANTRANSFORMATIONOPERATOR3D($,$,#11472,$,$);
#11474= IFCSHAPEREPRESENTATION(#13,'Body','AdvancedSweptSolid',(#11470));
#11475= IFCREPRESENTATIONMAP(#10,#11474);
#11476= IFCMAPPEDITEM(#11475,#11473);
#11477= IFCCARTESIANPOINT((45.3124952443177,200.000189979735,155.625000000164));
#11478= IFCCARTESIANTRANSFORMATIONOPERATOR3D($,$,#11477,$,$);
#11479= IFCSHAPEREPRESENTATION(#13,'Body','AdvancedSweptSolid',(#11470));
#11480= IFCREPRESENTATIONMAP(#10,#11479);
#11481= IFCMAPPEDITEM(#11480,#11478);
#11482= IFCSHAPEREPRESENTATION(#13,'Body','MappedRepresentation',(#11476,#11481));
#11483= IFCPRODUCTDEFINITIONSHAPE($,$,(#11482));
#11484= IFCCARTESIANPOINT((442333.619608921,392905.312514861,-1099.99999998044));
#11485= IFCAXIS2PLACEMENT3D(#11484,#9,#7);
#11486= IFCLOCALPLACEMENT(#8769,#11485);
#11487= IFCREINFORCINGBAR('0pFst4CRLARhX5G714rUFU',#2593,'LONG INF',$,$,#11486,#11483,'ID333f6dc4-31b5-4a6e-b845-407044d5e3de',$,10.625,0.,$,.NOTDEFINED.,.NULL.);
#11488= IFCPROPERTYSINGLEVALUE('WEIGHT_TOTAL_IN_GROUP',$,IFCMASSMEASURE(0.80519),$);
#11489= IFCPROPERTYSINGLEVALUE('REBAR_POS',$,IFCLABEL('114'),$);
#11490= IFCPROPERTYSINGLEVALUE('GUID',$,IFCLABEL('333f6dc4-31b5-4a6e-b845-407044d5e3de'),$);
#11491= IFCPROPERTYSINGLEVALUE('DIM_L',$,IFCLENGTHMEASURE(700.),$);
#11492= IFCPROPERTYSINGLEVALUE('DIM_B',$,IFCLENGTHMEASURE(543.),$);
#11493= IFCPROPERTYSET('03LYj4ku9ASggXkDoBCGEJ',#5,'Rebar_properties',$,(#127,#128,#2605,#69,#11409,#11488,#10416,#11489,#10960,#10419,#10420,#10556,#10422,#10423,#10424,#10425,#10426,#11490,#10428,#11491,#10430,#10431,#10932,#11492,#10933,#10435,#10562,#10437,#10438,#10439,#10440));
#11494= IFCTRIMMEDCURVE(#10207,(IFCPARAMETERVALUE(0.)),(IFCPARAMETERVALUE(40.0000000000045)),.T.,.PARAMETER.);
#11495= IFCCOMPOSITECURVESEGMENT(.CONTINUOUS.,.T.,#11494);
#11496= IFCTRIMMEDCURVE(#10799,(IFCPARAMETERVALUE(0.)),(IFCPARAMETERVALUE(461.887204531988)),.T.,.PARAMETER.);
#11497= IFCCOMPOSITECURVESEGMENT(.CONTINUOUS.,.T.,#11496);
#11498= IFCTRIMMEDCURVE(#11466,(IFCPARAMETERVALUE(0.)),(IFCPARAMETERVALUE(39.9999999999954)),.T.,.PARAMETER.);
#11499= IFCCOMPOSITECURVESEGMENT(.DISCONTINUOUS.,.T.,#11498);
#11500= IFCCOMPOSITECURVE((#11495,#10797,#11497,#11464,#11499),.F.);
#11501= IFCSWEPTDISKSOLID(#11500,5.3125,$,0.,545.028797185577);
#11502= IFCSTYLEDITEM(#11501,(#10205),$);
#11503= IFCSHAPEREPRESENTATION(#13,'Body','AdvancedSweptSolid',(#11501));
#11504= IFCREPRESENTATIONMAP(#10,#11503);
#11505= IFCMAPPEDITEM(#11504,#11264);
#11506= IFCTRIMMEDCURVE(#10837,(IFCPARAMETERVALUE(0.)),(IFCPARAMETERVALUE(40.0000000000047)),.T.,.PARAMETER.);
#11507= IFCCOMPOSITECURVESEGMENT(.CONTINUOUS.,.T.,#11506);
#11508= IFCCOMPOSITECURVE((#11507,#10797,#11497,#11464,#11499),.F.);
#11509= IFCSWEPTDISKSOLID(#11508,5.3125,$,0.,545.028797185577);
#11510= IFCSTYLEDITEM(#11509,(#10205),$);
#11511= IFCSHAPEREPRESENTATION(#13,'Body','AdvancedSweptSolid',(#11509));
#11512= IFCREPRESENTATIONMAP(#10,#11511);
#11513= IFCMAPPEDITEM(#11512,#11276);
#11514= IFCSHAPEREPRESENTATION(#13,'Body','MappedRepresentation',(#11505,#11513));
#11515= IFCPRODUCTDEFINITIONSHAPE($,$,(#11514));
#11516= IFCCARTESIANPOINT((442956.756813453,392905.312500001,-899.999999999942));
#11517= IFCAXIS2PLACEMENT3D(#11516,#676,#88);
#11518= IFCLOCALPLACEMENT(#8769,#11517);
#11519= IFCREINFORCINGBAR('0bgRp$Q9rCKe5ZJAXzA4bL',#2593,'LONG SUP',$,$,#11518,#11515,'ID25a9bcff-689d-4c52-8163-4ca87d284955',$,10.625,0.,$,.NOTDEFINED.,.NULL.);
#11520= IFCPROPERTYSINGLEVALUE('GUID',$,IFCLABEL('25a9bcff-689d-4c52-8163-4ca87d284955'),$);
#11521= IFCPROPERTYSET('3owkj$mDn94fcg5H74dxLF',#5,'Rebar_properties',$,(#127,#128,#2605,#69,#11409,#11488,#10416,#11489,#10960,#10419,#10420,#10929,#10422,#10423,#10424,#10425,#10426,#11520,#10428,#11491,#10430,#10431,#10932,#11492,#10933,#10435,#10934,#10437,#10438,#10439,#10440));
#11522= IFCTRIMMEDCURVE(#10207,(IFCPARAMETERVALUE(0.)),(IFCPARAMETERVALUE(39.9999999999974)),.T.,.PARAMETER.);
#11523= IFCCOMPOSITECURVESEGMENT(.CONTINUOUS.,.T.,#11522);
#11524= IFCTRIMMEDCURVE(#10799,(IFCPARAMETERVALUE(0.)),(IFCPARAMETERVALUE(1659.79283442203)),.T.,.PARAMETER.);
#11525= IFCCOMPOSITECURVESEGMENT(.CONTINUOUS.,.T.,#11524);
#11526= IFCCARTESIANPOINT((1695.10533442203,-2.85099108885465E-10,-39.9999999998726));
#11527= IFCAXIS2PLACEMENT3D(#11526,#87,#676);
#11528= IFCCIRCLE(#11527,35.31);
#11529= IFCTRIMMEDCURVE(#11528,(IFCPARAMETERVALUE(0.)),(IFCPARAMETERVALUE(1.57079632679482)),.T.,.PARAMETER.);
#11530= IFCCOMPOSITECURVESEGMENT(.CONTINUOUS.,.T.,#11529);
#11531= IFCCARTESIANPOINT((1730.41783442203,-2.91038304567337E-10,-39.9999999998726));
#11532= IFCLINE(#11531,#10226);
#11533= IFCTRIMMEDCURVE(#11532,(IFCPARAMETERVALUE(0.)),(IFCPARAMETERVALUE(315.000000000003)),.T.,.PARAMETER.);
#11534= IFCCOMPOSITECURVESEGMENT(.DISCONTINUOUS.,.T.,#11533);
#11535= IFCCOMPOSITECURVE((#11523,#10797,#11525,#11530,#11534),.F.);
#11536= IFCSWEPTDISKSOLID(#11535,5.3125,$,0.,2017.93442707562);
#11537= IFCSTYLEDITEM(#11536,(#10205),$);
#11538= IFCCARTESIANPOINT((45.3125,0.,145.625));
#11539= IFCCARTESIANTRANSFORMATIONOPERATOR3D($,$,#11538,$,$);
#11540= IFCSHAPEREPRESENTATION(#13,'Body','AdvancedSweptSolid',(#11536));
#11541= IFCREPRESENTATIONMAP(#10,#11540);
#11542= IFCMAPPEDITEM(#11541,#11539);
#11543= IFCTRIMMEDCURVE(#10799,(IFCPARAMETERVALUE(0.)),(IFCPARAMETERVALUE(1659.79283442202)),.T.,.PARAMETER.);
#11544= IFCCOMPOSITECURVESEGMENT(.CONTINUOUS.,.T.,#11543);
#11545= IFCTRIMMEDCURVE(#11532,(IFCPARAMETERVALUE(0.)),(IFCPARAMETERVALUE(314.999999999997)),.T.,.PARAMETER.);
#11546= IFCCOMPOSITECURVESEGMENT(.DISCONTINUOUS.,.T.,#11545);
#11547= IFCCOMPOSITECURVE((#11523,#10797,#11544,#11530,#11546),.F.);
#11548= IFCSWEPTDISKSOLID(#11547,5.3125,$,0.,2017.93442707561);
#11549= IFCSTYLEDITEM(#11548,(#10205),$);
#11550= IFCCARTESIANPOINT((45.3125,800.,145.625));
#11551= IFCCARTESIANTRANSFORMATIONOPERATOR3D($,$,#11550,$,$);
#11552= IFCSHAPEREPRESENTATION(#13,'Body','AdvancedSweptSolid',(#11548));
#11553= IFCREPRESENTATIONMAP(#10,#11552);
#11554= IFCMAPPEDITEM(#11553,#11551);
#11555= IFCCARTESIANPOINT((45.3125,1000.,145.625));
#11556= IFCCARTESIANTRANSFORMATIONOPERATOR3D($,$,#11555,$,$);
#11557= IFCSHAPEREPRESENTATION(#13,'Body','AdvancedSweptSolid',(#11548));
#11558= IFCREPRESENTATIONMAP(#10,#11557);
#11559= IFCMAPPEDITEM(#11558,#11556);
#11560= IFCSHAPEREPRESENTATION(#13,'Body','MappedRepresentation',(#11542,#11554,#11559));
#11561= IFCPRODUCTDEFINITIONSHAPE($,$,(#11560));
#11562= IFCCARTESIANPOINT((441305.3125,392821.042834403,-1099.99999998772));
#11563= IFCAXIS2PLACEMENT3D(#11562,#9,#87);
#11564= IFCLOCALPLACEMENT(#8769,#11563);
#11565= IFCREINFORCINGBAR('1gu4MXUBLDI8ynW9fWWp5E',#2593,'TRANSV INF',$,$,#11564,#11561,'ID6ae045a1-78b5-4d48-8f31-809a6083314e',$,10.625,0.,$,.NOTDEFINED.,.NULL.);
#11566= IFCPROPERTYSINGLEVALUE('WEIGHT_TOTAL_IN_GROUP',$,IFCMASSMEASURE(3.93461),$);
#11567= IFCPROPERTYSINGLEVALUE('REBAR_POS',$,IFCLABEL('115'),$);
#11568= IFCPROPERTYSINGLEVALUE('NUMBER_OF_BARS_IN_GROUP',$,IFCINTEGER(3),$);
#11569= IFCPROPERTYSINGLEVALUE('GUID',$,IFCLABEL('6ae045a1-78b5-4d48-8f31-809a6083314e'),$);
#11570= IFCPROPERTYSINGLEVALUE('DIM_L',$,IFCLENGTHMEASURE(2170.),$);
#11571= IFCPROPERTYSINGLEVALUE('DIM_B',$,IFCLENGTHMEASURE(1741.),$);
#11572= IFCPROPERTYSINGLEVALUE('CC_TARGET',$,IFCLENGTHMEASURE(800.),$);
#11573= IFCPROPERTYSET('3Trx1oNXX7FvCfDWgDJ$Wp',#5,'Rebar_properties',$,(#127,#128,#2605,#69,#11409,#11566,#10416,#11567,#11568,#10419,#10420,#10421,#10422,#10423,#10424,#10425,#10426,#11569,#10428,#11570,#10430,#10431,#10932,#11571,#10434,#10435,#10436,#11572,#10438,#10439,#10440));
#11574= IFCTRIMMEDCURVE(#10207,(IFCPARAMETERVALUE(0.)),(IFCPARAMETERVALUE(40.000000000001)),.T.,.PARAMETER.);
#11575= IFCCOMPOSITECURVESEGMENT(.CONTINUOUS.,.T.,#11574);
#11576= IFCTRIMMEDCURVE(#10799,(IFCPARAMETERVALUE(0.)),(IFCPARAMETERVALUE(1605.28529660107)),.T.,.PARAMETER.);
#11577= IFCCOMPOSITECURVESEGMENT(.CONTINUOUS.,.T.,#11576);
#11578= IFCCARTESIANPOINT((1640.59779660076,5.92604358663804E-09,-40.0000000127259));
#11579= IFCAXIS2PLACEMENT3D(#11578,#87,#676);
#11580= IFCCIRCLE(#11579,35.31);
#11581= IFCTRIMMEDCURVE(#11580,(IFCPARAMETERVALUE(0.)),(IFCPARAMETERVALUE(1.57079632679484)),.T.,.PARAMETER.);
#11582= IFCCOMPOSITECURVESEGMENT(.CONTINUOUS.,.T.,#11581);
#11583= IFCCARTESIANPOINT((1675.91029660076,6.05359673500061E-09,-40.0000000130017));
#11584= IFCLINE(#11583,#11351);
#11585= IFCTRIMMEDCURVE(#11584,(IFCPARAMETERVALUE(0.)),(IFCPARAMETERVALUE(315.000000000002)),.T.,.PARAMETER.);
#11586= IFCCOMPOSITECURVESEGMENT(.DISCONTINUOUS.,.T.,#11585);
#11587= IFCCOMPOSITECURVE((#11575,#10797,#11577,#11582,#11586),.F.);
#11588= IFCSWEPTDISKSOLID(#11587,5.3125,$,0.,1963.42688925466);
#11589= IFCSTYLEDITEM(#11588,(#10205),$);
#11590= IFCSHAPEREPRESENTATION(#13,'Body','AdvancedSweptSolid',(#11588));
#11591= IFCREPRESENTATIONMAP(#10,#11590);
#11592= IFCMAPPEDITEM(#11591,#11539);
#11593= IFCCARTESIANPOINT((45.3125000005821,200.,145.624999999959));
#11594= IFCCARTESIANTRANSFORMATIONOPERATOR3D($,$,#11593,$,$);
#11595= IFCSHAPEREPRESENTATION(#13,'Body','AdvancedSweptSolid',(#11588));
#11596= IFCREPRESENTATIONMAP(#10,#11595);
#11597= IFCMAPPEDITEM(#11596,#11594);
#11598= IFCSHAPEREPRESENTATION(#13,'Body','MappedRepresentation',(#11592,#11597));
#11599= IFCPRODUCTDEFINITIONSHAPE($,$,(#11598));
#11600= IFCCARTESIANPOINT((443105.312499994,392766.535296621,-1100.));
#11601= IFCAXIS2PLACEMENT3D(#11600,#9,#87);
#11602= IFCLOCALPLACEMENT(#8769,#11601);
#11603= IFCREINFORCINGBAR('2XpSOXP1j5AgZw7cAZRDHK',#2593,'TRANSV INF',$,$,#11602,#11599,'IDa1cdc621-641b-452a-a8fa-1e62a36cd454',$,10.625,0.,$,.NOTDEFINED.,.NULL.);
#11604= IFCPROPERTYSINGLEVALUE('WEIGHT_TOTAL_IN_GROUP',$,IFCMASSMEASURE(2.55561),$);
#11605= IFCPROPERTYSINGLEVALUE('REBAR_POS',$,IFCLABEL('116'),$);
#11606= IFCPROPERTYSINGLEVALUE('GUID',$,IFCLABEL('a1cdc621-641b-452a-a8fa-1e62a36cd454'),$);
#11607= IFCPROPERTYSINGLEVALUE('DIM_L',$,IFCLENGTHMEASURE(2120.),$);
#11608= IFCPROPERTYSINGLEVALUE('DIM_B',$,IFCLENGTHMEASURE(1686.),$);
#11609= IFCPROPERTYSET('2RuF4taOj1Th3vRcTovZiX',#5,'Rebar_properties',$,(#127,#128,#2605,#69,#11409,#11604,#10416,#11605,#10960,#10419,#10420,#10421,#10422,#10423,#10424,#10425,#10426,#11606,#10428,#11607,#10430,#10431,#10932,#11608,#10434,#10435,#10436,#10437,#10438,#10439,#10440));
#11610= IFCCARTESIANPOINT((45.3125000000582,-1005.31249999942,145.625));
#11611= IFCCARTESIANTRANSFORMATIONOPERATOR3D($,$,#11610,$,$);
#11612= IFCSHAPEREPRESENTATION(#13,'Body','AdvancedSweptSolid',(#11548));
#11613= IFCREPRESENTATIONMAP(#10,#11612);
#11614= IFCMAPPEDITEM(#11613,#11611);
#11615= IFCCARTESIANPOINT((45.3125000000582,-805.312499999418,145.625));
#11616= IFCCARTESIANTRANSFORMATIONOPERATOR3D($,$,#11615,$,$);
#11617= IFCSHAPEREPRESENTATION(#13,'Body','AdvancedSweptSolid',(#11548));
#11618= IFCREPRESENTATIONMAP(#10,#11617);
#11619= IFCMAPPEDITEM(#11618,#11616);
#11620= IFCCARTESIANPOINT((45.3125000000582,-5.31249999941792,145.625));
#11621= IFCCARTESIANTRANSFORMATIONOPERATOR3D($,$,#11620,$,$);
#11622= IFCSHAPEREPRESENTATION(#13,'Body','AdvancedSweptSolid',(#11536));
#11623= IFCREPRESENTATIONMAP(#10,#11622);
#11624= IFCMAPPEDITEM(#11623,#11621);
#11625= IFCSHAPEREPRESENTATION(#13,'Body','MappedRepresentation',(#11614,#11619,#11624));
#11626= IFCPRODUCTDEFINITIONSHAPE($,$,(#11625));
#11627= IFCCARTESIANPOINT((441305.3125,393178.957165597,-1099.99999998772));
#11628= IFCAXIS2PLACEMENT3D(#11627,#9,#8);
#11629= IFCLOCALPLACEMENT(#8769,#11628);
#11630= IFCREINFORCINGBAR('1N8MAaSt1CFg$c4Q$qHLGQ',#2593,'TRANSV INF',$,$,#11629,#11626,'ID572162a4-7370-4c3e-afe6-11aff445541a',$,10.625,0.,$,.NOTDEFINED.,.NULL.);
#11631= IFCPROPERTYSINGLEVALUE('GUID',$,IFCLABEL('572162a4-7370-4c3e-afe6-11aff445541a'),$);
#11632= IFCPROPERTYSET('0P_YdAJFL2J9pMy2gQWkXC',#5,'Rebar_properties',$,(#127,#128,#2605,#69,#11409,#11566,#10416,#11567,#11568,#10419,#10420,#10421,#10422,#10423,#10424,#10425,#10426,#11631,#10428,#11570,#10430,#10431,#10932,#11571,#10434,#10435,#10436,#10437,#10438,#10439,#10440));
#11633= IFCCARTESIANPOINT((45.3125000006403,-205.312500012107,145.624999999959));
#11634= IFCCARTESIANTRANSFORMATIONOPERATOR3D($,$,#11633,$,$);
#11635= IFCSHAPEREPRESENTATION(#13,'Body','AdvancedSweptSolid',(#11588));
#11636= IFCREPRESENTATIONMAP(#10,#11635);
#11637= IFCMAPPEDITEM(#11636,#11634);
#11638= IFCSHAPEREPRESENTATION(#13,'Body','AdvancedSweptSolid',(#11588));
#11639= IFCREPRESENTATIONMAP(#10,#11638);
#11640= IFCMAPPEDITEM(#11639,#11621);
#11641= IFCSHAPEREPRESENTATION(#13,'Body','MappedRepresentation',(#11637,#11640));
#11642= IFCPRODUCTDEFINITIONSHAPE($,$,(#11641));
#11643= IFCCARTESIANPOINT((443099.312499994,393233.464703379,-1100.));
#11644= IFCAXIS2PLACEMENT3D(#11643,#9,#8);
#11645= IFCLOCALPLACEMENT(#8769,#11644);
#11646= IFCREINFORCINGBAR('1JWUb9MUL2hB5XULpjvwDO',#2593,'TRANSV INF',$,$,#11645,#11642,'ID5381e949-59e5-42ac-b161-795cede7a358',$,10.625,0.,$,.NOTDEFINED.,.NULL.);
#11647= IFCPROPERTYSINGLEVALUE('GUID',$,IFCLABEL('5381e949-59e5-42ac-b161-795cede7a358'),$);
#11648= IFCPROPERTYSET('0apRkU07v4Ee6_N5bre1HM',#5,'Rebar_properties',$,(#127,#128,#2605,#69,#11409,#11604,#10416,#11605,#10960,#10419,#10420,#10421,#10422,#10423,#10424,#10425,#10426,#11647,#10428,#11607,#10430,#10431,#10932,#11608,#10434,#10435,#10436,#10437,#10438,#10439,#10440));
#11649= IFCTRIMMEDCURVE(#10207,(IFCPARAMETERVALUE(0.)),(IFCPARAMETERVALUE(49.9999999999882)),.T.,.PARAMETER.);
#11650= IFCCOMPOSITECURVESEGMENT(.CONTINUOUS.,.T.,#11649);
#11651= IFCTRIMMEDCURVE(#10572,(IFCPARAMETERVALUE(0.)),(IFCPARAMETERVALUE(1659.79283442209)),.T.,.PARAMETER.);
#11652= IFCCOMPOSITECURVESEGMENT(.CONTINUOUS.,.T.,#11651);
#11653= IFCCARTESIANPOINT((1695.10533442307,-2.74265342747817E-08,-49.9999999658921));
#11654= IFCAXIS2PLACEMENT3D(#11653,#87,#676);
#11655= IFCCIRCLE(#11654,35.31);
#11656= IFCTRIMMEDCURVE(#11655,(IFCPARAMETERVALUE(0.)),(IFCPARAMETERVALUE(1.57079632679456)),.T.,.PARAMETER.);
#11657= IFCCOMPOSITECURVESEGMENT(.CONTINUOUS.,.T.,#11656);
#11658= IFCCARTESIANPOINT((1730.41783442307,-2.79978848993778E-08,-49.9999999651934));
#11659= IFCLINE(#11658,#10226);
#11660= IFCTRIMMEDCURVE(#11659,(IFCPARAMETERVALUE(0.)),(IFCPARAMETERVALUE(50.0000000000118)),.T.,.PARAMETER.);
#11661= IFCCOMPOSITECURVESEGMENT(.DISCONTINUOUS.,.T.,#11660);
#11662= IFCCOMPOSITECURVE((#11650,#10570,#11652,#11657,#11661),.F.);
#11663= IFCSWEPTDISKSOLID(#11662,5.3125,$,0.,1762.93442707568);
#11664= IFCSTYLEDITEM(#11663,(#10205),$);
#11665= IFCCARTESIANPOINT((45.312499998312,-5.82076609134674E-11,130.625000000107));
#11666= IFCCARTESIANTRANSFORMATIONOPERATOR3D($,$,#11665,$,$);
#11667= IFCSHAPEREPRESENTATION(#13,'Body','AdvancedSweptSolid',(#11663));
#11668= IFCREPRESENTATIONMAP(#10,#11667);
#11669= IFCMAPPEDITEM(#11668,#11666);
#11670= IFCTRIMMEDCURVE(#10207,(IFCPARAMETERVALUE(0.)),(IFCPARAMETERVALUE(49.9999999999881)),.T.,.PARAMETER.);
#11671= IFCCOMPOSITECURVESEGMENT(.CONTINUOUS.,.T.,#11670);
#11672= IFCCOMPOSITECURVE((#11671,#10570,#11652,#11657,#11661),.F.);
#11673= IFCSWEPTDISKSOLID(#11672,5.3125,$,0.,1762.93442707568);
#11674= IFCSTYLEDITEM(#11673,(#10205),$);
#11675= IFCCARTESIANPOINT((45.312499998312,199.999999999942,130.625000000106));
#11676= IFCCARTESIANTRANSFORMATIONOPERATOR3D($,$,#11675,$,$);
#11677= IFCSHAPEREPRESENTATION(#13,'Body','AdvancedSweptSolid',(#11673));
#11678= IFCREPRESENTATIONMAP(#10,#11677);
#11679= IFCMAPPEDITEM(#11678,#11676);
#11680= IFCCARTESIANPOINT((45.312499998312,999.999999999942,130.625000000101));
#11681= IFCCARTESIANTRANSFORMATIONOPERATOR3D($,$,#11680,$,$);
#11682= IFCSHAPEREPRESENTATION(#13,'Body','AdvancedSweptSolid',(#11663));
#11683= IFCREPRESENTATIONMAP(#10,#11682);
#11684= IFCMAPPEDITEM(#11683,#11681);
#11685= IFCSHAPEREPRESENTATION(#13,'Body','MappedRepresentation',(#11669,#11679,#11684));
#11686= IFCPRODUCTDEFINITIONSHAPE($,$,(#11685));
#11687= IFCCARTESIANPOINT((442293.312499972,392821.042834403,-899.999999846506));
#11688= IFCAXIS2PLACEMENT3D(#11687,#676,#87);
#11689= IFCLOCALPLACEMENT(#8769,#11688);
#11690= IFCREINFORCINGBAR('16drNjhM10jh9d8G1i$kdn',#2593,'TRANSV SUP',$,$,#11689,#11686,'ID469f55ed-ad60-40b6-b267-21006cfee9f1',$,10.625,0.,$,.NOTDEFINED.,.NULL.);
#11691= IFCPROPERTYSINGLEVALUE('WEIGHT_TOTAL_IN_GROUP',$,IFCMASSMEASURE(3.4626),$);
#11692= IFCPROPERTYSINGLEVALUE('REBAR_POS',$,IFCLABEL('117'),$);
#11693= IFCPROPERTYSINGLEVALUE('GUID',$,IFCLABEL('469f55ed-ad60-40b6-b267-21006cfee9f1'),$);
#11694= IFCPROPERTYSINGLEVALUE('DIM_L',$,IFCLENGTHMEASURE(1920.),$);
#11695= IFCPROPERTYSET('1RHL2iINXETOl2MJ4AAHim',#5,'Rebar_properties',$,(#127,#128,#2605,#69,#11409,#11691,#10416,#11692,#11568,#10419,#10420,#10784,#10422,#10423,#10424,#10425,#10426,#11693,#10428,#11694,#10430,#10431,#10787,#11571,#10788,#10435,#10789,#10437,#10438,#10439,#10440));
#11696= IFCCARTESIANPOINT((45.312499998312,-1005.31249994383,130.625000000145));
#11697= IFCCARTESIANTRANSFORMATIONOPERATOR3D($,$,#11696,$,$);
#11698= IFCSHAPEREPRESENTATION(#13,'Body','AdvancedSweptSolid',(#11663));
#11699= IFCREPRESENTATIONMAP(#10,#11698);
#11700= IFCMAPPEDITEM(#11699,#11697);
#11701= IFCCARTESIANPOINT((45.312499998312,-205.31249994383,130.625000000149));
#11702= IFCCARTESIANTRANSFORMATIONOPERATOR3D($,$,#11701,$,$);
#11703= IFCSHAPEREPRESENTATION(#13,'Body','AdvancedSweptSolid',(#11663));
#11704= IFCREPRESENTATIONMAP(#10,#11703);
#11705= IFCMAPPEDITEM(#11704,#11702);
#11706= IFCCARTESIANPOINT((45.312499998312,-5.31249994382961,130.625000000151));
#11707= IFCCARTESIANTRANSFORMATIONOPERATOR3D($,$,#11706,$,$);
#11708= IFCSHAPEREPRESENTATION(#13,'Body','AdvancedSweptSolid',(#11663));
#11709= IFCREPRESENTATIONMAP(#10,#11708);
#11710= IFCMAPPEDITEM(#11709,#11707);
#11711= IFCSHAPEREPRESENTATION(#13,'Body','MappedRepresentation',(#11700,#11705,#11710));
#11712= IFCPRODUCTDEFINITIONSHAPE($,$,(#11711));
#11713= IFCCARTESIANPOINT((442293.312499972,393178.957165597,-899.999999846506));
#11714= IFCAXIS2PLACEMENT3D(#11713,#676,#8);
#11715= IFCLOCALPLACEMENT(#8769,#11714);
#11716= IFCREINFORCINGBAR('0GChNKxPvBjPjhP7O5BB8r',#2593,'TRANSV SUP',$,$,#11715,#11712,'ID1032b5d4-ed9e-4bb5-9b6b-6476052cb235',$,10.625,0.,$,.NOTDEFINED.,.NULL.);
#11717= IFCPROPERTYSINGLEVALUE('GUID',$,IFCLABEL('1032b5d4-ed9e-4bb5-9b6b-6476052cb235'),$);
#11718= IFCPROPERTYSET('3arc01Mi501v8Xur98bPgp',#5,'Rebar_properties',$,(#127,#128,#2605,#69,#11409,#11691,#10416,#11692,#11568,#10419,#10420,#10784,#10422,#10423,#10424,#10425,#10426,#11717,#10428,#11694,#10430,#10431,#10787,#11571,#10788,#10435,#10789,#11572,#10438,#10439,#10440));
#11719= IFCTRIMMEDCURVE(#10207,(IFCPARAMETERVALUE(0.)),(IFCPARAMETERVALUE(50.0000000000094)),.T.,.PARAMETER.);
#11720= IFCCOMPOSITECURVESEGMENT(.CONTINUOUS.,.T.,#11719);
#11721= IFCTRIMMEDCURVE(#10572,(IFCPARAMETERVALUE(0.)),(IFCPARAMETERVALUE(1605.28529656137)),.T.,.PARAMETER.);
#11722= IFCCOMPOSITECURVESEGMENT(.CONTINUOUS.,.T.,#11721);
#11723= IFCCARTESIANPOINT((1640.59779656195,-2.12539832482198E-08,-49.9999999814063));
#11724= IFCAXIS2PLACEMENT3D(#11723,#87,#676);
#11725= IFCCIRCLE(#11724,35.31);
#11726= IFCTRIMMEDCURVE(#11725,(IFCPARAMETERVALUE(0.)),(IFCPARAMETERVALUE(1.57079632679516)),.T.,.PARAMETER.);
#11727= IFCCOMPOSITECURVESEGMENT(.CONTINUOUS.,.T.,#11726);
#11728= IFCCARTESIANPOINT((1675.91029656195,-2.17114575207233E-08,-49.9999999809968));
#11729= IFCLINE(#11728,#10226);
#11730= IFCTRIMMEDCURVE(#11729,(IFCPARAMETERVALUE(0.)),(IFCPARAMETERVALUE(49.9999999999907)),.T.,.PARAMETER.);
#11731= IFCCOMPOSITECURVESEGMENT(.DISCONTINUOUS.,.T.,#11730);
#11732= IFCCOMPOSITECURVE((#11720,#10570,#11722,#11727,#11731),.F.);
#11733= IFCSWEPTDISKSOLID(#11732,5.3125,$,0.,1708.42688921496);
#11734= IFCSTYLEDITEM(#11733,(#10205),$);
#11735= IFCSHAPEREPRESENTATION(#13,'Body','AdvancedSweptSolid',(#11733));
#11736= IFCREPRESENTATIONMAP(#10,#11735);
#11737= IFCMAPPEDITEM(#11736,#11666);
#11738= IFCTRIMMEDCURVE(#10837,(IFCPARAMETERVALUE(0.)),(IFCPARAMETERVALUE(50.0000000000094)),.T.,.PARAMETER.);
#11739= IFCCOMPOSITECURVESEGMENT(.CONTINUOUS.,.T.,#11738);
#11740= IFCTRIMMEDCURVE(#11729,(IFCPARAMETERVALUE(0.)),(IFCPARAMETERVALUE(49.9999999999908)),.T.,.PARAMETER.);
#11741= IFCCOMPOSITECURVESEGMENT(.DISCONTINUOUS.,.T.,#11740);
#11742= IFCCOMPOSITECURVE((#11739,#10570,#11722,#11727,#11741),.F.);
#11743= IFCSWEPTDISKSOLID(#11742,5.3125,$,0.,1708.42688921496);
#11744= IFCSTYLEDITEM(#11743,(#10205),$);
#11745= IFCSHAPEREPRESENTATION(#13,'Body','AdvancedSweptSolid',(#11743));
#11746= IFCREPRESENTATIONMAP(#10,#11745);
#11747= IFCMAPPEDITEM(#11746,#11676);
#11748= IFCSHAPEREPRESENTATION(#13,'Body','MappedRepresentation',(#11737,#11747));
#11749= IFCPRODUCTDEFINITIONSHAPE($,$,(#11748));
#11750= IFCCARTESIANPOINT((443293.312499978,392766.535296621,-900.000000016123));
#11751= IFCAXIS2PLACEMENT3D(#11750,#676,#87);
#11752= IFCLOCALPLACEMENT(#8769,#11751);
#11753= IFCREINFORCINGBAR('0T6mvluQb4hBdltDKy6OeZ',#2593,'TRANSV SUP',$,$,#11752,#11749,'ID1d1b0e6f-e1a9-44ac-b9ef-dcd53c198a23',$,10.625,0.,$,.NOTDEFINED.,.NULL.);
#11754= IFCPROPERTYSINGLEVALUE('WEIGHT_TOTAL_IN_GROUP',$,IFCMASSMEASURE(2.24094),$);
#11755= IFCPROPERTYSINGLEVALUE('REBAR_POS',$,IFCLABEL('118'),$);
#11756= IFCPROPERTYSINGLEVALUE('GUID',$,IFCLABEL('1d1b0e6f-e1a9-44ac-b9ef-dcd53c198a23'),$);
#11757= IFCPROPERTYSINGLEVALUE('DIM_L',$,IFCLENGTHMEASURE(1860.),$);
#11758= IFCPROPERTYSET('1wsUKFwvP3u8Bj0WUPWVFc',#5,'Rebar_properties',$,(#127,#128,#2605,#69,#11409,#11754,#10416,#11755,#10960,#10419,#10420,#10784,#10422,#10423,#10424,#10425,#10426,#11756,#10428,#11757,#10430,#10431,#10787,#11608,#10788,#10435,#10789,#10437,#10438,#10439,#10440));
#11759= IFCTRIMMEDCURVE(#10837,(IFCPARAMETERVALUE(0.)),(IFCPARAMETERVALUE(50.0000000000093)),.T.,.PARAMETER.);
#11760= IFCCOMPOSITECURVESEGMENT(.CONTINUOUS.,.T.,#11759);
#11761= IFCCOMPOSITECURVE((#11760,#10570,#11722,#11727,#11731),.F.);
#11762= IFCSWEPTDISKSOLID(#11761,5.3125,$,0.,1708.42688921496);
#11763= IFCSTYLEDITEM(#11762,(#10205),$);
#11764= IFCSHAPEREPRESENTATION(#13,'Body','AdvancedSweptSolid',(#11762));
#11765= IFCREPRESENTATIONMAP(#10,#11764);
#11766= IFCMAPPEDITEM(#11765,#11702);
#11767= IFCCOMPOSITECURVE((#11739,#10570,#11722,#11727,#11731),.F.);
#11768= IFCSWEPTDISKSOLID(#11767,5.3125,$,0.,1708.42688921496);
#11769= IFCSTYLEDITEM(#11768,(#10205),$);
#11770= IFCSHAPEREPRESENTATION(#13,'Body','AdvancedSweptSolid',(#11768));
#11771= IFCREPRESENTATIONMAP(#10,#11770);
#11772= IFCMAPPEDITEM(#11771,#11707);
#11773= IFCSHAPEREPRESENTATION(#13,'Body','MappedRepresentation',(#11766,#11772));
#11774= IFCPRODUCTDEFINITIONSHAPE($,$,(#11773));
#11775= IFCCARTESIANPOINT((443297.671182328,393215.724865274,-890.105001863187));
#11776= IFCAXIS2PLACEMENT3D(#11775,#676,#8);
#11777= IFCLOCALPLACEMENT(#8769,#11776);
#11778= IFCREINFORCINGBAR('3ngNKJMhX0RvvdZw4JdfEe',#2593,'TRANSV SUP',$,$,#11777,#11774,'IDf1a97513-5ab8-406f-9e67-8fa1139e93a8',$,10.625,0.,$,.NOTDEFINED.,.NULL.);
#11779= IFCPROPERTYSINGLEVALUE('GUID',$,IFCLABEL('f1a97513-5ab8-406f-9e67-8fa1139e93a8'),$);
#11780= IFCPROPERTYSET('0nf0_b8wDArPeYP1KF8Jz2',#5,'Rebar_properties',$,(#127,#128,#2605,#69,#11409,#11754,#10416,#11755,#10960,#10419,#10420,#10784,#10422,#10423,#10424,#10425,#10426,#11779,#10428,#11757,#10430,#10431,#10787,#11608,#10788,#10435,#10789,#10437,#10438,#10439,#10440));
#11781= IFCTRIMMEDCURVE(#10937,(IFCPARAMETERVALUE(0.)),(IFCPARAMETERVALUE(948.528137469082)),.T.,.PARAMETER.);
#11782= IFCSWEPTDISKSOLID(#11781,5.3125,$,0.,948.528137469082);
#11783= IFCSTYLEDITEM(#11782,(#10205),$);
#11784= IFCCARTESIANPOINT((-50.8974764784798,-305.311180918194,75.3124999999791));
#11785= IFCCARTESIANTRANSFORMATIONOPERATOR3D($,$,#11784,$,$);
#11786= IFCSHAPEREPRESENTATION(#13,'Body','AdvancedSweptSolid',(#11782));
#11787= IFCREPRESENTATIONMAP(#10,#11786);
#11788= IFCMAPPEDITEM(#11787,#11785);
#11789= IFCTRIMMEDCURVE(#11128,(IFCPARAMETERVALUE(0.)),(IFCPARAMETERVALUE(948.528137468966)),.T.,.PARAMETER.);
#11790= IFCSWEPTDISKSOLID(#11789,5.3125,$,0.,948.528137468966);
#11791= IFCSTYLEDITEM(#11790,(#10205),$);
#11792= IFCCARTESIANPOINT((-49.1337560712127,294.686226822894,75.3125000000202));
#11793= IFCCARTESIANTRANSFORMATIONOPERATOR3D($,$,#11792,$,$);
#11794= IFCSHAPEREPRESENTATION(#13,'Body','AdvancedSweptSolid',(#11790));
#11795= IFCREPRESENTATIONMAP(#10,#11794);
#11796= IFCMAPPEDITEM(#11795,#11793);
#11797= IFCSHAPEREPRESENTATION(#13,'Body','MappedRepresentation',(#11788,#11796));
#11798= IFCPRODUCTDEFINITIONSHAPE($,$,(#11797));
#11799= IFCCARTESIANPOINT((443514.756813496,393299.047990304,-890.));
#11800= IFCDIRECTION((-0.707106781186548,-0.707106781186548,0.));
#11801= IFCAXIS2PLACEMENT3D(#11799,#676,#11800);
#11802= IFCLOCALPLACEMENT(#8769,#11801);
#11803= IFCREINFORCINGBAR('1OBthbEeH7cfXmqjjwEkgI',#2593,'REFUERZO',$,$,#11802,#11798,'ID582f7ae5-3a84-479a-9870-d2db7a3aea92',$,10.625,0.,$,.NOTDEFINED.,.NULL.);
#11804= IFCPROPERTYSINGLEVALUE('HISTORY.CREATED',$,IFCLABEL('15.04.2026 12:11:33'),$);
#11805= IFCPROPERTYSINGLEVALUE('WEIGHT_TOTAL_IN_GROUP',$,IFCMASSMEASURE(1.17045),$);
#11806= IFCPROPERTYSINGLEVALUE('REBAR_POS',$,IFCLABEL('32'),$);
#11807= IFCPROPERTYSINGLEVALUE('NAME',$,IFCLABEL('REFUERZO'),$);
#11808= IFCPROPERTYSINGLEVALUE('GUID',$,IFCLABEL('582f7ae5-3a84-479a-9870-d2db7a3aea92'),$);
#11809= IFCPROPERTYSINGLEVALUE('DIM_L',$,IFCLENGTHMEASURE(940.),$);
#11810= IFCPROPERTYSINGLEVALUE('DIM_A',$,IFCLENGTHMEASURE(948.),$);
#11811= IFCPROPERTYSINGLEVALUE('CONCRETE_COVER_ON_PLANE_MIN',$,IFCLENGTHMEASURE(70.),$);
#11812= IFCPROPERTYSINGLEVALUE('CC_TARGET',$,IFCLENGTHMEASURE(600.),$);
#11813= IFCPROPERTYSET('1QhjWBkeX93u9u3lRB1FgD',#5,'Rebar_properties',$,(#127,#128,#2605,#69,#11804,#11805,#10958,#11806,#10960,#10419,#10420,#11807,#10422,#10423,#10962,#10425,#10963,#11808,#10428,#11809,#10430,#10431,#10966,#10967,#11810,#10435,#11811,#11812,#10438,#10439,#10440));
#11814= IFCCARTESIANPOINT((-50.3496675713614,-305.311180527206,75.3124999999918));
#11815= IFCCARTESIANTRANSFORMATIONOPERATOR3D($,$,#11814,$,$);
#11816= IFCSHAPEREPRESENTATION(#13,'Body','AdvancedSweptSolid',(#11790));
#11817= IFCREPRESENTATIONMAP(#10,#11816);
#11818= IFCMAPPEDITEM(#11817,#11815);
#11819= IFCTRIMMEDCURVE(#11128,(IFCPARAMETERVALUE(0.)),(IFCPARAMETERVALUE(948.528137469024)),.T.,.PARAMETER.);
#11820= IFCSWEPTDISKSOLID(#11819,5.3125,$,0.,948.528137469024);
#11821= IFCSTYLEDITEM(#11820,(#10205),$);
#11822= IFCCARTESIANPOINT((-52.1133879785702,294.686227213824,75.3124999999507));
#11823= IFCCARTESIANTRANSFORMATIONOPERATOR3D($,$,#11822,$,$);
#11824= IFCSHAPEREPRESENTATION(#13,'Body','AdvancedSweptSolid',(#11820));
#11825= IFCREPRESENTATIONMAP(#10,#11824);
#11826= IFCMAPPEDITEM(#11825,#11823);
#11827= IFCSHAPEREPRESENTATION(#13,'Body','MappedRepresentation',(#11818,#11826));
#11828= IFCPRODUCTDEFINITIONSHAPE($,$,(#11827));
#11829= IFCCARTESIANPOINT((442914.763186504,393299.047990304,-890.));
#11830= IFCDIRECTION((0.707106781186548,-0.707106781186548,0.));
#11831= IFCAXIS2PLACEMENT3D(#11829,#676,#11830);
#11832= IFCLOCALPLACEMENT(#8769,#11831);
#11833= IFCREINFORCINGBAR('1H2ZDLu6b0KxUBH0UNjqG$',#2593,'REFUERZO',$,$,#11832,#11828,'ID510a3355-e069-4053-b78b-440797b7443f',$,10.625,0.,$,.NOTDEFINED.,.NULL.);
#11834= IFCPROPERTYSINGLEVALUE('GUID',$,IFCLABEL('510a3355-e069-4053-b78b-440797b7443f'),$);
#11835= IFCPROPERTYSET('0sfjWkg1n9HgqXzfCcN8g1',#5,'Rebar_properties',$,(#127,#128,#2605,#69,#11804,#11805,#10958,#11806,#10960,#10419,#10420,#11807,#10422,#10423,#10962,#10425,#10963,#11834,#10428,#11809,#10430,#10431,#10966,#10967,#11810,#10435,#11811,#11812,#10438,#10439,#10440));
#11836= IFCTRIMMEDCURVE(#11128,(IFCPARAMETERVALUE(0.)),(IFCPARAMETERVALUE(948.528137469199)),.T.,.PARAMETER.);
#11837= IFCSWEPTDISKSOLID(#11836,5.3125,$,0.,948.528137469199);
#11838= IFCSTYLEDITEM(#11837,(#10205),$);
#11839= IFCCARTESIANPOINT((-50.0000000003492,-305.312500002452,75.3125));
#11840= IFCCARTESIANTRANSFORMATIONOPERATOR3D($,$,#11839,$,$);
#11841= IFCSHAPEREPRESENTATION(#13,'Body','AdvancedSweptSolid',(#11837));
#11842= IFCREPRESENTATIONMAP(#10,#11841);
#11843= IFCMAPPEDITEM(#11842,#11840);
#11844= IFCCARTESIANPOINT((-50.0000000003492,294.687500002321,75.3125));
#11845= IFCCARTESIANTRANSFORMATIONOPERATOR3D($,$,#11844,$,$);
#11846= IFCSHAPEREPRESENTATION(#13,'Body','AdvancedSweptSolid',(#11837));
#11847= IFCREPRESENTATIONMAP(#10,#11846);
#11848= IFCMAPPEDITEM(#11847,#11845);
#11849= IFCSHAPEREPRESENTATION(#13,'Body','MappedRepresentation',(#11843,#11848));
#11850= IFCPRODUCTDEFINITIONSHAPE($,$,(#11849));
#11851= IFCCARTESIANPOINT((442914.756813539,392699.047990261,-1090.));
#11852= IFCDIRECTION((0.707106781186548,0.707106781186548,0.));
#11853= IFCAXIS2PLACEMENT3D(#11851,#9,#11852);
#11854= IFCLOCALPLACEMENT(#8769,#11853);
#11855= IFCREINFORCINGBAR('2KX6cEZpv8gvAERyGgb_3D',#2593,'REFUERZO',$,$,#11854,#11850,'ID9484698e-8f3e-48ab-928e-6fc42a97e0cd',$,10.625,0.,$,.NOTDEFINED.,.NULL.);
#11856= IFCPROPERTYSINGLEVALUE('HISTORY.CREATED',$,IFCLABEL('15.04.2026 12:24:30'),$);
#11857= IFCPROPERTYSINGLEVALUE('GUID',$,IFCLABEL('9484698e-8f3e-48ab-928e-6fc42a97e0cd'),$);
#11858= IFCPROPERTYSET('0kYBDGsg55guNdMhKFTS6s',#5,'Rebar_properties',$,(#127,#128,#2605,#69,#11856,#11805,#10958,#11806,#10960,#10419,#10420,#11807,#10422,#10423,#10962,#10425,#10963,#11857,#10428,#11809,#10430,#10431,#10966,#10967,#11810,#10435,#11811,#11812,#10438,#10439,#10440));
#11859= IFCTRIMMEDCURVE(#11128,(IFCPARAMETERVALUE(0.)),(IFCPARAMETERVALUE(948.52813746914)),.T.,.PARAMETER.);
#11860= IFCSWEPTDISKSOLID(#11859,5.3125,$,0.,948.52813746914);
#11861= IFCSTYLEDITEM(#11860,(#10205),$);
#11862= IFCSHAPEREPRESENTATION(#13,'Body','AdvancedSweptSolid',(#11860));
#11863= IFCREPRESENTATIONMAP(#10,#11862);
#11864= IFCMAPPEDITEM(#11863,#11840);
#11865= IFCSHAPEREPRESENTATION(#13,'Body','AdvancedSweptSolid',(#11782));
#11866= IFCREPRESENTATIONMAP(#10,#11865);
#11867= IFCMAPPEDITEM(#11866,#11845);
#11868= IFCSHAPEREPRESENTATION(#13,'Body','MappedRepresentation',(#11864,#11867));
#11869= IFCPRODUCTDEFINITIONSHAPE($,$,(#11868));
#11870= IFCCARTESIANPOINT((443514.763186461,392699.047990261,-1090.));
#11871= IFCDIRECTION((-0.707106781186548,0.707106781186548,0.));
#11872= IFCAXIS2PLACEMENT3D(#11870,#9,#11871);
#11873= IFCLOCALPLACEMENT(#8769,#11872);
#11874= IFCREINFORCINGBAR('0IGNxS9t17IATcUIGtjO4G',#2593,'REFUERZO',$,$,#11873,#11869,'ID12417edc-2770-4748-a766-792437b58110',$,10.625,0.,$,.NOTDEFINED.,.NULL.);
#11875= IFCPROPERTYSINGLEVALUE('GUID',$,IFCLABEL('12417edc-2770-4748-a766-792437b58110'),$);
#11876= IFCPROPERTYSET('1gPX8_QWX9v8b_WFM3xp8k',#5,'Rebar_properties',$,(#127,#128,#2605,#69,#11856,#11805,#10958,#11806,#10960,#10419,#10420,#11807,#10422,#10423,#10962,#10425,#10963,#11875,#10428,#11809,#10430,#10431,#10966,#10967,#11810,#10435,#11811,#11812,#10438,#10439,#10440));
#11877= IFCCARTESIANPOINT((-50.7504997778451,-255.311396939804,75.3124999999825));
#11878= IFCCARTESIANTRANSFORMATIONOPERATOR3D($,$,#11877,$,$);
#11879= IFCSHAPEREPRESENTATION(#13,'Body','AdvancedSweptSolid',(#11790));
#11880= IFCREPRESENTATIONMAP(#10,#11879);
#11881= IFCMAPPEDITEM(#11880,#11878);
#11882= IFCCARTESIANPOINT((-49.2807327719638,244.68644284433,75.3125000000168));
#11883= IFCCARTESIANTRANSFORMATIONOPERATOR3D($,$,#11882,$,$);
#11884= IFCSHAPEREPRESENTATION(#13,'Body','AdvancedSweptSolid',(#11790));
#11885= IFCREPRESENTATIONMAP(#10,#11884);
#11886= IFCMAPPEDITEM(#11885,#11883);
#11887= IFCSHAPEREPRESENTATION(#13,'Body','MappedRepresentation',(#11881,#11886));
#11888= IFCPRODUCTDEFINITIONSHAPE($,$,(#11887));
#11889= IFCCARTESIANPOINT((442456.120215297,393299.048005302,-890.));
#11890= IFCAXIS2PLACEMENT3D(#11889,#676,#11800);
#11891= IFCLOCALPLACEMENT(#8769,#11890);
#11892= IFCREINFORCINGBAR('3nwr85SBv1p8T06RUm$vB7',#2593,'REFUERZO',$,$,#11891,#11888,'IDf1eb5205-70be-41cc-8740-19b7b0ff92c7',$,10.625,0.,$,.NOTDEFINED.,.NULL.);
#11893= IFCPROPERTYSINGLEVALUE('GUID',$,IFCLABEL('f1eb5205-70be-41cc-8740-19b7b0ff92c7'),$);
#11894= IFCPROPERTYSINGLEVALUE('CC_TARGET',$,IFCLENGTHMEASURE(500.),$);
#11895= IFCPROPERTYSET('0q1vCdM$H1Z90ZLDoce$MB',#5,'Rebar_properties',$,(#127,#128,#2605,#69,#11856,#11805,#10958,#11806,#10960,#10419,#10420,#11807,#10422,#10423,#10962,#10425,#10963,#11893,#10428,#11809,#10430,#10431,#10966,#10967,#11810,#10435,#11811,#11894,#10438,#10439,#10440));
#11896= IFCCARTESIANPOINT((-50.0000000003492,-255.312500001986,75.3125));
#11897= IFCCARTESIANTRANSFORMATIONOPERATOR3D($,$,#11896,$,$);
#11898= IFCSHAPEREPRESENTATION(#13,'Body','AdvancedSweptSolid',(#11837));
#11899= IFCREPRESENTATIONMAP(#10,#11898);
#11900= IFCMAPPEDITEM(#11899,#11897);
#11901= IFCCARTESIANPOINT((-50.0000000003492,244.687500001972,75.3125));
#11902= IFCCARTESIANTRANSFORMATIONOPERATOR3D($,$,#11901,$,$);
#11903= IFCSHAPEREPRESENTATION(#13,'Body','AdvancedSweptSolid',(#11837));
#11904= IFCREPRESENTATIONMAP(#10,#11903);
#11905= IFCMAPPEDITEM(#11904,#11902);
#11906= IFCSHAPEREPRESENTATION(#13,'Body','MappedRepresentation',(#11900,#11905));
#11907= IFCPRODUCTDEFINITIONSHAPE($,$,(#11906));
#11908= IFCCARTESIANPOINT((441856.12021534,392699.048005259,-1090.));
#11909= IFCAXIS2PLACEMENT3D(#11908,#9,#11852);
#11910= IFCLOCALPLACEMENT(#8769,#11909);
#11911= IFCREINFORCINGBAR('0F5qm4oLn9mOpjgvoBB_HU',#2593,'REFUERZO',$,$,#11910,#11907,'ID0f174c04-c95c-49c1-8ced-ab9c8b2fe45e',$,10.625,0.,$,.NOTDEFINED.,.NULL.);
#11912= IFCPROPERTYSINGLEVALUE('GUID',$,IFCLABEL('0f174c04-c95c-49c1-8ced-ab9c8b2fe45e'),$);
#11913= IFCPROPERTYSET('23WURZxgDEkxvox0z0GqTh',#5,'Rebar_properties',$,(#127,#128,#2605,#69,#11856,#11805,#10958,#11806,#10960,#10419,#10420,#11807,#10422,#10423,#10962,#10425,#10963,#11912,#10428,#11809,#10430,#10431,#10966,#10967,#11810,#10435,#11811,#11894,#10438,#10439,#10440));
#11914= IFCCARTESIANPOINT((-50.0000000003565,-248.951568596181,75.3125));
#11915= IFCCARTESIANTRANSFORMATIONOPERATOR3D($,$,#11914,$,$);
#11916= IFCSHAPEREPRESENTATION(#13,'Body','AdvancedSweptSolid',(#11782));
#11917= IFCREPRESENTATIONMAP(#10,#11916);
#11918= IFCMAPPEDITEM(#11917,#11915);
#11919= IFCCARTESIANPOINT((-50.0000000003565,251.048431407777,75.3125));
#11920= IFCCARTESIANTRANSFORMATIONOPERATOR3D($,$,#11919,$,$);
#11921= IFCSHAPEREPRESENTATION(#13,'Body','AdvancedSweptSolid',(#11782));
#11922= IFCREPRESENTATIONMAP(#10,#11921);
#11923= IFCMAPPEDITEM(#11922,#11920);
#11924= IFCSHAPEREPRESENTATION(#13,'Body','MappedRepresentation',(#11918,#11923));
#11925= IFCPRODUCTDEFINITIONSHAPE($,$,(#11924));
#11926= IFCCARTESIANPOINT((442456.126588263,392699.048005259,-1090.));
#11927= IFCAXIS2PLACEMENT3D(#11926,#9,#11871);
#11928= IFCLOCALPLACEMENT(#8769,#11927);
#11929= IFCREINFORCINGBAR('14dBS0bVf1EBE0fT7IhmcW',#2593,'REFUERZO',$,$,#11928,#11925,'ID449cb700-95fa-4138-b380-a5d1d2af09a0',$,10.625,0.,$,.NOTDEFINED.,.NULL.);
#11930= IFCPROPERTYSINGLEVALUE('GUID',$,IFCLABEL('449cb700-95fa-4138-b380-a5d1d2af09a0'),$);
#11931= IFCPROPERTYSET('2VXxwuxRPCzBg$PjTbNM29',#5,'Rebar_properties',$,(#127,#128,#2605,#69,#11856,#11805,#10958,#11806,#10960,#10419,#10420,#11807,#10422,#10423,#10962,#10425,#10963,#11930,#10428,#11809,#10430,#10431,#10966,#10967,#11810,#10435,#11811,#11894,#10438,#10439,#10440));
#11932= IFCCARTESIANPOINT((-50.5153370568223,-248.952326022671,75.3124999999879));
#11933= IFCCARTESIANTRANSFORMATIONOPERATOR3D($,$,#11932,$,$);
#11934= IFCSHAPEREPRESENTATION(#13,'Body','AdvancedSweptSolid',(#11790));
#11935= IFCREPRESENTATIONMAP(#10,#11934);
#11936= IFCMAPPEDITEM(#11935,#11933);
#11937= IFCCARTESIANPOINT((-51.98510406282,251.045513761346,75.3124999999536));
#11938= IFCCARTESIANTRANSFORMATIONOPERATOR3D($,$,#11937,$,$);
#11939= IFCSHAPEREPRESENTATION(#13,'Body','AdvancedSweptSolid',(#11820));
#11940= IFCREPRESENTATIONMAP(#10,#11939);
#11941= IFCMAPPEDITEM(#11940,#11938);
#11942= IFCSHAPEREPRESENTATION(#13,'Body','MappedRepresentation',(#11936,#11941));
#11943= IFCPRODUCTDEFINITIONSHAPE($,$,(#11942));
#11944= IFCCARTESIANPOINT((441006.126676218,393299.047990404,-890.));
#11945= IFCAXIS2PLACEMENT3D(#11944,#676,#11830);
#11946= IFCLOCALPLACEMENT(#8769,#11945);
#11947= IFCREINFORCINGBAR('1phdXE_JH05OU$78q6tMJA',#2593,'REFUERZO',$,$,#11946,#11943,'ID73ae784e-f934-4015-87bf-1c8d06dd64ca',$,10.625,0.,$,.NOTDEFINED.,.NULL.);
#11948= IFCPROPERTYSINGLEVALUE('GUID',$,IFCLABEL('73ae784e-f934-4015-87bf-1c8d06dd64ca'),$);
#11949= IFCPROPERTYSET('0F0Popwtb4fxcVjOKJKIS9',#5,'Rebar_properties',$,(#127,#128,#2605,#69,#11856,#11805,#10958,#11806,#10960,#10419,#10420,#11807,#10422,#10423,#10962,#10425,#10963,#11948,#10428,#11809,#10430,#10431,#10966,#10967,#11810,#10435,#11811,#11894,#10438,#10439,#10440));
#11950= IFCSHAPEREPRESENTATION(#13,'Body','AdvancedSweptSolid',(#11860));
#11951= IFCREPRESENTATIONMAP(#10,#11950);
#11952= IFCMAPPEDITEM(#11951,#11915);
#11953= IFCSHAPEREPRESENTATION(#13,'Body','AdvancedSweptSolid',(#11860));
#11954= IFCREPRESENTATIONMAP(#10,#11953);
#11955= IFCMAPPEDITEM(#11954,#11920);
#11956= IFCSHAPEREPRESENTATION(#13,'Body','MappedRepresentation',(#11952,#11955));
#11957= IFCPRODUCTDEFINITIONSHAPE($,$,(#11956));
#11958= IFCCARTESIANPOINT((441606.126676175,392699.047990361,-1090.));
#11959= IFCAXIS2PLACEMENT3D(#11958,#9,#11871);
#11960= IFCLOCALPLACEMENT(#8769,#11959);
#11961= IFCREINFORCINGBAR('3g4sDPgf594uIoorfhep_d',#2593,'REFUERZO',$,$,#11960,#11957,'IDea136359-aa91-4913-84b2-cb5a6ba33fa7',$,10.625,0.,$,.NOTDEFINED.,.NULL.);
#11962= IFCPROPERTYSINGLEVALUE('GUID',$,IFCLABEL('ea136359-aa91-4913-84b2-cb5a6ba33fa7'),$);
#11963= IFCPROPERTYSET('3Q2iELCm94exknYU5B$uZS',#5,'Rebar_properties',$,(#127,#128,#2605,#69,#11856,#11805,#10958,#11806,#10960,#10419,#10420,#11807,#10422,#10423,#10962,#10425,#10963,#11962,#10428,#11809,#10430,#10431,#10966,#10967,#11810,#10435,#11811,#11894,#10438,#10439,#10440));
#11964= IFCSHAPEREPRESENTATION(#13,'Body','AdvancedSweptSolid',(#11860));
#11965= IFCREPRESENTATIONMAP(#10,#11964);
#11966= IFCMAPPEDITEM(#11965,#11915);
#11967= IFCSHAPEREPRESENTATION(#13,'Body','AdvancedSweptSolid',(#11860));
#11968= IFCREPRESENTATIONMAP(#10,#11967);
#11969= IFCMAPPEDITEM(#11968,#11920);
#11970= IFCSHAPEREPRESENTATION(#13,'Body','MappedRepresentation',(#11966,#11969));
#11971= IFCPRODUCTDEFINITIONSHAPE($,$,(#11970));
#11972= IFCCARTESIANPOINT((442455.618736977,392698.538659012,-1040.62500000006));
#11973= IFCAXIS2PLACEMENT3D(#11972,#9,#11871);
#11974= IFCLOCALPLACEMENT(#8769,#11973);
#11975= IFCREINFORCINGBAR('1Xv8cYyfT3T8eDaZw1rJ50',#2593,'REFUERZO',$,$,#11974,#11971,'ID61e489a2-f297-4374-8a0d-923e81d53140',$,10.625,0.,$,.NOTDEFINED.,.NULL.);
#11976= IFCPROPERTYSINGLEVALUE('HISTORY.CREATED',$,IFCLABEL('17.04.2026 10:36:23'),$);
#11977= IFCPROPERTYSINGLEVALUE('GUID',$,IFCLABEL('61e489a2-f297-4374-8a0d-923e81d53140'),$);
#11978= IFCPROPERTYSET('1YnkSLIprF1f4pD16i3ATW',#5,'Rebar_properties',$,(#127,#128,#2605,#69,#11976,#11805,#10958,#11806,#10960,#10419,#10420,#11807,#10422,#10423,#10962,#10425,#10963,#11977,#10428,#11809,#10430,#10431,#10966,#10967,#11810,#10435,#11811,#11894,#10438,#10439,#10440));
#11979= IFCSHAPEREPRESENTATION(#13,'Body','AdvancedSweptSolid',(#11782));
#11980= IFCREPRESENTATIONMAP(#10,#11979);
#11981= IFCMAPPEDITEM(#11980,#11933);
#11982= IFCSHAPEREPRESENTATION(#13,'Body','AdvancedSweptSolid',(#11790));
#11983= IFCREPRESENTATIONMAP(#10,#11982);
#11984= IFCMAPPEDITEM(#11983,#11938);
#11985= IFCSHAPEREPRESENTATION(#13,'Body','MappedRepresentation',(#11981,#11984));
#11986= IFCPRODUCTDEFINITIONSHAPE($,$,(#11985));
#11987= IFCCARTESIANPOINT((441006.122009596,392699.076676218,-890.));
#11988= IFCAXIS2PLACEMENT3D(#11987,#676,#11852);
#11989= IFCLOCALPLACEMENT(#8769,#11988);
#11990= IFCREINFORCINGBAR('1f3xT5psf9zPWpFTJy6ttZ',#2593,'REFUERZO',$,$,#11989,#11986,'ID690fb745-cf6a-49f5-9833-3dd4fc1b7de3',$,10.625,0.,$,.NOTDEFINED.,.NULL.);
#11991= IFCPROPERTYSINGLEVALUE('GUID',$,IFCLABEL('690fb745-cf6a-49f5-9833-3dd4fc1b7de3'),$);
#11992= IFCPROPERTYSET('321BBDtb1DaR9PBkAKSaWF',#5,'Rebar_properties',$,(#127,#128,#2605,#69,#11976,#11805,#10958,#11806,#10960,#10419,#10420,#11807,#10422,#10423,#10962,#10425,#10963,#11991,#10428,#11809,#10430,#10431,#10966,#10967,#11810,#10435,#11811,#11894,#10438,#10439,#10440));
#11993= IFCSHAPEREPRESENTATION(#13,'Body','AdvancedSweptSolid',(#11837));
#11994= IFCREPRESENTATIONMAP(#10,#11993);
#11995= IFCMAPPEDITEM(#11994,#11915);
#11996= IFCSHAPEREPRESENTATION(#13,'Body','AdvancedSweptSolid',(#11837));
#11997= IFCREPRESENTATIONMAP(#10,#11996);
#11998= IFCMAPPEDITEM(#11997,#11920);
#11999= IFCSHAPEREPRESENTATION(#13,'Body','MappedRepresentation',(#11995,#11998));
#12000= IFCPRODUCTDEFINITIONSHAPE($,$,(#11999));
#12001= IFCCARTESIANPOINT((441606.122009639,393299.076676175,-1090.));
#12002= IFCAXIS2PLACEMENT3D(#12001,#9,#11800);
#12003= IFCLOCALPLACEMENT(#8769,#12002);
#12004= IFCREINFORCINGBAR('0Ij1anD_f6MO8_AqF_8nMW',#2593,'REFUERZO',$,$,#12003,#12000,'ID12b41931-37ea-4659-823e-2b43fe2315a0',$,10.625,0.,$,.NOTDEFINED.,.NULL.);
#12005= IFCPROPERTYSINGLEVALUE('GUID',$,IFCLABEL('12b41931-37ea-4659-823e-2b43fe2315a0'),$);
#12006= IFCPROPERTYSET('3IdIx43DfCjRpRk8tgAJBZ',#5,'Rebar_properties',$,(#127,#128,#2605,#69,#11976,#11805,#10958,#11806,#10960,#10419,#10420,#11807,#10422,#10423,#10962,#10425,#10963,#12005,#10428,#11809,#10430,#10431,#10966,#10967,#11810,#10435,#11811,#11894,#10438,#10439,#10440));
#12007= IFCLINE(#10459,#11351);
#12008= IFCTRIMMEDCURVE(#12007,(IFCPARAMETERVALUE(0.)),(IFCPARAMETERVALUE(29.9999999999998)),.T.,.PARAMETER.);
#12009= IFCCOMPOSITECURVESEGMENT(.DISCONTINUOUS.,.T.,#12008);
#12010= IFCCOMPOSITECURVE((#10444,#10449,#10453,#10458,#12009),.F.);
#12011= IFCSWEPTDISKSOLID(#12010,5.3125,$,0.,8176.89159265371);
#12012= IFCSTYLEDITEM(#12011,(#10205),$);
#12013= IFCSHAPEREPRESENTATION(#13,'Body','AdvancedSweptSolid',(#12011));
#12014= IFCREPRESENTATIONMAP(#10,#12013);
#12015= IFCMAPPEDITEM(#12014,#10467);
#12016= IFCTRIMMEDCURVE(#10460,(IFCPARAMETERVALUE(0.)),(IFCPARAMETERVALUE(29.9999999999999)),.T.,.PARAMETER.);
#12017= IFCCOMPOSITECURVESEGMENT(.DISCONTINUOUS.,.T.,#12016);
#12018= IFCCOMPOSITECURVE((#10444,#10449,#10453,#10458,#12017),.F.);
#12019= IFCSWEPTDISKSOLID(#12018,5.3125,$,0.,8176.89159265371);
#12020= IFCSTYLEDITEM(#12019,(#10205),$);
#12021= IFCSHAPEREPRESENTATION(#13,'Body','AdvancedSweptSolid',(#12019));
#12022= IFCREPRESENTATIONMAP(#10,#12021);
#12023= IFCMAPPEDITEM(#12022,#10477);
#12024= IFCSHAPEREPRESENTATION(#13,'Body','AdvancedSweptSolid',(#12019));
#12025= IFCREPRESENTATIONMAP(#10,#12024);
#12026= IFCMAPPEDITEM(#12025,#10482);
#12027= IFCCOMPOSITECURVE((#10487,#10449,#10453,#10458,#12017),.F.);
#12028= IFCSWEPTDISKSOLID(#12027,5.3125,$,0.,8176.89159265371);
#12029= IFCSTYLEDITEM(#12028,(#10205),$);
#12030= IFCSHAPEREPRESENTATION(#13,'Body','AdvancedSweptSolid',(#12028));
#12031= IFCREPRESENTATIONMAP(#10,#12030);
#12032= IFCMAPPEDITEM(#12031,#10492);
#12033= IFCSHAPEREPRESENTATION(#13,'Body','MappedRepresentation',(#12015,#12023,#12026,#12032));
#12034= IFCPRODUCTDEFINITIONSHAPE($,$,(#12033));
#12035= IFCCARTESIANPOINT((438200.,393700.,-1099.99999999991));
#12036= IFCAXIS2PLACEMENT3D(#12035,#9,#7);
#12037= IFCLOCALPLACEMENT(#8769,#12036);
#12038= IFCREINFORCINGBAR('2hifgzME50dPVIM930JGMO',#2593,'LONG INF',$,$,#12037,#12034,'IDabb29abd-58e1-409d-97d2-5890c04d0598',$,10.625,0.,$,.NOTDEFINED.,.NULL.);
#12039= IFCPROPERTYSINGLEVALUE('WEIGHT_TOTAL_IN_GROUP',$,IFCMASSMEASURE(20.44615),$);
#12040= IFCPROPERTYSINGLEVALUE('REBAR_POS',$,IFCLABEL('119'),$);
#12041= IFCPROPERTYSINGLEVALUE('NUMBER_OF_BARS_IN_GROUP',$,IFCINTEGER(4),$);
#12042= IFCPROPERTYSINGLEVALUE('GUID',$,IFCLABEL('abb29abd-58e1-409d-97d2-5890c04d0598'),$);
#12043= IFCPROPERTYSINGLEVALUE('DIM_L',$,IFCLENGTHMEASURE(8330.),$);
#12044= IFCPROPERTYSINGLEVALUE('DIM_C',$,IFCLENGTHMEASURE(70.),$);
#12045= IFCPROPERTYSET('17g9s2Idz3vg2blmhy4cOK',#5,'Rebar_properties',$,(#127,#128,#2605,#69,#2693,#12039,#10416,#12040,#12041,#10419,#10420,#10556,#10422,#10423,#10424,#10425,#10426,#12042,#10428,#12043,#10430,#10431,#12044,#10560,#10561,#10435,#10562,#10437,#10438,#10439,#10440));
#12046= IFCPROPERTYSINGLEVALUE('NAME',$,IFCLABEL('ID Interconnecting OSBL Estabilizadora Temprana TTY'),$);
#12047= IFCPROPERTYSINGLEVALUE('MODEL',$,IFCLABEL('CIV-06-PL-1241-TANQUE SUMIDERO.db1'),$);
#12048= IFCPROPERTYSINGLEVALUE('LOCATION',$,IFCLABEL('NEUQU\S\IN'),$);
#12049= IFCPROPERTYSINGLEVALUE('DATE_START',$,IFCLABEL('fecha inicial'),$);
#12050= IFCPROPERTYSINGLEVALUE('DATE_END',$,IFCLABEL(''),$);
#12051= IFCPROPERTYSINGLEVALUE('DATE',$,$,$);
#12052= IFCPROPERTYSET('2Vatc_ZgHDtf5jK6XQ_8SP',#5,'PROYECTO',$,(#12046,#12047,#12048,#12049,#12050,#12051));
#12053= IFCRELAGGREGATES('1ZVX7mchz56ucm0MSh6Vfu',#5,$,$,#37,(#41));
#12054= IFCRELAGGREGATES('2pC4o7ZKrAABtkXgqGCile',#5,$,$,#41,(#44));
#12055= IFCRELAGGREGATES('3Maa2RUwLFyfBeq4U0G1UY',#5,$,$,#44,(#46));
#12056= IFCRELAGGREGATES('2EPyFe2o56lx2mKOvu$Rio',#5,$,$,#49,(#98));
#12057= IFCRELAGGREGATES('3N_gx9awP749nS97M4qy_m',#5,$,$,#118,(#6336,#6326,#6320,#686,#640));
#12058= IFCRELAGGREGATES('22VO3WSHn5wBr$dhR35AFU',#5,$,$,#698,(#6358,#6352,#6346,#1210,#1204));
#12059= IFCRELAGGREGATES('1apyXu7zrFmRYNbLVeX3e4',#5,$,$,#1212,(#6376,#6370,#6364,#1722,#1716));
#12060= IFCRELAGGREGATES('18dV90gkfCxecBL27wxn_2',#5,$,$,#1724,(#6394,#6388,#6382,#1868,#1862));
#12061= IFCRELAGGREGATES('1jA1svmcP9LeAVum0ZgmwG',#5,$,$,#1870,(#6231,#6225,#6219,#1992,#1985));
#12062= IFCRELAGGREGATES('1t8tgH$bfBhhiM0_UCuuJ3',#5,$,$,#1998,(#6249,#6243,#6237,#2026,#2019));
#12063= IFCRELAGGREGATES('3eHfewKq920OCYWyXHa2lU',#5,$,$,#2028,(#6267,#6261,#6255,#2045,#2039));
#12064= IFCRELAGGREGATES('3CjytC7WvDPhezJKAdJIDW',#5,$,$,#2047,(#6285,#6279,#6273,#2065,#2059));
#12065= IFCRELAGGREGATES('0IARvGkwz4qgyQwTqaHfVR',#5,$,$,#2067,(#5482,#5465,#5432,#2086,#2079));
#12066= IFCRELAGGREGATES('2HtTb4PHvF4wNph6vf0JhA',#5,$,$,#2088,(#5635,#5629,#5623,#2107,#2100));
#12067= IFCRELAGGREGATES('1JgSrKz$PC6w9LMfRq5_fI',#5,$,$,#2109,(#5653,#5647,#5641,#2126,#2120));
#12068= IFCRELAGGREGATES('32x0aJ9If8TA8zmlrXu27u',#5,$,$,#2128,(#5671,#5665,#5659,#2146,#2140));
#12069= IFCRELAGGREGATES('0DgyROzdvEQv2oCj3b7CKD',#5,$,$,#2148,(#2487,#2384,#2193));
#12070= IFCRELAGGREGATES('021kErNxTAKRBB_Jt2dHG3',#5,$,$,#2232,(#2510,#2394,#2241));
#12071= IFCRELAGGREGATES('1NQEW4EIvDrP9aW750EfIp',#5,$,$,#2245,(#2518,#2402,#2255));
#12072= IFCRELAGGREGATES('3a8P36gXPAE96cE6Vg1XcD',#5,$,$,#2259,(#2526,#2410,#2269));
#12073= IFCRELAGGREGATES('2BveJZw$f6BRmgRvnJeiIw',#5,$,$,#2273,(#2534,#2418,#2282));
#12074= IFCRELAGGREGATES('2Fx54bEgL2_QDevX1K5oU6',#5,$,$,#2286,(#2542,#2426,#2295));
#12075= IFCRELAGGREGATES('0rF5H$13HBYxDGzUYlccty',#5,$,$,#2299,(#2550,#2434,#2309));
#12076= IFCRELAGGREGATES('0nzKtzyTDDCBGrEJx9$Lsa',#5,$,$,#2313,(#2558,#2442,#2323));
#12077= IFCRELAGGREGATES('0GV6u3tBH0PwnuEZzyvUfe',#5,$,$,#2327,(#2566,#2450,#2337));
#12078= IFCRELAGGREGATES('3AihzXaND9oxx$yb5Wd_j_',#5,$,$,#2341,(#2574,#2458,#2351));
#12079= IFCRELAGGREGATES('0NNlYepdnE_fy9vFSngpCu',#5,$,$,#2355,(#2582,#2466,#2363));
#12080= IFCRELAGGREGATES('0JN96YL8f0hvXIR4b0NNmN',#5,$,$,#2367,(#2590,#2474,#2376));
#12081= IFCRELAGGREGATES('3erdrOcQz75xsfaAOjem4M',#5,$,$,#2595,(#2678));
#12082= IFCRELAGGREGATES('3kjCPpn4b6N9giXDN7BnB$',#5,$,$,#2688,(#2766));
#12083= IFCRELAGGREGATES('3WKeZ_zHr3FviJtfHizSHA',#5,$,$,#2777,(#2807));
#12084= IFCRELAGGREGATES('0WxEpMfxjEbvkAN4mTfWr2',#5,$,$,#2822,(#3079,#2846,#2834));
#12085= IFCRELAGGREGATES('21Pdrdzx5A6w1QYccBdajs',#5,$,$,#2852,(#3087,#2870,#2862));
#12086= IFCRELAGGREGATES('0lErdnAHj7N8S7_8gL8UV4',#5,$,$,#2874,(#3095,#2890,#2882));
#12087= IFCRELAGGREGATES('0QNci7ljHAHOhTFfvX1nMA',#5,$,$,#2894,(#3103,#2911,#2903));
#12088= IFCRELAGGREGATES('1nhzrNWQXFX8$8LFCzaOFP',#5,$,$,#2915,(#3111,#2931,#2923));
#12089= IFCRELAGGREGATES('0ASn86K6LCeh0OESVVC5JE',#5,$,$,#2935,(#3119,#2951,#2943));
#12090= IFCRELAGGREGATES('1QIBMV$IDBOwt84HgAQKUw',#5,$,$,#2955,(#3127,#2971,#2963));
#12091= IFCRELAGGREGATES('3MyFoDjmPAXAZHlc7bf7f7',#5,$,$,#2975,(#3135,#2991,#2983));
#12092= IFCRELAGGREGATES('2S5ElfnQXDpPNU9jOEhhN2',#5,$,$,#2995,(#3143,#3011,#3003));
#12093= IFCRELAGGREGATES('2MZj6v1HTByPgGPw9BVVu$',#5,$,$,#3015,(#3151,#3031,#3023));
#12094= IFCRELAGGREGATES('0owtZS3m16mR4Q50Fg$dAV',#5,$,$,#3035,(#3159,#3051,#3043));
#12095= IFCRELAGGREGATES('0Zsm0Ajjn4RAHSzKDgrABM',#5,$,$,#3055,(#3167,#3071,#3063));
#12096= IFCRELAGGREGATES('0CCAblXnXBLeWvz$l4XncV',#5,$,$,#3172,(#3237));
#12097= IFCRELAGGREGATES('1l4_QHAvrC3gnHYvUrOd8L',#5,$,$,#3249,(#3263));
#12098= IFCRELAGGREGATES('0QpVCnwWb2sgDGMOpc5_Tn',#5,$,$,#3269,(#3283));
#12099= IFCRELAGGREGATES('3F32o2J4n0ThybHET72jXK',#5,$,$,#3285,(#6486,#6312,#6306,#6301,#6296,#6291,#3446,#3439,#3433,#3416,#3398,#3347));
#12100= IFCRELAGGREGATES('2g3TvPTt11lufPzb0q2eUW',#5,$,$,#3451,(#6534,#6421,#6415,#6410,#6405,#6400,#3499,#3492,#3486,#3474,#3467,#3461));
#12101= IFCRELAGGREGATES('2LaT2_f7T7CwSELfx_iivo',#5,$,$,#3501,(#6512,#6186,#6175,#6019,#5863,#5704,#3549,#3542,#3536,#3523,#3516,#3510));
#12102= IFCRELAGGREGATES('3vd_k3YNH1aAHCo5dID5PZ',#5,$,$,#3556,(#6443,#4062,#4056,#4050,#4044,#4033,#4027,#4021,#4015,#3744,#3727,#3721,#3713,#3697,#3679,#3671,#3618));
#12103= IFCRELAGGREGATES('0yLxIgQ6z48uUn4XpfCAif',#5,$,$,#3752,(#6519,#3873,#3867,#3861,#3855,#3849,#3843,#3837,#3831,#3819,#3812,#3804,#3796,#3784,#3777,#3769,#3761));
#12104= IFCRELAGGREGATES('2n6DdBq$X8NxUfJCHF5BSY',#5,$,$,#3875,(#6499,#4003,#3997,#3991,#3985,#3973,#3967,#3961,#3955,#3943,#3936,#3928,#3920,#3908,#3901,#3893,#3885));
#12105= IFCRELAGGREGATES('2d$mRDcPj90QX6$PPDAWcd',#5,$,$,#4070,(#4922));
#12106= IFCRELAGGREGATES('0Q3TaEz9T2eeALE1yC37p3',#5,$,$,#6539,(#7385));
#12107= IFCRELAGGREGATES('2J7yXlofL4Kh3biqxWCbsl',#5,$,$,#7392,(#7411));
#12108= IFCRELAGGREGATES('0aJHoiHTXEWPN1hnIvoBPZ',#5,$,$,#7419,(#8756));
#12109= IFCRELAGGREGATES('2ZSTS8u35BBgyzi5URLixv',#5,$,$,#8770,(#12038,#12004,#11990,#11975,#11961,#11947,#11929,#11911,#11892,#11874,#11855,#11833,#11803,#11778,#11753,#11716,#11690,#11646,#11630,#11603,#11565,#11519,#11487,#11450,#11408,#11366,#11329,#11285,#11239,#11204,#11181,#11158,#11118,#11063,#10956,#10925,#10781,#10551,#10413,#10188));
#12110= IFCRELCONTAINEDINSPATIALSTRUCTURE('3SDGQDnt93fvxMQf4ZBVXe',#5,$,$,(#8770,#7419,#7392,#6539,#4070,#3875,#3752,#3556,#3501,#3451,#3285,#3269,#3249,#3172,#3055,#3035,#3015,#2995,#2975,#2955,#2935,#2915,#2894,#2874,#2852,#2822,#2777,#2688,#2595,#2367,#2355,#2341,#2327,#2313,#2299,#2286,#2273,#2259,#2245,#2232,#2148,#2128,#2109,#2088,#2067,#2047,#2028,#1998,#1870,#1724,#1212,#698,#118,#49),#46);
#12111= IFCRELCONNECTSWITHREALIZINGELEMENTS('34WmM$hhbEFxaOd3wis2gX',#5,$,$,$,#6534,#6421,(#6415,#6410,#6405),$);
#12112= IFCRELCONNECTSWITHREALIZINGELEMENTS('3UGtvjmD18nBUxCz9oLM7p',#5,$,$,$,#6534,#3499,(#3492),$);
#12113= IFCRELCONNECTSWITHREALIZINGELEMENTS('1I5NjaOi98dPs_3msmM9SL',#5,$,$,$,#6534,#3474,(#3467),$);
#12114= IFCRELCONNECTSWITHREALIZINGELEMENTS('3HinHe2Qz3B90$NIC7qodM',#5,$,$,$,#6519,#3873,(#3867,#3861,#3855),$);
#12115= IFCRELCONNECTSWITHREALIZINGELEMENTS('15N2PwC5v3reOtiQRx1Opn',#5,$,$,$,#6519,#3849,(#3843,#3837,#3831),$);
#12116= IFCRELCONNECTSWITHREALIZINGELEMENTS('0lYCiL$Lf28x47AOw99LyS',#5,$,$,$,#6519,#3819,(#3812,#3804,#3796),$);
#12117= IFCRELCONNECTSWITHREALIZINGELEMENTS('0xDSln2dL6_AinjW1Lyicd',#5,$,$,$,#6519,#3784,(#3777,#3769,#3761),$);
#12118= IFCRELCONNECTSWITHREALIZINGELEMENTS('1v8qdq5690HBKfZ4hVfYMK',#5,$,$,$,#6512,#6186,(#6175,#6019,#5863),$);
#12119= IFCRELCONNECTSWITHREALIZINGELEMENTS('0uoPAXWXT7oe$8NHYO7cJN',#5,$,$,$,#6512,#3549,(#3542),$);
#12120= IFCRELCONNECTSWITHREALIZINGELEMENTS('0TQeTghxD7Xv_e$1$p6VGk',#5,$,$,$,#6512,#3523,(#3516),$);
#12121= IFCRELCONNECTSWITHREALIZINGELEMENTS('2DViWt6_rChvl84fD_8saI',#5,$,$,$,#6499,#4003,(#3997,#3991,#3985),$);
#12122= IFCRELCONNECTSWITHREALIZINGELEMENTS('1SX67PCxzAVhmmzInU5mxw',#5,$,$,$,#6499,#3973,(#3967,#3961,#3955),$);
#12123= IFCRELCONNECTSWITHREALIZINGELEMENTS('0DE$yQH8rCThRaa7JNdoah',#5,$,$,$,#6499,#3943,(#3936,#3928,#3920),$);
#12124= IFCRELCONNECTSWITHREALIZINGELEMENTS('2X_5OELWL5HP5qlDZM6PlT',#5,$,$,$,#6499,#3908,(#3901,#3893,#3885),$);
#12125= IFCRELCONNECTSWITHREALIZINGELEMENTS('2JZaNxyPP5PuK1dgADy3dd',#5,$,$,$,#6486,#6312,(#6306,#6301,#6296),$);
#12126= IFCRELCONNECTSWITHREALIZINGELEMENTS('2FEj3BAvz48RP6Kh8hVJFv',#5,$,$,$,#6486,#3446,(#3439),$);
#12127= IFCRELCONNECTSWITHREALIZINGELEMENTS('210FlofjD2ohjlSP6w8uLX',#5,$,$,$,#6486,#3416,(#3398),$);
#12128= IFCRELCONNECTSWITHREALIZINGELEMENTS('1YTMTp4KX5LwjEcLlNvRuV',#5,$,$,$,#6443,#4062,(#4056,#4050,#4044),$);
#12129= IFCRELCONNECTSWITHREALIZINGELEMENTS('14ebvLeBT2wesThFBleO8n',#5,$,$,$,#6443,#4033,(#4027,#4021,#4015),$);
#12130= IFCRELCONNECTSWITHREALIZINGELEMENTS('1JwnF9SPz6rg_Z56wYMYsE',#5,$,$,$,#6443,#3744,(#3727,#3721,#3713),$);
#12131= IFCRELCONNECTSWITHREALIZINGELEMENTS('2DkhVnmKHAm9tAR4V8hPub',#5,$,$,$,#6443,#3697,(#3679,#3671,#3618),$);
#12132= IFCRELCONNECTSWITHREALIZINGELEMENTS('2mMwzclmLAcgGDos7Awowk',#5,$,$,$,#6421,#3499,(#3486),$);
#12133= IFCRELCONNECTSWITHREALIZINGELEMENTS('1zr48IPXj9MgSNkPAqS8rp',#5,$,$,$,#6421,#3474,(#3461),$);
#12134= IFCRELCONNECTSWITHREALIZINGELEMENTS('0qPRBhcwLCbP__e9TLMnzB',#5,$,$,$,#6394,#6388,(#6382),$);
#12135= IFCRELCONNECTSWITHREALIZINGELEMENTS('1SaNL$ar16L96ISRrhv4Sn',#5,$,$,$,#6394,#1868,(#1862),$);
#12136= IFCRELCONNECTSWITHREALIZINGELEMENTS('0aK_BvSff0T8$zd2uoAIzd',#5,$,$,$,#6376,#6370,(#6364),$);
#12137= IFCRELCONNECTSWITHREALIZINGELEMENTS('0u9Es9tOPBcv06VXcpOase',#5,$,$,$,#6376,#1722,(#1716),$);
#12138= IFCRELCONNECTSWITHREALIZINGELEMENTS('0RzE3kKRH4O9rdM2KMcFgZ',#5,$,$,$,#6358,#6352,(#6346),$);
#12139= IFCRELCONNECTSWITHREALIZINGELEMENTS('0Cce13iVH8MgBEbWwzfnDX',#5,$,$,$,#6358,#1210,(#1204),$);
#12140= IFCRELCONNECTSWITHREALIZINGELEMENTS('343GTvvUfD1RJW5OQgt9Ap',#5,$,$,$,#6336,#6326,(#6320),$);
#12141= IFCRELCONNECTSWITHREALIZINGELEMENTS('2nowekwiX7_BB$279Ak2PF',#5,$,$,$,#6336,#686,(#640),$);
#12142= IFCRELCONNECTSWITHREALIZINGELEMENTS('2uBMXsug95HQcEo86pCYBK',#5,$,$,$,#6312,#3446,(#3433),$);
#12143= IFCRELCONNECTSWITHREALIZINGELEMENTS('2xrUGAIwP8iRYzbDg$hFVu',#5,$,$,$,#6312,#3416,(#3347),$);
#12144= IFCRELCONNECTSWITHREALIZINGELEMENTS('363tfhYOb3$gpzxYWD$NsA',#5,$,$,$,#6285,#6279,(#6273),$);
#12145= IFCRELCONNECTSWITHREALIZINGELEMENTS('2$9VB6lv965OoVebaXPUkE',#5,$,$,$,#6285,#2065,(#2059),$);
#12146= IFCRELCONNECTSWITHREALIZINGELEMENTS('3GicIQz$H5DBb4_kvnGxOP',#5,$,$,$,#6267,#6261,(#6255),$);
#12147= IFCRELCONNECTSWITHREALIZINGELEMENTS('3thBfv_h1CgQ5K1b2dq5Nj',#5,$,$,$,#6267,#2045,(#2039),$);
#12148= IFCRELCONNECTSWITHREALIZINGELEMENTS('3Y4UfiLdj9WPiv2ObZeJm$',#5,$,$,$,#6249,#6243,(#6237),$);
#12149= IFCRELCONNECTSWITHREALIZINGELEMENTS('2bpRFaMuD72Bd0XDW4BGUN',#5,$,$,$,#6249,#2026,(#2019),$);
#12150= IFCRELCONNECTSWITHREALIZINGELEMENTS('1Hlo$V2EnEIBWVijF6A5iU',#5,$,$,$,#6231,#6225,(#6219),$);
#12151= IFCRELCONNECTSWITHREALIZINGELEMENTS('1fAkmJbHT9zPyDUFkZ00bT',#5,$,$,$,#6231,#1992,(#1985),$);
#12152= IFCRELCONNECTSWITHREALIZINGELEMENTS('0kkSFHwqLCIApH5ypUGnol',#5,$,$,$,#6186,#3549,(#3536),$);
#12153= IFCRELCONNECTSWITHREALIZINGELEMENTS('0rApFrv7P4E8UrfE1vBUZV',#5,$,$,$,#6186,#3523,(#3510),$);
#12154= IFCRELCONNECTSWITHREALIZINGELEMENTS('0xO0Evi1P9MwJCM91zeZyD',#5,$,$,$,#5671,#5665,(#5659),$);
#12155= IFCRELCONNECTSWITHREALIZINGELEMENTS('3e8puzd$P6px582R5$eXzQ',#5,$,$,$,#5671,#2146,(#2140),$);
#12156= IFCRELCONNECTSWITHREALIZINGELEMENTS('38aCPEdgvCYBJgZ8ymLO$O',#5,$,$,$,#5653,#5647,(#5641),$);
#12157= IFCRELCONNECTSWITHREALIZINGELEMENTS('2Wd$Hlx1H1Mhhifp_Y5JmF',#5,$,$,$,#5653,#2126,(#2120),$);
#12158= IFCRELCONNECTSWITHREALIZINGELEMENTS('0_NWRmUkj6rvqiLFgl8CxM',#5,$,$,$,#5635,#5629,(#5623),$);
#12159= IFCRELCONNECTSWITHREALIZINGELEMENTS('0WcbGEI4DEVfwUL$gknMiD',#5,$,$,$,#5635,#2107,(#2100),$);
#12160= IFCRELCONNECTSWITHREALIZINGELEMENTS('0yEQL54Lr34wz1pCEZGUHU',#5,$,$,$,#5482,#5465,(#5432),$);
#12161= IFCRELCONNECTSWITHREALIZINGELEMENTS('0BHk9WZgD5bAkpAdvgGwhI',#5,$,$,$,#5482,#2086,(#2079),$);
#12162= IFCRELDEFINESBYPROPERTIES('1Lh8Zkhff0_v2i1nixbxIw',#5,$,$,(#49),#76);
#12163= IFCRELDEFINESBYPROPERTIES('0kuHBH1RH2Qupk0Zg_DOI5',#5,$,$,(#49),#78);
#12164= IFCRELDEFINESBYPROPERTIES('1hHyB2U7r9jAu3g_E4Fzea',#5,$,$,(#98),#104);
#12165= IFCRELDEFINESBYPROPERTIES('1FUcv88pfDteYNu0e3oeTj',#5,$,$,(#98),#114);
#12166= IFCRELDEFINESBYPROPERTIES('3RhKBoaAf308rB9M6q5DtF',#5,$,$,(#118),#131);
#12167= IFCRELDEFINESBYPROPERTIES('0462ilP$z9TfQMHxsSC$99',#5,$,$,(#1724,#1212,#698,#118),#133);
#12168= IFCRELDEFINESBYPROPERTIES('2krufgOJfC5Qk9lsvPZJhh',#5,$,$,(#6394,#6388,#6376,#6370,#6358,#6352,#6336,#6326,#6285,#6279,#6267,#6261,#6249,#6243,#6231,#6225,#5671,#5665,#5653,#5647,#5635,#5629,#5482,#5465,#2146,#2126,#2107,#2086,#2065,#2045,#2026,#1992,#1868,#1722,#1210,#686),#690);
#12169= IFCRELDEFINESBYPROPERTIES('20zkgMG0v7gwqgQQkQ60in',#5,$,$,(#1868,#1722,#1210,#686),#695);
#12170= IFCRELDEFINESBYPROPERTIES('0bbqJfTVXAHQmX5M4BHJFq',#5,$,$,(#698),#701);
#12171= IFCRELDEFINESBYPROPERTIES('3ifH2wXqDFU9GSO8mn3I43',#5,$,$,(#1212),#1215);
#12172= IFCRELDEFINESBYPROPERTIES('0IbeImTDbCJf1mgtRPVwlz',#5,$,$,(#1724),#1726);
#12173= IFCRELDEFINESBYPROPERTIES('1YwLs8enj77OJXj7iUkrDT',#5,$,$,(#1870),#1874);
#12174= IFCRELDEFINESBYPROPERTIES('0BmlCHXYjFU9hs4J_8PjZI',#5,$,$,(#2128,#2109,#2088,#2067,#2047,#2028,#1998,#1870),#1876);
#12175= IFCRELDEFINESBYPROPERTIES('3oiAuUC419BuHSxnXV30Jj',#5,$,$,(#2146,#2126,#2107,#2086,#2065,#2045,#2026,#1992),#1996);
#12176= IFCRELDEFINESBYPROPERTIES('0YVdaGoqj5PhVW6yXwb7_P',#5,$,$,(#1998),#2002);
#12177= IFCRELDEFINESBYPROPERTIES('26BnAPSgLCYPLgCXYYd6GF',#5,$,$,(#2028),#2032);
#12178= IFCRELDEFINESBYPROPERTIES('0uipU0XAXBM9_hHCFam1m2',#5,$,$,(#2047),#2051);
#12179= IFCRELDEFINESBYPROPERTIES('3Eks6uk9L8K9jLLQxge8BJ',#5,$,$,(#2067),#2071);
#12180= IFCRELDEFINESBYPROPERTIES('2WoGbbAKb3GxTNoj_d9mac',#5,$,$,(#2088),#2092);
#12181= IFCRELDEFINESBYPROPERTIES('3$IxccbYHDk9OJ8Ut39Q$x',#5,$,$,(#2109),#2113);
#12182= IFCRELDEFINESBYPROPERTIES('0KiyYlzlLEXQLc4fzW3FK4',#5,$,$,(#2128),#2132);
#12183= IFCRELDEFINESBYPROPERTIES('3pdvq_i196MwjLINjBK2$I',#5,$,$,(#2148),#2158);
#12184= IFCRELDEFINESBYPROPERTIES('2aQhWGak5BY8ARj6cY$L94',#5,$,$,(#3055,#2975,#2935,#2915,#2894,#2822,#2367,#2355,#2341,#2327,#2313,#2299,#2286,#2273,#2259,#2245,#2232,#2148),#2160);
#12185= IFCRELDEFINESBYPROPERTIES('2u2NvvYivC_BWnUqrdykRD',#5,$,$,(#2193),#2224);
#12186= IFCRELDEFINESBYPROPERTIES('0QcrlMC2D8594gX8Dql_5s',#5,$,$,(#3167,#3159,#3151,#3143,#3135,#3127,#3119,#3111,#3103,#3095,#3087,#3079,#3071,#3063,#3051,#3043,#3031,#3023,#3011,#3003,#2991,#2983,#2971,#2963,#2951,#2943,#2931,#2923,#2911,#2903,#2890,#2882,#2870,#2862,#2846,#2834,#2590,#2582,#2574,#2566,#2558,#2550,#2542,#2534,#2526,#2518,#2510,#2487,#2474,#2466,#2458,#2450,#2442,#2434,#2426,#2418,#2410,#2402,#2394,#2384,#2376,#2363,#2351,#2337,#2323,#2309,#2295,#2282,#2269,#2255,#2241,#2193),#2225);
#12187= IFCRELDEFINESBYPROPERTIES('3BB6mOHXDFywht91jplKvy',#5,$,$,(#3071,#3063,#3051,#3043,#3031,#3023,#3011,#3003,#2991,#2983,#2971,#2963,#2951,#2943,#2931,#2923,#2911,#2903,#2890,#2882,#2870,#2862,#2846,#2834,#2474,#2466,#2458,#2450,#2442,#2434,#2426,#2418,#2410,#2402,#2394,#2384,#2376,#2363,#2351,#2337,#2323,#2309,#2295,#2282,#2269,#2255,#2241,#2193),#2230);
#12188= IFCRELDEFINESBYPROPERTIES('07$jUTmUH4sPi$WO6spQqL',#5,$,$,(#2232),#2235);
#12189= IFCRELDEFINESBYPROPERTIES('1ADN1ZNzjEReb7lrkga9Wq',#5,$,$,(#2241),#2243);
#12190= IFCRELDEFINESBYPROPERTIES('2LlPcA$IjDfQXorESbq4ZQ',#5,$,$,(#2245),#2249);
#12191= IFCRELDEFINESBYPROPERTIES('0D$en9Rnn2IQxHUxyUWj2W',#5,$,$,(#2255),#2257);
#12192= IFCRELDEFINESBYPROPERTIES('143hNP4wrDFRdIr96pcVWN',#5,$,$,(#2259),#2263);
#12193= IFCRELDEFINESBYPROPERTIES('20eCCevrnFtgVywI6X6wd0',#5,$,$,(#2269),#2271);
#12194= IFCRELDEFINESBYPROPERTIES('1cYi7uLuP3_v5kNCwLtUUZ',#5,$,$,(#2273),#2276);
#12195= IFCRELDEFINESBYPROPERTIES('3$Rw9CBE9B3f2uDnlvhjgX',#5,$,$,(#2282),#2284);
#12196= IFCRELDEFINESBYPROPERTIES('2f_TCtL$r7IwUlMLmZx2hk',#5,$,$,(#2286),#2289);
#12197= IFCRELDEFINESBYPROPERTIES('0m$UlqBR5E1u8H6UslSy0o',#5,$,$,(#2295),#2297);
#12198= IFCRELDEFINESBYPROPERTIES('3ZajHq2iL42PQmoJUOfzdJ',#5,$,$,(#2299),#2303);
#12199= IFCRELDEFINESBYPROPERTIES('0_gjVEcP98nRjEt90N$3BQ',#5,$,$,(#2309),#2311);
#12200= IFCRELDEFINESBYPROPERTIES('289yD0CTbFOearG4N5USOq',#5,$,$,(#2313),#2317);
#12201= IFCRELDEFINESBYPROPERTIES('0gbwwD5t10COkRU8FfAC_z',#5,$,$,(#2323),#2325);
#12202= IFCRELDEFINESBYPROPERTIES('3NzufMSrfACwr$3Sb5U53c',#5,$,$,(#2327),#2331);
#12203= IFCRELDEFINESBYPROPERTIES('2mH6lYgUL0zQ3hMSvCvhxd',#5,$,$,(#2337),#2339);
#12204= IFCRELDEFINESBYPROPERTIES('0AZvYeKwTCrwMr0Jh62hWx',#5,$,$,(#2341),#2345);
#12205= IFCRELDEFINESBYPROPERTIES('0scJFsCSj3PwALldwp8ELW',#5,$,$,(#2351),#2353);
#12206= IFCRELDEFINESBYPROPERTIES('1BGmGqI1P22wDIXO28_ltf',#5,$,$,(#2355),#2357);
#12207= IFCRELDEFINESBYPROPERTIES('31fuRX9uH3tu_901UvokBz',#5,$,$,(#2363),#2365);
#12208= IFCRELDEFINESBYPROPERTIES('0aUgfdn9r2mwwameBAOh5I',#5,$,$,(#2367),#2370);
#12209= IFCRELDEFINESBYPROPERTIES('04aUNU$d9BDug_kxfqy4eW',#5,$,$,(#2376),#2378);
#12210= IFCRELDEFINESBYPROPERTIES('0S3MeiS$16tuaBAylodRBV',#5,$,$,(#2384),#2388);
#12211= IFCRELDEFINESBYPROPERTIES('0bjonS$I113xsCp0iOi12D',#5,$,$,(#2394),#2396);
#12212= IFCRELDEFINESBYPROPERTIES('0gObXUunz3lvoG1Mp9p43c',#5,$,$,(#2402),#2404);
#12213= IFCRELDEFINESBYPROPERTIES('0$xtAaK1X7ExvNoTBHWWUr',#5,$,$,(#2410),#2412);
#12214= IFCRELDEFINESBYPROPERTIES('3oSfWf$t997g$UnZdtiCoZ',#5,$,$,(#2418),#2420);
#12215= IFCRELDEFINESBYPROPERTIES('2XuHX8hp960h8nDb3M$bHA',#5,$,$,(#2426),#2428);
#12216= IFCRELDEFINESBYPROPERTIES('3Gcb$tfUzAKhL7frQZCEXP',#5,$,$,(#2434),#2436);
#12217= IFCRELDEFINESBYPROPERTIES('3H5Z1qk393yf7FmeO2EM$A',#5,$,$,(#2442),#2444);
#12218= IFCRELDEFINESBYPROPERTIES('0AJuMCeWrDoOJWQdmJs$KO',#5,$,$,(#2450),#2452);
#12219= IFCRELDEFINESBYPROPERTIES('0xKQCGOILFLReKgUh7AwDm',#5,$,$,(#2458),#2460);
#12220= IFCRELDEFINESBYPROPERTIES('00qsQZihL6wP1R_jl3Lr$5',#5,$,$,(#2466),#2468);
#12221= IFCRELDEFINESBYPROPERTIES('1LR_fSba97HwFD78q4MJ6H',#5,$,$,(#2474),#2476);
#12222= IFCRELDEFINESBYPROPERTIES('2XRVvPjyf41BGtkf$YT1Fv',#5,$,$,(#2487),#2499);
#12223= IFCRELDEFINESBYPROPERTIES('1rztmwjxf6xAnX9JmRJhjy',#5,$,$,(#3167,#3159,#3151,#3143,#3135,#3127,#3119,#3111,#3103,#3095,#3087,#3079,#2590,#2582,#2574,#2566,#2558,#2550,#2542,#2534,#2526,#2518,#2510,#2487),#2504);
#12224= IFCRELDEFINESBYPROPERTIES('0$OvO9jon4ygprJ_l5diux',#5,$,$,(#2510),#2512);
#12225= IFCRELDEFINESBYPROPERTIES('0TJagNRlL1h9cZoLfSzbs2',#5,$,$,(#2518),#2520);
#12226= IFCRELDEFINESBYPROPERTIES('3rGYYZp2D0UxYM6V8usPnk',#5,$,$,(#2526),#2528);
#12227= IFCRELDEFINESBYPROPERTIES('0PURy4Orr5Ce7wLJnsJbJF',#5,$,$,(#2534),#2536);
#12228= IFCRELDEFINESBYPROPERTIES('2kNyNbWMD7YhaKFQU_R0dP',#5,$,$,(#2542),#2544);
#12229= IFCRELDEFINESBYPROPERTIES('1NcbDJ68HFsgr$eqlE4WV0',#5,$,$,(#2550),#2552);
#12230= IFCRELDEFINESBYPROPERTIES('3fRJBafZjD6uDg8pS7HLUT',#5,$,$,(#2558),#2560);
#12231= IFCRELDEFINESBYPROPERTIES('1tbSmDO9fAv9OeHLOJMT$H',#5,$,$,(#2566),#2568);
#12232= IFCRELDEFINESBYPROPERTIES('05bZS1Bi10ee27hEFz$TOd',#5,$,$,(#2574),#2576);
#12233= IFCRELDEFINESBYPROPERTIES('2voFMOG39DN9FkIqgNa7RP',#5,$,$,(#2582),#2584);
#12234= IFCRELDEFINESBYPROPERTIES('0KJ$x9KMX80AfPcrCZgTa_',#5,$,$,(#2590),#2592);
#12235= IFCRELDEFINESBYPROPERTIES('1XwFN2VX52zebz0dqBJgaI',#5,$,$,(#2595),#2607);
#12236= IFCRELDEFINESBYPROPERTIES('1RfnyMeA9BhOZrj2NXVB9z',#5,$,$,(#8770,#2595),#2609);
#12237= IFCRELDEFINESBYPROPERTIES('0gShGnVr10$ubmmzGSY$OZ',#5,$,$,(#2678),#2681);
#12238= IFCRELDEFINESBYPROPERTIES('00QHmBJpH7SeH4H5v0Nstm',#5,$,$,(#2678),#2686);
#12239= IFCRELDEFINESBYPROPERTIES('3$qTgZdCzFKPgHTxuKXOTk',#5,$,$,(#2688),#2696);
#12240= IFCRELDEFINESBYPROPERTIES('1O8ngQv2H2jOUU1_NIRd2J',#5,$,$,(#2688),#2698);
#12241= IFCRELDEFINESBYPROPERTIES('2MQ2FlujfAawdUsi5YDw91',#5,$,$,(#2766),#2769);
#12242= IFCRELDEFINESBYPROPERTIES('0n9n5lFMb7_wiujjvpnRev',#5,$,$,(#2766),#2774);
#12243= IFCRELDEFINESBYPROPERTIES('2UwZH1ll51uxSHeJqEP8Vz',#5,$,$,(#2777),#2786);
#12244= IFCRELDEFINESBYPROPERTIES('3kmmoy0DfEBRqy8OgCbGTC',#5,$,$,(#2777),#2788);
#12245= IFCRELDEFINESBYPROPERTIES('0w6isCJ_b8SeorVhftyzSZ',#5,$,$,(#2807),#2810);
#12246= IFCRELDEFINESBYPROPERTIES('2G21oqHTbCSgyuPy6yONna',#5,$,$,(#2807),#2820);
#12247= IFCRELDEFINESBYPROPERTIES('19sGyRTlX5lxj2W3XBin_j',#5,$,$,(#2822),#2828);
#12248= IFCRELDEFINESBYPROPERTIES('3FMm45pIzBFulS5mkLZbuQ',#5,$,$,(#2834),#2840);
#12249= IFCRELDEFINESBYPROPERTIES('0sRCdM_Jb2Z9rzKqEISEyQ',#5,$,$,(#2846),#2850);
#12250= IFCRELDEFINESBYPROPERTIES('0DAb5AMf5DNwIBaDrmrB7c',#5,$,$,(#2852),#2854);
#12251= IFCRELDEFINESBYPROPERTIES('35S3G3qejAavmMdWQPc9Zn',#5,$,$,(#3035,#3015,#2995,#2955,#2874,#2852),#2856);
#12252= IFCRELDEFINESBYPROPERTIES('28wtkxD5X7$PH1irabxU_m',#5,$,$,(#2862),#2864);
#12253= IFCRELDEFINESBYPROPERTIES('3jQSQO7CvFp8fV2UyEtC7x',#5,$,$,(#2870),#2872);
#12254= IFCRELDEFINESBYPROPERTIES('1OMJGQsf584xk2t0cSU9WQ',#5,$,$,(#2874),#2876);
#12255= IFCRELDEFINESBYPROPERTIES('1$CHTVfu941AChofAz0OKZ',#5,$,$,(#2882),#2884);
#12256= IFCRELDEFINESBYPROPERTIES('22HB2UlN9B2BVRUy_KCZp6',#5,$,$,(#2890),#2892);
#12257= IFCRELDEFINESBYPROPERTIES('3cUIkD1lLDAPCNVk5gCltV',#5,$,$,(#2894),#2897);
#12258= IFCRELDEFINESBYPROPERTIES('1DIjcDFH1AF9OtNilMSsaB',#5,$,$,(#2903),#2905);
#12259= IFCRELDEFINESBYPROPERTIES('3OXacq$fzEVeCaaqunyRiD',#5,$,$,(#2911),#2913);
#12260= IFCRELDEFINESBYPROPERTIES('0JJqW21$59vhEIW7E60jGM',#5,$,$,(#2915),#2917);
#12261= IFCRELDEFINESBYPROPERTIES('1BqCx4T6HDgfLB0sCvAiAa',#5,$,$,(#2923),#2925);
#12262= IFCRELDEFINESBYPROPERTIES('0qRTGTadv4bvRrETFkKI0T',#5,$,$,(#2931),#2933);
#12263= IFCRELDEFINESBYPROPERTIES('2xzplpNg58URZfqg4mEMlj',#5,$,$,(#2935),#2937);
#12264= IFCRELDEFINESBYPROPERTIES('1FseM4og91jOkPi_FcqxZ9',#5,$,$,(#2943),#2945);
#12265= IFCRELDEFINESBYPROPERTIES('0sI5CJXqL8cgq2$g5Y_Nhd',#5,$,$,(#2951),#2953);
#12266= IFCRELDEFINESBYPROPERTIES('1O9cKxa39FUgtBunLFV0AZ',#5,$,$,(#2955),#2957);
#12267= IFCRELDEFINESBYPROPERTIES('3VM1LEG7P1vOV3_pc8dXNn',#5,$,$,(#2963),#2965);
#12268= IFCRELDEFINESBYPROPERTIES('3yJkj$OzH0Fx7mfXzhYoPR',#5,$,$,(#2971),#2973);
#12269= IFCRELDEFINESBYPROPERTIES('2qN$8B$Z17dQw1$ZX89MTW',#5,$,$,(#2975),#2977);
#12270= IFCRELDEFINESBYPROPERTIES('1hpXfndW159OKtsHqwabLW',#5,$,$,(#2983),#2985);
#12271= IFCRELDEFINESBYPROPERTIES('3caopgDiLFMPSlMjqM7lbV',#5,$,$,(#2991),#2993);
#12272= IFCRELDEFINESBYPROPERTIES('05g6SYI3D76uoBwbnWgOIy',#5,$,$,(#2995),#2997);
#12273= IFCRELDEFINESBYPROPERTIES('1AG$NvMxb3yPf_3XijsjQ8',#5,$,$,(#3003),#3005);
#12274= IFCRELDEFINESBYPROPERTIES('1wR7aGUW1FH8ZkrVCcmIoD',#5,$,$,(#3011),#3013);
#12275= IFCRELDEFINESBYPROPERTIES('2FpXWuR8PCCR$K2Ocnd95k',#5,$,$,(#3015),#3017);
#12276= IFCRELDEFINESBYPROPERTIES('399rQj5dL4feGWDDCiOI2A',#5,$,$,(#3023),#3025);
#12277= IFCRELDEFINESBYPROPERTIES('2l95ZlCUv4MuHEOD$B6eyd',#5,$,$,(#3031),#3033);
#12278= IFCRELDEFINESBYPROPERTIES('2aPaOZazj6oRDr0ujLm8Uz',#5,$,$,(#3035),#3037);
#12279= IFCRELDEFINESBYPROPERTIES('0BxFZvzzH3L95juCFNGXG$',#5,$,$,(#3043),#3045);
#12280= IFCRELDEFINESBYPROPERTIES('1UWLwYW8r3hvTgXnHQJ7Fx',#5,$,$,(#3051),#3053);
#12281= IFCRELDEFINESBYPROPERTIES('1LIEN4dL13PRhUDsIJoZxC',#5,$,$,(#3055),#3057);
#12282= IFCRELDEFINESBYPROPERTIES('0YtQD2AJj29hL4TFq1vXfX',#5,$,$,(#3063),#3065);
#12283= IFCRELDEFINESBYPROPERTIES('2ZnGv9jmjF6gPeEIvkmPVa',#5,$,$,(#3071),#3073);
#12284= IFCRELDEFINESBYPROPERTIES('3HtAjp25X4dPeqn_gYMBVi',#5,$,$,(#3079),#3081);
#12285= IFCRELDEFINESBYPROPERTIES('3QOAN6NJT0Kv3SX8fBulzO',#5,$,$,(#3087),#3089);
#12286= IFCRELDEFINESBYPROPERTIES('3TVElAa4XB5gw$gZn2L1z3',#5,$,$,(#3095),#3097);
#12287= IFCRELDEFINESBYPROPERTIES('1H7MPeF5b7MOLkP5A94cus',#5,$,$,(#3103),#3105);
#12288= IFCRELDEFINESBYPROPERTIES('0EXRu5pF1DsuBL9I59Izk2',#5,$,$,(#3111),#3113);
#12289= IFCRELDEFINESBYPROPERTIES('3h_dxIhpPBtAE0zSj0zJoU',#5,$,$,(#3119),#3121);
#12290= IFCRELDEFINESBYPROPERTIES('2NzpAQ6c52TuiakT7d3c8s',#5,$,$,(#3127),#3129);
#12291= IFCRELDEFINESBYPROPERTIES('1ctBwTYXj6Zgv8GTOx6evN',#5,$,$,(#3135),#3137);
#12292= IFCRELDEFINESBYPROPERTIES('2Y7zlfZNL3GvuyO4scweUa',#5,$,$,(#3143),#3145);
#12293= IFCRELDEFINESBYPROPERTIES('0I037gWgD4APTPIRR_uAGj',#5,$,$,(#3151),#3153);
#12294= IFCRELDEFINESBYPROPERTIES('3RQonS7Y5Bvec5K4ndlrK7',#5,$,$,(#3159),#3161);
#12295= IFCRELDEFINESBYPROPERTIES('0lMuabX457JfEkTwpZ8NhM',#5,$,$,(#3167),#3169);
#12296= IFCRELDEFINESBYPROPERTIES('3kOUjY1MXEdOKfVgmogYO7',#5,$,$,(#3172),#3182);
#12297= IFCRELDEFINESBYPROPERTIES('3G3hgaMrrCtxIYySdXn0b0',#5,$,$,(#3269,#3249,#3172),#3184);
#12298= IFCRELDEFINESBYPROPERTIES('2MW$2gL2r2WhCn67hcIg8x',#5,$,$,(#3283,#3263,#3237),#3239);
#12299= IFCRELDEFINESBYPROPERTIES('1YoMJVCrj9RQEr1dVOk3rF',#5,$,$,(#3237),#3246);
#12300= IFCRELDEFINESBYPROPERTIES('2P3lZ3IU14zhSQy9yJo$tx',#5,$,$,(#3249),#3253);
#12301= IFCRELDEFINESBYPROPERTIES('0rswcsN4H1pRfjd1kfaJBS',#5,$,$,(#3283,#3263),#3267);
#12302= IFCRELDEFINESBYPROPERTIES('1oS2DYc7X7f9uTQ0NLZ2ho',#5,$,$,(#3269),#3273);
#12303= IFCRELDEFINESBYPROPERTIES('3t$Z5Igsf4dhrw6Fm8N92B',#5,$,$,(#3285),#3293);
#12304= IFCRELDEFINESBYPROPERTIES('3E9gGzzVz7dgVRa4Hy9UgF',#5,$,$,(#3501,#3285),#3295);
#12305= IFCRELDEFINESBYPROPERTIES('3jcqonR6f4IOt_ZJDUOD9V',#5,$,$,(#4062,#4033,#4003,#3973,#3943,#3908,#3873,#3849,#3819,#3784,#3744,#3697,#3549,#3523,#3499,#3474,#3446,#3416),#3419);
#12306= IFCRELDEFINESBYPROPERTIES('0QHmwdU5PElxuOme87UEP7',#5,$,$,(#3416),#3426);
#12307= IFCRELDEFINESBYPROPERTIES('30LH_9a0z6b99dWHPiPxUv',#5,$,$,(#3446),#3449);
#12308= IFCRELDEFINESBYPROPERTIES('33mNsDlaz6d8L3vdBJ8xIh',#5,$,$,(#3451),#3453);
#12309= IFCRELDEFINESBYPROPERTIES('2cX1kHoGLFZwbxmoyrB2YO',#5,$,$,(#3451),#3455);
#12310= IFCRELDEFINESBYPROPERTIES('2r8IUw6An2cBujgkbO$I0l',#5,$,$,(#3499,#3474),#3480);
#12311= IFCRELDEFINESBYPROPERTIES('1HsQKOhlz5gw3u_Q3RDLEW',#5,$,$,(#3501),#3503);
#12312= IFCRELDEFINESBYPROPERTIES('34ykSgVxr65wvy73i1M2uP',#5,$,$,(#3523),#3529);
#12313= IFCRELDEFINESBYPROPERTIES('0CCNf09Iz0xu09YYR1jyen',#5,$,$,(#3549),#3554);
#12314= IFCRELDEFINESBYPROPERTIES('2fPHkV9fz45A3C8GSwrn17',#5,$,$,(#3556),#3565);
#12315= IFCRELDEFINESBYPROPERTIES('3$e_jmbGrAE9ZqLVfalCsz',#5,$,$,(#3875,#3752,#3556),#3567);
#12316= IFCRELDEFINESBYPROPERTIES('0$7ELVqmv3Zw6GHL7MMgnT',#5,$,$,(#3697),#3705);
#12317= IFCRELDEFINESBYPROPERTIES('1aYjy$vjjA3QGAXSXLBFqM',#5,$,$,(#3744),#3750);
#12318= IFCRELDEFINESBYPROPERTIES('3dD9T81TnCbON6889CJJNZ',#5,$,$,(#3752),#3755);
#12319= IFCRELDEFINESBYPROPERTIES('35$ChoaTL6KQ7LTURv5dAY',#5,$,$,(#3849,#3784),#3790);
#12320= IFCRELDEFINESBYPROPERTIES('1tgckHVrb6IPSYwoV77Iya',#5,$,$,(#3873,#3819),#3825);
#12321= IFCRELDEFINESBYPROPERTIES('3DApdEvt18qfGRlkdToGKp',#5,$,$,(#3875),#3879);
#12322= IFCRELDEFINESBYPROPERTIES('1u5RKr26T1LQqpCy$C9mj1',#5,$,$,(#3908),#3914);
#12323= IFCRELDEFINESBYPROPERTIES('2U$Q3nn4v2C9Hau4GTFkt2',#5,$,$,(#3943),#3949);
#12324= IFCRELDEFINESBYPROPERTIES('1XactLgNnCAflZCCWrp_h0',#5,$,$,(#3973),#3979);
#12325= IFCRELDEFINESBYPROPERTIES('32kBAhNFX41Rv8lBB6gEuV',#5,$,$,(#4003),#4009);
#12326= IFCRELDEFINESBYPROPERTIES('1u7fASb9v3exHvIZpX1qT3',#5,$,$,(#4033),#4038);
#12327= IFCRELDEFINESBYPROPERTIES('3z$Jm_Kw10TvCKUtZXR9tp',#5,$,$,(#4062),#4068);
#12328= IFCRELDEFINESBYPROPERTIES('3XODYDGEf6FRXZ3i4HFhsu',#5,$,$,(#4070),#4079);
#12329= IFCRELDEFINESBYPROPERTIES('3k3MaTYE54sxz8iVRiHDhA',#5,$,$,(#6539,#4070),#4081);
#12330= IFCRELDEFINESBYPROPERTIES('2MG1r9Wc1BzBAJvz93Q76f',#5,$,$,(#7411,#7385,#6534,#6512,#6486,#4922),#4925);
#12331= IFCRELDEFINESBYPROPERTIES('0oOQtWn7r0lg5HR2sWQeuV',#5,$,$,(#4922),#4930);
#12332= IFCRELDEFINESBYPROPERTIES('3_Ezb_NQj4X9lMMatU4RkC',#5,$,$,(#6279,#6261,#6243,#6225,#5665,#5647,#5629,#5465),#5471);
#12333= IFCRELDEFINESBYPROPERTIES('1W1n_XwZb2fgFT3qBSQ2jj',#5,$,$,(#6285,#6267,#6249,#6231,#5671,#5653,#5635,#5482),#5488);
#12334= IFCRELDEFINESBYPROPERTIES('10DoXBizb8CBEgwL_0e6kU',#5,$,$,(#6186),#6207);
#12335= IFCRELDEFINESBYPROPERTIES('0iUn4HaVHEgfAMgcwh0DsO',#5,$,$,(#6421,#6312,#6186),#6208);
#12336= IFCRELDEFINESBYPROPERTIES('3HuzSYtKH4j8ziNMGI_MLV',#5,$,$,(#6312,#6186),#6213);
#12337= IFCRELDEFINESBYPROPERTIES('1r9WP50qrENPV7rp2VMNHU',#5,$,$,(#6312),#6314);
#12338= IFCRELDEFINESBYPROPERTIES('1PTY8Z66P5ohvMN1pfr9e4',#5,$,$,(#6388,#6370,#6352,#6326),#6330);
#12339= IFCRELDEFINESBYPROPERTIES('00zNNZ2ZDCef4EQ$8QMVjM',#5,$,$,(#6394,#6376,#6358,#6336),#6340);
#12340= IFCRELDEFINESBYPROPERTIES('1P4CH5uHrDe8DXgMWRXBN7',#5,$,$,(#6421),#6423);
#12341= IFCRELDEFINESBYPROPERTIES('1eNnVpfonAJQR7cLft7HWz',#5,$,$,(#6421),#6427);
#12342= IFCRELDEFINESBYPROPERTIES('3Hy2XbfiD8Je2T$eTigJYh',#5,$,$,(#6443),#6465);
#12343= IFCRELDEFINESBYPROPERTIES('03sjsXHe1BMB$MO_LkNPov',#5,$,$,(#6519,#6499,#6443),#6466);
#12344= IFCRELDEFINESBYPROPERTIES('3YyKEbs_n5ewo8iR00zZgB',#5,$,$,(#6499,#6443),#6471);
#12345= IFCRELDEFINESBYPROPERTIES('0$1e78SX5Dgvwy8JXmLzQK',#5,$,$,(#6512,#6486),#6492);
#12346= IFCRELDEFINESBYPROPERTIES('2JJVVfcCbB9Orj0IFTGEW6',#5,$,$,(#6499),#6503);
#12347= IFCRELDEFINESBYPROPERTIES('1mthgDn1bATx2z5lD38WBC',#5,$,$,(#6519),#6522);
#12348= IFCRELDEFINESBYPROPERTIES('2uCSfq7650NeeXyIHwbvXz',#5,$,$,(#6519),#6525);
#12349= IFCRELDEFINESBYPROPERTIES('3CRhVO6bb6TRXI_JkUa8VR',#5,$,$,(#6534),#6537);
#12350= IFCRELDEFINESBYPROPERTIES('1K$qEUvX90zgNsiqjXDYFk',#5,$,$,(#6539),#6547);
#12351= IFCRELDEFINESBYPROPERTIES('0T9F3EjBn3i9cOKfHLKAmL',#5,$,$,(#7385),#7390);
#12352= IFCRELDEFINESBYPROPERTIES('0GJF2jNCr3CgGRvZQIgVT0',#5,$,$,(#7392),#7398);
#12353= IFCRELDEFINESBYPROPERTIES('0I3igExgb4CBrgNPRq3qoS',#5,$,$,(#7392),#7400);
#12354= IFCRELDEFINESBYPROPERTIES('1oUODj71PBZxTO18CIKgGH',#5,$,$,(#7411),#7417);
#12355= IFCRELDEFINESBYPROPERTIES('3TeMpy$GrE0gof2vhbksIN',#5,$,$,(#7419),#7430);
#12356= IFCRELDEFINESBYPROPERTIES('3LU5r_SzrF2g3vAiKzxDWQ',#5,$,$,(#7419),#7432);
#12357= IFCRELDEFINESBYPROPERTIES('1FKEcbqLTD28SiArt5VxpG',#5,$,$,(#8756),#8759);
#12358= IFCRELDEFINESBYPROPERTIES('1EtQSBAmj66Pv1OtY4O_91',#5,$,$,(#8756),#8768);
#12359= IFCRELDEFINESBYPROPERTIES('0S5nRU$Lj3hQlXqaII8zcg',#5,$,$,(#8770),#8780);
#12360= IFCRELDEFINESBYPROPERTIES('3tBP2SCzT0xRCUueyK9LSA',#5,$,$,(#10188),#10191);
#12361= IFCRELDEFINESBYPROPERTIES('1RmE_s0LHFhAx45INaWoSK',#5,$,$,(#10188),#10201);
#12362= IFCRELDEFINESBYPROPERTIES('2wShepT4f1VhsDRlcT3BGJ',#5,$,$,(#10413),#10441);
#12363= IFCRELDEFINESBYPROPERTIES('3SV5b1MP51UAHVmHoD7GWd',#5,$,$,(#10551),#10563);
#12364= IFCRELDEFINESBYPROPERTIES('09EitMb$f6Pv879rOClnBq',#5,$,$,(#10781),#10790);
#12365= IFCRELDEFINESBYPROPERTIES('0En_RMCnD2aAm48dvHuRdO',#5,$,$,(#10925),#10935);
#12366= IFCRELDEFINESBYPROPERTIES('0FjwDiUMPEje8i$Dw3XGk8',#5,$,$,(#10956),#10971);
#12367= IFCRELDEFINESBYPROPERTIES('1wWcDzl$LFDBjpgcGYh6oo',#5,$,$,(#11063),#11079);
#12368= IFCRELDEFINESBYPROPERTIES('2KCfLtUJr9Be6UyCbkon_o',#5,$,$,(#11118),#11127);
#12369= IFCRELDEFINESBYPROPERTIES('0lsGaIBLbBqha5iS2J0vLM',#5,$,$,(#11158),#11166);
#12370= IFCRELDEFINESBYPROPERTIES('0JnitUAGX8eQbykgq659dg',#5,$,$,(#11181),#11183);
#12371= IFCRELDEFINESBYPROPERTIES('253wpSyuvFlAOjPP4VO5qM',#5,$,$,(#11204),#11207);
#12372= IFCRELDEFINESBYPROPERTIES('006mAmshD2PgA4S9CywXab',#5,$,$,(#11239),#11246);
#12373= IFCRELDEFINESBYPROPERTIES('1dnIb09v55nRcKUr0zxTDl',#5,$,$,(#11285),#11290);
#12374= IFCRELDEFINESBYPROPERTIES('0GsENBgvH27Qda7yLB3OAU',#5,$,$,(#11329),#11335);
#12375= IFCRELDEFINESBYPROPERTIES('0pf1Tf24TBWA505w9VFFgQ',#5,$,$,(#11366),#11371);
#12376= IFCRELDEFINESBYPROPERTIES('39hOIHzn91W8b5exGSDOQC',#5,$,$,(#11408),#11415);
#12377= IFCRELDEFINESBYPROPERTIES('16zJ8Jr557_QP9Q3pZ$HIG',#5,$,$,(#11450),#11455);
#12378= IFCRELDEFINESBYPROPERTIES('2VTSrY$zv9TBnqmciBI__f',#5,$,$,(#11487),#11493);
#12379= IFCRELDEFINESBYPROPERTIES('0GalL$uSz6Fx8SkxhEimjb',#5,$,$,(#11519),#11521);
#12380= IFCRELDEFINESBYPROPERTIES('2AKkjGDNX5tx10eCj6S$OD',#5,$,$,(#11565),#11573);
#12381= IFCRELDEFINESBYPROPERTIES('1dFGE6TVz0M9QyixviJfFP',#5,$,$,(#11603),#11609);
#12382= IFCRELDEFINESBYPROPERTIES('2TaG$waLfBCxN0Vdi_5NZc',#5,$,$,(#11630),#11632);
#12383= IFCRELDEFINESBYPROPERTIES('0uu4I8ReX4NuqULZJSkWvc',#5,$,$,(#11646),#11648);
#12384= IFCRELDEFINESBYPROPERTIES('3XZM3JBmH91ueEYmKvfvwW',#5,$,$,(#11690),#11695);
#12385= IFCRELDEFINESBYPROPERTIES('1zkmmwie59tgC2wXbfxLB5',#5,$,$,(#11716),#11718);
#12386= IFCRELDEFINESBYPROPERTIES('1IwOnvgMXA2emdlMhWWzmM',#5,$,$,(#11753),#11758);
#12387= IFCRELDEFINESBYPROPERTIES('0GUGVXh4jAruj6wtekuXjZ',#5,$,$,(#11778),#11780);
#12388= IFCRELDEFINESBYPROPERTIES('1fefFrd75CXg8REPGkdWAY',#5,$,$,(#11803),#11813);
#12389= IFCRELDEFINESBYPROPERTIES('0SRmE4EWbAfufGNy2uiOfA',#5,$,$,(#11833),#11835);
#12390= IFCRELDEFINESBYPROPERTIES('0sr3toSUz8Ww7LcY7gzSm2',#5,$,$,(#11855),#11858);
#12391= IFCRELDEFINESBYPROPERTIES('1pjz2iIgL9_giUJnan52he',#5,$,$,(#11874),#11876);
#12392= IFCRELDEFINESBYPROPERTIES('1kSE4Fg2HC19H8$7LGQnie',#5,$,$,(#11892),#11895);
#12393= IFCRELDEFINESBYPROPERTIES('2cwXcEi15Eww3C8SqvlQ1z',#5,$,$,(#11911),#11913);
#12394= IFCRELDEFINESBYPROPERTIES('2tg1hj6Kv61uyKsfHIn3Zb',#5,$,$,(#11929),#11931);
#12395= IFCRELDEFINESBYPROPERTIES('3CCYKtiEjBGeKiWYKuIZqW',#5,$,$,(#11947),#11949);
#12396= IFCRELDEFINESBYPROPERTIES('3ylz5tdyf4vPrKK29qrKL8',#5,$,$,(#11961),#11963);
#12397= IFCRELDEFINESBYPROPERTIES('2j8of4QIbA8QNzJOEvlTEX',#5,$,$,(#11975),#11978);
#12398= IFCRELDEFINESBYPROPERTIES('2twYF4OhP0BREilEdtbUdw',#5,$,$,(#11990),#11992);
#12399= IFCRELDEFINESBYPROPERTIES('3ImFgJNqf3zxAfmHBo8U6V',#5,$,$,(#12004),#12006);
#12400= IFCRELDEFINESBYPROPERTIES('10LGygcsb4VAnRaTdMjFUx',#5,$,$,(#12038),#12045);
#12401= IFCRELDEFINESBYPROPERTIES('0PyL897$zCmu8TG5W9ecHu',#5,$,$,(#37),#12052);
#12402= IFCRELDEFINESBYTYPE('3b3gcSa4r9pPpPwyMJIrDY',#5,$,$,(#2146,#2126,#2107,#2086,#2065,#2045,#2026,#1992,#1868,#1722,#1210,#686),#687);
#12403= IFCRELDEFINESBYTYPE('0$lmciQLv779sxfsUWn2zg',#5,$,$,(#3071,#3063,#3051,#3043,#3031,#3023,#3011,#3003,#2991,#2983,#2971,#2963,#2951,#2943,#2931,#2923,#2911,#2903,#2890,#2882,#2870,#2862,#2846,#2834,#2474,#2466,#2458,#2450,#2442,#2434,#2426,#2418,#2410,#2402,#2394,#2384,#2376,#2363,#2351,#2337,#2323,#2309,#2295,#2282,#2269,#2255,#2241,#2193),#2194);
#12404= IFCRELDEFINESBYTYPE('3PiLLBOhb2Tu77cJM09JQ_',#5,$,$,(#3167,#3159,#3151,#3143,#3135,#3127,#3119,#3111,#3103,#3095,#3087,#3079,#2590,#2582,#2574,#2566,#2558,#2550,#2542,#2534,#2526,#2518,#2510,#2487),#2488);
#12405= IFCRELDEFINESBYTYPE('1pBQBaQxf8WwuS18IRMR1h',#5,$,$,(#2678),#2679);
#12406= IFCRELDEFINESBYTYPE('2sWUJbGfj4FBt$hPR67wAS',#5,$,$,(#2766),#2767);
#12407= IFCRELDEFINESBYTYPE('33TpAWROvDDwQmS3D5O_tU',#5,$,$,(#3283,#3263,#3237),#3238);
#12408= IFCRELDEFINESBYTYPE('0MsWOM3VTAch19GQnFAjwG',#5,$,$,(#3549,#3523,#3499,#3474,#3446,#3416),#3417);
#12409= IFCRELDEFINESBYTYPE('1dhLB_IYb5lvCu398mzdh5',#5,$,$,(#4062,#4033,#4003,#3973,#3943,#3908,#3873,#3849,#3819,#3784,#3744,#3697),#3698);
#12410= IFCRELDEFINESBYTYPE('39WIrfPZnE_BcEFlsmvuIA',#5,$,$,(#7385,#4922),#4923);
#12411= IFCRELDEFINESBYTYPE('21KA2czcz2cfB7qBxOPhZ4',#5,$,$,(#6388,#6370,#6352,#6326,#6279,#6261,#6243,#6225,#5665,#5647,#5629,#5465),#5466);
#12412= IFCRELDEFINESBYTYPE('1hsNlYj0f6svJ4hLCbtF1a',#5,$,$,(#6394,#6376,#6358,#6336,#6285,#6267,#6249,#6231,#5671,#5653,#5635,#5482),#5483);
#12413= IFCRELDEFINESBYTYPE('3RHKpZlo13yQi07hGAcXpk',#5,$,$,(#6400,#6291,#5704),#5705);
#12414= IFCRELDEFINESBYTYPE('0GVDQRmQX9YfxZcavtc2_u',#5,$,$,(#6421,#6312,#6186),#6187);
#12415= IFCRELDEFINESBYTYPE('2k5LUWB7X1gejmILEQPHJv',#5,$,$,(#6519,#6499,#6443),#6444);
#12416= IFCRELDEFINESBYTYPE('3_p_F_0Y599QoOBP5r0iUl',#5,$,$,(#6534,#6512,#6486),#6487);
#12417= IFCRELDEFINESBYTYPE('0yC8fhGobDuuMWp3OLaXwF',#5,$,$,(#7411),#7412);
#12418= IFCRELASSOCIATESMATERIAL('2WyM3b5SbEkh$8IvVjvaHh',#5,$,$,(#10188,#8756,#2807,#2766,#2678,#98),#115);
#12419= IFCRELASSOCIATESMATERIAL('3XajWDdR10ExgI_DFhSY6P',#5,$,$,(#6394,#6388,#6376,#6370,#6358,#6352,#6336,#6326,#6285,#6279,#6267,#6261,#6249,#6243,#6231,#6225,#5671,#5665,#5653,#5647,#5635,#5629,#5482,#5465,#4062,#4033,#4003,#3973,#3943,#3908,#3873,#3849,#3819,#3784,#3744,#3697,#3549,#3523,#3499,#3474,#3446,#3416,#3167,#3159,#3151,#3143,#3135,#3127,#3119,#3111,#3103,#3095,#3087,#3079,#3071,#3063,#3051,#3043,#3031,#3023,#3011,#3003,#2991,#2983,#2971,#2963,#2951,#2943,#2931,#2923,#2911,#2903,#2890,#2882,#2870,#2862,#2846,#2834,#2590,#2582,#2574,#2566,#2558,#2550,#2542,#2534,#2526,#2518,#2510,#2487,#2474,#2466,#2458,#2450,#2442,#2434,#2426,#2418,#2410,#2402,#2394,#2384,#2376,#2363,#2351,#2337,#2323,#2309,#2295,#2282,#2269,#2255,#2241,#2193,#2146,#2126,#2107,#2086,#2065,#2045,#2026,#1992,#1868,#1722,#1210,#686),#696);
#12420= IFCRELASSOCIATESMATERIAL('0j4SaKSezF$u84OcEWnLoK',#5,$,$,(#3283,#3263,#3237),#3247);
#12421= IFCRELASSOCIATESMATERIAL('3u_HwGSKb2q8rEUyVjKmSt',#5,$,$,(#7411,#7385,#6534,#6519,#6512,#6499,#6486,#6443,#6421,#6312,#6186,#4922),#4931);
#12422= IFCRELASSOCIATESMATERIAL('1H5zdoQgn7mOk6D2zcEWUW',#5,$,$,(#6400,#6291,#5704),#5706);
#12423= IFCRELASSOCIATESMATERIAL('3TvMu9p81EGQObsc2MzuI4',#5,$,$,(#12038,#12004,#11990,#11975,#11961,#11947,#11929,#11911,#11892,#11874,#11855,#11833,#11803,#11778,#11753,#11716,#11690,#11646,#11630,#11603,#11565,#11519,#11487,#11450,#11408,#11366,#11329,#11285,#11239,#11204,#11181,#11158,#11118,#11063,#10956,#10925,#10781,#10551,#10413),#10442);
#12424= IFCPRESENTATIONLAYERASSIGNMENT('H\S\0 LIMPIEZA',$,(#92,#8750),$);
#12425= IFCPRESENTATIONLAYERASSIGNMENT('Weld',$,(#633,#1197,#1709,#1856,#1978,#2012,#2033,#2052,#2072,#2093,#2114,#2133,#3341,#3393,#3427,#3434,#3456,#3462,#3481,#3487,#3504,#3511,#3530,#3537,#3613,#3664,#3672,#3706,#3714,#3722,#3756,#3762,#3770,#3791,#3797,#3805,#3826,#3832,#3838,#3850,#3856,#3862,#3880,#3886,#3894,#3915,#3921,#3929,#3950,#3956,#3962,#3980,#3986,#3992,#4010,#4016,#4022,#4039,#4045,#4051,#5427,#5618,#5636,#5654,#5859,#6015,#6171,#6214,#6232,#6250,#6268,#6292,#6297,#6302,#6315,#6341,#6359,#6377,#6401,#6406,#6411),$);
#12426= IFCPRESENTATIONLAYERASSIGNMENT('ARANDELA',$,(#680,#1205,#1717,#1863,#1986,#2020,#2040,#2060,#2080,#2101,#2121,#2141),$);
#12427= IFCPRESENTATIONLAYERASSIGNMENT('TUERCA',$,(#2187,#2236,#2250,#2264,#2277,#2290,#2304,#2318,#2332,#2346,#2358,#2371,#2379,#2389,#2397,#2405,#2413,#2421,#2429,#2437,#2445,#2453,#2461,#2469,#2829,#2841,#2857,#2865,#2877,#2885,#2898,#2906,#2918,#2926,#2938,#2946,#2958,#2966,#2978,#2986,#2998,#3006,#3018,#3026,#3038,#3046,#3058,#3066,#5459,#5624,#5642,#5660,#6220,#6238,#6256,#6274,#6321,#6347,#6365,#6383),$);
#12428= IFCPRESENTATIONLAYERASSIGNMENT('ESP\S\ARRAGO',$,(#2481,#2505,#2513,#2521,#2529,#2537,#2545,#2553,#2561,#2569,#2577,#2585,#3074,#3082,#3090,#3098,#3106,#3114,#3122,#3130,#3138,#3146,#3154,#3162),$);
#12429= IFCPRESENTATIONLAYERASSIGNMENT('MURO',$,(#2673,#2761,#10951,#11113,#11153,#11177),$);
#12430= IFCPRESENTATIONLAYERASSIGNMENT('C\S\AMARA',$,(#2801),$);
#12431= IFCPRESENTATIONLAYERASSIGNMENT('GROUT',$,(#3231,#3258,#3278),$);
#12432= IFCPRESENTATIONLAYERASSIGNMENT('PLACA',$,(#3409,#3440,#3468,#3493,#3517,#3543,#3690,#3737,#3778,#3813,#3844,#3868,#3902,#3937,#3968,#3998,#4028,#4057,#6180,#6307,#6416),$);
#12433= IFCPRESENTATIONLAYERASSIGNMENT('COLUMNA',$,(#4916,#6480,#6507,#6529,#7379,#7405),$);
#12434= IFCPRESENTATIONLAYERASSIGNMENT('ANCLAJE',$,(#5476,#5630,#5648,#5666,#6226,#6244,#6262,#6280,#6331,#6353,#6371,#6389),$);
#12435= IFCPRESENTATIONLAYERASSIGNMENT('BoltArray',$,(#5699,#6286,#6395),$);
#12436= IFCPRESENTATIONLAYERASSIGNMENT('VIGA',$,(#6437,#6494,#6514),$);
#12437= IFCPRESENTATIONLAYERASSIGNMENT('FUNDACION',$,(#10182),$);
#12438= IFCPRESENTATIONLAYERASSIGNMENT('TRANSV INF',$,(#10408,#11560,#11598,#11625,#11641),$);
#12439= IFCPRESENTATIONLAYERASSIGNMENT('LONG INF',$,(#10546,#11234,#11324,#11403,#11482,#12033),$);
#12440= IFCPRESENTATIONLAYERASSIGNMENT('TRANSV SUP',$,(#10776,#11685,#11711,#11748,#11773),$);
#12441= IFCPRESENTATIONLAYERASSIGNMENT('LONG SUP',$,(#10920,#11280,#11361,#11445,#11514),$);
#12442= IFCPRESENTATIONLAYERASSIGNMENT('CABALLETE',$,(#11058,#11199),$);
#12443= IFCPRESENTATIONLAYERASSIGNMENT('REFUERZO',$,(#11797,#11827,#11849,#11868,#11887,#11906,#11924,#11942,#11956,#11970,#11985,#11999),$);
ENDSEC;

END-ISO-10303-21;
