ISO-10303-21;
HEADER;
FILE_DESCRIPTION(('ViewDefinition[CoordinationView_V2.0, QuantityTakeOffAddOnView]', 'Option [BaseQuantities:On]', 'Option [GridExport:Off]', 'Option [Assemblies:On]', 'Option [Bolts:On]', 'Option [Rebars:On]', 'Option [PourObjects:Off]', 'Option [Welds:On]', 'Option [SurfaceTreatments:On]', 'Option [LocationBy:-1]', 'Option [ViewColors:Off]', 'Option [SectionedSpine:Off]', 'Option [PropertySets:On]', 'Option [Export all:Off]'),'2;1');
FILE_NAME('SIM25031-A06-CIV-3D-3010-MURO-CORTAFUEGO.ifc','2026-04-29T12:57:08',('HYTECH\\lfrechilla'),('Structural Designer'),'IFC Parser Version: 3.13.2','Tekla Structures 2022 Service Pack 4, IFC Export Version: 4.0.0.0 Aug 24 2022','');
FILE_SCHEMA(('IFC2X3'));
ENDSEC;

DATA;
#1= IFCPERSON('HYTECH\\lfrechilla','Undefined',$,$,$,$,$,$);
#2= IFCORGANIZATION($,'Trimble Solutions Corporation',$,$,$);
#3= IFCPERSONANDORGANIZATION(#1,#2,$);
#4= IFCAPPLICATION(#2,'2022 Service Pack 4','Tekla Structures','Multi material modeling');
#5= IFCOWNERHISTORY(#3,#4,$,.NOCHANGE.,$,$,$,1777478228);
#6= IFCCARTESIANPOINT((0.,0.,0.));
#7= IFCDIRECTION((1.,0.,0.));
#8= IFCDIRECTION((0.,1.,0.));
#9= IFCDIRECTION((0.,0.,1.));
#10= IFCAXIS2PLACEMENT3D(#6,#9,#7);
#11= IFCGEOMETRICREPRESENTATIONCONTEXT($,'Model',3,1.E-05,#10,$);
#12= IFCGEOMETRICREPRESENTATIONSUBCONTEXT('Body','Model',*,*,*,*,#11,$,.MODEL_VIEW.,$);
#13= IFCGEOMETRICREPRESENTATIONSUBCONTEXT('Axis','Model',*,*,*,*,#11,$,.GRAPH_VIEW.,$);
#14= IFCSIUNIT(*,.LENGTHUNIT.,.MILLI.,.METRE.);
#15= IFCMEASUREWITHUNIT(IFCRATIOMEASURE(304.8),#14);
#16= IFCDIMENSIONALEXPONENTS(1,0,0,0,0,0,0);
#17= IFCCONVERSIONBASEDUNIT(#16,.LENGTHUNIT.,'FOOT',#15);
#18= IFCSIUNIT(*,.AREAUNIT.,$,.SQUARE_METRE.);
#19= IFCMEASUREWITHUNIT(IFCRATIOMEASURE(0.09290304),#18);
#20= IFCDIMENSIONALEXPONENTS(2,0,0,0,0,0,0);
#21= IFCCONVERSIONBASEDUNIT(#20,.AREAUNIT.,'SQUARE FOOT',#19);
#22= IFCSIUNIT(*,.VOLUMEUNIT.,$,.CUBIC_METRE.);
#23= IFCMEASUREWITHUNIT(IFCRATIOMEASURE(0.028316846592),#22);
#24= IFCDIMENSIONALEXPONENTS(3,0,0,0,0,0,0);
#25= IFCCONVERSIONBASEDUNIT(#24,.VOLUMEUNIT.,'CUBIC FOOT',#23);
#26= IFCSIUNIT(*,.MASSUNIT.,.KILO.,.GRAM.);
#27= IFCSIUNIT(*,.TIMEUNIT.,$,.SECOND.);
#28= IFCSIUNIT(*,.PLANEANGLEUNIT.,$,.RADIAN.);
#29= IFCMEASUREWITHUNIT(IFCRATIOMEASURE(0.0174532925199433),#28);
#30= IFCDIMENSIONALEXPONENTS(0,0,0,0,0,0,0);
#31= IFCCONVERSIONBASEDUNIT(#30,.PLANEANGLEUNIT.,'DEGREE',#29);
#32= IFCSIUNIT(*,.SOLIDANGLEUNIT.,$,.STERADIAN.);
#33= IFCSIUNIT(*,.THERMODYNAMICTEMPERATUREUNIT.,$,.DEGREE_CELSIUS.);
#34= IFCSIUNIT(*,.LUMINOUSINTENSITYUNIT.,$,.LUMEN.);
#35= IFCUNITASSIGNMENT((#14,#18,#22,#26,#27,#28,#32,#33,#34));
#36= IFCPROJECT('142ceb3ELBVQDtiDY6f604',#5,'ID Interconnecting OSBL Estabilizadora Temprana TTY',$,$,$,$,(#11),#35);
#37= IFCCARTESIANPOINT((0.,0.,100000.));
#38= IFCAXIS2PLACEMENT3D(#37,#9,#7);
#39= IFCLOCALPLACEMENT($,#38);
#40= IFCSITE('3mxpRQ34D5kOeXibuwqHr7',#5,'Undefined',$,$,#39,$,$,.ELEMENT.,(0,0,0),(0,0,0),$,$,$);
#41= IFCPOSTALADDRESS($,$,$,'NEUQU\S\IN',$,$,$,$,$,$);
#42= IFCLOCALPLACEMENT(#39,#10);
#43= IFCBUILDING('1rZqRCzI9DNQQhk7CUnKON',#5,'Undefined',$,$,#42,$,$,.ELEMENT.,$,$,#41);
#44= IFCLOCALPLACEMENT(#42,#10);
#45= IFCBUILDINGSTOREY('172ap5twj3rAKk_SwfWdiv',#5,'Undefined',$,$,#44,$,$,.ELEMENT.,0.);
#46= IFCOWNERHISTORY(#3,#4,$,.NOCHANGE.,$,$,$,1776711600);
#47= IFCOWNERHISTORY(#3,#4,$,.NOCHANGE.,$,$,$,1776708000);
#48= IFCOWNERHISTORY(#3,#4,$,.NOCHANGE.,$,$,$,1776715200);
#49= IFCOWNERHISTORY(#3,#4,$,.NOCHANGE.,$,$,$,1776798000);
#50= IFCLOCALPLACEMENT(#44,#10);
#51= IFCELEMENTASSEMBLY('2hX7oFOo5AHPydLrBerQIi',#49,'SOPORTES PCP01',$,$,#50,$,'Z2',.NOTDEFINED.,.NOTDEFINED.);
#52= IFCPROPERTYSINGLEVALUE('AREA_FORM_BOTTOM',$,IFCAREAMEASURE(0.1325),$);
#53= IFCPROPERTYSINGLEVALUE('CAST_UNIT_REBAR_WEIGHT',$,IFCMASSMEASURE(7.65057),$);
#54= IFCPROPERTYSINGLEVALUE('CAST_UNIT_HEIGHT_TOTAL',$,IFCLENGTHMEASURE(891.5006),$);
#55= IFCPROPERTYSINGLEVALUE('BOTTOM_LEVEL_BASEPOINT',$,IFCLABEL(' +99.350'),$);
#56= IFCPROPERTYSINGLEVALUE('TOP_LEVEL_BASEPOINT',$,IFCLABEL(' +99.705'),$);
#57= IFCPROPERTYSINGLEVALUE('COG_Y_BASEPOINT',$,IFCLENGTHMEASURE(392657.08617),$);
#58= IFCPROPERTYSINGLEVALUE('COG_X_BASEPOINT',$,IFCLENGTHMEASURE(408650.00298),$);
#59= IFCPROPERTYSINGLEVALUE('WEIGHT_NET',$,IFCMASSMEASURE(144.4634),$);
#60= IFCPROPERTYSINGLEVALUE('VOLUME_NET',$,IFCVOLUMEMEASURE(0.06019),$);
#61= IFCPROPERTYSINGLEVALUE('ATT_303_STATUS_OBRA',$,$,$);
#62= IFCPROPERTYSINGLEVALUE('ATT_303_STATUS_FUND',$,$,$);
#63= IFCPROPERTYSINGLEVALUE('ATT_303_PROVEEDOR_FUND',$,$,$);
#64= IFCPROPERTYSINGLEVALUE('ATT_303_MC_HYTECH',$,$,$);
#65= IFCPROPERTYSINGLEVALUE('ATT_303_PDH_HYTECH',$,$,$);
#66= IFCPROPERTYSINGLEVALUE('ATT_303_EWP_FUND',$,$,$);
#67= IFCPROPERTYSINGLEVALUE('ATT_303_DESC_EQUIP',$,$,$);
#68= IFCPROPERTYSINGLEVALUE('ATT_301_SUPPLIER_HYTECH',$,$,$);
#69= IFCPROPERTYSINGLEVALUE('ATT_301_OWNER_HYTECH',$,$,$);
#70= IFCPROPERTYSINGLEVALUE('ATT_301_GA_HYTECH',$,$,$);
#71= IFCPROPERTYSINGLEVALUE('HISTORY.CREATED_BY',$,IFCLABEL('HYTECH\\gluduena'),$);
#72= IFCPROPERTYSINGLEVALUE('HISTORY.CREATED',$,IFCLABEL('16.03.2026 15:43:02'),$);
#73= IFCPROPERTYSINGLEVALUE('CREATED_BY',$,$,$);
#74= IFCPROPERTYSINGLEVALUE('HISTORY.MODIFIED_BY',$,IFCLABEL('HYTECH\\gluduena'),$);
#75= IFCPROPERTYSINGLEVALUE('HISTORY.MODIFIED_ACTION',$,IFCLABEL('update'),$);
#76= IFCPROPERTYSINGLEVALUE('HISTORY.MODIFIED',$,IFCLABEL('21.04.2026 16:23:54'),$);
#77= IFCPROPERTYSINGLEVALUE('GUID',$,IFCLABEL('ab847c8f-6321-4a45-9f27-5752e8d5a4ac'),$);
#78= IFCPROPERTYSET('1BaTVLIgHEXBWWof0BbqYi',#5,'Fundacion',$,(#52,#53,#54,#55,#56,#57,#58,#59,#60,#61,#62,#63,#64,#65,#66,#67,#68,#69,#70,#71,#72,#73,#74,#75,#76,#77));
#79= IFCQUANTITYLENGTH('Width',$,$,300.);
#80= IFCELEMENTQUANTITY('2XHA5Vk7f4je0505ZzbXJv',#5,'BaseQuantities',$,$,(#79));
#81= IFCCOLOURRGB('Dark Gray',0.709803921568627,0.403921568627451,0.2);
#82= IFCSURFACESTYLERENDERING(#81,0.,$,$,$,$,IFCNORMALISEDRATIOMEASURE(0.00390625),IFCSPECULAREXPONENT(10.),.NOTDEFINED.);
#83= IFCSURFACESTYLE('CONCRETE/H30',.POSITIVE.,(#82));
#84= IFCPRESENTATIONSTYLEASSIGNMENT((#83));
#85= IFCDIRECTION((1.,0.));
#86= IFCCARTESIANPOINT((0.,0.));
#87= IFCAXIS2PLACEMENT2D(#86,#85);
#88= IFCRECTANGLEPROFILEDEF(.AREA.,'580*300',#87,300.,580.);
#89= IFCDIRECTION((0.,-1.,0.));
#90= IFCDIRECTION((-1.,0.,0.));
#91= IFCCARTESIANPOINT((355.,0.,0.));
#92= IFCAXIS2PLACEMENT3D(#91,#90,#89);
#93= IFCEXTRUDEDAREASOLID(#88,#92,#9,355.);
#94= IFCCARTESIANPOINT((164.999998623971,-1.16415321826935E-10));
#95= IFCCARTESIANPOINT((164.999998623913,499.999991059129));
#96= IFCCARTESIANPOINT((5.82076609134674E-11,499.999991059303));
#97= IFCPOLYLINE((#86,#94,#95,#96,#86));
#98= IFCARBITRARYCLOSEDPROFILEDEF(.AREA.,'PL12.7*165',#97);
#99= IFCCARTESIANPOINT((342.299902658135,-82.5000073509873,-250.000084980275));
#100= IFCAXIS2PLACEMENT3D(#99,#7,#8);
#101= IFCEXTRUDEDAREASOLID(#98,#100,#9,12.7);
#102= IFCBOOLEANRESULT(.DIFFERENCE.,#93,#101);
#103= IFCSHAPEREPRESENTATION(#12,'Body','CSG',(#102));
#104= IFCSTYLEDITEM(#93,(#84),$);
#105= IFCPRODUCTDEFINITIONSHAPE($,$,(#103));
#106= IFCCARTESIANPOINT((408650.002980443,392657.08616621,-650.000000000036));
#107= IFCAXIS2PLACEMENT3D(#106,#8,#9);
#108= IFCLOCALPLACEMENT(#50,#107);
#109= IFCFOOTING('2twlXNzqP6Xur1G4nQOZiu',#49,'SOPORTES PCP01','580*300',$,#108,#105,'IDb7eaf857-f746-4687-8d41-404c5a623b38',.PAD_FOOTING.);
#110= IFCPROPERTYSINGLEVALUE('AREA_FORM_BOTTOM',$,IFCAREAMEASURE(0.1011),$);
#111= IFCPROPERTYSINGLEVALUE('CAST_UNIT_REBAR_WEIGHT',$,$,$);
#112= IFCPROPERTYSINGLEVALUE('CAST_UNIT_HEIGHT_TOTAL',$,$,$);
#113= IFCPROPERTYSINGLEVALUE('CREATED_BY',$,IFCLABEL('HYTECH\\gluduena'),$);
#114= IFCPROPERTYSINGLEVALUE('GUID',$,IFCLABEL('b7eaf857-f746-4687-8d41-404c5a623b38'),$);
#115= IFCPROPERTYSET('3heQ3xmbP5l8UAQfXeTAmi',#5,'Fundacion',$,(#110,#111,#112,#55,#56,#57,#58,#59,#60,#61,#62,#63,#64,#65,#66,#67,#68,#69,#70,#71,#72,#113,#74,#75,#76,#114));
#116= IFCQUANTITYLENGTH('Length',$,$,355.);
#117= IFCQUANTITYAREA('OuterSurfaceArea',$,$,0.962880862576436);
#118= IFCQUANTITYAREA('GrossSurfaceArea',$,$,0.9728);
#119= IFCQUANTITYAREA('CrossSectionArea',$,$,0.174);
#120= IFCQUANTITYVOLUME('NetVolume',$,$,0.0601930833608068);
#121= IFCQUANTITYVOLUME('GrossVolume',$,$,0.06177);
#122= IFCQUANTITYWEIGHT('NetWeight',$,$,144.463400065936);
#123= IFCQUANTITYWEIGHT('GrossWeight',$,$,148.248);
#124= IFCQUANTITYLENGTH('Height',$,$,580.);
#125= IFCELEMENTQUANTITY('3lyHugZxf9599KtFhjC4mW',#5,'BaseQuantities',$,$,(#116,#117,#118,#119,#120,#121,#122,#123,#79,#124));
#126= IFCMATERIAL('CONCRETE/H30');
#127= IFCCOLOURRGB('Light Orange',0.956862745098039,0.694117647058824,0.);
#128= IFCSURFACESTYLERENDERING(#127,0.,$,$,$,$,IFCNORMALISEDRATIOMEASURE(0.00390625),IFCSPECULAREXPONENT(10.),.NOTDEFINED.);
#129= IFCSURFACESTYLE('ADN-420',.POSITIVE.,(#128));
#130= IFCPRESENTATIONSTYLEASSIGNMENT((#129));
#131= IFCDIRECTION((-0.707106781186548,0.,0.707106781186548));
#132= IFCVECTOR(#131,1.);
#133= IFCLINE(#6,#132);
#134= IFCTRIMMEDCURVE(#133,(IFCPARAMETERVALUE(0.)),(IFCPARAMETERVALUE(48.0000000000099)),.T.,.PARAMETER.);
#135= IFCCOMPOSITECURVESEGMENT(.CONTINUOUS.,.T.,#134);
#136= IFCCARTESIANPOINT((-59.6179404887978,0.,8.26431050512474));
#137= IFCDIRECTION((0.707106781186548,0.,0.707106781186547));
#138= IFCAXIS2PLACEMENT3D(#136,#89,#137);
#139= IFCCIRCLE(#138,36.31);
#140= IFCTRIMMEDCURVE(#139,(IFCPARAMETERVALUE(0.)),(IFCPARAMETERVALUE(0.785398163397448)),.T.,.PARAMETER.);
#141= IFCCOMPOSITECURVESEGMENT(.CONTINUOUS.,.T.,#140);
#142= IFCAXIS2PLACEMENT3D(#136,#89,#9);
#143= IFCCIRCLE(#142,36.31);
#144= IFCTRIMMEDCURVE(#143,(IFCPARAMETERVALUE(0.)),(IFCPARAMETERVALUE(1.5707963267949)),.T.,.PARAMETER.);
#145= IFCCOMPOSITECURVESEGMENT(.CONTINUOUS.,.T.,#144);
#146= IFCCARTESIANPOINT((-95.9304404887953,0.,8.26431050512724));
#147= IFCDIRECTION((0.,0.,-1.));
#148= IFCVECTOR(#147,1.);
#149= IFCLINE(#146,#148);
#150= IFCTRIMMEDCURVE(#149,(IFCPARAMETERVALUE(0.)),(IFCPARAMETERVALUE(184.750000000003)),.T.,.PARAMETER.);
#151= IFCCOMPOSITECURVESEGMENT(.CONTINUOUS.,.T.,#150);
#152= IFCCARTESIANPOINT((-75.6179404887953,0.,-176.485689494875));
#153= IFCAXIS2PLACEMENT3D(#152,#89,#90);
#154= IFCCIRCLE(#153,20.31);
#155= IFCTRIMMEDCURVE(#154,(IFCPARAMETERVALUE(0.)),(IFCPARAMETERVALUE(1.5707963267949)),.T.,.PARAMETER.);
#156= IFCCOMPOSITECURVESEGMENT(.CONTINUOUS.,.T.,#155);
#157= IFCCARTESIANPOINT((-75.6179404887953,0.,-196.798189494875));
#158= IFCVECTOR(#7,1.);
#159= IFCLINE(#157,#158);
#160= IFCTRIMMEDCURVE(#159,(IFCPARAMETERVALUE(0.)),(IFCPARAMETERVALUE(480.75)),.T.,.PARAMETER.);
#161= IFCCOMPOSITECURVESEGMENT(.CONTINUOUS.,.T.,#160);
#162= IFCCARTESIANPOINT((405.132059511205,0.,-176.485689494875));
#163= IFCAXIS2PLACEMENT3D(#162,#89,#147);
#164= IFCCIRCLE(#163,20.31);
#165= IFCTRIMMEDCURVE(#164,(IFCPARAMETERVALUE(0.)),(IFCPARAMETERVALUE(1.5707963267949)),.T.,.PARAMETER.);
#166= IFCCOMPOSITECURVESEGMENT(.CONTINUOUS.,.T.,#165);
#167= IFCCARTESIANPOINT((425.444559511205,0.,-176.485689494875));
#168= IFCVECTOR(#9,1.);
#169= IFCLINE(#167,#168);
#170= IFCTRIMMEDCURVE(#169,(IFCPARAMETERVALUE(0.)),(IFCPARAMETERVALUE(200.75)),.T.,.PARAMETER.);
#171= IFCCOMPOSITECURVESEGMENT(.CONTINUOUS.,.T.,#170);
#172= IFCCARTESIANPOINT((405.135519888586,0.374921134246377,24.2643105051247));
#173= IFCDIRECTION((-0.0184576558398216,-0.999829642959689,0.));
#174= IFCDIRECTION((0.999829642959689,-0.0184576558398216,-2.22044604925031E-16));
#175= IFCAXIS2PLACEMENT3D(#172,#173,#174);
#176= IFCCIRCLE(#175,20.31);
#177= IFCTRIMMEDCURVE(#176,(IFCPARAMETERVALUE(0.)),(IFCPARAMETERVALUE(1.5707963267949)),.T.,.PARAMETER.);
#178= IFCCOMPOSITECURVESEGMENT(.CONTINUOUS.,.T.,#177);
#179= IFCCARTESIANPOINT((405.135519888586,0.374921134246377,44.5768105051247));
#180= IFCDIRECTION((-0.999829642959689,0.0184576558398216,0.));
#181= IFCVECTOR(#180,1.);
#182= IFCLINE(#179,#181);
#183= IFCTRIMMEDCURVE(#182,(IFCPARAMETERVALUE(0.)),(IFCPARAMETERVALUE(464.838835035566)),.T.,.PARAMETER.);
#184= IFCCOMPOSITECURVESEGMENT(.CONTINUOUS.,.T.,#183);
#185= IFCCARTESIANPOINT((-59.6241265788216,8.95475637231648,8.26431050512474));
#186= IFCAXIS2PLACEMENT3D(#185,#173,#9);
#187= IFCCIRCLE(#186,36.31);
#188= IFCTRIMMEDCURVE(#187,(IFCPARAMETERVALUE(0.)),(IFCPARAMETERVALUE(1.5707963267949)),.T.,.PARAMETER.);
#189= IFCCOMPOSITECURVESEGMENT(.CONTINUOUS.,.T.,#188);
#190= IFCCARTESIANPOINT((-59.6179404888012,9.62500000000001,8.26431050512477));
#191= IFCAXIS2PLACEMENT3D(#190,#89,#90);
#192= IFCCIRCLE(#191,36.31);
#193= IFCTRIMMEDCURVE(#192,(IFCPARAMETERVALUE(0.)),(IFCPARAMETERVALUE(0.785398163397447)),.T.,.PARAMETER.);
#194= IFCCOMPOSITECURVESEGMENT(.CONTINUOUS.,.T.,#193);
#195= IFCCARTESIANPOINT((-85.2947554806335,9.625,-17.4125044867075));
#196= IFCDIRECTION((0.707106781186548,0.,-0.707106781186548));
#197= IFCVECTOR(#196,1.);
#198= IFCLINE(#195,#197);
#199= IFCTRIMMEDCURVE(#198,(IFCPARAMETERVALUE(0.)),(IFCPARAMETERVALUE(48.0000000000123)),.T.,.PARAMETER.);
#200= IFCCOMPOSITECURVESEGMENT(.DISCONTINUOUS.,.T.,#199);
#201= IFCCOMPOSITECURVE((#135,#141,#145,#151,#156,#161,#166,#171,#178,#184,#189,#194,#200),.F.);
#202= IFCSWEPTDISKSOLID(#201,4.3125,$,0.,1436.51361299636);
#203= IFCSTYLEDITEM(#202,(#130),$);
#204= IFCCARTESIANPOINT((125.242940488795,0.,226.110689494875));
#205= IFCCARTESIANTRANSFORMATIONOPERATOR3D($,$,#204,$,$);
#206= IFCSHAPEREPRESENTATION(#12,'Body','AdvancedSweptSolid',(#202));
#207= IFCREPRESENTATIONMAP(#10,#206);
#208= IFCMAPPEDITEM(#207,#205);
#209= IFCCARTESIANPOINT((125.242940488795,140.125,226.110689494875));
#210= IFCCARTESIANTRANSFORMATIONOPERATOR3D($,$,#209,$,$);
#211= IFCSHAPEREPRESENTATION(#12,'Body','AdvancedSweptSolid',(#202));
#212= IFCREPRESENTATIONMAP(#10,#211);
#213= IFCMAPPEDITEM(#212,#210);
#214= IFCCARTESIANPOINT((125.242940488795,280.25,226.110689494875));
#215= IFCCARTESIANTRANSFORMATIONOPERATOR3D($,$,#214,$,$);
#216= IFCSHAPEREPRESENTATION(#12,'Body','AdvancedSweptSolid',(#202));
#217= IFCREPRESENTATIONMAP(#10,#216);
#218= IFCMAPPEDITEM(#217,#215);
#219= IFCSHAPEREPRESENTATION(#12,'Body','MappedRepresentation',(#208,#213,#218));
#220= IFCPRODUCTDEFINITIONSHAPE($,$,(#219));
#221= IFCCARTESIANPOINT((408500.002980443,392367.08616621,-625.000000000036));
#222= IFCAXIS2PLACEMENT3D(#221,#7,#8);
#223= IFCLOCALPLACEMENT(#50,#222);
#224= IFCREINFORCINGBAR('0B97ArNb5Dmh2unM1XDpR1',#49,'ESTRIBO',$,$,#223,#220,'ID0b2472b5-5e51-4dc2-b0b8-c560613736c1',$,8.625,0.,$,.NOTDEFINED.,.NULL.);
#225= IFCPROPERTYSINGLEVALUE('HISTORY.MODIFIED',$,IFCLABEL('20.04.2026 17:04:24'),$);
#226= IFCPROPERTYSINGLEVALUE('WEIGHT_TOTAL_IN_GROUP',$,IFCMASSMEASURE(2.007),$);
#227= IFCPROPERTYSINGLEVALUE('SHAPE',$,IFCLABEL('F203_2'),$);
#228= IFCPROPERTYSINGLEVALUE('REBAR_POS',$,IFCLABEL('25'),$);
#229= IFCPROPERTYSINGLEVALUE('NUMBER_OF_BARS_IN_GROUP',$,IFCINTEGER(3),$);
#230= IFCPROPERTYSINGLEVALUE('MATERIAL',$,IFCLABEL('ADN-420'),$);
#231= IFCPROPERTYSINGLEVALUE('MODEL_TOTAL',$,$,$);
#232= IFCPROPERTYSINGLEVALUE('NAME',$,IFCLABEL('ESTRIBO'),$);
#233= IFCPROPERTYSINGLEVALUE('LAYER',$,IFCLABEL(''),$);
#234= IFCPROPERTYSINGLEVALUE('HOOK_START_LENGTH',$,$,$);
#235= IFCPROPERTYSINGLEVALUE('HOOK_START_ANGLE',$,IFCLABEL('135.000'),$);
#236= IFCPROPERTYSINGLEVALUE('HOOK_END_LENGTH',$,$,$);
#237= IFCPROPERTYSINGLEVALUE('HOOK_END_ANGLE',$,IFCLABEL('135.000'),$);
#238= IFCPROPERTYSINGLEVALUE('GUID',$,IFCLABEL('0b2472b5-5e51-4dc2-b0b8-c560613736c1'),$);
#239= IFCPROPERTYSINGLEVALUE('GRADE',$,IFCLABEL('ADN-420'),$);
#240= IFCPROPERTYSINGLEVALUE('DIM_L',$,IFCLENGTHMEASURE(1680.),$);
#241= IFCPROPERTYSINGLEVALUE('DIM_E',$,IFCLENGTHMEASURE(64.),$);
#242= IFCPROPERTYSINGLEVALUE('DIM_D',$,IFCLENGTHMEASURE(530.),$);
#243= IFCPROPERTYSINGLEVALUE('DIM_C',$,IFCLENGTHMEASURE(250.),$);
#244= IFCPROPERTYSINGLEVALUE('DIM_B',$,IFCLENGTHMEASURE(530.),$);
#245= IFCPROPERTYSINGLEVALUE('DIM_A',$,IFCLENGTHMEASURE(250.),$);
#246= IFCPROPERTYSINGLEVALUE('DIAMETER_NOMINAL',$,IFCLENGTHMEASURE(8.),$);
#247= IFCPROPERTYSINGLEVALUE('CONCRETE_COVER_ON_PLANE_MIN',$,IFCLENGTHMEASURE(25.),$);
#248= IFCPROPERTYSINGLEVALUE('CC_TARGET',$,IFCLENGTHMEASURE(150.),$);
#249= IFCPROPERTYSINGLEVALUE('CATALOG_NAME',$,IFCLABEL(''),$);
#250= IFCPROPERTYSINGLEVALUE('CAST_UNIT_POS',$,IFCLABEL('Z2'),$);
#251= IFCPROPERTYSINGLEVALUE('ADDED_TO_POUR_UNIT',$,IFCINTEGER(0),$);
#252= IFCPROPERTYSET('0DHDFkKsT9dRND72WsvVcL',#5,'Rebar_properties',$,(#74,#75,#225,#71,#72,#226,#227,#228,#229,#230,#231,#232,#233,#234,#235,#236,#237,#238,#239,#240,#241,#242,#243,#244,#245,#246,#247,#248,#249,#250,#251));
#253= IFCMATERIAL('ADN-420');
#254= IFCCOLOURRGB('Light Green',0.356862745098039,0.592156862745098,0.137254901960784);
#255= IFCSURFACESTYLERENDERING(#254,0.,$,$,$,$,IFCNORMALISEDRATIOMEASURE(0.00390625),IFCSPECULAREXPONENT(10.),.NOTDEFINED.);
#256= IFCSURFACESTYLE('ADN-420',.POSITIVE.,(#255));
#257= IFCPRESENTATIONSTYLEASSIGNMENT((#256));
#258= IFCLINE(#6,#148);
#259= IFCTRIMMEDCURVE(#258,(IFCPARAMETERVALUE(0.)),(IFCPARAMETERVALUE(159.375)),.T.,.PARAMETER.);
#260= IFCCOMPOSITECURVESEGMENT(.CONTINUOUS.,.T.,#259);
#261= IFCCARTESIANPOINT((35.3125,0.,-159.375));
#262= IFCAXIS2PLACEMENT3D(#261,#89,#90);
#263= IFCCIRCLE(#262,35.31);
#264= IFCTRIMMEDCURVE(#263,(IFCPARAMETERVALUE(0.)),(IFCPARAMETERVALUE(1.5707963267949)),.T.,.PARAMETER.);
#265= IFCCOMPOSITECURVESEGMENT(.CONTINUOUS.,.T.,#264);
#266= IFCCARTESIANPOINT((35.3125,0.,-194.6875));
#267= IFCLINE(#266,#158);
#268= IFCTRIMMEDCURVE(#267,(IFCPARAMETERVALUE(0.)),(IFCPARAMETERVALUE(373.75)),.T.,.PARAMETER.);
#269= IFCCOMPOSITECURVESEGMENT(.CONTINUOUS.,.T.,#268);
#270= IFCCARTESIANPOINT((409.0625,0.,-230.));
#271= IFCAXIS2PLACEMENT3D(#270,#8,#9);
#272= IFCCIRCLE(#271,35.31);
#273= IFCTRIMMEDCURVE(#272,(IFCPARAMETERVALUE(0.)),(IFCPARAMETERVALUE(1.5707963267949)),.T.,.PARAMETER.);
#274= IFCCOMPOSITECURVESEGMENT(.CONTINUOUS.,.T.,#273);
#275= IFCCARTESIANPOINT((444.375,0.,-230.));
#276= IFCLINE(#275,#148);
#277= IFCTRIMMEDCURVE(#276,(IFCPARAMETERVALUE(0.)),(IFCPARAMETERVALUE(9.375)),.T.,.PARAMETER.);
#278= IFCCOMPOSITECURVESEGMENT(.DISCONTINUOUS.,.T.,#277);
#279= IFCCOMPOSITECURVE((#260,#265,#269,#274,#278),.F.);
#280= IFCSWEPTDISKSOLID(#279,5.3125,$,0.,545.64159265359);
#281= IFCSTYLEDITEM(#280,(#257),$);
#282= IFCCARTESIANPOINT((0.,0.,194.6875));
#283= IFCCARTESIANTRANSFORMATIONOPERATOR3D($,$,#282,$,$);
#284= IFCSHAPEREPRESENTATION(#12,'Body','AdvancedSweptSolid',(#280));
#285= IFCREPRESENTATIONMAP(#10,#284);
#286= IFCMAPPEDITEM(#285,#283);
#287= IFCSHAPEREPRESENTATION(#12,'Body','MappedRepresentation',(#286));
#288= IFCPRODUCTDEFINITIONSHAPE($,$,(#287));
#289= IFCCARTESIANPOINT((408542.570776719,392904.518369934,-769.687500000036));
#290= IFCAXIS2PLACEMENT3D(#289,#8,#9);
#291= IFCLOCALPLACEMENT(#50,#290);
#292= IFCREINFORCINGBAR('0wAitTMdv2IfiZa9pRqApN',#49,'VERTICAL',$,$,#291,#288,'ID3a2acddd-5a7e-424a-9b23-909cdbd0acd7',$,10.625,0.,$,.NOTDEFINED.,.NULL.);
#293= IFCPROPERTYSINGLEVALUE('WEIGHT_TOTAL_IN_GROUP',$,IFCMASSMEASURE(0.4029),$);
#294= IFCPROPERTYSINGLEVALUE('SHAPE',$,IFCLABEL('F105'),$);
#295= IFCPROPERTYSINGLEVALUE('REBAR_POS',$,IFCLABEL('32'),$);
#296= IFCPROPERTYSINGLEVALUE('NUMBER_OF_BARS_IN_GROUP',$,IFCINTEGER(1),$);
#297= IFCPROPERTYSINGLEVALUE('NAME',$,IFCLABEL('VERTICAL'),$);
#298= IFCPROPERTYSINGLEVALUE('HOOK_START_ANGLE',$,$,$);
#299= IFCPROPERTYSINGLEVALUE('HOOK_END_ANGLE',$,$,$);
#300= IFCPROPERTYSINGLEVALUE('GUID',$,IFCLABEL('3a2acddd-5a7e-424a-9b23-909cdbd0acd7'),$);
#301= IFCPROPERTYSINGLEVALUE('DIM_L',$,IFCLENGTHMEASURE(700.),$);
#302= IFCPROPERTYSINGLEVALUE('DIM_E',$,$,$);
#303= IFCPROPERTYSINGLEVALUE('DIM_D',$,$,$);
#304= IFCPROPERTYSINGLEVALUE('DIM_C',$,IFCLENGTHMEASURE(50.),$);
#305= IFCPROPERTYSINGLEVALUE('DIM_B',$,IFCLENGTHMEASURE(455.),$);
#306= IFCPROPERTYSINGLEVALUE('DIM_A',$,IFCLENGTHMEASURE(200.),$);
#307= IFCPROPERTYSINGLEVALUE('DIAMETER_NOMINAL',$,IFCLENGTHMEASURE(10.),$);
#308= IFCPROPERTYSINGLEVALUE('CONCRETE_COVER_ON_PLANE_MIN',$,IFCLENGTHMEASURE(0.),$);
#309= IFCPROPERTYSINGLEVALUE('CC_TARGET',$,IFCLENGTHMEASURE(0.),$);
#310= IFCPROPERTYSET('2jzJ1v93v9uuBVDSYPzUCW',#5,'Rebar_properties',$,(#74,#75,#225,#71,#72,#293,#294,#295,#296,#230,#231,#297,#233,#234,#298,#236,#299,#300,#239,#301,#302,#303,#304,#305,#306,#307,#308,#309,#249,#250,#251));
#311= IFCSHAPEREPRESENTATION(#12,'Body','AdvancedSweptSolid',(#280));
#312= IFCREPRESENTATIONMAP(#10,#311);
#313= IFCMAPPEDITEM(#312,#283);
#314= IFCSHAPEREPRESENTATION(#12,'Body','MappedRepresentation',(#313));
#315= IFCPRODUCTDEFINITIONSHAPE($,$,(#314));
#316= IFCCARTESIANPOINT((408757.435184167,392904.518369934,-769.687500000036));
#317= IFCAXIS2PLACEMENT3D(#316,#8,#9);
#318= IFCLOCALPLACEMENT(#50,#317);
#319= IFCREINFORCINGBAR('2_FHB2ALrC4wbZB0E9Nn1y',#49,'VERTICAL',$,$,#318,#315,'IDbe3d12c2-295d-4c13-a963-2c03895f107c',$,10.625,0.,$,.NOTDEFINED.,.NULL.);
#320= IFCPROPERTYSINGLEVALUE('GUID',$,IFCLABEL('be3d12c2-295d-4c13-a963-2c03895f107c'),$);
#321= IFCPROPERTYSET('3rM$EBn9PDd9lWnJrbqlCW',#5,'Rebar_properties',$,(#74,#75,#225,#71,#72,#293,#294,#295,#296,#230,#231,#297,#233,#234,#298,#236,#299,#320,#239,#301,#302,#303,#304,#305,#306,#307,#308,#309,#249,#250,#251));
#322= IFCSHAPEREPRESENTATION(#12,'Body','AdvancedSweptSolid',(#280));
#323= IFCREPRESENTATIONMAP(#10,#322);
#324= IFCMAPPEDITEM(#323,#283);
#325= IFCSHAPEREPRESENTATION(#12,'Body','MappedRepresentation',(#324));
#326= IFCPRODUCTDEFINITIONSHAPE($,$,(#325));
#327= IFCCARTESIANPOINT((408542.570776719,392409.653962486,-769.687500000036));
#328= IFCAXIS2PLACEMENT3D(#327,#89,#9);
#329= IFCLOCALPLACEMENT(#50,#328);
#330= IFCREINFORCINGBAR('0H2dml1658vvzaczboITK2',#49,'VERTICAL',$,$,#329,#326,'ID110a7c2f-0461-48e7-9f64-9bd97249d502',$,10.625,0.,$,.NOTDEFINED.,.NULL.);
#331= IFCPROPERTYSINGLEVALUE('GUID',$,IFCLABEL('110a7c2f-0461-48e7-9f64-9bd97249d502'),$);
#332= IFCPROPERTYSET('218DI_FOn8WR9vj4RVL0P8',#5,'Rebar_properties',$,(#74,#75,#225,#71,#72,#293,#294,#295,#296,#230,#231,#297,#233,#234,#298,#236,#299,#331,#239,#301,#302,#303,#304,#305,#306,#307,#308,#309,#249,#250,#251));
#333= IFCSHAPEREPRESENTATION(#12,'Body','AdvancedSweptSolid',(#280));
#334= IFCREPRESENTATIONMAP(#10,#333);
#335= IFCMAPPEDITEM(#334,#283);
#336= IFCSHAPEREPRESENTATION(#12,'Body','MappedRepresentation',(#335));
#337= IFCPRODUCTDEFINITIONSHAPE($,$,(#336));
#338= IFCCARTESIANPOINT((408757.435184167,392409.653962486,-769.687500000036));
#339= IFCAXIS2PLACEMENT3D(#338,#89,#9);
#340= IFCLOCALPLACEMENT(#50,#339);
#341= IFCREINFORCINGBAR('39o2g9hobF1vM9mlt6qkql',#49,'VERTICAL',$,$,#340,#337,'IDc9c82a89-af29-4f07-9589-c2fdc6d2ed2f',$,10.625,0.,$,.NOTDEFINED.,.NULL.);
#342= IFCPROPERTYSINGLEVALUE('GUID',$,IFCLABEL('c9c82a89-af29-4f07-9589-c2fdc6d2ed2f'),$);
#343= IFCPROPERTYSET('1K7kHzOCvBwREaOzvJaY9P',#5,'Rebar_properties',$,(#74,#75,#225,#71,#72,#293,#294,#295,#296,#230,#231,#297,#233,#234,#298,#236,#299,#342,#239,#301,#302,#303,#304,#305,#306,#307,#308,#309,#249,#250,#251));
#344= IFCCOLOURRGB('Light Blue',0.23921568627451,0.,0.63921568627451);
#345= IFCSURFACESTYLERENDERING(#344,0.,$,$,$,$,IFCNORMALISEDRATIOMEASURE(0.00390625),IFCSPECULAREXPONENT(10.),.NOTDEFINED.);
#346= IFCSURFACESTYLE('ADN-420',.POSITIVE.,(#345));
#347= IFCPRESENTATIONSTYLEASSIGNMENT((#346));
#348= IFCSWEPTDISKSOLID(#279,5.3125,$,0.,545.64159265359);
#349= IFCSTYLEDITEM(#348,(#347),$);
#350= IFCSHAPEREPRESENTATION(#12,'Body','AdvancedSweptSolid',(#348));
#351= IFCREPRESENTATIONMAP(#10,#350);
#352= IFCMAPPEDITEM(#351,#283);
#353= IFCSHAPEREPRESENTATION(#12,'Body','MappedRepresentation',(#352));
#354= IFCPRODUCTDEFINITIONSHAPE($,$,(#353));
#355= IFCCARTESIANPOINT((408662.570776719,392908.14866621,-769.687500000036));
#356= IFCAXIS2PLACEMENT3D(#355,#8,#9);
#357= IFCLOCALPLACEMENT(#50,#356);
#358= IFCREINFORCINGBAR('0toa1CvST3mw$WsWZit5vz',#49,'VERTICAL',$,$,#357,#354,'ID37ca404c-e5c7-43c3-afe0-da08ecdc5e7d',$,10.625,0.,$,.NOTDEFINED.,.NULL.);
#359= IFCPROPERTYSINGLEVALUE('GUID',$,IFCLABEL('37ca404c-e5c7-43c3-afe0-da08ecdc5e7d'),$);
#360= IFCPROPERTYSET('0VfidHJuv5hQ_gDPCL3haM',#5,'Rebar_properties',$,(#74,#75,#225,#71,#72,#293,#294,#295,#296,#230,#231,#297,#233,#234,#298,#236,#299,#359,#239,#301,#302,#303,#304,#305,#306,#307,#308,#309,#249,#250,#251));
#361= IFCSHAPEREPRESENTATION(#12,'Body','AdvancedSweptSolid',(#348));
#362= IFCREPRESENTATIONMAP(#10,#361);
#363= IFCMAPPEDITEM(#362,#283);
#364= IFCSHAPEREPRESENTATION(#12,'Body','MappedRepresentation',(#363));
#365= IFCPRODUCTDEFINITIONSHAPE($,$,(#364));
#366= IFCCARTESIANPOINT((408662.570776719,392406.02366621,-769.687500000036));
#367= IFCAXIS2PLACEMENT3D(#366,#89,#9);
#368= IFCLOCALPLACEMENT(#50,#367);
#369= IFCREINFORCINGBAR('1hwAZ0e6bAy8ppCRYNyXO9',#49,'VERTICAL',$,$,#368,#365,'ID6be8a8c0-a069-4af0-8cf3-31b897f21609',$,10.625,0.,$,.NOTDEFINED.,.NULL.);
#370= IFCPROPERTYSINGLEVALUE('GUID',$,IFCLABEL('6be8a8c0-a069-4af0-8cf3-31b897f21609'),$);
#371= IFCPROPERTYSET('054KGgGkb0lODDSbA6Nven',#5,'Rebar_properties',$,(#74,#75,#225,#71,#72,#293,#294,#295,#296,#230,#231,#297,#233,#234,#298,#236,#299,#370,#239,#301,#302,#303,#304,#305,#306,#307,#308,#309,#249,#250,#251));
#372= IFCSHAPEREPRESENTATION(#12,'Body','AdvancedSweptSolid',(#348));
#373= IFCREPRESENTATIONMAP(#10,#372);
#374= IFCMAPPEDITEM(#373,#283);
#375= IFCCARTESIANPOINT((0.,-100.,194.6875));
#376= IFCCARTESIANTRANSFORMATIONOPERATOR3D($,$,#375,$,$);
#377= IFCSHAPEREPRESENTATION(#12,'Body','AdvancedSweptSolid',(#348));
#378= IFCREPRESENTATIONMAP(#10,#377);
#379= IFCMAPPEDITEM(#378,#376);
#380= IFCCARTESIANPOINT((0.,-200.,194.6875));
#381= IFCCARTESIANTRANSFORMATIONOPERATOR3D($,$,#380,$,$);
#382= IFCSHAPEREPRESENTATION(#12,'Body','AdvancedSweptSolid',(#348));
#383= IFCREPRESENTATIONMAP(#10,#382);
#384= IFCMAPPEDITEM(#383,#381);
#385= IFCCARTESIANPOINT((0.,-300.,194.6875));
#386= IFCCARTESIANTRANSFORMATIONOPERATOR3D($,$,#385,$,$);
#387= IFCSHAPEREPRESENTATION(#12,'Body','AdvancedSweptSolid',(#348));
#388= IFCREPRESENTATIONMAP(#10,#387);
#389= IFCMAPPEDITEM(#388,#386);
#390= IFCSHAPEREPRESENTATION(#12,'Body','MappedRepresentation',(#374,#379,#384,#389));
#391= IFCPRODUCTDEFINITIONSHAPE($,$,(#390));
#392= IFCCARTESIANPOINT((408538.940480443,392804.518369934,-769.687500000036));
#393= IFCAXIS2PLACEMENT3D(#392,#90,#9);
#394= IFCLOCALPLACEMENT(#50,#393);
#395= IFCREINFORCINGBAR('0W4CgpETv8EPc5$5PjY_3y',#49,'VERTICAL',$,$,#394,#391,'ID2010cab3-39de-4839-9985-fc566d8be0fc',$,10.625,0.,$,.NOTDEFINED.,.NULL.);
#396= IFCPROPERTYSINGLEVALUE('WEIGHT_TOTAL_IN_GROUP',$,IFCMASSMEASURE(1.61222),$);
#397= IFCPROPERTYSINGLEVALUE('NUMBER_OF_BARS_IN_GROUP',$,IFCINTEGER(4),$);
#398= IFCPROPERTYSINGLEVALUE('GUID',$,IFCLABEL('2010cab3-39de-4839-9985-fc566d8be0fc'),$);
#399= IFCPROPERTYSINGLEVALUE('CC_TARGET',$,IFCLENGTHMEASURE(100.),$);
#400= IFCPROPERTYSET('0p5QEBsDL0EOAaZvxEpr1R',#5,'Rebar_properties',$,(#74,#75,#225,#71,#72,#396,#294,#295,#397,#230,#231,#297,#233,#234,#298,#236,#299,#398,#239,#301,#302,#303,#304,#305,#306,#307,#308,#399,#249,#250,#251));
#401= IFCSHAPEREPRESENTATION(#12,'Body','AdvancedSweptSolid',(#348));
#402= IFCREPRESENTATIONMAP(#10,#401);
#403= IFCMAPPEDITEM(#402,#283);
#404= IFCCARTESIANPOINT((0.,100.,194.6875));
#405= IFCCARTESIANTRANSFORMATIONOPERATOR3D($,$,#404,$,$);
#406= IFCSHAPEREPRESENTATION(#12,'Body','AdvancedSweptSolid',(#348));
#407= IFCREPRESENTATIONMAP(#10,#406);
#408= IFCMAPPEDITEM(#407,#405);
#409= IFCCARTESIANPOINT((0.,200.,194.6875));
#410= IFCCARTESIANTRANSFORMATIONOPERATOR3D($,$,#409,$,$);
#411= IFCSHAPEREPRESENTATION(#12,'Body','AdvancedSweptSolid',(#348));
#412= IFCREPRESENTATIONMAP(#10,#411);
#413= IFCMAPPEDITEM(#412,#410);
#414= IFCCARTESIANPOINT((0.,300.,194.6875));
#415= IFCCARTESIANTRANSFORMATIONOPERATOR3D($,$,#414,$,$);
#416= IFCSHAPEREPRESENTATION(#12,'Body','AdvancedSweptSolid',(#348));
#417= IFCREPRESENTATIONMAP(#10,#416);
#418= IFCMAPPEDITEM(#417,#415);
#419= IFCSHAPEREPRESENTATION(#12,'Body','MappedRepresentation',(#403,#408,#413,#418));
#420= IFCPRODUCTDEFINITIONSHAPE($,$,(#419));
#421= IFCCARTESIANPOINT((408761.065480443,392804.518369934,-769.687500000036));
#422= IFCAXIS2PLACEMENT3D(#421,#7,#9);
#423= IFCLOCALPLACEMENT(#50,#422);
#424= IFCREINFORCINGBAR('115oeSG9HEFPVAPhejLhSv',#49,'VERTICAL',$,$,#423,#420,'ID41172a1c-4094-4e3d-97ca-66ba2d56b739',$,10.625,0.,$,.NOTDEFINED.,.NULL.);
#425= IFCPROPERTYSINGLEVALUE('GUID',$,IFCLABEL('41172a1c-4094-4e3d-97ca-66ba2d56b739'),$);
#426= IFCPROPERTYSET('1QZf9LIDr9CB8mGO5WWFVK',#5,'Rebar_properties',$,(#74,#75,#225,#71,#72,#396,#294,#295,#397,#230,#231,#297,#233,#234,#298,#236,#299,#425,#239,#301,#302,#303,#304,#305,#306,#307,#308,#399,#249,#250,#251));
#427= IFCLOCALPLACEMENT(#44,#10);
#428= IFCELEMENTASSEMBLY('0UuEolwhz79BWiIYNlrmil',#49,'SOPORTES PCP01',$,$,#427,$,'Z2',.NOTDEFINED.,.NOTDEFINED.);
#429= IFCPROPERTYSINGLEVALUE('COG_Y_BASEPOINT',$,IFCLENGTHMEASURE(392656.98627),$);
#430= IFCPROPERTYSINGLEVALUE('COG_X_BASEPOINT',$,IFCLENGTHMEASURE(409850.00005),$);
#431= IFCPROPERTYSINGLEVALUE('GUID',$,IFCLABEL('1ee0ecaf-eabf-4724-b82c-4a25efd70b2f'),$);
#432= IFCPROPERTYSET('3WDQBmtTLA8v5HzP206Iod',#5,'Fundacion',$,(#52,#53,#54,#55,#56,#429,#430,#59,#60,#61,#62,#63,#64,#65,#66,#67,#68,#69,#70,#71,#72,#73,#74,#75,#76,#431));
#433= IFCBOOLEANRESULT(.DIFFERENCE.,#93,#101);
#434= IFCSHAPEREPRESENTATION(#12,'Body','CSG',(#433));
#435= IFCPRODUCTDEFINITIONSHAPE($,$,(#434));
#436= IFCCARTESIANPOINT((409850.000047894,392656.986268825,-649.999999999985));
#437= IFCAXIS2PLACEMENT3D(#436,#8,#9);
#438= IFCLOCALPLACEMENT(#427,#437);
#439= IFCFOOTING('2iFKtn7i10nvYf_vf15A8U',#49,'SOPORTES PCP01','580*300',$,#438,#435,'IDac3d4df1-1ec0-40c7-98a9-fb9a4114a21e',.PAD_FOOTING.);
#440= IFCPROPERTYSINGLEVALUE('GUID',$,IFCLABEL('ac3d4df1-1ec0-40c7-98a9-fb9a4114a21e'),$);
#441= IFCPROPERTYSET('2EbU61P$bCRRwLz95wHQ1F',#5,'Fundacion',$,(#110,#111,#112,#55,#56,#429,#430,#59,#60,#61,#62,#63,#64,#65,#66,#67,#68,#69,#70,#71,#72,#113,#74,#75,#76,#440));
#442= IFCSHAPEREPRESENTATION(#12,'Body','AdvancedSweptSolid',(#202));
#443= IFCREPRESENTATIONMAP(#10,#442);
#444= IFCMAPPEDITEM(#443,#205);
#445= IFCSHAPEREPRESENTATION(#12,'Body','AdvancedSweptSolid',(#202));
#446= IFCREPRESENTATIONMAP(#10,#445);
#447= IFCMAPPEDITEM(#446,#210);
#448= IFCSHAPEREPRESENTATION(#12,'Body','AdvancedSweptSolid',(#202));
#449= IFCREPRESENTATIONMAP(#10,#448);
#450= IFCMAPPEDITEM(#449,#215);
#451= IFCSHAPEREPRESENTATION(#12,'Body','MappedRepresentation',(#444,#447,#450));
#452= IFCPRODUCTDEFINITIONSHAPE($,$,(#451));
#453= IFCCARTESIANPOINT((409700.000047894,392366.986268825,-624.999999999985));
#454= IFCAXIS2PLACEMENT3D(#453,#7,#8);
#455= IFCLOCALPLACEMENT(#427,#454);
#456= IFCREINFORCINGBAR('0YmdYwWSL3lftx44EE7rQQ',#49,'ESTRIBO',$,$,#455,#452,'ID22c278ba-81c5-43be-9dfb-10438e1f569a',$,8.625,0.,$,.NOTDEFINED.,.NULL.);
#457= IFCPROPERTYSINGLEVALUE('GUID',$,IFCLABEL('22c278ba-81c5-43be-9dfb-10438e1f569a'),$);
#458= IFCPROPERTYSET('2OdRQyxz97xA8YGsUkA453',#5,'Rebar_properties',$,(#74,#75,#225,#71,#72,#226,#227,#228,#229,#230,#231,#232,#233,#234,#235,#236,#237,#457,#239,#240,#241,#242,#243,#244,#245,#246,#247,#248,#249,#250,#251));
#459= IFCSHAPEREPRESENTATION(#12,'Body','AdvancedSweptSolid',(#280));
#460= IFCREPRESENTATIONMAP(#10,#459);
#461= IFCMAPPEDITEM(#460,#283);
#462= IFCSHAPEREPRESENTATION(#12,'Body','MappedRepresentation',(#461));
#463= IFCPRODUCTDEFINITIONSHAPE($,$,(#462));
#464= IFCCARTESIANPOINT((409742.56784417,392904.418472549,-769.687499999985));
#465= IFCAXIS2PLACEMENT3D(#464,#8,#9);
#466= IFCLOCALPLACEMENT(#427,#465);
#467= IFCREINFORCINGBAR('2JyGWZQGbAlBDqwlYxG3B4',#49,'VERTICAL',$,$,#466,#463,'ID93f10823-6909-4abc-b374-eaf8bb4032c4',$,10.625,0.,$,.NOTDEFINED.,.NULL.);
#468= IFCPROPERTYSINGLEVALUE('GUID',$,IFCLABEL('93f10823-6909-4abc-b374-eaf8bb4032c4'),$);
#469= IFCPROPERTYSET('2b8kkmsjvAM80EOV59UBkr',#5,'Rebar_properties',$,(#74,#75,#225,#71,#72,#293,#294,#295,#296,#230,#231,#297,#233,#234,#298,#236,#299,#468,#239,#301,#302,#303,#304,#305,#306,#307,#308,#309,#249,#250,#251));
#470= IFCSHAPEREPRESENTATION(#12,'Body','AdvancedSweptSolid',(#280));
#471= IFCREPRESENTATIONMAP(#10,#470);
#472= IFCMAPPEDITEM(#471,#283);
#473= IFCSHAPEREPRESENTATION(#12,'Body','MappedRepresentation',(#472));
#474= IFCPRODUCTDEFINITIONSHAPE($,$,(#473));
#475= IFCCARTESIANPOINT((409957.432251618,392904.418472549,-769.687499999985));
#476= IFCAXIS2PLACEMENT3D(#475,#8,#9);
#477= IFCLOCALPLACEMENT(#427,#476);
#478= IFCREINFORCINGBAR('0MU3JAVd9FL8Esd4JYDVcn',#49,'VERTICAL',$,$,#477,#474,'ID167834ca-7e72-4f54-83b6-9c44e235f9b1',$,10.625,0.,$,.NOTDEFINED.,.NULL.);
#479= IFCPROPERTYSINGLEVALUE('GUID',$,IFCLABEL('167834ca-7e72-4f54-83b6-9c44e235f9b1'),$);
#480= IFCPROPERTYSET('1IuhvZ$MnEcRPwBC7syS9K',#5,'Rebar_properties',$,(#74,#75,#225,#71,#72,#293,#294,#295,#296,#230,#231,#297,#233,#234,#298,#236,#299,#479,#239,#301,#302,#303,#304,#305,#306,#307,#308,#309,#249,#250,#251));
#481= IFCSHAPEREPRESENTATION(#12,'Body','AdvancedSweptSolid',(#280));
#482= IFCREPRESENTATIONMAP(#10,#481);
#483= IFCMAPPEDITEM(#482,#283);
#484= IFCSHAPEREPRESENTATION(#12,'Body','MappedRepresentation',(#483));
#485= IFCPRODUCTDEFINITIONSHAPE($,$,(#484));
#486= IFCCARTESIANPOINT((409742.56784417,392409.554065102,-769.687499999985));
#487= IFCAXIS2PLACEMENT3D(#486,#89,#9);
#488= IFCLOCALPLACEMENT(#427,#487);
#489= IFCREINFORCINGBAR('0t_EIACRPB890t_2g6bXZK',#49,'VERTICAL',$,$,#488,#485,'ID37f8e48a-31b6-4b20-9037-f82a869618d4',$,10.625,0.,$,.NOTDEFINED.,.NULL.);
#490= IFCPROPERTYSINGLEVALUE('GUID',$,IFCLABEL('37f8e48a-31b6-4b20-9037-f82a869618d4'),$);
#491= IFCPROPERTYSET('3SMVO66A58kORkkDxhNw2I',#5,'Rebar_properties',$,(#74,#75,#225,#71,#72,#293,#294,#295,#296,#230,#231,#297,#233,#234,#298,#236,#299,#490,#239,#301,#302,#303,#304,#305,#306,#307,#308,#309,#249,#250,#251));
#492= IFCSHAPEREPRESENTATION(#12,'Body','AdvancedSweptSolid',(#280));
#493= IFCREPRESENTATIONMAP(#10,#492);
#494= IFCMAPPEDITEM(#493,#283);
#495= IFCSHAPEREPRESENTATION(#12,'Body','MappedRepresentation',(#494));
#496= IFCPRODUCTDEFINITIONSHAPE($,$,(#495));
#497= IFCCARTESIANPOINT((409957.432251618,392409.554065102,-769.687499999985));
#498= IFCAXIS2PLACEMENT3D(#497,#89,#9);
#499= IFCLOCALPLACEMENT(#427,#498);
#500= IFCREINFORCINGBAR('11FY87HI1BqBcr3tuKunPZ',#49,'VERTICAL',$,$,#499,#496,'ID413e2207-4520-4bd0-b9b5-0f7e14e31663',$,10.625,0.,$,.NOTDEFINED.,.NULL.);
#501= IFCPROPERTYSINGLEVALUE('GUID',$,IFCLABEL('413e2207-4520-4bd0-b9b5-0f7e14e31663'),$);
#502= IFCPROPERTYSET('2fC_jONeXBmw_OWuqY7Xyn',#5,'Rebar_properties',$,(#74,#75,#225,#71,#72,#293,#294,#295,#296,#230,#231,#297,#233,#234,#298,#236,#299,#501,#239,#301,#302,#303,#304,#305,#306,#307,#308,#309,#249,#250,#251));
#503= IFCSHAPEREPRESENTATION(#12,'Body','AdvancedSweptSolid',(#348));
#504= IFCREPRESENTATIONMAP(#10,#503);
#505= IFCMAPPEDITEM(#504,#283);
#506= IFCSHAPEREPRESENTATION(#12,'Body','MappedRepresentation',(#505));
#507= IFCPRODUCTDEFINITIONSHAPE($,$,(#506));
#508= IFCCARTESIANPOINT((409862.56784417,392908.048768825,-769.687499999985));
#509= IFCAXIS2PLACEMENT3D(#508,#8,#9);
#510= IFCLOCALPLACEMENT(#427,#509);
#511= IFCREINFORCINGBAR('0CaOCqxbTBzAcex70nQLF5',#49,'VERTICAL',$,$,#510,#507,'ID0c918334-ee57-4bf4-a9a8-ec70316953c5',$,10.625,0.,$,.NOTDEFINED.,.NULL.);
#512= IFCPROPERTYSINGLEVALUE('GUID',$,IFCLABEL('0c918334-ee57-4bf4-a9a8-ec70316953c5'),$);
#513= IFCPROPERTYSET('3T4Hg$gjn1WOOEWD1Ppf4j',#5,'Rebar_properties',$,(#74,#75,#225,#71,#72,#293,#294,#295,#296,#230,#231,#297,#233,#234,#298,#236,#299,#512,#239,#301,#302,#303,#304,#305,#306,#307,#308,#309,#249,#250,#251));
#514= IFCSHAPEREPRESENTATION(#12,'Body','AdvancedSweptSolid',(#348));
#515= IFCREPRESENTATIONMAP(#10,#514);
#516= IFCMAPPEDITEM(#515,#283);
#517= IFCSHAPEREPRESENTATION(#12,'Body','MappedRepresentation',(#516));
#518= IFCPRODUCTDEFINITIONSHAPE($,$,(#517));
#519= IFCCARTESIANPOINT((409862.56784417,392405.923768825,-769.687499999985));
#520= IFCAXIS2PLACEMENT3D(#519,#89,#9);
#521= IFCLOCALPLACEMENT(#427,#520);
#522= IFCREINFORCINGBAR('3kYincmun6RxaPA0OUhYQM',#49,'VERTICAL',$,$,#521,#518,'IDee8acc66-c38c-466f-b919-28061eae2696',$,10.625,0.,$,.NOTDEFINED.,.NULL.);
#523= IFCPROPERTYSINGLEVALUE('GUID',$,IFCLABEL('ee8acc66-c38c-466f-b919-28061eae2696'),$);
#524= IFCPROPERTYSET('0AC1lL$yj8uuSQH7R7OEg$',#5,'Rebar_properties',$,(#74,#75,#225,#71,#72,#293,#294,#295,#296,#230,#231,#297,#233,#234,#298,#236,#299,#523,#239,#301,#302,#303,#304,#305,#306,#307,#308,#309,#249,#250,#251));
#525= IFCSHAPEREPRESENTATION(#12,'Body','AdvancedSweptSolid',(#348));
#526= IFCREPRESENTATIONMAP(#10,#525);
#527= IFCMAPPEDITEM(#526,#283);
#528= IFCSHAPEREPRESENTATION(#12,'Body','AdvancedSweptSolid',(#348));
#529= IFCREPRESENTATIONMAP(#10,#528);
#530= IFCMAPPEDITEM(#529,#376);
#531= IFCSHAPEREPRESENTATION(#12,'Body','AdvancedSweptSolid',(#348));
#532= IFCREPRESENTATIONMAP(#10,#531);
#533= IFCMAPPEDITEM(#532,#381);
#534= IFCSHAPEREPRESENTATION(#12,'Body','AdvancedSweptSolid',(#348));
#535= IFCREPRESENTATIONMAP(#10,#534);
#536= IFCMAPPEDITEM(#535,#386);
#537= IFCSHAPEREPRESENTATION(#12,'Body','MappedRepresentation',(#527,#530,#533,#536));
#538= IFCPRODUCTDEFINITIONSHAPE($,$,(#537));
#539= IFCCARTESIANPOINT((409738.937547894,392804.418472549,-769.687499999985));
#540= IFCAXIS2PLACEMENT3D(#539,#90,#9);
#541= IFCLOCALPLACEMENT(#427,#540);
#542= IFCREINFORCINGBAR('0v6QJgTgbBgQjuQib1d$ci',#49,'VERTICAL',$,$,#541,#538,'ID3919a4ea-76a9-4ba9-ab78-6ac9419ff9ac',$,10.625,0.,$,.NOTDEFINED.,.NULL.);
#543= IFCPROPERTYSINGLEVALUE('GUID',$,IFCLABEL('3919a4ea-76a9-4ba9-ab78-6ac9419ff9ac'),$);
#544= IFCPROPERTYSET('1yAfeLWivCExFMReQlg$AJ',#5,'Rebar_properties',$,(#74,#75,#225,#71,#72,#396,#294,#295,#397,#230,#231,#297,#233,#234,#298,#236,#299,#543,#239,#301,#302,#303,#304,#305,#306,#307,#308,#399,#249,#250,#251));
#545= IFCSHAPEREPRESENTATION(#12,'Body','AdvancedSweptSolid',(#348));
#546= IFCREPRESENTATIONMAP(#10,#545);
#547= IFCMAPPEDITEM(#546,#283);
#548= IFCSHAPEREPRESENTATION(#12,'Body','AdvancedSweptSolid',(#348));
#549= IFCREPRESENTATIONMAP(#10,#548);
#550= IFCMAPPEDITEM(#549,#405);
#551= IFCSHAPEREPRESENTATION(#12,'Body','AdvancedSweptSolid',(#348));
#552= IFCREPRESENTATIONMAP(#10,#551);
#553= IFCMAPPEDITEM(#552,#410);
#554= IFCSHAPEREPRESENTATION(#12,'Body','AdvancedSweptSolid',(#348));
#555= IFCREPRESENTATIONMAP(#10,#554);
#556= IFCMAPPEDITEM(#555,#415);
#557= IFCSHAPEREPRESENTATION(#12,'Body','MappedRepresentation',(#547,#550,#553,#556));
#558= IFCPRODUCTDEFINITIONSHAPE($,$,(#557));
#559= IFCCARTESIANPOINT((409961.062547894,392804.418472549,-769.687499999985));
#560= IFCAXIS2PLACEMENT3D(#559,#7,#9);
#561= IFCLOCALPLACEMENT(#427,#560);
#562= IFCREINFORCINGBAR('3Eit1zEd5E3gUvF8u6SOyO',#49,'VERTICAL',$,$,#561,#558,'IDceb3707d-3a71-4e0e-a7b9-3c8e06718f18',$,10.625,0.,$,.NOTDEFINED.,.NULL.);
#563= IFCPROPERTYSINGLEVALUE('GUID',$,IFCLABEL('ceb3707d-3a71-4e0e-a7b9-3c8e06718f18'),$);
#564= IFCPROPERTYSET('2t0wP9UDP3KAFGrl6WmgjK',#5,'Rebar_properties',$,(#74,#75,#225,#71,#72,#396,#294,#295,#397,#230,#231,#297,#233,#234,#298,#236,#299,#563,#239,#301,#302,#303,#304,#305,#306,#307,#308,#399,#249,#250,#251));
#565= IFCOWNERHISTORY(#3,#4,$,.NOCHANGE.,$,$,$,1773331200);
#566= IFCOWNERHISTORY(#3,#4,$,.NOCHANGE.,$,$,$,1773309600);
#567= IFCLOCALPLACEMENT(#44,#10);
#568= IFCELEMENTASSEMBLY('1EmygdArDFPg3SQVwyLB4j',#49,'VIGA',$,$,#567,$,'V0(?)',.NOTDEFINED.,.NOTDEFINED.);
#569= IFCPROPERTYSINGLEVALUE('AREA_FORM_BOTTOM',$,IFCAREAMEASURE(0.),$);
#570= IFCPROPERTYSINGLEVALUE('TOP_LEVEL_BASEPOINT',$,IFCLABEL(' +99.360'),$);
#571= IFCPROPERTYSINGLEVALUE('COG_Y_BASEPOINT',$,IFCLENGTHMEASURE(392659.5),$);
#572= IFCPROPERTYSINGLEVALUE('COG_X_BASEPOINT',$,IFCLENGTHMEASURE(407950.),$);
#573= IFCPROPERTYSINGLEVALUE('WEIGHT_NET',$,IFCMASSMEASURE(0.00555),$);
#574= IFCPROPERTYSINGLEVALUE('VOLUME_NET',$,IFCVOLUMEMEASURE(0.),$);
#575= IFCPROPERTYSINGLEVALUE('HISTORY.CREATED',$,IFCLABEL('11.03.2026 16:28:56'),$);
#576= IFCPROPERTYSINGLEVALUE('GUID',$,IFCLABEL('4ec3caa7-2b53-4f66-a0dc-69febc54b12d'),$);
#577= IFCPROPERTYSET('3FR9RBb$nAWegDpuskW4vB',#5,'Fundacion',$,(#569,#111,#112,#55,#570,#571,#572,#573,#574,#61,#62,#63,#64,#65,#66,#67,#68,#69,#70,#71,#575,#73,#74,#75,#76,#576));
#578= IFCQUANTITYLENGTH('Width',$,$,10.);
#579= IFCELEMENTQUANTITY('2aZ65lgP92UuN_We4w3Cbt',#5,'BaseQuantities',$,$,(#578));
#580= IFCCOLOURRGB('Light Gray',0.615686274509804,0.615686274509804,0.611764705882353);
#581= IFCSURFACESTYLERENDERING(#580,0.,$,$,$,$,IFCNORMALISEDRATIOMEASURE(0.00390625),IFCSPECULAREXPONENT(10.),.NOTDEFINED.);
#582= IFCSURFACESTYLE('STEEL/F24',.POSITIVE.,(#581));
#583= IFCPRESENTATIONSTYLEASSIGNMENT((#582));
#584= IFCCIRCLEPROFILEDEF(.AREA.,'D10',#87,5.);
#585= IFCCARTESIANPOINT((9.99841308608404,0.,0.));
#586= IFCAXIS2PLACEMENT3D(#585,#90,#89);
#587= IFCEXTRUDEDAREASOLID(#584,#586,#9,10.);
#588= IFCSHAPEREPRESENTATION(#12,'Body','SweptSolid',(#587));
#589= IFCSTYLEDITEM(#587,(#583),$);
#590= IFCPRODUCTDEFINITIONSHAPE($,$,(#588));
#591= IFCCARTESIANPOINT((407950.000000225,392659.500000302,-649.998413085858));
#592= IFCAXIS2PLACEMENT3D(#591,#90,#9);
#593= IFCLOCALPLACEMENT(#567,#592);
#594= IFCBEAM('3_iPk647j1F8xfm4rPrDyi',#49,'VIGA','D10','BEAM',#593,#590,'Pr0(?)');
#595= IFCBEAMTYPE('3EouWrorbFVwP6iiWq1U$e',#5,'D10',$,$,$,$,$,$,.NOTDEFINED.);
#596= IFCPROPERTYSINGLEVALUE('AREA_FORM_TOP',$,IFCAREAMEASURE(0.),$);
#597= IFCPROPERTYSINGLEVALUE('ATT_303_PROVEEDOR_F',$,$,$);
#598= IFCPROPERTYSINGLEVALUE('ATT_301_SUPPLIER_HY',$,$,$);
#599= IFCPROPERTYSINGLEVALUE('ATT_301_OWNER_HYTEC',$,$,$);
#600= IFCPROPERTYSINGLEVALUE('PROFILE_WEIGHT',$,IFCMASSMEASURE(0.00555),$);
#601= IFCPROPERTYSINGLEVALUE('PROFILE_TYPE',$,IFCLABEL('RU'),$);
#602= IFCPROPERTYSINGLEVALUE('HAS_HOLES',$,IFCINTEGER(0),$);
#603= IFCPROPERTYSINGLEVALUE('HAS_CONNECTIONS',$,IFCINTEGER(0),$);
#604= IFCPROPERTYSINGLEVALUE('RADIUS',$,IFCREAL(0.),$);
#605= IFCPROPERTYSINGLEVALUE('PROFILE',$,IFCLABEL('D10'),$);
#606= IFCPROPERTYSINGLEVALUE('NAME',$,IFCLABEL('VIGA'),$);
#607= IFCPROPERTYSINGLEVALUE('MODEL_TOTAL',$,IFCINTEGER(4),$);
#608= IFCPROPERTYSINGLEVALUE('MATERIAL',$,IFCLABEL('F24'),$);
#609= IFCPROPERTYSINGLEVALUE('LENGTH_NET',$,IFCLENGTHMEASURE(9.99841),$);
#610= IFCPROPERTYSINGLEVALUE('HEIGHT',$,IFCLENGTHMEASURE(10.),$);
#611= IFCPROPERTYSINGLEVALUE('GUID',$,IFCLABEL('feb19b86-107b-413c-8ee9-c04d59d4df2c'),$);
#612= IFCPROPERTYSINGLEVALUE('DIMENSION_B',$,$,$);
#613= IFCPROPERTYSINGLEVALUE('DIMENSION_A',$,$,$);
#614= IFCPROPERTYSINGLEVALUE('COMMENT',$,IFCLABEL(''),$);
#615= IFCPROPERTYSINGLEVALUE('CAST_UNIT_POS',$,IFCLABEL('V0(?)'),$);
#616= IFCPROPERTYSINGLEVALUE('ASSEMBLY_PREFIX',$,IFCLABEL('V'),$);
#617= IFCPROPERTYSINGLEVALUE('ASSEMBLY_TOP_LEVEL_BASEPOINT',$,IFCLABEL(' +99.360'),$);
#618= IFCPROPERTYSINGLEVALUE('ASSEMBLY_POS',$,IFCLABEL('V0(?)'),$);
#619= IFCPROPERTYSINGLEVALUE('ASSEMBLY_DEFAULT_PREFIX',$,IFCLABEL('V'),$);
#620= IFCPROPERTYSINGLEVALUE('ASSEMBLY_BOTTOM_LEVEL_BASEPOINT',$,IFCLABEL(' +99.350'),$);
#621= IFCPROPERTYSET('12qZWtfw56BBkWFWcwSuLN',#5,'VIGAS',$,(#596,#569,#61,#62,#597,#65,#64,#66,#67,#598,#599,#70,#74,#75,#76,#71,#575,#600,#601,#602,#603,#574,#570,#604,#605,#606,#607,#608,#609,#610,#611,#612,#613,#614,#571,#572,#615,#55,#616,#617,#618,#619,#620));
#622= IFCPROPERTYSINGLEVALUE('LoadBearing',$,IFCBOOLEAN(.F.),$);
#623= IFCPROPERTYSINGLEVALUE('Reference',$,IFCIDENTIFIER('Pr0(?)'),$);
#624= IFCPROPERTYSET('3FD_ROkUfE$AmsJIBjNQZ5',#5,'Pset_BeamCommon','Common Properties to beam elements',(#622,#623));
#625= IFCQUANTITYLENGTH('Length',$,$,9.99841308608404);
#626= IFCQUANTITYAREA('OuterSurfaceArea',$,$,0.000447519519276243);
#627= IFCQUANTITYVOLUME('NetVolume',$,$,7.06994569427434E-07);
#628= IFCQUANTITYWEIGHT('NetWeight',$,$,0.00554990737000536);
#629= IFCELEMENTQUANTITY('24MTjP6ZX4yutbYUVGDbhw',#5,'BaseQuantities',$,$,(#625,#626,#627,#628));
#630= IFCMATERIAL('STEEL/F24');
#631= IFCOWNERHISTORY(#3,#4,$,.NOCHANGE.,$,$,$,1776884400);
#632= IFCLOCALPLACEMENT(#44,#10);
#633= IFCELEMENTASSEMBLY('18OqCHvVr7OOc_qt9qS_km',#631,'VIGA',$,$,#632,$,'V0(?)',.NOTDEFINED.,.NOTDEFINED.);
#634= IFCPROPERTYSINGLEVALUE('COG_Y_BASEPOINT',$,IFCLENGTHMEASURE(394184.00061),$);
#635= IFCPROPERTYSINGLEVALUE('COG_X_BASEPOINT',$,IFCLENGTHMEASURE(410000.),$);
#636= IFCPROPERTYSINGLEVALUE('HISTORY.MODIFIED',$,IFCLABEL('22.04.2026 16:00:02'),$);
#637= IFCPROPERTYSINGLEVALUE('GUID',$,IFCLABEL('48634311-e5fd-4761-89be-d3727473ebb0'),$);
#638= IFCPROPERTYSET('2A9s5aCiTDifAitYnDv7L1',#5,'Fundacion',$,(#569,#111,#112,#55,#570,#634,#635,#573,#574,#61,#62,#63,#64,#65,#66,#67,#68,#69,#70,#71,#575,#73,#74,#75,#636,#637));
#639= IFCSHAPEREPRESENTATION(#12,'Body','SweptSolid',(#587));
#640= IFCPRODUCTDEFINITIONSHAPE($,$,(#639));
#641= IFCCARTESIANPOINT((410000.000000225,394184.000610653,-649.998413085866));
#642= IFCAXIS2PLACEMENT3D(#641,#90,#9);
#643= IFCLOCALPLACEMENT(#632,#642);
#644= IFCBEAM('1sOdhRqXH5mOliw$lsi8Ei',#631,'VIGA','D10','BEAM',#643,#640,'Pr0(?)');
#645= IFCPROPERTYSINGLEVALUE('GUID',$,IFCLABEL('76627adb-d214-45c1-8bec-ebfbf6b083ac'),$);
#646= IFCPROPERTYSET('3HAQO5ygz27vgQQH_qvkWL',#5,'VIGAS',$,(#596,#569,#61,#62,#597,#65,#64,#66,#67,#598,#599,#70,#74,#75,#636,#71,#575,#600,#601,#602,#603,#574,#570,#604,#605,#606,#607,#608,#609,#610,#645,#612,#613,#614,#634,#635,#615,#55,#616,#617,#618,#619,#620));
#647= IFCOWNERHISTORY(#3,#4,$,.NOCHANGE.,$,$,$,1773252000);
#648= IFCLOCALPLACEMENT(#44,#10);
#649= IFCELEMENTASSEMBLY('0VYrnhV5X4x9lQuss$DSfd',#49,'PLACA',$,$,#648,$,'PL0(?)',.NOTDEFINED.,.NOTDEFINED.);
#650= IFCPROPERTYSINGLEVALUE('AREA_FORM_BOTTOM',$,IFCAREAMEASURE(0.0825),$);
#651= IFCPROPERTYSINGLEVALUE('BOTTOM_LEVEL_BASEPOINT',$,IFCLABEL(' +99.692'),$);
#652= IFCPROPERTYSINGLEVALUE('COG_Y_BASEPOINT',$,IFCLENGTHMEASURE(392657.08608),$);
#653= IFCPROPERTYSINGLEVALUE('COG_X_BASEPOINT',$,IFCLENGTHMEASURE(408650.00294),$);
#654= IFCPROPERTYSINGLEVALUE('WEIGHT_NET',$,IFCMASSMEASURE(8.22484),$);
#655= IFCPROPERTYSINGLEVALUE('VOLUME_NET',$,IFCVOLUMEMEASURE(0.00105),$);
#656= IFCPROPERTYSINGLEVALUE('HISTORY.CREATED',$,IFCLABEL('11.03.2026 11:55:58'),$);
#657= IFCPROPERTYSINGLEVALUE('GUID',$,IFCLABEL('1f8b5c6b-7c58-44ec-9bda-e36dbf35ca67'),$);
#658= IFCPROPERTYSET('06MfRBwz5D4g1oG9bP_Seo',#5,'Fundacion',$,(#650,#111,#112,#651,#56,#652,#653,#654,#655,#61,#62,#63,#64,#65,#66,#67,#68,#69,#70,#71,#656,#73,#74,#75,#76,#657));
#659= IFCQUANTITYLENGTH('Width',$,$,12.7);
#660= IFCELEMENTQUANTITY('10UPqwET5C0QjDC7h2cs3e',#5,'BaseQuantities',$,$,(#659));
#661= IFCCOLOURRGB('Light Cyan',0.125490196078431,0.792156862745098,0.615686274509804);
#662= IFCSURFACESTYLERENDERING(#661,0.,$,$,$,$,IFCNORMALISEDRATIOMEASURE(0.00390625),IFCSPECULAREXPONENT(10.),.NOTDEFINED.);
#663= IFCSURFACESTYLE('STEEL/F24',.POSITIVE.,(#662));
#664= IFCPRESENTATIONSTYLEASSIGNMENT((#663));
#665= IFCCARTESIANPOINT((0.,0.,-6.35));
#666= IFCAXIS2PLACEMENT3D(#665,#9,#7);
#667= IFCEXTRUDEDAREASOLID(#98,#666,#9,12.7);
#668= IFCSHAPEREPRESENTATION(#12,'Body','SweptSolid',(#667));
#669= IFCSTYLEDITEM(#667,(#664),$);
#670= IFCPRODUCTDEFINITIONSHAPE($,$,(#668));
#671= IFCCARTESIANPOINT((408567.502943326,392407.086081249,-301.350097341865));
#672= IFCAXIS2PLACEMENT3D(#671,#9,#7);
#673= IFCLOCALPLACEMENT(#648,#672);
#674= IFCPLATE('0OB3Ze4R5Fe8qzlpR990nh',#49,'PLACA','PL12.7*165',$,#673,#670,'P0(?)');
#675= IFCPLATETYPE('3qdOHDNTL2uvX_QfviIL2h',#5,'PL12.7*165',$,$,$,$,$,$,.NOTDEFINED.);
#676= IFCPROPERTYSINGLEVALUE('LoadBearing',$,IFCBOOLEAN(.T.),$);
#677= IFCPROPERTYSINGLEVALUE('Reference',$,IFCIDENTIFIER('P0(?)'),$);
#678= IFCPROPERTYSET('36azonGAf50BwUW8jnpHMO',#5,'Pset_PlateCommon','Common Properties to plate elements',(#676,#677));
#679= IFCQUANTITYLENGTH('Width',$,$,164.999998623971);
#680= IFCQUANTITYAREA('NetArea',$,$,0.181890995411426);
#681= IFCQUANTITYAREA('GrossArea',$,$,0.0824999978367898);
#682= IFCQUANTITYAREA('CrossSectionArea',$,$,0.00016129);
#683= IFCQUANTITYVOLUME('NetVolume',$,$,0.00104774997252655);
#684= IFCQUANTITYVOLUME('GrossVolume',$,$,0.00104774997252655);
#685= IFCELEMENTQUANTITY('07GH129Sb0Qvha0TqnJbkq',#5,'BaseQuantities',$,$,(#679,#680,#681,#682,#683,#684));
#686= IFCCOLOURRGB('Dark Blue',0.117647058823529,0.262745098039216,0.513725490196078);
#687= IFCSURFACESTYLERENDERING(#686,0.,$,$,$,$,IFCNORMALISEDRATIOMEASURE(0.00390625),IFCSPECULAREXPONENT(10.),.NOTDEFINED.);
#688= IFCSURFACESTYLE('AL-220',.POSITIVE.,(#687));
#689= IFCPRESENTATIONSTYLEASSIGNMENT((#688));
#690= IFCTRIMMEDCURVE(#258,(IFCPARAMETERVALUE(0.)),(IFCPARAMETERVALUE(171.999999999792)),.T.,.PARAMETER.);
#691= IFCCOMPOSITECURVESEGMENT(.CONTINUOUS.,.T.,#690);
#692= IFCCARTESIANPOINT((27.9999999993492,4.07453626393679E-11,-171.999999999898));
#693= IFCAXIS2PLACEMENT3D(#692,#89,#90);
#694= IFCCIRCLE(#693,28.);
#695= IFCTRIMMEDCURVE(#694,(IFCPARAMETERVALUE(0.)),(IFCPARAMETERVALUE(1.57079632680232)),.T.,.PARAMETER.);
#696= IFCCOMPOSITECURVESEGMENT(.CONTINUOUS.,.T.,#695);
#697= IFCCARTESIANPOINT((27.9999999994511,4.07453626396703E-11,-199.999999999898));
#698= IFCVECTOR(#7,1.);
#699= IFCLINE(#697,#698);
#700= IFCTRIMMEDCURVE(#699,(IFCPARAMETERVALUE(0.)),(IFCPARAMETERVALUE(11.9999999998504)),.T.,.PARAMETER.);
#701= IFCCOMPOSITECURVESEGMENT(.DISCONTINUOUS.,.T.,#700);
#702= IFCCOMPOSITECURVE((#691,#696,#701),.F.);
#703= IFCSWEPTDISKSOLID(#702,8.,$,0.,185.570796326445);
#704= IFCSTYLEDITEM(#703,(#689),$);
#705= IFCCARTESIANPOINT((7.56699591875076E-10,0.,200.));
#706= IFCCARTESIANTRANSFORMATIONOPERATOR3D($,$,#705,$,$);
#707= IFCSHAPEREPRESENTATION(#12,'Body','AdvancedSweptSolid',(#703));
#708= IFCREPRESENTATIONMAP(#10,#707);
#709= IFCMAPPEDITEM(#708,#706);
#710= IFCCARTESIANPOINT((6.40284270048141E-10,-200.,199.999999999987));
#711= IFCCARTESIANTRANSFORMATIONOPERATOR3D($,$,#710,$,$);
#712= IFCSHAPEREPRESENTATION(#12,'Body','AdvancedSweptSolid',(#703));
#713= IFCREPRESENTATIONMAP(#10,#712);
#714= IFCMAPPEDITEM(#713,#711);
#715= IFCCARTESIANPOINT((5.23868948221207E-10,-400.,199.999999999974));
#716= IFCCARTESIANTRANSFORMATIONOPERATOR3D($,$,#715,$,$);
#717= IFCSHAPEREPRESENTATION(#12,'Body','AdvancedSweptSolid',(#703));
#718= IFCREPRESENTATIONMAP(#10,#717);
#719= IFCMAPPEDITEM(#718,#716);
#720= IFCSHAPEREPRESENTATION(#12,'Body','MappedRepresentation',(#709,#714,#719));
#721= IFCPRODUCTDEFINITIONSHAPE($,$,(#720));
#722= IFCCARTESIANPOINT((408607.502943326,392857.086072308,-507.70009734176));
#723= IFCAXIS2PLACEMENT3D(#722,#9,#7);
#724= IFCLOCALPLACEMENT(#648,#723);
#725= IFCREINFORCINGBAR('2mMhIfjEfDIRmy8Dbiy0Cd',#49,'TRANSV INF',$,$,#724,#721,'IDb05ab4a9-b4ea-4d49-bc3c-20d96cf00327',$,16.,0.,$,.NOTDEFINED.,.NULL.);
#726= IFCPROPERTYSINGLEVALUE('WEIGHT_TOTAL_IN_GROUP',$,IFCMASSMEASURE(1.07777),$);
#727= IFCPROPERTYSINGLEVALUE('SHAPE',$,IFCLABEL('F102'),$);
#728= IFCPROPERTYSINGLEVALUE('REBAR_POS',$,IFCLABEL('15'),$);
#729= IFCPROPERTYSINGLEVALUE('MATERIAL',$,IFCLABEL('AL-220'),$);
#730= IFCPROPERTYSINGLEVALUE('NAME',$,IFCLABEL('TRANSV INF'),$);
#731= IFCPROPERTYSINGLEVALUE('GUID',$,IFCLABEL('b05ab4a9-b4ea-4d49-bc3c-20d96cf00327'),$);
#732= IFCPROPERTYSINGLEVALUE('GRADE',$,IFCLABEL('AL-220'),$);
#733= IFCPROPERTYSINGLEVALUE('DIM_L',$,IFCLENGTHMEASURE(250.),$);
#734= IFCPROPERTYSINGLEVALUE('DIM_C',$,$,$);
#735= IFCPROPERTYSINGLEVALUE('DIM_B',$,IFCLENGTHMEASURE(48.),$);
#736= IFCPROPERTYSINGLEVALUE('DIM_A',$,IFCLENGTHMEASURE(208.),$);
#737= IFCPROPERTYSINGLEVALUE('DIAMETER_NOMINAL',$,IFCLENGTHMEASURE(16.),$);
#738= IFCPROPERTYSINGLEVALUE('CC_TARGET',$,IFCLENGTHMEASURE(200.),$);
#739= IFCPROPERTYSINGLEVALUE('CAST_UNIT_POS',$,IFCLABEL('PL0(?)'),$);
#740= IFCPROPERTYSET('1u4tOaKbDC3QmJan310z8S',#5,'Rebar_properties',$,(#74,#75,#76,#71,#656,#726,#727,#728,#229,#729,#231,#730,#233,#234,#298,#236,#299,#731,#732,#733,#302,#303,#734,#735,#736,#737,#308,#738,#249,#739,#251));
#741= IFCMATERIAL('AL-220');
#742= IFCSHAPEREPRESENTATION(#12,'Body','AdvancedSweptSolid',(#703));
#743= IFCREPRESENTATIONMAP(#10,#742);
#744= IFCMAPPEDITEM(#743,#706);
#745= IFCCARTESIANPOINT((6.40284270048141E-10,200.,199.999999999987));
#746= IFCCARTESIANTRANSFORMATIONOPERATOR3D($,$,#745,$,$);
#747= IFCSHAPEREPRESENTATION(#12,'Body','AdvancedSweptSolid',(#703));
#748= IFCREPRESENTATIONMAP(#10,#747);
#749= IFCMAPPEDITEM(#748,#746);
#750= IFCCARTESIANPOINT((5.23868948221207E-10,400.,199.999999999974));
#751= IFCCARTESIANTRANSFORMATIONOPERATOR3D($,$,#750,$,$);
#752= IFCSHAPEREPRESENTATION(#12,'Body','AdvancedSweptSolid',(#703));
#753= IFCREPRESENTATIONMAP(#10,#752);
#754= IFCMAPPEDITEM(#753,#751);
#755= IFCSHAPEREPRESENTATION(#12,'Body','MappedRepresentation',(#744,#749,#754));
#756= IFCPRODUCTDEFINITIONSHAPE($,$,(#755));
#757= IFCCARTESIANPOINT((408692.50294195,392857.086072308,-507.70009734176));
#758= IFCAXIS2PLACEMENT3D(#757,#9,#90);
#759= IFCLOCALPLACEMENT(#648,#758);
#760= IFCREINFORCINGBAR('1K9rWLjKj6aB_itC$JiwTX',#49,'TRANSV INF',$,$,#759,#756,'ID54275815-b54b-4690-bfac-dccfd3b3a761',$,16.,0.,$,.NOTDEFINED.,.NULL.);
#761= IFCPROPERTYSINGLEVALUE('GUID',$,IFCLABEL('54275815-b54b-4690-bfac-dccfd3b3a761'),$);
#762= IFCPROPERTYSET('0MXORYHnT9augZIgUpM7wb',#5,'Rebar_properties',$,(#74,#75,#76,#71,#656,#726,#727,#728,#229,#729,#231,#730,#233,#234,#298,#236,#299,#761,#732,#733,#302,#303,#734,#735,#736,#737,#308,#738,#249,#739,#251));
#763= IFCLOCALPLACEMENT(#44,#10);
#764= IFCELEMENTASSEMBLY('0ztt7LJIr2exdH7i_TKyCC',#49,'PLACA',$,$,#763,$,'PL0(?)',.NOTDEFINED.,.NOTDEFINED.);
#765= IFCPROPERTYSINGLEVALUE('COG_Y_BASEPOINT',$,IFCLENGTHMEASURE(392656.98618),$);
#766= IFCPROPERTYSINGLEVALUE('COG_X_BASEPOINT',$,IFCLENGTHMEASURE(409850.00007),$);
#767= IFCPROPERTYSINGLEVALUE('GUID',$,IFCLABEL('3ddf71d5-4d2d-42a3-b9d1-1ecf9d53c30c'),$);
#768= IFCPROPERTYSET('0m6INnC5z1sBMC_a$bBoPp',#5,'Fundacion',$,(#650,#111,#112,#651,#56,#765,#766,#654,#655,#61,#62,#63,#64,#65,#66,#67,#68,#69,#70,#71,#656,#73,#74,#75,#76,#767));
#769= IFCSHAPEREPRESENTATION(#12,'Body','SweptSolid',(#667));
#770= IFCPRODUCTDEFINITIONSHAPE($,$,(#769));
#771= IFCCARTESIANPOINT((409767.500070309,392406.986183827,-301.350097341865));
#772= IFCAXIS2PLACEMENT3D(#771,#9,#7);
#773= IFCLOCALPLACEMENT(#763,#772);
#774= IFCPLATE('2JUaGQM9fFS8rMbxnQz31G',#49,'PLACA','PL12.7*165',$,#773,#770,'P0(?)');
#775= IFCSHAPEREPRESENTATION(#12,'Body','AdvancedSweptSolid',(#703));
#776= IFCREPRESENTATIONMAP(#10,#775);
#777= IFCMAPPEDITEM(#776,#706);
#778= IFCSHAPEREPRESENTATION(#12,'Body','AdvancedSweptSolid',(#703));
#779= IFCREPRESENTATIONMAP(#10,#778);
#780= IFCMAPPEDITEM(#779,#711);
#781= IFCSHAPEREPRESENTATION(#12,'Body','AdvancedSweptSolid',(#703));
#782= IFCREPRESENTATIONMAP(#10,#781);
#783= IFCMAPPEDITEM(#782,#716);
#784= IFCSHAPEREPRESENTATION(#12,'Body','MappedRepresentation',(#777,#780,#783));
#785= IFCPRODUCTDEFINITIONSHAPE($,$,(#784));
#786= IFCCARTESIANPOINT((409807.500070309,392856.986174886,-507.70009734176));
#787= IFCAXIS2PLACEMENT3D(#786,#9,#7);
#788= IFCLOCALPLACEMENT(#763,#787);
#789= IFCREINFORCINGBAR('0K$Vjr02fFLPLxPbrUv7Eu',#49,'TRANSV INF',$,$,#788,#785,'ID14fdfb75-002a-4f55-957b-665d5ee473b8',$,16.,0.,$,.NOTDEFINED.,.NULL.);
#790= IFCPROPERTYSINGLEVALUE('GUID',$,IFCLABEL('14fdfb75-002a-4f55-957b-665d5ee473b8'),$);
#791= IFCPROPERTYSET('1vQ0R7aM5DvgS_GMbS3D1l',#5,'Rebar_properties',$,(#74,#75,#76,#71,#656,#726,#727,#728,#229,#729,#231,#730,#233,#234,#298,#236,#299,#790,#732,#733,#302,#303,#734,#735,#736,#737,#308,#738,#249,#739,#251));
#792= IFCSHAPEREPRESENTATION(#12,'Body','AdvancedSweptSolid',(#703));
#793= IFCREPRESENTATIONMAP(#10,#792);
#794= IFCMAPPEDITEM(#793,#706);
#795= IFCSHAPEREPRESENTATION(#12,'Body','AdvancedSweptSolid',(#703));
#796= IFCREPRESENTATIONMAP(#10,#795);
#797= IFCMAPPEDITEM(#796,#746);
#798= IFCSHAPEREPRESENTATION(#12,'Body','AdvancedSweptSolid',(#703));
#799= IFCREPRESENTATIONMAP(#10,#798);
#800= IFCMAPPEDITEM(#799,#751);
#801= IFCSHAPEREPRESENTATION(#12,'Body','MappedRepresentation',(#794,#797,#800));
#802= IFCPRODUCTDEFINITIONSHAPE($,$,(#801));
#803= IFCCARTESIANPOINT((409892.500068933,392856.986174886,-507.70009734176));
#804= IFCAXIS2PLACEMENT3D(#803,#9,#90);
#805= IFCLOCALPLACEMENT(#763,#804);
#806= IFCREINFORCINGBAR('0K16fzZdf4Jvu1hfzC70lN',#49,'TRANSV INF',$,$,#805,#802,'ID14046a7d-8e7a-444f-9e01-ae9f4c1c0bd7',$,16.,0.,$,.NOTDEFINED.,.NULL.);
#807= IFCPROPERTYSINGLEVALUE('GUID',$,IFCLABEL('14046a7d-8e7a-444f-9e01-ae9f4c1c0bd7'),$);
#808= IFCPROPERTYSET('1edHq2wrv7hh8tsEdbUv5p',#5,'Rebar_properties',$,(#74,#75,#76,#71,#656,#726,#727,#728,#229,#729,#231,#730,#233,#234,#298,#236,#299,#807,#732,#733,#302,#303,#734,#735,#736,#737,#308,#738,#249,#739,#251));
#809= IFCOWNERHISTORY(#3,#4,$,.NOCHANGE.,$,$,$,1773237600);
#810= IFCLOCALPLACEMENT(#44,#10);
#811= IFCELEMENTASSEMBLY('29AzMTMY92gOiYR75rA7Xn',#49,'PLACA',$,$,#810,$,'PL0(?)',.NOTDEFINED.,.NOTDEFINED.);
#812= IFCPROPERTYSINGLEVALUE('COG_X_BASEPOINT',$,IFCLENGTHMEASURE(411600.00004),$);
#813= IFCPROPERTYSINGLEVALUE('GUID',$,IFCLABEL('892bd59d-5a22-42a9-8b22-6c7175287871'),$);
#814= IFCPROPERTYSET('3GWn4QFFP9uPyTQondEeLS',#5,'Fundacion',$,(#650,#111,#112,#651,#56,#652,#812,#654,#655,#61,#62,#63,#64,#65,#66,#67,#68,#69,#70,#71,#656,#73,#74,#75,#76,#813));
#815= IFCSHAPEREPRESENTATION(#12,'Body','SweptSolid',(#667));
#816= IFCPRODUCTDEFINITIONSHAPE($,$,(#815));
#817= IFCCARTESIANPOINT((411517.500040543,392407.08608123,-301.350097341879));
#818= IFCAXIS2PLACEMENT3D(#817,#9,#7);
#819= IFCLOCALPLACEMENT(#810,#818);
#820= IFCPLATE('2vZYj1AVX7UeAdWrhGh3NG',#49,'PLACA','PL12.7*165',$,#819,#816,'P0(?)');
#821= IFCSHAPEREPRESENTATION(#12,'Body','AdvancedSweptSolid',(#703));
#822= IFCREPRESENTATIONMAP(#10,#821);
#823= IFCMAPPEDITEM(#822,#706);
#824= IFCSHAPEREPRESENTATION(#12,'Body','AdvancedSweptSolid',(#703));
#825= IFCREPRESENTATIONMAP(#10,#824);
#826= IFCMAPPEDITEM(#825,#711);
#827= IFCSHAPEREPRESENTATION(#12,'Body','AdvancedSweptSolid',(#703));
#828= IFCREPRESENTATIONMAP(#10,#827);
#829= IFCMAPPEDITEM(#828,#716);
#830= IFCSHAPEREPRESENTATION(#12,'Body','MappedRepresentation',(#823,#826,#829));
#831= IFCPRODUCTDEFINITIONSHAPE($,$,(#830));
#832= IFCCARTESIANPOINT((411557.500040543,392857.086072289,-507.700097341774));
#833= IFCAXIS2PLACEMENT3D(#832,#9,#7);
#834= IFCLOCALPLACEMENT(#810,#833);
#835= IFCREINFORCINGBAR('0lWbWdRfr5RQhNshaIsykR',#49,'TRANSV INF',$,$,#834,#831,'ID2f825827-6e9d-456d-aad7-dab912dbcb9b',$,16.,0.,$,.NOTDEFINED.,.NULL.);
#836= IFCPROPERTYSINGLEVALUE('GUID',$,IFCLABEL('2f825827-6e9d-456d-aad7-dab912dbcb9b'),$);
#837= IFCPROPERTYSET('1TEnZ9ICrBzfdbU6e6JEkU',#5,'Rebar_properties',$,(#74,#75,#76,#71,#656,#726,#727,#728,#229,#729,#231,#730,#233,#234,#298,#236,#299,#836,#732,#733,#302,#303,#734,#735,#736,#737,#308,#738,#249,#739,#251));
#838= IFCSHAPEREPRESENTATION(#12,'Body','AdvancedSweptSolid',(#703));
#839= IFCREPRESENTATIONMAP(#10,#838);
#840= IFCMAPPEDITEM(#839,#706);
#841= IFCSHAPEREPRESENTATION(#12,'Body','AdvancedSweptSolid',(#703));
#842= IFCREPRESENTATIONMAP(#10,#841);
#843= IFCMAPPEDITEM(#842,#746);
#844= IFCSHAPEREPRESENTATION(#12,'Body','AdvancedSweptSolid',(#703));
#845= IFCREPRESENTATIONMAP(#10,#844);
#846= IFCMAPPEDITEM(#845,#751);
#847= IFCSHAPEREPRESENTATION(#12,'Body','MappedRepresentation',(#840,#843,#846));
#848= IFCPRODUCTDEFINITIONSHAPE($,$,(#847));
#849= IFCCARTESIANPOINT((411642.500039167,392857.086072289,-507.700097341774));
#850= IFCAXIS2PLACEMENT3D(#849,#9,#90);
#851= IFCLOCALPLACEMENT(#810,#850);
#852= IFCREINFORCINGBAR('3friYAPJnFuhfDdIUTUDAy',#49,'TRANSV INF',$,$,#851,#848,'IDe9d6c88a-653c-4fe2-ba4d-9d279d78d2bc',$,16.,0.,$,.NOTDEFINED.,.NULL.);
#853= IFCPROPERTYSINGLEVALUE('GUID',$,IFCLABEL('e9d6c88a-653c-4fe2-ba4d-9d279d78d2bc'),$);
#854= IFCPROPERTYSET('2Ut2RhtQv80957_iHZXXk9',#5,'Rebar_properties',$,(#74,#75,#76,#71,#656,#726,#727,#728,#229,#729,#231,#730,#233,#234,#298,#236,#299,#853,#732,#733,#302,#303,#734,#735,#736,#737,#308,#738,#249,#739,#251));
#855= IFCOWNERHISTORY(#3,#4,$,.NOCHANGE.,$,$,$,1773414000);
#856= IFCLOCALPLACEMENT(#44,#10);
#857= IFCELEMENTASSEMBLY('3RFnukSPT3xe0BALjEqqXV',#49,'LOSA',$,$,#856,$,'P2',.NOTDEFINED.,.NOTDEFINED.);
#858= IFCPROPERTYSINGLEVALUE('AREA_FORM_BOTTOM',$,IFCAREAMEASURE(10.92),$);
#859= IFCPROPERTYSINGLEVALUE('CAST_UNIT_REBAR_WEIGHT',$,IFCMASSMEASURE(0.),$);
#860= IFCPROPERTYSINGLEVALUE('CAST_UNIT_HEIGHT_TOTAL',$,IFCLENGTHMEASURE(4200.),$);
#861= IFCPROPERTYSINGLEVALUE('BOTTOM_LEVEL_BASEPOINT',$,IFCLABEL(' +99.100'),$);
#862= IFCPROPERTYSINGLEVALUE('TOP_LEVEL_BASEPOINT',$,IFCLABEL(' +99.150'),$);
#863= IFCPROPERTYSINGLEVALUE('COG_Y_BASEPOINT',$,IFCLENGTHMEASURE(392934.00037),$);
#864= IFCPROPERTYSINGLEVALUE('WEIGHT_NET',$,IFCMASSMEASURE(1310.4),$);
#865= IFCPROPERTYSINGLEVALUE('VOLUME_NET',$,IFCVOLUMEMEASURE(0.546),$);
#866= IFCPROPERTYSINGLEVALUE('HISTORY.CREATED',$,IFCLABEL('11.03.2026 09:32:13'),$);
#867= IFCPROPERTYSINGLEVALUE('GUID',$,IFCLABEL('db3f1e2e-7197-43ee-800b-295b4ed3485f'),$);
#868= IFCPROPERTYSET('29JjTt$IbFpAf2q15uQFYh',#5,'Fundacion',$,(#858,#859,#860,#861,#862,#863,#635,#864,#865,#61,#62,#63,#64,#65,#66,#67,#68,#69,#70,#71,#866,#73,#74,#75,#76,#867));
#869= IFCQUANTITYLENGTH('Width',$,$,50.);
#870= IFCELEMENTQUANTITY('2RyLdYNlXCY87w6gPianVS',#5,'BaseQuantities',$,$,(#869));
#871= IFCCOLOURRGB('Light Yellow',1.,0.898039215686275,0.);
#872= IFCSURFACESTYLERENDERING(#871,0.,$,$,$,$,IFCNORMALISEDRATIOMEASURE(0.00390625),IFCSPECULAREXPONENT(10.),.NOTDEFINED.);
#873= IFCSURFACESTYLE('CONCRETE/H15',.POSITIVE.,(#872));
#874= IFCPRESENTATIONSTYLEASSIGNMENT((#873));
#875= IFCCARTESIANPOINT((2599.99999999994,0.));
#876= IFCCARTESIANPOINT((2600.00000000017,4200.));
#877= IFCCARTESIANPOINT((2.3283064365387E-10,4200.));
#878= IFCPOLYLINE((#86,#875,#876,#877,#86));
#879= IFCARBITRARYCLOSEDPROFILEDEF(.AREA.,'50*2600',#878);
#880= IFCCARTESIANPOINT((0.,0.,-25.));
#881= IFCAXIS2PLACEMENT3D(#880,#9,#7);
#882= IFCEXTRUDEDAREASOLID(#879,#881,#9,50.);
#883= IFCSHAPEREPRESENTATION(#12,'Body','SweptSolid',(#882));
#884= IFCSTYLEDITEM(#882,(#874),$);
#885= IFCPRODUCTDEFINITIONSHAPE($,$,(#883));
#886= IFCCARTESIANPOINT((412100.000000225,391634.000366513,-875.000762939351));
#887= IFCAXIS2PLACEMENT3D(#886,#9,#8);
#888= IFCLOCALPLACEMENT(#856,#887);
#889= IFCSLAB('30$m8ZJ_z2m9yQn0w_pgEo',#49,'LOSA','50*2600',$,#888,#885,'IDc0ff0223-4fef-42c0-9f1a-c40ebecea3b2',.NOTDEFINED.);
#890= IFCSLABTYPE('3v4k1UhpLByO2iSIPDd0Mz',#5,'50*2600',$,$,$,$,$,$,.NOTDEFINED.);
#891= IFCPROPERTYSINGLEVALUE('Reference',$,IFCIDENTIFIER('Hormig\S\sn_P-14'),$);
#892= IFCPROPERTYSET('1ZC_LXvxPEeB1yM7F3pGB7',#5,'Pset_SlabCommon','Common Properties to slab elements',(#622,#891));
#893= IFCQUANTITYVOLUME('NetVolume',$,$,0.545999999999988);
#894= IFCQUANTITYAREA('NetArea',$,$,10.9199999999998);
#895= IFCQUANTITYWEIGHT('NetWeight',$,$,1310.39999999997);
#896= IFCELEMENTQUANTITY('0oJm7$lGb71u5zKhKJuNuW',#5,'BaseQuantities',$,$,(#869,#893,#894,#895));
#897= IFCMATERIAL('CONCRETE/H15');
#898= IFCLOCALPLACEMENT(#44,#10);
#899= IFCELEMENTASSEMBLY('3DEhO5Oxv05Aii5Ag24h1x',#49,'LOSA',$,$,#898,$,'P1',.NOTDEFINED.,.NOTDEFINED.);
#900= IFCPROPERTYSINGLEVALUE('AREA_FORM_BOTTOM',$,IFCAREAMEASURE(2.52),$);
#901= IFCPROPERTYSINGLEVALUE('BOTTOM_LEVEL_BASEPOINT',$,IFCLABEL(' +99.000'),$);
#902= IFCPROPERTYSINGLEVALUE('TOP_LEVEL_BASEPOINT',$,IFCLABEL(' +99.050'),$);
#903= IFCPROPERTYSINGLEVALUE('COG_Y_BASEPOINT',$,IFCLENGTHMEASURE(391384.00037),$);
#904= IFCPROPERTYSINGLEVALUE('WEIGHT_NET',$,IFCMASSMEASURE(302.4),$);
#905= IFCPROPERTYSINGLEVALUE('VOLUME_NET',$,IFCVOLUMEMEASURE(0.126),$);
#906= IFCPROPERTYSINGLEVALUE('GUID',$,IFCLABEL('cd3ab605-63be-4014-ab2c-14aa8212b07b'),$);
#907= IFCPROPERTYSET('3z6uvIeSb1mOw_COSYTDv9',#5,'Fundacion',$,(#900,#859,#860,#901,#902,#903,#635,#904,#905,#61,#62,#63,#64,#65,#66,#67,#68,#69,#70,#71,#866,#73,#74,#75,#76,#906));
#908= IFCCARTESIANPOINT((600.000000000116,1.16415321826935E-10));
#909= IFCCARTESIANPOINT((600.,4200.));
#910= IFCPOLYLINE((#86,#908,#909,#877,#86));
#911= IFCARBITRARYCLOSEDPROFILEDEF(.AREA.,'50*600',#910);
#912= IFCEXTRUDEDAREASOLID(#911,#881,#9,50.);
#913= IFCSHAPEREPRESENTATION(#12,'Body','SweptSolid',(#912));
#914= IFCSTYLEDITEM(#912,(#874),$);
#915= IFCPRODUCTDEFINITIONSHAPE($,$,(#913));
#916= IFCCARTESIANPOINT((412100.000000225,391084.000366513,-974.998474120948));
#917= IFCAXIS2PLACEMENT3D(#916,#9,#8);
#918= IFCLOCALPLACEMENT(#898,#917);
#919= IFCSLAB('0d1WZf7MT8PO9Pazgy7hGF',#49,'LOSA','50*600',$,#918,#915,'ID270608e9-1d67-4865-8259-93dabc1eb40f',.NOTDEFINED.);
#920= IFCSLABTYPE('0lgg2rX4X3aOdxKjnpOUgC',#5,'50*600',$,$,$,$,$,$,.NOTDEFINED.);
#921= IFCPROPERTYSINGLEVALUE('Reference',$,IFCIDENTIFIER('Hormig\S\sn_P-13'),$);
#922= IFCPROPERTYSET('0SVdM9g359zRuEfeyHg21c',#5,'Pset_SlabCommon','Common Properties to slab elements',(#622,#921));
#923= IFCQUANTITYVOLUME('NetVolume',$,$,0.12600000000001);
#924= IFCQUANTITYAREA('NetArea',$,$,2.52000000000021);
#925= IFCQUANTITYWEIGHT('NetWeight',$,$,302.400000000025);
#926= IFCELEMENTQUANTITY('07oEI1HTP3avciuEsWLjw4',#5,'BaseQuantities',$,$,(#869,#923,#924,#925));
#927= IFCOWNERHISTORY(#3,#4,$,.NOCHANGE.,$,$,$,1773223200);
#928= IFCLOCALPLACEMENT(#44,#10);
#929= IFCELEMENTASSEMBLY('1I9fDUU5L5LxsZzmUjDEjC',#49,'SOPORTES PCP01',$,$,#928,$,'Z2',.NOTDEFINED.,.NOTDEFINED.);
#930= IFCPROPERTYSINGLEVALUE('COG_X_BASEPOINT',$,IFCLENGTHMEASURE(411600.00005),$);
#931= IFCPROPERTYSINGLEVALUE('HISTORY.CREATED',$,IFCLABEL('11.03.2026 07:08:12'),$);
#932= IFCPROPERTYSINGLEVALUE('GUID',$,IFCLABEL('5226935e-7855-4557-bda3-f707ad34eb4c'),$);
#933= IFCPROPERTYSET('3FQG5DrjnBWQun3EGz8I_o',#5,'Fundacion',$,(#52,#53,#54,#55,#56,#57,#930,#59,#60,#61,#62,#63,#64,#65,#66,#67,#68,#69,#70,#71,#931,#73,#74,#75,#76,#932));
#934= IFCBOOLEANRESULT(.DIFFERENCE.,#93,#101);
#935= IFCSHAPEREPRESENTATION(#12,'Body','CSG',(#934));
#936= IFCPRODUCTDEFINITIONSHAPE($,$,(#935));
#937= IFCCARTESIANPOINT((411600.000047894,392657.08616621,-650.000000000015));
#938= IFCAXIS2PLACEMENT3D(#937,#8,#9);
#939= IFCLOCALPLACEMENT(#928,#938);
#940= IFCFOOTING('3rx4B2G_r9AOsUbT$cJOC_',#49,'SOPORTES PCP01','580*300',$,#939,#936,'IDf5ec42c2-43ed-4929-8d9e-95dfe64d833e',.PAD_FOOTING.);
#941= IFCPROPERTYSINGLEVALUE('GUID',$,IFCLABEL('f5ec42c2-43ed-4929-8d9e-95dfe64d833e'),$);
#942= IFCPROPERTYSET('21J$YEhJvEkfQST2ARurN_',#5,'Fundacion',$,(#110,#111,#112,#55,#56,#57,#930,#59,#60,#61,#62,#63,#64,#65,#66,#67,#68,#69,#70,#71,#931,#113,#74,#75,#76,#941));
#943= IFCSHAPEREPRESENTATION(#12,'Body','AdvancedSweptSolid',(#202));
#944= IFCREPRESENTATIONMAP(#10,#943);
#945= IFCMAPPEDITEM(#944,#205);
#946= IFCSHAPEREPRESENTATION(#12,'Body','AdvancedSweptSolid',(#202));
#947= IFCREPRESENTATIONMAP(#10,#946);
#948= IFCMAPPEDITEM(#947,#210);
#949= IFCSHAPEREPRESENTATION(#12,'Body','AdvancedSweptSolid',(#202));
#950= IFCREPRESENTATIONMAP(#10,#949);
#951= IFCMAPPEDITEM(#950,#215);
#952= IFCSHAPEREPRESENTATION(#12,'Body','MappedRepresentation',(#945,#948,#951));
#953= IFCPRODUCTDEFINITIONSHAPE($,$,(#952));
#954= IFCCARTESIANPOINT((411450.000047894,392367.08616621,-625.000000000015));
#955= IFCAXIS2PLACEMENT3D(#954,#7,#8);
#956= IFCLOCALPLACEMENT(#928,#955);
#957= IFCREINFORCINGBAR('1au$CFmJPBFADZNZweGXrp',#49,'ESTRIBO',$,$,#956,#953,'ID64e3f30f-c136-4b3c-a363-5e3ea8421d73',$,8.625,0.,$,.NOTDEFINED.,.NULL.);
#958= IFCPROPERTYSINGLEVALUE('HISTORY.CREATED',$,IFCLABEL('11.03.2026 11:15:01'),$);
#959= IFCPROPERTYSINGLEVALUE('GUID',$,IFCLABEL('64e3f30f-c136-4b3c-a363-5e3ea8421d73'),$);
#960= IFCPROPERTYSET('125KhZi7L43BwZTrFFW6Rd',#5,'Rebar_properties',$,(#74,#75,#225,#71,#958,#226,#227,#228,#229,#230,#231,#232,#233,#234,#235,#236,#237,#959,#239,#240,#241,#242,#243,#244,#245,#246,#247,#248,#249,#250,#251));
#961= IFCSHAPEREPRESENTATION(#12,'Body','AdvancedSweptSolid',(#280));
#962= IFCREPRESENTATIONMAP(#10,#961);
#963= IFCMAPPEDITEM(#962,#283);
#964= IFCSHAPEREPRESENTATION(#12,'Body','MappedRepresentation',(#963));
#965= IFCPRODUCTDEFINITIONSHAPE($,$,(#964));
#966= IFCCARTESIANPOINT((411492.56784417,392904.518369934,-769.687500000015));
#967= IFCAXIS2PLACEMENT3D(#966,#8,#9);
#968= IFCLOCALPLACEMENT(#928,#967);
#969= IFCREINFORCINGBAR('2vDVtH1J934hzl9Y6VTszK',#49,'VERTICAL',$,$,#968,#965,'IDb935fdd1-0532-4312-bf6f-26219f776f54',$,10.625,0.,$,.NOTDEFINED.,.NULL.);
#970= IFCPROPERTYSINGLEVALUE('GUID',$,IFCLABEL('b935fdd1-0532-4312-bf6f-26219f776f54'),$);
#971= IFCPROPERTYSET('0iCLcpahLB4g52cw9RhyRm',#5,'Rebar_properties',$,(#74,#75,#225,#71,#958,#293,#294,#295,#296,#230,#231,#297,#233,#234,#298,#236,#299,#970,#239,#301,#302,#303,#304,#305,#306,#307,#308,#309,#249,#250,#251));
#972= IFCSHAPEREPRESENTATION(#12,'Body','AdvancedSweptSolid',(#280));
#973= IFCREPRESENTATIONMAP(#10,#972);
#974= IFCMAPPEDITEM(#973,#283);
#975= IFCSHAPEREPRESENTATION(#12,'Body','MappedRepresentation',(#974));
#976= IFCPRODUCTDEFINITIONSHAPE($,$,(#975));
#977= IFCCARTESIANPOINT((411707.432251618,392904.518369934,-769.687500000015));
#978= IFCAXIS2PLACEMENT3D(#977,#8,#9);
#979= IFCLOCALPLACEMENT(#928,#978);
#980= IFCREINFORCINGBAR('3ALfLwu$P8Au4rAOSK$_FK',#49,'VERTICAL',$,$,#979,#976,'IDca56957a-e3f6-482b-8135-298714ffe3d4',$,10.625,0.,$,.NOTDEFINED.,.NULL.);
#981= IFCPROPERTYSINGLEVALUE('GUID',$,IFCLABEL('ca56957a-e3f6-482b-8135-298714ffe3d4'),$);
#982= IFCPROPERTYSET('15gBmpiz1BXwWFkJ2SFPjP',#5,'Rebar_properties',$,(#74,#75,#225,#71,#958,#293,#294,#295,#296,#230,#231,#297,#233,#234,#298,#236,#299,#981,#239,#301,#302,#303,#304,#305,#306,#307,#308,#309,#249,#250,#251));
#983= IFCSHAPEREPRESENTATION(#12,'Body','AdvancedSweptSolid',(#280));
#984= IFCREPRESENTATIONMAP(#10,#983);
#985= IFCMAPPEDITEM(#984,#283);
#986= IFCSHAPEREPRESENTATION(#12,'Body','MappedRepresentation',(#985));
#987= IFCPRODUCTDEFINITIONSHAPE($,$,(#986));
#988= IFCCARTESIANPOINT((411492.56784417,392409.653962486,-769.687500000015));
#989= IFCAXIS2PLACEMENT3D(#988,#89,#9);
#990= IFCLOCALPLACEMENT(#928,#989);
#991= IFCREINFORCINGBAR('3C3Tfz1PDFdBOxSj$AxHBQ',#49,'VERTICAL',$,$,#990,#987,'IDcc0dda7d-0593-4f9c-b63b-72dfcaed12da',$,10.625,0.,$,.NOTDEFINED.,.NULL.);
#992= IFCPROPERTYSINGLEVALUE('GUID',$,IFCLABEL('cc0dda7d-0593-4f9c-b63b-72dfcaed12da'),$);
#993= IFCPROPERTYSET('1KEA9YVkL4XOMPv8OheGMg',#5,'Rebar_properties',$,(#74,#75,#225,#71,#958,#293,#294,#295,#296,#230,#231,#297,#233,#234,#298,#236,#299,#992,#239,#301,#302,#303,#304,#305,#306,#307,#308,#309,#249,#250,#251));
#994= IFCSHAPEREPRESENTATION(#12,'Body','AdvancedSweptSolid',(#280));
#995= IFCREPRESENTATIONMAP(#10,#994);
#996= IFCMAPPEDITEM(#995,#283);
#997= IFCSHAPEREPRESENTATION(#12,'Body','MappedRepresentation',(#996));
#998= IFCPRODUCTDEFINITIONSHAPE($,$,(#997));
#999= IFCCARTESIANPOINT((411707.432251618,392409.653962486,-769.687500000015));
#1000= IFCAXIS2PLACEMENT3D(#999,#89,#9);
#1001= IFCLOCALPLACEMENT(#928,#1000);
#1002= IFCREINFORCINGBAR('2gMzpJTwz6e9I6atYGnJSn',#49,'VERTICAL',$,$,#1001,#998,'IDaa5bdcd3-77af-46a0-9486-937890c53731',$,10.625,0.,$,.NOTDEFINED.,.NULL.);
#1003= IFCPROPERTYSINGLEVALUE('GUID',$,IFCLABEL('aa5bdcd3-77af-46a0-9486-937890c53731'),$);
#1004= IFCPROPERTYSET('256ebaX6X36uERiby6PTc7',#5,'Rebar_properties',$,(#74,#75,#225,#71,#958,#293,#294,#295,#296,#230,#231,#297,#233,#234,#298,#236,#299,#1003,#239,#301,#302,#303,#304,#305,#306,#307,#308,#309,#249,#250,#251));
#1005= IFCSHAPEREPRESENTATION(#12,'Body','AdvancedSweptSolid',(#348));
#1006= IFCREPRESENTATIONMAP(#10,#1005);
#1007= IFCMAPPEDITEM(#1006,#283);
#1008= IFCSHAPEREPRESENTATION(#12,'Body','MappedRepresentation',(#1007));
#1009= IFCPRODUCTDEFINITIONSHAPE($,$,(#1008));
#1010= IFCCARTESIANPOINT((411612.56784417,392908.14866621,-769.687500000015));
#1011= IFCAXIS2PLACEMENT3D(#1010,#8,#9);
#1012= IFCLOCALPLACEMENT(#928,#1011);
#1013= IFCREINFORCINGBAR('18TpwNh0TB_f5IJB4Gznh$',#49,'VERTICAL',$,$,#1012,#1009,'ID48773e97-ac07-4bfa-9152-4cb110f71aff',$,10.625,0.,$,.NOTDEFINED.,.NULL.);
#1014= IFCPROPERTYSINGLEVALUE('GUID',$,IFCLABEL('48773e97-ac07-4bfa-9152-4cb110f71aff'),$);
#1015= IFCPROPERTYSET('0IQjLR78XDa8vM8CAEmiGX',#5,'Rebar_properties',$,(#74,#75,#225,#71,#958,#293,#294,#295,#296,#230,#231,#297,#233,#234,#298,#236,#299,#1014,#239,#301,#302,#303,#304,#305,#306,#307,#308,#309,#249,#250,#251));
#1016= IFCSHAPEREPRESENTATION(#12,'Body','AdvancedSweptSolid',(#348));
#1017= IFCREPRESENTATIONMAP(#10,#1016);
#1018= IFCMAPPEDITEM(#1017,#283);
#1019= IFCSHAPEREPRESENTATION(#12,'Body','MappedRepresentation',(#1018));
#1020= IFCPRODUCTDEFINITIONSHAPE($,$,(#1019));
#1021= IFCCARTESIANPOINT((411612.56784417,392406.02366621,-769.687500000015));
#1022= IFCAXIS2PLACEMENT3D(#1021,#89,#9);
#1023= IFCLOCALPLACEMENT(#928,#1022);
#1024= IFCREINFORCINGBAR('2Vp6LZufr6P9DXmAEvFgJo',#49,'VERTICAL',$,$,#1023,#1020,'ID9fcc6563-e29d-4664-9361-c0a3b93ea4f2',$,10.625,0.,$,.NOTDEFINED.,.NULL.);
#1025= IFCPROPERTYSINGLEVALUE('GUID',$,IFCLABEL('9fcc6563-e29d-4664-9361-c0a3b93ea4f2'),$);
#1026= IFCPROPERTYSET('01gPtlCxH7_Qit6tIpn_oP',#5,'Rebar_properties',$,(#74,#75,#225,#71,#958,#293,#294,#295,#296,#230,#231,#297,#233,#234,#298,#236,#299,#1025,#239,#301,#302,#303,#304,#305,#306,#307,#308,#309,#249,#250,#251));
#1027= IFCSHAPEREPRESENTATION(#12,'Body','AdvancedSweptSolid',(#348));
#1028= IFCREPRESENTATIONMAP(#10,#1027);
#1029= IFCMAPPEDITEM(#1028,#283);
#1030= IFCSHAPEREPRESENTATION(#12,'Body','AdvancedSweptSolid',(#348));
#1031= IFCREPRESENTATIONMAP(#10,#1030);
#1032= IFCMAPPEDITEM(#1031,#376);
#1033= IFCSHAPEREPRESENTATION(#12,'Body','AdvancedSweptSolid',(#348));
#1034= IFCREPRESENTATIONMAP(#10,#1033);
#1035= IFCMAPPEDITEM(#1034,#381);
#1036= IFCSHAPEREPRESENTATION(#12,'Body','AdvancedSweptSolid',(#348));
#1037= IFCREPRESENTATIONMAP(#10,#1036);
#1038= IFCMAPPEDITEM(#1037,#386);
#1039= IFCSHAPEREPRESENTATION(#12,'Body','MappedRepresentation',(#1029,#1032,#1035,#1038));
#1040= IFCPRODUCTDEFINITIONSHAPE($,$,(#1039));
#1041= IFCCARTESIANPOINT((411488.937547894,392804.518369934,-769.687500000015));
#1042= IFCAXIS2PLACEMENT3D(#1041,#90,#9);
#1043= IFCLOCALPLACEMENT(#928,#1042);
#1044= IFCREINFORCINGBAR('3FISP31Fn6bPTgVlvzPC4w',#49,'VERTICAL',$,$,#1043,#1040,'IDcf49c643-04fc-4695-976a-7efe7d64c13a',$,10.625,0.,$,.NOTDEFINED.,.NULL.);
#1045= IFCPROPERTYSINGLEVALUE('GUID',$,IFCLABEL('cf49c643-04fc-4695-976a-7efe7d64c13a'),$);
#1046= IFCPROPERTYSET('0r01kmJhv52gzSnJQ$3W9J',#5,'Rebar_properties',$,(#74,#75,#225,#71,#958,#396,#294,#295,#397,#230,#231,#297,#233,#234,#298,#236,#299,#1045,#239,#301,#302,#303,#304,#305,#306,#307,#308,#399,#249,#250,#251));
#1047= IFCSHAPEREPRESENTATION(#12,'Body','AdvancedSweptSolid',(#348));
#1048= IFCREPRESENTATIONMAP(#10,#1047);
#1049= IFCMAPPEDITEM(#1048,#283);
#1050= IFCSHAPEREPRESENTATION(#12,'Body','AdvancedSweptSolid',(#348));
#1051= IFCREPRESENTATIONMAP(#10,#1050);
#1052= IFCMAPPEDITEM(#1051,#405);
#1053= IFCSHAPEREPRESENTATION(#12,'Body','AdvancedSweptSolid',(#348));
#1054= IFCREPRESENTATIONMAP(#10,#1053);
#1055= IFCMAPPEDITEM(#1054,#410);
#1056= IFCSHAPEREPRESENTATION(#12,'Body','AdvancedSweptSolid',(#348));
#1057= IFCREPRESENTATIONMAP(#10,#1056);
#1058= IFCMAPPEDITEM(#1057,#415);
#1059= IFCSHAPEREPRESENTATION(#12,'Body','MappedRepresentation',(#1049,#1052,#1055,#1058));
#1060= IFCPRODUCTDEFINITIONSHAPE($,$,(#1059));
#1061= IFCCARTESIANPOINT((411711.062547894,392804.518369934,-769.687500000015));
#1062= IFCAXIS2PLACEMENT3D(#1061,#7,#9);
#1063= IFCLOCALPLACEMENT(#928,#1062);
#1064= IFCREINFORCINGBAR('2TF7xGj212cAqMNn25B$GR',#49,'VERTICAL',$,$,#1063,#1060,'ID9d3c7ed0-b420-4298-ad16-5f10852ff41b',$,10.625,0.,$,.NOTDEFINED.,.NULL.);
#1065= IFCPROPERTYSINGLEVALUE('GUID',$,IFCLABEL('9d3c7ed0-b420-4298-ad16-5f10852ff41b'),$);
#1066= IFCPROPERTYSET('1JfpfkaBrEogcg3PBasYZm',#5,'Rebar_properties',$,(#74,#75,#225,#71,#958,#396,#294,#295,#397,#230,#231,#297,#233,#234,#298,#236,#299,#1065,#239,#301,#302,#303,#304,#305,#306,#307,#308,#399,#249,#250,#251));
#1067= IFCLOCALPLACEMENT(#44,#10);
#1068= IFCELEMENTASSEMBLY('1Q10y7rvX38w8JH9FI1mag',#49,'MURO PCP01',$,$,#1067,$,'V2',.NOTDEFINED.,.NOTDEFINED.);
#1069= IFCPROPERTYSINGLEVALUE('AREA_FORM_BOTTOM',$,IFCAREAMEASURE(12.505),$);
#1070= IFCPROPERTYSINGLEVALUE('CAST_UNIT_REBAR_WEIGHT',$,IFCMASSMEASURE(474.28599),$);
#1071= IFCPROPERTYSINGLEVALUE('CAST_UNIT_HEIGHT_TOTAL',$,IFCLENGTHMEASURE(3668.93066),$);
#1072= IFCPROPERTYSINGLEVALUE('BOTTOM_LEVEL_BASEPOINT',$,IFCLABEL(' +99.050'),$);
#1073= IFCPROPERTYSINGLEVALUE('TOP_LEVEL_BASEPOINT',$,IFCLABEL(' +102.719'),$);
#1074= IFCPROPERTYSINGLEVALUE('COG_Y_BASEPOINT',$,IFCLENGTHMEASURE(392023.2071),$);
#1075= IFCPROPERTYSINGLEVALUE('COG_X_BASEPOINT',$,IFCLENGTHMEASURE(409998.66846),$);
#1076= IFCPROPERTYSINGLEVALUE('WEIGHT_NET',$,IFCMASSMEASURE(12485.85191),$);
#1077= IFCPROPERTYSINGLEVALUE('VOLUME_NET',$,IFCVOLUMEMEASURE(5.20244),$);
#1078= IFCPROPERTYSINGLEVALUE('HISTORY.CREATED',$,IFCLABEL('10.03.2026 16:07:30'),$);
#1079= IFCPROPERTYSINGLEVALUE('GUID',$,IFCLABEL('5a040f07-d798-4323-a213-4493d207092a'),$);
#1080= IFCPROPERTYSET('3L9oY$Pa18cRfkmS9_vzL4',#5,'Fundacion',$,(#1069,#1070,#1071,#1072,#1073,#1074,#1075,#1076,#1077,#61,#62,#63,#64,#65,#66,#67,#68,#69,#70,#71,#1078,#73,#74,#75,#76,#1079));
#1081= IFCQUANTITYLENGTH('Width',$,$,3050.00024414062);
#1082= IFCELEMENTQUANTITY('3yp4QmeWz40A5EWUfuA4WZ',#5,'BaseQuantities',$,$,(#1081));
#1083= IFCCARTESIANPOINT((350.000366210938,450.000061035156));
#1084= IFCCARTESIANPOINT((500.,300.000061035156));
#1085= IFCCARTESIANPOINT((3050.00024414062,300.000061035156));
#1086= IFCCARTESIANPOINT((3050.00024414062,100.000038146973));
#1087= IFCCARTESIANPOINT((500.,100.000038146973));
#1088= IFCCARTESIANPOINT((500.,0.));
#1089= IFCCARTESIANPOINT((0.,300.000061035156));
#1090= IFCCARTESIANPOINT((149.999618530273,450.000061035156));
#1091= IFCCARTESIANPOINT((175.298690795898,3029.75659179688));
#1092= IFCCARTESIANPOINT((851.040832519531,3668.9306640625));
#1093= IFCCARTESIANPOINT((921.751037597656,3598.21997070312));
#1094= IFCCARTESIANPOINT((325.292602539062,2965.99243164062));
#1095= IFCPOLYLINE((#1083,#1084,#1085,#1086,#1087,#1088,#86,#1089,#1090,#1091,#1092,#1093,#1094,#1083));
#1096= IFCARBITRARYCLOSEDPROFILEDEF(.AREA.,'PERFIL T02-B',#1095);
#1097= IFCCARTESIANPOINT((4100.,0.,0.));
#1098= IFCAXIS2PLACEMENT3D(#1097,#90,#89);
#1099= IFCEXTRUDEDAREASOLID(#1096,#1098,#9,4100.);
#1100= IFCCIRCLEPROFILEDEF(.AREA.,'D200',#87,100.);
#1101= IFCCARTESIANPOINT((949.999953806459,-150.999999395979,2534.00247514242));
#1102= IFCAXIS2PLACEMENT3D(#1101,#89,#7);
#1103= IFCEXTRUDEDAREASOLID(#1100,#1102,#9,200.);
#1104= IFCBOOLEANRESULT(.DIFFERENCE.,#1099,#1103);
#1105= IFCCARTESIANPOINT((1749.01220741594,-150.999999405409,2509.11650616676));
#1106= IFCAXIS2PLACEMENT3D(#1105,#89,#7);
#1107= IFCEXTRUDEDAREASOLID(#1100,#1106,#9,200.);
#1108= IFCBOOLEANRESULT(.DIFFERENCE.,#1104,#1107);
#1109= IFCSHAPEREPRESENTATION(#12,'Body','CSG',(#1108));
#1110= IFCSTYLEDITEM(#1099,(#84),$);
#1111= IFCPRODUCTDEFINITIONSHAPE($,$,(#1109));
#1112= IFCCARTESIANPOINT((412050.000000225,391134.000366513,-949.998474121034));
#1113= IFCAXIS2PLACEMENT3D(#1112,#9,#90);
#1114= IFCLOCALPLACEMENT(#1067,#1113);
#1115= IFCBEAM('13hI6Kb7rADQXFLyu6DtjJ',#49,'MURO PCP01','PERFIL T02-B','BEAM',#1114,#1111,'Hormig\S\sn_V-12');
#1116= IFCBEAMTYPE('2rFZ05IU93exEvef4dMKYE',#5,'PERFIL T02-B',$,$,$,$,$,$,.NOTDEFINED.);
#1117= IFCPROPERTYSINGLEVALUE('AREA_FORM_TOP',$,IFCAREAMEASURE(12.505),$);
#1118= IFCPROPERTYSINGLEVALUE('PROFILE_WEIGHT',$,IFCMASSMEASURE(12485.85191),$);
#1119= IFCPROPERTYSINGLEVALUE('PROFILE_TYPE',$,IFCLABEL('Z'),$);
#1120= IFCPROPERTYSINGLEVALUE('PROFILE',$,IFCLABEL('PERFIL T02-B'),$);
#1121= IFCPROPERTYSINGLEVALUE('NAME',$,IFCLABEL('MURO PCP01'),$);
#1122= IFCPROPERTYSINGLEVALUE('MODEL_TOTAL',$,IFCINTEGER(1),$);
#1123= IFCPROPERTYSINGLEVALUE('MATERIAL',$,IFCLABEL('H30'),$);
#1124= IFCPROPERTYSINGLEVALUE('LENGTH_NET',$,IFCLENGTHMEASURE(4100.),$);
#1125= IFCPROPERTYSINGLEVALUE('HEIGHT',$,IFCLENGTHMEASURE(3668.93066),$);
#1126= IFCPROPERTYSINGLEVALUE('GUID',$,IFCLABEL('43ad2194-947d-4a35-a84f-57ce06377b53'),$);
#1127= IFCPROPERTYSINGLEVALUE('CAST_UNIT_POS',$,IFCLABEL('V2'),$);
#1128= IFCPROPERTYSINGLEVALUE('ASSEMBLY_TOP_LEVEL_BASEPOINT',$,IFCLABEL(' +102.719'),$);
#1129= IFCPROPERTYSINGLEVALUE('ASSEMBLY_POS',$,IFCLABEL('V2'),$);
#1130= IFCPROPERTYSINGLEVALUE('ASSEMBLY_BOTTOM_LEVEL_BASEPOINT',$,IFCLABEL(' +99.050'),$);
#1131= IFCPROPERTYSET('1BWwvpvTv4j9c6oORIPLtk',#5,'VIGAS',$,(#1117,#1069,#61,#62,#597,#65,#64,#66,#67,#598,#599,#70,#74,#75,#76,#71,#1078,#1118,#1119,#602,#603,#1077,#1073,#604,#1120,#1121,#1122,#1123,#1124,#1125,#1126,#612,#613,#614,#1074,#1075,#1127,#1072,#616,#1128,#1129,#619,#1130));
#1132= IFCPROPERTYSINGLEVALUE('Reference',$,IFCIDENTIFIER('Hormig\S\sn_V-12'),$);
#1133= IFCPROPERTYSET('0bPL9FkhL55fC4agPdjs5y',#5,'Pset_BeamCommon','Common Properties to beam elements',(#622,#1132));
#1134= IFCQUANTITYLENGTH('Length',$,$,4100.);
#1135= IFCQUANTITYAREA('OuterSurfaceArea',$,$,58.4583221701654);
#1136= IFCQUANTITYVOLUME('NetVolume',$,$,5.20243829767828);
#1137= IFCQUANTITYWEIGHT('NetWeight',$,$,12485.8519144279);
#1138= IFCELEMENTQUANTITY('3JgNEBOIr23O2gn$5i$ID7',#5,'BaseQuantities',$,$,(#1134,#1135,#1136,#1137));
#1139= IFCSURFACESTYLE('ADN-420',.POSITIVE.,(#687));
#1140= IFCPRESENTATIONSTYLEASSIGNMENT((#1139));
#1141= IFCTRIMMEDCURVE(#258,(IFCPARAMETERVALUE(0.)),(IFCPARAMETERVALUE(24.9999999998015)),.T.,.PARAMETER.);
#1142= IFCCOMPOSITECURVESEGMENT(.CONTINUOUS.,.T.,#1141);
#1143= IFCCARTESIANPOINT((45.3125000002484,-7.60564944357611E-11,-24.9999999993514));
#1144= IFCAXIS2PLACEMENT3D(#1143,#89,#90);
#1145= IFCCIRCLE(#1144,45.31);
#1146= IFCTRIMMEDCURVE(#1145,(IFCPARAMETERVALUE(0.)),(IFCPARAMETERVALUE(1.57079632679414)),.T.,.PARAMETER.);
#1147= IFCCOMPOSITECURVESEGMENT(.CONTINUOUS.,.T.,#1146);
#1148= IFCCARTESIANPOINT((45.3125000006642,-8.19113665784243E-11,-70.3124999993514));
#1149= IFCLINE(#1148,#158);
#1150= IFCTRIMMEDCURVE(#1149,(IFCPARAMETERVALUE(0.)),(IFCPARAMETERVALUE(3918.75000000012)),.T.,.PARAMETER.);
#1151= IFCCOMPOSITECURVESEGMENT(.CONTINUOUS.,.T.,#1150);
#1152= IFCCARTESIANPOINT((3964.06250000036,-6.37476205156418E-09,-24.9999999633957));
#1153= IFCAXIS2PLACEMENT3D(#1152,#89,#147);
#1154= IFCCIRCLE(#1153,45.31);
#1155= IFCTRIMMEDCURVE(#1154,(IFCPARAMETERVALUE(0.)),(IFCPARAMETERVALUE(1.57079632679566)),.T.,.PARAMETER.);
#1156= IFCCOMPOSITECURVESEGMENT(.CONTINUOUS.,.T.,#1155);
#1157= IFCCARTESIANPOINT((4009.37500000036,-6.44757847112487E-09,-24.9999999629455));
#1158= IFCVECTOR(#9,1.);
#1159= IFCLINE(#1157,#1158);
#1160= IFCTRIMMEDCURVE(#1159,(IFCPARAMETERVALUE(0.)),(IFCPARAMETERVALUE(24.9999999997328)),.T.,.PARAMETER.);
#1161= IFCCOMPOSITECURVESEGMENT(.DISCONTINUOUS.,.T.,#1160);
#1162= IFCCOMPOSITECURVE((#1142,#1147,#1151,#1156,#1161),.F.);
#1163= IFCSWEPTDISKSOLID(#1162,5.3125,$,0.,3971.89159265324);
#1164= IFCSTYLEDITEM(#1163,(#1140),$);
#1165= IFCCARTESIANPOINT((699.312499996158,201.126511716719,116.756100620609));
#1166= IFCCARTESIANTRANSFORMATIONOPERATOR3D($,$,#1165,$,$);
#1167= IFCSHAPEREPRESENTATION(#12,'Body','AdvancedSweptSolid',(#1163));
#1168= IFCREPRESENTATIONMAP(#10,#1167);
#1169= IFCMAPPEDITEM(#1168,#1166);
#1170= IFCTRIMMEDCURVE(#258,(IFCPARAMETERVALUE(0.)),(IFCPARAMETERVALUE(24.9999999996477)),.T.,.PARAMETER.);
#1171= IFCCOMPOSITECURVESEGMENT(.CONTINUOUS.,.T.,#1170);
#1172= IFCLINE(#1157,#168);
#1173= IFCTRIMMEDCURVE(#1172,(IFCPARAMETERVALUE(0.)),(IFCPARAMETERVALUE(24.9999999997119)),.T.,.PARAMETER.);
#1174= IFCCOMPOSITECURVESEGMENT(.DISCONTINUOUS.,.T.,#1173);
#1175= IFCCOMPOSITECURVE((#1171,#1147,#1151,#1156,#1174),.F.);
#1176= IFCSWEPTDISKSOLID(#1175,5.3125,$,0.,3971.89159265307);
#1177= IFCSTYLEDITEM(#1176,(#1140),$);
#1178= IFCCARTESIANPOINT((699.312499986729,351.126496720921,116.689027857385));
#1179= IFCCARTESIANTRANSFORMATIONOPERATOR3D($,$,#1178,$,$);
#1180= IFCSHAPEREPRESENTATION(#12,'Body','AdvancedSweptSolid',(#1176));
#1181= IFCREPRESENTATIONMAP(#10,#1180);
#1182= IFCMAPPEDITEM(#1181,#1179);
#1183= IFCTRIMMEDCURVE(#258,(IFCPARAMETERVALUE(0.)),(IFCPARAMETERVALUE(24.9999999997641)),.T.,.PARAMETER.);
#1184= IFCCOMPOSITECURVESEGMENT(.CONTINUOUS.,.T.,#1183);
#1185= IFCTRIMMEDCURVE(#1172,(IFCPARAMETERVALUE(0.)),(IFCPARAMETERVALUE(24.9999999997702)),.T.,.PARAMETER.);
#1186= IFCCOMPOSITECURVESEGMENT(.DISCONTINUOUS.,.T.,#1185);
#1187= IFCCOMPOSITECURVE((#1184,#1147,#1151,#1156,#1186),.F.);
#1188= IFCSWEPTDISKSOLID(#1187,5.3125,$,0.,3971.89159265324);
#1189= IFCSTYLEDITEM(#1188,(#1140),$);
#1190= IFCCARTESIANPOINT((699.312499977299,501.126481725123,116.621955094277));
#1191= IFCCARTESIANTRANSFORMATIONOPERATOR3D($,$,#1190,$,$);
#1192= IFCSHAPEREPRESENTATION(#12,'Body','AdvancedSweptSolid',(#1188));
#1193= IFCREPRESENTATIONMAP(#10,#1192);
#1194= IFCMAPPEDITEM(#1193,#1191);
#1195= IFCCARTESIANPOINT((699.312499967869,651.126466729326,116.554882331053));
#1196= IFCCARTESIANTRANSFORMATIONOPERATOR3D($,$,#1195,$,$);
#1197= IFCSHAPEREPRESENTATION(#12,'Body','AdvancedSweptSolid',(#1176));
#1198= IFCREPRESENTATIONMAP(#10,#1197);
#1199= IFCMAPPEDITEM(#1198,#1196);
#1200= IFCTRIMMEDCURVE(#258,(IFCPARAMETERVALUE(0.)),(IFCPARAMETERVALUE(24.9999999997059)),.T.,.PARAMETER.);
#1201= IFCCOMPOSITECURVESEGMENT(.CONTINUOUS.,.T.,#1200);
#1202= IFCCOMPOSITECURVE((#1201,#1147,#1151,#1156,#1174),.F.);
#1203= IFCSWEPTDISKSOLID(#1202,5.3125,$,0.,3971.89159265312);
#1204= IFCSTYLEDITEM(#1203,(#1140),$);
#1205= IFCCARTESIANPOINT((699.31249995844,801.126451733528,116.487809567945));
#1206= IFCCARTESIANTRANSFORMATIONOPERATOR3D($,$,#1205,$,$);
#1207= IFCSHAPEREPRESENTATION(#12,'Body','AdvancedSweptSolid',(#1203));
#1208= IFCREPRESENTATIONMAP(#10,#1207);
#1209= IFCMAPPEDITEM(#1208,#1206);
#1210= IFCTRIMMEDCURVE(#258,(IFCPARAMETERVALUE(0.)),(IFCPARAMETERVALUE(24.9999999996269)),.T.,.PARAMETER.);
#1211= IFCCOMPOSITECURVESEGMENT(.CONTINUOUS.,.T.,#1210);
#1212= IFCTRIMMEDCURVE(#1172,(IFCPARAMETERVALUE(0.)),(IFCPARAMETERVALUE(24.9999999996745)),.T.,.PARAMETER.);
#1213= IFCCOMPOSITECURVESEGMENT(.DISCONTINUOUS.,.T.,#1212);
#1214= IFCCOMPOSITECURVE((#1211,#1147,#1151,#1156,#1213),.F.);
#1215= IFCSWEPTDISKSOLID(#1214,5.3125,$,0.,3971.89159265301);
#1216= IFCSTYLEDITEM(#1215,(#1140),$);
#1217= IFCCARTESIANPOINT((699.312499948952,951.126436737732,116.420736804721));
#1218= IFCCARTESIANTRANSFORMATIONOPERATOR3D($,$,#1217,$,$);
#1219= IFCSHAPEREPRESENTATION(#12,'Body','AdvancedSweptSolid',(#1215));
#1220= IFCREPRESENTATIONMAP(#10,#1219);
#1221= IFCMAPPEDITEM(#1220,#1218);
#1222= IFCVECTOR(#147,1.);
#1223= IFCLINE(#6,#1222);
#1224= IFCTRIMMEDCURVE(#1223,(IFCPARAMETERVALUE(0.)),(IFCPARAMETERVALUE(24.9999999997634)),.T.,.PARAMETER.);
#1225= IFCCOMPOSITECURVESEGMENT(.CONTINUOUS.,.T.,#1224);
#1226= IFCTRIMMEDCURVE(#1172,(IFCPARAMETERVALUE(0.)),(IFCPARAMETERVALUE(24.9999999997126)),.T.,.PARAMETER.);
#1227= IFCCOMPOSITECURVESEGMENT(.DISCONTINUOUS.,.T.,#1226);
#1228= IFCCOMPOSITECURVE((#1225,#1147,#1151,#1156,#1227),.F.);
#1229= IFCSWEPTDISKSOLID(#1228,5.3125,$,0.,3971.89159265318);
#1230= IFCSTYLEDITEM(#1229,(#1140),$);
#1231= IFCCARTESIANPOINT((699.312499939522,1101.12642174193,116.353664041671));
#1232= IFCCARTESIANTRANSFORMATIONOPERATOR3D($,$,#1231,$,$);
#1233= IFCSHAPEREPRESENTATION(#12,'Body','AdvancedSweptSolid',(#1229));
#1234= IFCREPRESENTATIONMAP(#10,#1233);
#1235= IFCMAPPEDITEM(#1234,#1232);
#1236= IFCCARTESIANPOINT((699.312499930093,1251.12640674614,116.286591278506));
#1237= IFCCARTESIANTRANSFORMATIONOPERATOR3D($,$,#1236,$,$);
#1238= IFCSHAPEREPRESENTATION(#12,'Body','AdvancedSweptSolid',(#1203));
#1239= IFCREPRESENTATIONMAP(#10,#1238);
#1240= IFCMAPPEDITEM(#1239,#1237);
#1241= IFCCARTESIANPOINT((699.312499920663,1401.12639175034,116.21951851534));
#1242= IFCCARTESIANTRANSFORMATIONOPERATOR3D($,$,#1241,$,$);
#1243= IFCSHAPEREPRESENTATION(#12,'Body','AdvancedSweptSolid',(#1229));
#1244= IFCREPRESENTATIONMAP(#10,#1243);
#1245= IFCMAPPEDITEM(#1244,#1242);
#1246= IFCCARTESIANPOINT((699.312499911233,1551.12637675454,116.152445752174));
#1247= IFCCARTESIANTRANSFORMATIONOPERATOR3D($,$,#1246,$,$);
#1248= IFCSHAPEREPRESENTATION(#12,'Body','AdvancedSweptSolid',(#1203));
#1249= IFCREPRESENTATIONMAP(#10,#1248);
#1250= IFCMAPPEDITEM(#1249,#1247);
#1251= IFCCARTESIANPOINT((699.312499901745,1701.12636175874,116.085372989008));
#1252= IFCCARTESIANTRANSFORMATIONOPERATOR3D($,$,#1251,$,$);
#1253= IFCSHAPEREPRESENTATION(#12,'Body','AdvancedSweptSolid',(#1229));
#1254= IFCREPRESENTATIONMAP(#10,#1253);
#1255= IFCMAPPEDITEM(#1254,#1252);
#1256= IFCCARTESIANPOINT((699.312499892316,1851.12634676295,116.018300225842));
#1257= IFCCARTESIANTRANSFORMATIONOPERATOR3D($,$,#1256,$,$);
#1258= IFCSHAPEREPRESENTATION(#12,'Body','AdvancedSweptSolid',(#1203));
#1259= IFCREPRESENTATIONMAP(#10,#1258);
#1260= IFCMAPPEDITEM(#1259,#1257);
#1261= IFCTRIMMEDCURVE(#258,(IFCPARAMETERVALUE(0.)),(IFCPARAMETERVALUE(24.9999999997052)),.T.,.PARAMETER.);
#1262= IFCCOMPOSITECURVESEGMENT(.CONTINUOUS.,.T.,#1261);
#1263= IFCTRIMMEDCURVE(#1159,(IFCPARAMETERVALUE(0.)),(IFCPARAMETERVALUE(24.9999999996544)),.T.,.PARAMETER.);
#1264= IFCCOMPOSITECURVESEGMENT(.DISCONTINUOUS.,.T.,#1263);
#1265= IFCCOMPOSITECURVE((#1262,#1147,#1151,#1156,#1264),.F.);
#1266= IFCSWEPTDISKSOLID(#1265,5.3125,$,0.,3971.89159265307);
#1267= IFCSTYLEDITEM(#1266,(#1140),$);
#1268= IFCCARTESIANPOINT((699.312499882886,2001.12633176715,115.951227462676));
#1269= IFCCARTESIANTRANSFORMATIONOPERATOR3D($,$,#1268,$,$);
#1270= IFCSHAPEREPRESENTATION(#12,'Body','AdvancedSweptSolid',(#1266));
#1271= IFCREPRESENTATIONMAP(#10,#1270);
#1272= IFCMAPPEDITEM(#1271,#1269);
#1273= IFCCARTESIANPOINT((699.312499873457,2151.12631677135,115.884154699568));
#1274= IFCCARTESIANTRANSFORMATIONOPERATOR3D($,$,#1273,$,$);
#1275= IFCSHAPEREPRESENTATION(#12,'Body','AdvancedSweptSolid',(#1203));
#1276= IFCREPRESENTATIONMAP(#10,#1275);
#1277= IFCMAPPEDITEM(#1276,#1274);
#1278= IFCSHAPEREPRESENTATION(#12,'Body','MappedRepresentation',(#1169,#1182,#1194,#1199,#1209,#1221,#1235,#1240,#1245,#1250,#1255,#1260,#1272,#1277));
#1279= IFCPRODUCTDEFINITIONSHAPE($,$,(#1278));
#1280= IFCCARTESIANPOINT((407296.000000198,391303.673147478,1630.60506071667));
#1281= IFCDIRECTION((0.,0.999957083320991,-0.00926453000297387));
#1282= IFCAXIS2PLACEMENT3D(#1280,#1281,#7);
#1283= IFCLOCALPLACEMENT(#1067,#1282);
#1284= IFCREINFORCINGBAR('1qQcj$yaT4g8rWb3ftpmLY',#49,'LONG MURO',$,$,#1283,#1279,'ID746a6b7f-f247-44a8-8d60-943a77cf0562',$,10.625,0.,$,.NOTDEFINED.,.NULL.);
#1285= IFCPROPERTYSINGLEVALUE('HISTORY.CREATED',$,IFCLABEL('11.03.2026 11:13:14'),$);
#1286= IFCPROPERTYSINGLEVALUE('WEIGHT_TOTAL_IN_GROUP',$,IFCMASSMEASURE(35.51144),$);
#1287= IFCPROPERTYSINGLEVALUE('REBAR_POS',$,IFCLABEL('14'),$);
#1288= IFCPROPERTYSINGLEVALUE('NUMBER_OF_BARS_IN_GROUP',$,IFCINTEGER(14),$);
#1289= IFCPROPERTYSINGLEVALUE('NAME',$,IFCLABEL('LONG MURO'),$);
#1290= IFCPROPERTYSINGLEVALUE('HOOK_START_ANGLE',$,IFCLABEL('90.000'),$);
#1291= IFCPROPERTYSINGLEVALUE('HOOK_END_ANGLE',$,IFCLABEL('90.000'),$);
#1292= IFCPROPERTYSINGLEVALUE('GUID',$,IFCLABEL('746a6b7f-f247-44a8-8d60-943a77cf0562'),$);
#1293= IFCPROPERTYSINGLEVALUE('DIM_L',$,IFCLENGTHMEASURE(4170.),$);
#1294= IFCPROPERTYSINGLEVALUE('DIM_C',$,IFCLENGTHMEASURE(75.),$);
#1295= IFCPROPERTYSINGLEVALUE('DIM_B',$,IFCLENGTHMEASURE(4020.),$);
#1296= IFCPROPERTYSINGLEVALUE('DIM_A',$,IFCLENGTHMEASURE(75.),$);
#1297= IFCPROPERTYSINGLEVALUE('CONCRETE_COVER_ON_PLANE_MIN',$,IFCLENGTHMEASURE(40.),$);
#1298= IFCPROPERTYSET('3VUiPB$Rz8KxW$vuZxoehF',#5,'Rebar_properties',$,(#74,#75,#76,#71,#1285,#1286,#294,#1287,#1288,#230,#231,#1289,#233,#234,#1290,#236,#1291,#1292,#239,#1293,#302,#303,#1294,#1295,#1296,#307,#1297,#248,#249,#1127,#251));
#1299= IFCTRIMMEDCURVE(#258,(IFCPARAMETERVALUE(0.)),(IFCPARAMETERVALUE(24.9999999992965)),.T.,.PARAMETER.);
#1300= IFCCOMPOSITECURVESEGMENT(.CONTINUOUS.,.T.,#1299);
#1301= IFCTRIMMEDCURVE(#1149,(IFCPARAMETERVALUE(0.)),(IFCPARAMETERVALUE(3918.75000000041)),.T.,.PARAMETER.);
#1302= IFCCOMPOSITECURVESEGMENT(.CONTINUOUS.,.T.,#1301);
#1303= IFCCARTESIANPOINT((3964.0624995037,7.86655667219804E-05,-25.0000786670961));
#1304= IFCAXIS2PLACEMENT3D(#1303,#89,#147);
#1305= IFCCIRCLE(#1304,45.31);
#1306= IFCTRIMMEDCURVE(#1305,(IFCPARAMETERVALUE(0.)),(IFCPARAMETERVALUE(1.57079632677166)),.T.,.PARAMETER.);
#1307= IFCCOMPOSITECURVESEGMENT(.CONTINUOUS.,.T.,#1306);
#1308= IFCCARTESIANPOINT((4009.3749995037,7.95647799449739E-05,-25.0000795673747));
#1309= IFCLINE(#1308,#168);
#1310= IFCTRIMMEDCURVE(#1309,(IFCPARAMETERVALUE(0.)),(IFCPARAMETERVALUE(25.0000000014022)),.T.,.PARAMETER.);
#1311= IFCCOMPOSITECURVESEGMENT(.DISCONTINUOUS.,.T.,#1310);
#1312= IFCCOMPOSITECURVE((#1300,#1147,#1302,#1307,#1311),.F.);
#1313= IFCSWEPTDISKSOLID(#1312,5.3125,$,0.,3971.8915926547);
#1314= IFCSTYLEDITEM(#1313,(#1140),$);
#1315= IFCCARTESIANPOINT((699.312504499336,25.3124200882739,125.625079914927));
#1316= IFCCARTESIANTRANSFORMATIONOPERATOR3D($,$,#1315,$,$);
#1317= IFCSHAPEREPRESENTATION(#12,'Body','AdvancedSweptSolid',(#1313));
#1318= IFCREPRESENTATIONMAP(#10,#1317);
#1319= IFCMAPPEDITEM(#1318,#1316);
#1320= IFCSHAPEREPRESENTATION(#12,'Body','MappedRepresentation',(#1319));
#1321= IFCPRODUCTDEFINITIONSHAPE($,$,(#1320));
#1322= IFCCARTESIANPOINT((407296.000000225,391624.000366513,-649.999237060482));
#1323= IFCDIRECTION((1.22329453006385E-07,-0.707106853186551,-0.707106709186527));
#1324= IFCAXIS2PLACEMENT3D(#1322,#1323,#7);
#1325= IFCLOCALPLACEMENT(#1067,#1324);
#1326= IFCREINFORCINGBAR('3bbFj2wmjDTw1HRiFAR8Ks',#49,'LONG NERVIO',$,$,#1325,#1321,'IDe594fb42-eb0b-4d77-a051-6ec3ca6c8536',$,10.625,0.,$,.NOTDEFINED.,.NULL.);
#1327= IFCPROPERTYSINGLEVALUE('WEIGHT_TOTAL_IN_GROUP',$,IFCMASSMEASURE(2.53649),$);
#1328= IFCPROPERTYSINGLEVALUE('NAME',$,IFCLABEL('LONG NERVIO'),$);
#1329= IFCPROPERTYSINGLEVALUE('GUID',$,IFCLABEL('e594fb42-eb0b-4d77-a051-6ec3ca6c8536'),$);
#1330= IFCPROPERTYSINGLEVALUE('CONCRETE_COVER_ON_PLANE_MIN',$,IFCLENGTHMEASURE(50.),$);
#1331= IFCPROPERTYSET('14fIlgoZ14lgOwDUFiEdhK',#5,'Rebar_properties',$,(#74,#75,#76,#71,#1285,#1327,#294,#1287,#296,#230,#231,#1328,#233,#234,#1290,#236,#1291,#1329,#239,#1293,#302,#303,#1294,#1295,#1296,#307,#1330,#309,#249,#1127,#251));
#1332= IFCTRIMMEDCURVE(#258,(IFCPARAMETERVALUE(0.)),(IFCPARAMETERVALUE(24.9999999994063)),.T.,.PARAMETER.);
#1333= IFCCOMPOSITECURVESEGMENT(.CONTINUOUS.,.T.,#1332);
#1334= IFCCARTESIANPOINT((3964.0624995037,-7.89277423436374E-05,-25.000078666637));
#1335= IFCAXIS2PLACEMENT3D(#1334,#89,#147);
#1336= IFCCIRCLE(#1335,45.31);
#1337= IFCTRIMMEDCURVE(#1336,(IFCPARAMETERVALUE(0.)),(IFCPARAMETERVALUE(1.57079632677152)),.T.,.PARAMETER.);
#1338= IFCCOMPOSITECURVESEGMENT(.CONTINUOUS.,.T.,#1337);
#1339= IFCCARTESIANPOINT((4009.3749995037,-7.98299533535385E-05,-25.0000795669156));
#1340= IFCLINE(#1339,#168);
#1341= IFCTRIMMEDCURVE(#1340,(IFCPARAMETERVALUE(0.)),(IFCPARAMETERVALUE(25.0000000015252)),.T.,.PARAMETER.);
#1342= IFCCOMPOSITECURVESEGMENT(.DISCONTINUOUS.,.T.,#1341);
#1343= IFCCOMPOSITECURVE((#1333,#1147,#1302,#1338,#1342),.F.);
#1344= IFCSWEPTDISKSOLID(#1343,5.3125,$,0.,3971.89159265493);
#1345= IFCSTYLEDITEM(#1344,(#1140),$);
#1346= IFCCARTESIANPOINT((699.312478505832,-25.312419599155,125.625079909863));
#1347= IFCCARTESIANTRANSFORMATIONOPERATOR3D($,$,#1346,$,$);
#1348= IFCSHAPEREPRESENTATION(#12,'Body','AdvancedSweptSolid',(#1344));
#1349= IFCREPRESENTATIONMAP(#10,#1348);
#1350= IFCMAPPEDITEM(#1349,#1347);
#1351= IFCSHAPEREPRESENTATION(#12,'Body','MappedRepresentation',(#1350));
#1352= IFCPRODUCTDEFINITIONSHAPE($,$,(#1351));
#1353= IFCCARTESIANPOINT((407296.000000225,391143.998412101,-649.999237060482));
#1354= IFCDIRECTION((1.22329453006385E-07,0.707106853186551,-0.707106709186527));
#1355= IFCAXIS2PLACEMENT3D(#1353,#1354,#7);
#1356= IFCLOCALPLACEMENT(#1067,#1355);
#1357= IFCREINFORCINGBAR('25CCfxYqPDkBkgkVjd0Nfo',#49,'LONG NERVIO',$,$,#1356,#1352,'ID8530ca7b-8b46-4db8-bbaa-b9fb67017a72',$,10.625,0.,$,.NOTDEFINED.,.NULL.);
#1358= IFCPROPERTYSINGLEVALUE('GUID',$,IFCLABEL('8530ca7b-8b46-4db8-bbaa-b9fb67017a72'),$);
#1359= IFCPROPERTYSET('0u2aicn253OBrIgrycYPTT',#5,'Rebar_properties',$,(#74,#75,#76,#71,#1285,#1327,#294,#1287,#296,#230,#231,#1328,#233,#234,#1290,#236,#1291,#1358,#239,#1293,#302,#303,#1294,#1295,#1296,#307,#1330,#309,#249,#1127,#251));
#1360= IFCDIRECTION((-0.707107569462414,-3.86555112176505E-17,0.707105992909803));
#1361= IFCVECTOR(#1360,1.);
#1362= IFCLINE(#6,#1361);
#1363= IFCTRIMMEDCURVE(#1362,(IFCPARAMETERVALUE(0.)),(IFCPARAMETERVALUE(48.0000000000003)),.T.,.PARAMETER.);
#1364= IFCCOMPOSITECURVESEGMENT(.CONTINUOUS.,.T.,#1363);
#1365= IFCCARTESIANPOINT((-59.6179497017333,-1.09139364212751E-11,8.26424404356686));
#1366= IFCDIRECTION((0.707105992909803,3.0050481120101E-13,0.707107569462414));
#1367= IFCAXIS2PLACEMENT3D(#1365,#89,#1366);
#1368= IFCCIRCLE(#1367,36.31);
#1369= IFCTRIMMEDCURVE(#1368,(IFCPARAMETERVALUE(0.)),(IFCPARAMETERVALUE(1.570796326795)),.T.,.PARAMETER.);
#1370= IFCCOMPOSITECURVESEGMENT(.CONTINUOUS.,.T.,#1369);
#1371= IFCCARTESIANPOINT((-85.2947933178397,-1.09139364212751E-11,33.9410304111016));
#1372= IFCDIRECTION((-0.707105992909733,-3.00333144658227E-13,-0.707107569462483));
#1373= IFCVECTOR(#1372,1.);
#1374= IFCLINE(#1371,#1373);
#1375= IFCTRIMMEDCURVE(#1374,(IFCPARAMETERVALUE(0.)),(IFCPARAMETERVALUE(149.052945301045)),.T.,.PARAMETER.);
#1376= IFCCOMPOSITECURVESEGMENT(.CONTINUOUS.,.T.,#1375);
#1377= IFCCARTESIANPOINT((-176.327901696348,-4.95674612466246E-11,-85.8185259429235));
#1378= IFCAXIS2PLACEMENT3D(#1377,#89,#1360);
#1379= IFCCIRCLE(#1378,20.31);
#1380= IFCTRIMMEDCURVE(#1379,(IFCPARAMETERVALUE(0.)),(IFCPARAMETERVALUE(0.785397048603018)),.T.,.PARAMETER.);
#1381= IFCCOMPOSITECURVESEGMENT(.CONTINUOUS.,.T.,#1380);
#1382= IFCCARTESIANPOINT((-196.640401696348,-5.82076609134674E-11,-85.8185259428567));
#1383= IFCLINE(#1382,#1222);
#1384= IFCTRIMMEDCURVE(#1383,(IFCPARAMETERVALUE(0.)),(IFCPARAMETERVALUE(183.605727794178)),.T.,.PARAMETER.);
#1385= IFCCOMPOSITECURVESEGMENT(.CONTINUOUS.,.T.,#1384);
#1386= IFCCARTESIANPOINT((-176.327901696952,-5.5365489970427E-11,-269.424253737101));
#1387= IFCAXIS2PLACEMENT3D(#1386,#89,#90);
#1388= IFCCIRCLE(#1387,20.31);
#1389= IFCTRIMMEDCURVE(#1388,(IFCPARAMETERVALUE(0.)),(IFCPARAMETERVALUE(1.57079632679822)),.T.,.PARAMETER.);
#1390= IFCCOMPOSITECURVESEGMENT(.CONTINUOUS.,.T.,#1389);
#1391= IFCCARTESIANPOINT((-176.327901696952,-5.5365489970427E-11,-289.736753737101));
#1392= IFCLINE(#1391,#158);
#1393= IFCTRIMMEDCURVE(#1392,(IFCPARAMETERVALUE(0.)),(IFCPARAMETERVALUE(370.749999999759)),.T.,.PARAMETER.);
#1394= IFCCOMPOSITECURVESEGMENT(.CONTINUOUS.,.T.,#1393);
#1395= IFCCARTESIANPOINT((194.422098302806,-8.41282599139959E-12,-269.42425373709));
#1396= IFCAXIS2PLACEMENT3D(#1395,#89,#147);
#1397= IFCCIRCLE(#1396,20.31);
#1398= IFCTRIMMEDCURVE(#1397,(IFCPARAMETERVALUE(0.)),(IFCPARAMETERVALUE(1.57079632679487)),.T.,.PARAMETER.);
#1399= IFCCOMPOSITECURVESEGMENT(.CONTINUOUS.,.T.,#1398);
#1400= IFCCARTESIANPOINT((214.734598302806,-5.57065504835919E-12,-269.42425373709));
#1401= IFCLINE(#1400,#1158);
#1402= IFCTRIMMEDCURVE(#1401,(IFCPARAMETERVALUE(0.)),(IFCPARAMETERVALUE(183.588348511225)),.T.,.PARAMETER.);
#1403= IFCCOMPOSITECURVESEGMENT(.CONTINUOUS.,.T.,#1402);
#1404= IFCCARTESIANPOINT((194.482975565485,1.57144288952031,-85.835905225865));
#1405= IFCDIRECTION((-0.0773633422560585,-0.997002965529678,-2.73313206467093E-13));
#1406= IFCDIRECTION((0.997002965529678,-0.0773633422560596,-2.05946371067967E-14));
#1407= IFCAXIS2PLACEMENT3D(#1404,#1405,#1406);
#1408= IFCCIRCLE(#1407,20.31);
#1409= IFCTRIMMEDCURVE(#1408,(IFCPARAMETERVALUE(0.)),(IFCPARAMETERVALUE(0.786885042948378)),.T.,.PARAMETER.);
#1410= IFCCOMPOSITECURVESEGMENT(.CONTINUOUS.,.T.,#1409);
#1411= IFCCARTESIANPOINT((208.781727307417,0.461918381474561,-71.4514584086031));
#1412= IFCDIRECTION((-0.70603500968932,0.0547854218970581,0.706054617321184));
#1413= IFCVECTOR(#1412,1.);
#1414= IFCLINE(#1411,#1413);
#1415= IFCTRIMMEDCURVE(#1414,(IFCPARAMETERVALUE(0.)),(IFCPARAMETERVALUE(158.822271919053)),.T.,.PARAMETER.);
#1416= IFCCOMPOSITECURVESEGMENT(.CONTINUOUS.,.T.,#1415);
#1417= IFCCARTESIANPOINT((82.2627991105105,8.0536004960112,26.3873829804764));
#1418= IFCDIRECTION((-3.33939290423263E-10,-0.997003131265113,0.0773612063476206));
#1419= IFCDIRECTION((0.708176930641631,0.0546197198374382,0.703919115461342));
#1420= IFCAXIS2PLACEMENT3D(#1417,#1418,#1419);
#1421= IFCCIRCLE(#1420,20.31);
#1422= IFCTRIMMEDCURVE(#1421,(IFCPARAMETERVALUE(0.)),(IFCPARAMETERVALUE(0.786912735102046)),.T.,.PARAMETER.);
#1423= IFCCOMPOSITECURVESEGMENT(.CONTINUOUS.,.T.,#1422);
#1424= IFCCARTESIANPOINT((82.2627990232601,9.62499999994725,46.639009084299));
#1425= IFCVECTOR(#90,1.);
#1426= IFCLINE(#1424,#1425);
#1427= IFCTRIMMEDCURVE(#1426,(IFCPARAMETERVALUE(0.)),(IFCPARAMETERVALUE(136.902009954404)),.T.,.PARAMETER.);
#1428= IFCCOMPOSITECURVESEGMENT(.CONTINUOUS.,.T.,#1427);
#1429= IFCCARTESIANPOINT((-54.6392107746964,9.62500000007606,10.3265084944752));
#1430= IFCAXIS2PLACEMENT3D(#1429,#89,#9);
#1431= IFCCIRCLE(#1430,36.31);
#1432= IFCTRIMMEDCURVE(#1431,(IFCPARAMETERVALUE(0.)),(IFCPARAMETERVALUE(1.57079632679484)),.T.,.PARAMETER.);
#1433= IFCCOMPOSITECURVESEGMENT(.CONTINUOUS.,.T.,#1432);
#1434= IFCAXIS2PLACEMENT3D(#1429,#89,#90);
#1435= IFCCIRCLE(#1434,36.31);
#1436= IFCTRIMMEDCURVE(#1435,(IFCPARAMETERVALUE(0.)),(IFCPARAMETERVALUE(0.78539816339729)),.T.,.PARAMETER.);
#1437= IFCCOMPOSITECURVESEGMENT(.CONTINUOUS.,.T.,#1436);
#1438= IFCCARTESIANPOINT((-80.3160256559133,9.62500000011642,-15.3503066079863));
#1439= IFCVECTOR(#196,1.);
#1440= IFCLINE(#1438,#1439);
#1441= IFCTRIMMEDCURVE(#1440,(IFCPARAMETERVALUE(0.)),(IFCPARAMETERVALUE(47.9999999999898)),.T.,.PARAMETER.);
#1442= IFCCOMPOSITECURVESEGMENT(.DISCONTINUOUS.,.T.,#1441);
#1443= IFCCOMPOSITECURVE((#1364,#1370,#1376,#1381,#1385,#1390,#1394,#1399,#1403,#1410,#1416,#1423,#1428,#1433,#1437,#1442),.F.);
#1444= IFCSWEPTDISKSOLID(#1443,4.3125,$,0.,1288.14908177689);
#1445= IFCSTYLEDITEM(#1444,(#1140),$);
#1446= IFCCARTESIANPOINT((240.952905893617,705.312500000058,359.04925374792));
#1447= IFCCARTESIANTRANSFORMATIONOPERATOR3D($,$,#1446,$,$);
#1448= IFCSHAPEREPRESENTATION(#12,'Body','AdvancedSweptSolid',(#1444));
#1449= IFCREPRESENTATIONMAP(#10,#1448);
#1450= IFCMAPPEDITEM(#1449,#1447);
#1451= IFCTRIMMEDCURVE(#1368,(IFCPARAMETERVALUE(0.)),(IFCPARAMETERVALUE(1.570796326795)),.T.,.PARAMETER.);
#1452= IFCCOMPOSITECURVESEGMENT(.CONTINUOUS.,.T.,#1451);
#1453= IFCTRIMMEDCURVE(#1383,(IFCPARAMETERVALUE(0.)),(IFCPARAMETERVALUE(183.605727794178)),.T.,.PARAMETER.);
#1454= IFCCOMPOSITECURVESEGMENT(.CONTINUOUS.,.T.,#1453);
#1455= IFCCOMPOSITECURVE((#1364,#1452,#1376,#1381,#1454,#1390,#1394,#1399,#1403,#1410,#1416,#1423,#1428,#1433,#1437,#1442),.F.);
#1456= IFCSWEPTDISKSOLID(#1455,4.3125,$,0.,1288.14908177689);
#1457= IFCSTYLEDITEM(#1456,(#1140),$);
#1458= IFCCARTESIANPOINT((240.952918160823,855.312500000058,359.049253779542));
#1459= IFCCARTESIANTRANSFORMATIONOPERATOR3D($,$,#1458,$,$);
#1460= IFCSHAPEREPRESENTATION(#12,'Body','AdvancedSweptSolid',(#1456));
#1461= IFCREPRESENTATIONMAP(#10,#1460);
#1462= IFCMAPPEDITEM(#1461,#1459);
#1463= IFCCARTESIANPOINT((240.95293042803,1005.31250000006,359.049253811163));
#1464= IFCCARTESIANTRANSFORMATIONOPERATOR3D($,$,#1463,$,$);
#1465= IFCSHAPEREPRESENTATION(#12,'Body','AdvancedSweptSolid',(#1456));
#1466= IFCREPRESENTATIONMAP(#10,#1465);
#1467= IFCMAPPEDITEM(#1466,#1464);
#1468= IFCVECTOR(#1412,1.);
#1469= IFCLINE(#1411,#1468);
#1470= IFCTRIMMEDCURVE(#1469,(IFCPARAMETERVALUE(0.)),(IFCPARAMETERVALUE(158.822271919053)),.T.,.PARAMETER.);
#1471= IFCCOMPOSITECURVESEGMENT(.CONTINUOUS.,.T.,#1470);
#1472= IFCCOMPOSITECURVE((#1364,#1452,#1376,#1381,#1454,#1390,#1394,#1399,#1403,#1410,#1471,#1423,#1428,#1433,#1437,#1442),.F.);
#1473= IFCSWEPTDISKSOLID(#1472,4.3125,$,0.,1288.14908177689);
#1474= IFCSTYLEDITEM(#1473,(#1140),$);
#1475= IFCCARTESIANPOINT((240.952942695236,1155.31250000006,359.049253842785));
#1476= IFCCARTESIANTRANSFORMATIONOPERATOR3D($,$,#1475,$,$);
#1477= IFCSHAPEREPRESENTATION(#12,'Body','AdvancedSweptSolid',(#1473));
#1478= IFCREPRESENTATIONMAP(#10,#1477);
#1479= IFCMAPPEDITEM(#1478,#1476);
#1480= IFCTRIMMEDCURVE(#1362,(IFCPARAMETERVALUE(0.)),(IFCPARAMETERVALUE(48.0000000000004)),.T.,.PARAMETER.);
#1481= IFCCOMPOSITECURVESEGMENT(.CONTINUOUS.,.T.,#1480);
#1482= IFCVECTOR(#1372,1.);
#1483= IFCLINE(#1371,#1482);
#1484= IFCTRIMMEDCURVE(#1483,(IFCPARAMETERVALUE(0.)),(IFCPARAMETERVALUE(149.052945301045)),.T.,.PARAMETER.);
#1485= IFCCOMPOSITECURVESEGMENT(.CONTINUOUS.,.T.,#1484);
#1486= IFCLINE(#1400,#168);
#1487= IFCTRIMMEDCURVE(#1486,(IFCPARAMETERVALUE(0.)),(IFCPARAMETERVALUE(183.588348511222)),.T.,.PARAMETER.);
#1488= IFCCOMPOSITECURVESEGMENT(.CONTINUOUS.,.T.,#1487);
#1489= IFCTRIMMEDCURVE(#1414,(IFCPARAMETERVALUE(0.)),(IFCPARAMETERVALUE(158.822271919094)),.T.,.PARAMETER.);
#1490= IFCCOMPOSITECURVESEGMENT(.CONTINUOUS.,.T.,#1489);
#1491= IFCTRIMMEDCURVE(#1426,(IFCPARAMETERVALUE(0.)),(IFCPARAMETERVALUE(136.902009954366)),.T.,.PARAMETER.);
#1492= IFCCOMPOSITECURVESEGMENT(.CONTINUOUS.,.T.,#1491);
#1493= IFCTRIMMEDCURVE(#1440,(IFCPARAMETERVALUE(0.)),(IFCPARAMETERVALUE(48.0000000000254)),.T.,.PARAMETER.);
#1494= IFCCOMPOSITECURVESEGMENT(.DISCONTINUOUS.,.T.,#1493);
#1495= IFCCOMPOSITECURVE((#1481,#1452,#1485,#1381,#1385,#1390,#1394,#1399,#1488,#1410,#1490,#1423,#1492,#1433,#1437,#1494),.F.);
#1496= IFCSWEPTDISKSOLID(#1495,4.3125,$,0.,1288.14908177692);
#1497= IFCSTYLEDITEM(#1496,(#1140),$);
#1498= IFCCARTESIANPOINT((240.952954962442,1305.31250000006,359.049253874407));
#1499= IFCCARTESIANTRANSFORMATIONOPERATOR3D($,$,#1498,$,$);
#1500= IFCSHAPEREPRESENTATION(#12,'Body','AdvancedSweptSolid',(#1496));
#1501= IFCREPRESENTATIONMAP(#10,#1500);
#1502= IFCMAPPEDITEM(#1501,#1499);
#1503= IFCCARTESIANPOINT((240.952967229648,1455.31250000006,359.049253906028));
#1504= IFCCARTESIANTRANSFORMATIONOPERATOR3D($,$,#1503,$,$);
#1505= IFCSHAPEREPRESENTATION(#12,'Body','AdvancedSweptSolid',(#1496));
#1506= IFCREPRESENTATIONMAP(#10,#1505);
#1507= IFCMAPPEDITEM(#1506,#1504);
#1508= IFCTRIMMEDCURVE(#1426,(IFCPARAMETERVALUE(0.)),(IFCPARAMETERVALUE(136.902009954407)),.T.,.PARAMETER.);
#1509= IFCCOMPOSITECURVESEGMENT(.CONTINUOUS.,.T.,#1508);
#1510= IFCVECTOR(#196,1.);
#1511= IFCLINE(#1438,#1510);
#1512= IFCTRIMMEDCURVE(#1511,(IFCPARAMETERVALUE(0.)),(IFCPARAMETERVALUE(48.0000000000255)),.T.,.PARAMETER.);
#1513= IFCCOMPOSITECURVESEGMENT(.DISCONTINUOUS.,.T.,#1512);
#1514= IFCCOMPOSITECURVE((#1481,#1452,#1485,#1381,#1385,#1390,#1394,#1399,#1488,#1410,#1490,#1423,#1509,#1433,#1437,#1513),.F.);
#1515= IFCSWEPTDISKSOLID(#1514,4.3125,$,0.,1288.14908177696);
#1516= IFCSTYLEDITEM(#1515,(#1140),$);
#1517= IFCCARTESIANPOINT((240.952979496855,1605.31250000006,359.04925393765));
#1518= IFCCARTESIANTRANSFORMATIONOPERATOR3D($,$,#1517,$,$);
#1519= IFCSHAPEREPRESENTATION(#12,'Body','AdvancedSweptSolid',(#1515));
#1520= IFCREPRESENTATIONMAP(#10,#1519);
#1521= IFCMAPPEDITEM(#1520,#1518);
#1522= IFCCARTESIANPOINT((240.952991764061,1755.31250000006,359.049253969271));
#1523= IFCCARTESIANTRANSFORMATIONOPERATOR3D($,$,#1522,$,$);
#1524= IFCSHAPEREPRESENTATION(#12,'Body','AdvancedSweptSolid',(#1515));
#1525= IFCREPRESENTATIONMAP(#10,#1524);
#1526= IFCMAPPEDITEM(#1525,#1523);
#1527= IFCCARTESIANPOINT((240.953004031267,1905.31250000006,359.049254000893));
#1528= IFCCARTESIANTRANSFORMATIONOPERATOR3D($,$,#1527,$,$);
#1529= IFCSHAPEREPRESENTATION(#12,'Body','AdvancedSweptSolid',(#1515));
#1530= IFCREPRESENTATIONMAP(#10,#1529);
#1531= IFCMAPPEDITEM(#1530,#1528);
#1532= IFCTRIMMEDCURVE(#1392,(IFCPARAMETERVALUE(0.)),(IFCPARAMETERVALUE(370.7499999997)),.T.,.PARAMETER.);
#1533= IFCCOMPOSITECURVESEGMENT(.CONTINUOUS.,.T.,#1532);
#1534= IFCCOMPOSITECURVE((#1481,#1452,#1485,#1381,#1385,#1390,#1533,#1399,#1403,#1410,#1471,#1423,#1428,#1433,#1437,#1513),.F.);
#1535= IFCSWEPTDISKSOLID(#1534,4.3125,$,0.,1288.14908177687);
#1536= IFCSTYLEDITEM(#1535,(#1140),$);
#1537= IFCCARTESIANPOINT((240.953016298474,2055.31250000006,359.049254032514));
#1538= IFCCARTESIANTRANSFORMATIONOPERATOR3D($,$,#1537,$,$);
#1539= IFCSHAPEREPRESENTATION(#12,'Body','AdvancedSweptSolid',(#1535));
#1540= IFCREPRESENTATIONMAP(#10,#1539);
#1541= IFCMAPPEDITEM(#1540,#1538);
#1542= IFCTRIMMEDCURVE(#1362,(IFCPARAMETERVALUE(0.)),(IFCPARAMETERVALUE(48.0000000000081)),.T.,.PARAMETER.);
#1543= IFCCOMPOSITECURVESEGMENT(.CONTINUOUS.,.T.,#1542);
#1544= IFCTRIMMEDCURVE(#1483,(IFCPARAMETERVALUE(0.)),(IFCPARAMETERVALUE(149.052945301088)),.T.,.PARAMETER.);
#1545= IFCCOMPOSITECURVESEGMENT(.CONTINUOUS.,.T.,#1544);
#1546= IFCTRIMMEDCURVE(#1392,(IFCPARAMETERVALUE(0.)),(IFCPARAMETERVALUE(370.749999999706)),.T.,.PARAMETER.);
#1547= IFCCOMPOSITECURVESEGMENT(.CONTINUOUS.,.T.,#1546);
#1548= IFCTRIMMEDCURVE(#1486,(IFCPARAMETERVALUE(0.)),(IFCPARAMETERVALUE(183.588348511225)),.T.,.PARAMETER.);
#1549= IFCCOMPOSITECURVESEGMENT(.CONTINUOUS.,.T.,#1548);
#1550= IFCTRIMMEDCURVE(#1414,(IFCPARAMETERVALUE(0.)),(IFCPARAMETERVALUE(158.822271919053)),.T.,.PARAMETER.);
#1551= IFCCOMPOSITECURVESEGMENT(.CONTINUOUS.,.T.,#1550);
#1552= IFCTRIMMEDCURVE(#1440,(IFCPARAMETERVALUE(0.)),(IFCPARAMETERVALUE(48.0000000000257)),.T.,.PARAMETER.);
#1553= IFCCOMPOSITECURVESEGMENT(.DISCONTINUOUS.,.T.,#1552);
#1554= IFCCOMPOSITECURVE((#1543,#1452,#1545,#1381,#1454,#1390,#1547,#1399,#1549,#1410,#1551,#1423,#1428,#1433,#1437,#1553),.F.);
#1555= IFCSWEPTDISKSOLID(#1554,4.3125,$,0.,1288.14908177692);
#1556= IFCSTYLEDITEM(#1555,(#1140),$);
#1557= IFCCARTESIANPOINT((240.95302856568,2205.31250000006,359.049254064136));
#1558= IFCCARTESIANTRANSFORMATIONOPERATOR3D($,$,#1557,$,$);
#1559= IFCSHAPEREPRESENTATION(#12,'Body','AdvancedSweptSolid',(#1555));
#1560= IFCREPRESENTATIONMAP(#10,#1559);
#1561= IFCMAPPEDITEM(#1560,#1558);
#1562= IFCTRIMMEDCURVE(#1401,(IFCPARAMETERVALUE(0.)),(IFCPARAMETERVALUE(183.588348511225)),.T.,.PARAMETER.);
#1563= IFCCOMPOSITECURVESEGMENT(.CONTINUOUS.,.T.,#1562);
#1564= IFCCOMPOSITECURVE((#1543,#1452,#1545,#1381,#1454,#1390,#1547,#1399,#1563,#1410,#1551,#1423,#1428,#1433,#1437,#1553),.F.);
#1565= IFCSWEPTDISKSOLID(#1564,4.3125,$,0.,1288.14908177692);
#1566= IFCSTYLEDITEM(#1565,(#1140),$);
#1567= IFCCARTESIANPOINT((240.953040832886,2355.31250000006,359.049254095757));
#1568= IFCCARTESIANTRANSFORMATIONOPERATOR3D($,$,#1567,$,$);
#1569= IFCSHAPEREPRESENTATION(#12,'Body','AdvancedSweptSolid',(#1565));
#1570= IFCREPRESENTATIONMAP(#10,#1569);
#1571= IFCMAPPEDITEM(#1570,#1568);
#1572= IFCLINE(#1382,#148);
#1573= IFCTRIMMEDCURVE(#1572,(IFCPARAMETERVALUE(0.)),(IFCPARAMETERVALUE(183.605727794178)),.T.,.PARAMETER.);
#1574= IFCCOMPOSITECURVESEGMENT(.CONTINUOUS.,.T.,#1573);
#1575= IFCCOMPOSITECURVE((#1543,#1452,#1545,#1381,#1574,#1390,#1547,#1399,#1563,#1410,#1551,#1423,#1428,#1433,#1437,#1553),.F.);
#1576= IFCSWEPTDISKSOLID(#1575,4.3125,$,0.,1288.14908177692);
#1577= IFCSTYLEDITEM(#1576,(#1140),$);
#1578= IFCCARTESIANPOINT((240.953053100093,2505.31250000006,359.049254127379));
#1579= IFCCARTESIANTRANSFORMATIONOPERATOR3D($,$,#1578,$,$);
#1580= IFCSHAPEREPRESENTATION(#12,'Body','AdvancedSweptSolid',(#1576));
#1581= IFCREPRESENTATIONMAP(#10,#1580);
#1582= IFCMAPPEDITEM(#1581,#1579);
#1583= IFCCARTESIANPOINT((240.953065367299,2655.31250000006,359.049254159));
#1584= IFCCARTESIANTRANSFORMATIONOPERATOR3D($,$,#1583,$,$);
#1585= IFCSHAPEREPRESENTATION(#12,'Body','AdvancedSweptSolid',(#1576));
#1586= IFCREPRESENTATIONMAP(#10,#1585);
#1587= IFCMAPPEDITEM(#1586,#1584);
#1588= IFCCARTESIANPOINT((240.953077634505,2805.31250000006,359.049254190622));
#1589= IFCCARTESIANTRANSFORMATIONOPERATOR3D($,$,#1588,$,$);
#1590= IFCSHAPEREPRESENTATION(#12,'Body','AdvancedSweptSolid',(#1576));
#1591= IFCREPRESENTATIONMAP(#10,#1590);
#1592= IFCMAPPEDITEM(#1591,#1589);
#1593= IFCCARTESIANPOINT((240.953089901712,2955.31250000006,359.049254222243));
#1594= IFCCARTESIANTRANSFORMATIONOPERATOR3D($,$,#1593,$,$);
#1595= IFCSHAPEREPRESENTATION(#12,'Body','AdvancedSweptSolid',(#1576));
#1596= IFCREPRESENTATIONMAP(#10,#1595);
#1597= IFCMAPPEDITEM(#1596,#1594);
#1598= IFCTRIMMEDCURVE(#1362,(IFCPARAMETERVALUE(0.)),(IFCPARAMETERVALUE(48.0000000000081)),.T.,.PARAMETER.);
#1599= IFCCOMPOSITECURVESEGMENT(.CONTINUOUS.,.T.,#1598);
#1600= IFCTRIMMEDCURVE(#1374,(IFCPARAMETERVALUE(0.)),(IFCPARAMETERVALUE(149.052945301088)),.T.,.PARAMETER.);
#1601= IFCCOMPOSITECURVESEGMENT(.CONTINUOUS.,.T.,#1600);
#1602= IFCTRIMMEDCURVE(#1440,(IFCPARAMETERVALUE(0.)),(IFCPARAMETERVALUE(48.0000000000258)),.T.,.PARAMETER.);
#1603= IFCCOMPOSITECURVESEGMENT(.DISCONTINUOUS.,.T.,#1602);
#1604= IFCCOMPOSITECURVE((#1599,#1452,#1601,#1381,#1574,#1390,#1547,#1399,#1549,#1410,#1551,#1423,#1428,#1433,#1437,#1603),.F.);
#1605= IFCSWEPTDISKSOLID(#1604,4.3125,$,0.,1288.14908177692);
#1606= IFCSTYLEDITEM(#1605,(#1140),$);
#1607= IFCCARTESIANPOINT((240.953102168918,3105.31250000006,359.049254253865));
#1608= IFCCARTESIANTRANSFORMATIONOPERATOR3D($,$,#1607,$,$);
#1609= IFCSHAPEREPRESENTATION(#12,'Body','AdvancedSweptSolid',(#1605));
#1610= IFCREPRESENTATIONMAP(#10,#1609);
#1611= IFCMAPPEDITEM(#1610,#1608);
#1612= IFCCARTESIANPOINT((240.953114436124,3255.31250000006,359.049254285487));
#1613= IFCCARTESIANTRANSFORMATIONOPERATOR3D($,$,#1612,$,$);
#1614= IFCSHAPEREPRESENTATION(#12,'Body','AdvancedSweptSolid',(#1605));
#1615= IFCREPRESENTATIONMAP(#10,#1614);
#1616= IFCMAPPEDITEM(#1615,#1613);
#1617= IFCCARTESIANPOINT((240.953126703331,3405.31250000006,359.049254317108));
#1618= IFCCARTESIANTRANSFORMATIONOPERATOR3D($,$,#1617,$,$);
#1619= IFCSHAPEREPRESENTATION(#12,'Body','AdvancedSweptSolid',(#1605));
#1620= IFCREPRESENTATIONMAP(#10,#1619);
#1621= IFCMAPPEDITEM(#1620,#1618);
#1622= IFCCARTESIANPOINT((240.953138970537,3555.31250000006,359.04925434873));
#1623= IFCCARTESIANTRANSFORMATIONOPERATOR3D($,$,#1622,$,$);
#1624= IFCSHAPEREPRESENTATION(#12,'Body','AdvancedSweptSolid',(#1605));
#1625= IFCREPRESENTATIONMAP(#10,#1624);
#1626= IFCMAPPEDITEM(#1625,#1623);
#1627= IFCTRIMMEDCURVE(#1440,(IFCPARAMETERVALUE(0.)),(IFCPARAMETERVALUE(47.9999999999899)),.T.,.PARAMETER.);
#1628= IFCCOMPOSITECURVESEGMENT(.DISCONTINUOUS.,.T.,#1627);
#1629= IFCCOMPOSITECURVE((#1599,#1452,#1601,#1381,#1574,#1390,#1547,#1399,#1549,#1410,#1551,#1423,#1428,#1433,#1437,#1628),.F.);
#1630= IFCSWEPTDISKSOLID(#1629,4.3125,$,0.,1288.14908177688);
#1631= IFCSTYLEDITEM(#1630,(#1140),$);
#1632= IFCCARTESIANPOINT((240.953151237743,3705.31250000006,359.049254380351));
#1633= IFCCARTESIANTRANSFORMATIONOPERATOR3D($,$,#1632,$,$);
#1634= IFCSHAPEREPRESENTATION(#12,'Body','AdvancedSweptSolid',(#1630));
#1635= IFCREPRESENTATIONMAP(#10,#1634);
#1636= IFCMAPPEDITEM(#1635,#1633);
#1637= IFCCARTESIANPOINT((240.95316350495,3855.31250000006,359.049254411973));
#1638= IFCCARTESIANTRANSFORMATIONOPERATOR3D($,$,#1637,$,$);
#1639= IFCSHAPEREPRESENTATION(#12,'Body','AdvancedSweptSolid',(#1630));
#1640= IFCREPRESENTATIONMAP(#10,#1639);
#1641= IFCMAPPEDITEM(#1640,#1638);
#1642= IFCCOMPOSITECURVE((#1599,#1452,#1601,#1381,#1574,#1390,#1547,#1399,#1563,#1410,#1551,#1423,#1428,#1433,#1437,#1628),.F.);
#1643= IFCSWEPTDISKSOLID(#1642,4.3125,$,0.,1288.14908177688);
#1644= IFCSTYLEDITEM(#1643,(#1140),$);
#1645= IFCCARTESIANPOINT((240.953175772156,4005.31250000006,359.049254443594));
#1646= IFCCARTESIANTRANSFORMATIONOPERATOR3D($,$,#1645,$,$);
#1647= IFCSHAPEREPRESENTATION(#12,'Body','AdvancedSweptSolid',(#1643));
#1648= IFCREPRESENTATIONMAP(#10,#1647);
#1649= IFCMAPPEDITEM(#1648,#1646);
#1650= IFCTRIMMEDCURVE(#1362,(IFCPARAMETERVALUE(0.)),(IFCPARAMETERVALUE(48.000000000008)),.T.,.PARAMETER.);
#1651= IFCCOMPOSITECURVESEGMENT(.CONTINUOUS.,.T.,#1650);
#1652= IFCVECTOR(#1372,1.);
#1653= IFCLINE(#1371,#1652);
#1654= IFCTRIMMEDCURVE(#1653,(IFCPARAMETERVALUE(0.)),(IFCPARAMETERVALUE(149.052945301088)),.T.,.PARAMETER.);
#1655= IFCCOMPOSITECURVESEGMENT(.CONTINUOUS.,.T.,#1654);
#1656= IFCCOMPOSITECURVE((#1651,#1452,#1655,#1381,#1574,#1390,#1547,#1399,#1403,#1410,#1471,#1423,#1428,#1433,#1437,#1442),.F.);
#1657= IFCSWEPTDISKSOLID(#1656,4.3125,$,0.,1288.14908177688);
#1658= IFCSTYLEDITEM(#1657,(#1140),$);
#1659= IFCCARTESIANPOINT((240.953188039362,4155.31250000006,359.049254475216));
#1660= IFCCARTESIANTRANSFORMATIONOPERATOR3D($,$,#1659,$,$);
#1661= IFCSHAPEREPRESENTATION(#12,'Body','AdvancedSweptSolid',(#1657));
#1662= IFCREPRESENTATIONMAP(#10,#1661);
#1663= IFCMAPPEDITEM(#1662,#1660);
#1664= IFCCARTESIANPOINT((240.953200306569,4305.31250000006,359.049254506838));
#1665= IFCCARTESIANTRANSFORMATIONOPERATOR3D($,$,#1664,$,$);
#1666= IFCSHAPEREPRESENTATION(#12,'Body','AdvancedSweptSolid',(#1657));
#1667= IFCREPRESENTATIONMAP(#10,#1666);
#1668= IFCMAPPEDITEM(#1667,#1665);
#1669= IFCCARTESIANPOINT((240.953212573775,4455.31250000006,359.049254538459));
#1670= IFCCARTESIANTRANSFORMATIONOPERATOR3D($,$,#1669,$,$);
#1671= IFCSHAPEREPRESENTATION(#12,'Body','AdvancedSweptSolid',(#1657));
#1672= IFCREPRESENTATIONMAP(#10,#1671);
#1673= IFCMAPPEDITEM(#1672,#1670);
#1674= IFCCARTESIANPOINT((240.953224840981,4605.31250000006,359.049254570081));
#1675= IFCCARTESIANTRANSFORMATIONOPERATOR3D($,$,#1674,$,$);
#1676= IFCSHAPEREPRESENTATION(#12,'Body','AdvancedSweptSolid',(#1657));
#1677= IFCREPRESENTATIONMAP(#10,#1676);
#1678= IFCMAPPEDITEM(#1677,#1675);
#1679= IFCSHAPEREPRESENTATION(#12,'Body','MappedRepresentation',(#1450,#1462,#1467,#1479,#1502,#1507,#1521,#1526,#1531,#1541,#1561,#1571,#1582,#1587,#1592,#1597,#1611,#1616,#1621,#1626,#1636,#1641,#1649,#1663,#1668,#1673,#1678));
#1680= IFCPRODUCTDEFINITIONSHAPE($,$,(#1679));
#1681= IFCCARTESIANPOINT((407296.000000225,391634.000366513,-949.998474121065));
#1682= IFCAXIS2PLACEMENT3D(#1681,#9,#89);
#1683= IFCLOCALPLACEMENT(#1067,#1682);
#1684= IFCREINFORCINGBAR('0TC_adIUD1AeKd_6HvAmqq',#49,'ESTR NERVIO',$,$,#1683,#1680,'ID1d33e927-49e3-412a-8527-f864792b0d34',$,8.625,0.,$,.NOTDEFINED.,.NULL.);
#1685= IFCPROPERTYSINGLEVALUE('HISTORY.CREATED',$,IFCLABEL('11.03.2026 15:19:46'),$);
#1686= IFCPROPERTYSINGLEVALUE('WEIGHT_TOTAL_IN_GROUP',$,IFCMASSMEASURE(16.34708),$);
#1687= IFCPROPERTYSINGLEVALUE('SHAPE',$,IFCLABEL('Unknown'),$);
#1688= IFCPROPERTYSINGLEVALUE('REBAR_POS',$,IFCLABEL('21'),$);
#1689= IFCPROPERTYSINGLEVALUE('NUMBER_OF_BARS_IN_GROUP',$,IFCINTEGER(27),$);
#1690= IFCPROPERTYSINGLEVALUE('NAME',$,IFCLABEL('ESTR NERVIO'),$);
#1691= IFCPROPERTYSINGLEVALUE('GUID',$,IFCLABEL('1d33e927-49e3-412a-8527-f864792b0d34'),$);
#1692= IFCPROPERTYSINGLEVALUE('DIM_L',$,$,$);
#1693= IFCPROPERTYSINGLEVALUE('DIM_B',$,$,$);
#1694= IFCPROPERTYSINGLEVALUE('DIM_A',$,$,$);
#1695= IFCPROPERTYSET('0l4CE0uEP2sBSTM3Jc_rdf',#5,'Rebar_properties',$,(#74,#75,#76,#71,#1685,#1686,#1687,#1688,#1689,#230,#231,#1690,#233,#234,#235,#236,#1291,#1691,#239,#1692,#302,#303,#734,#1693,#1694,#246,#1297,#248,#249,#1127,#251));
#1696= IFCTRIMMEDCURVE(#258,(IFCPARAMETERVALUE(0.)),(IFCPARAMETERVALUE(25.0000000009839)),.T.,.PARAMETER.);
#1697= IFCCOMPOSITECURVESEGMENT(.CONTINUOUS.,.T.,#1696);
#1698= IFCCARTESIANPOINT((45.3125201411605,0.,-24.9999634950957));
#1699= IFCAXIS2PLACEMENT3D(#1698,#89,#90);
#1700= IFCCIRCLE(#1699,45.31);
#1701= IFCTRIMMEDCURVE(#1700,(IFCPARAMETERVALUE(0.)),(IFCPARAMETERVALUE(1.57079632677315)),.T.,.PARAMETER.);
#1702= IFCCOMPOSITECURVESEGMENT(.CONTINUOUS.,.T.,#1701);
#1703= IFCCARTESIANPOINT((45.3125566460554,0.,-70.312463495081));
#1704= IFCLINE(#1703,#158);
#1705= IFCTRIMMEDCURVE(#1704,(IFCPARAMETERVALUE(0.)),(IFCPARAMETERVALUE(2868.75024414665)),.T.,.PARAMETER.);
#1706= IFCCOMPOSITECURVESEGMENT(.CONTINUOUS.,.T.,#1705);
#1707= IFCCARTESIANPOINT((2914.06276428688,0.,-24.9976523574175));
#1708= IFCAXIS2PLACEMENT3D(#1707,#89,#147);
#1709= IFCCIRCLE(#1708,45.31);
#1710= IFCTRIMMEDCURVE(#1709,(IFCPARAMETERVALUE(0.)),(IFCPARAMETERVALUE(1.57079632681664)),.T.,.PARAMETER.);
#1711= IFCCOMPOSITECURVESEGMENT(.CONTINUOUS.,.T.,#1710);
#1712= IFCCARTESIANPOINT((2959.37526428686,0.,-24.9976158515374));
#1713= IFCLINE(#1712,#168);
#1714= IFCTRIMMEDCURVE(#1713,(IFCPARAMETERVALUE(0.)),(IFCPARAMETERVALUE(24.9999999990135)),.T.,.PARAMETER.);
#1715= IFCCOMPOSITECURVESEGMENT(.DISCONTINUOUS.,.T.,#1714);
#1716= IFCCOMPOSITECURVE((#1697,#1702,#1706,#1711,#1715),.F.);
#1717= IFCSWEPTDISKSOLID(#1716,5.3125,$,0.,2921.89183680024);
#1718= IFCSTYLEDITEM(#1717,(#1140),$);
#1719= IFCCARTESIANPOINT((45.3124757036567,95.3125,90.6250042798737));
#1720= IFCCARTESIANTRANSFORMATIONOPERATOR3D($,$,#1719,$,$);
#1721= IFCSHAPEREPRESENTATION(#12,'Body','AdvancedSweptSolid',(#1717));
#1722= IFCREPRESENTATIONMAP(#10,#1721);
#1723= IFCMAPPEDITEM(#1722,#1720);
#1724= IFCCARTESIANPOINT((45.3124757036567,245.3125,90.6250042798737));
#1725= IFCCARTESIANTRANSFORMATIONOPERATOR3D($,$,#1724,$,$);
#1726= IFCSHAPEREPRESENTATION(#12,'Body','AdvancedSweptSolid',(#1717));
#1727= IFCREPRESENTATIONMAP(#10,#1726);
#1728= IFCMAPPEDITEM(#1727,#1725);
#1729= IFCCARTESIANPOINT((45.3124757036567,395.3125,90.6250042798737));
#1730= IFCCARTESIANTRANSFORMATIONOPERATOR3D($,$,#1729,$,$);
#1731= IFCSHAPEREPRESENTATION(#12,'Body','AdvancedSweptSolid',(#1717));
#1732= IFCREPRESENTATIONMAP(#10,#1731);
#1733= IFCMAPPEDITEM(#1732,#1730);
#1734= IFCCARTESIANPOINT((45.3124757036567,545.3125,90.6250042798737));
#1735= IFCCARTESIANTRANSFORMATIONOPERATOR3D($,$,#1734,$,$);
#1736= IFCSHAPEREPRESENTATION(#12,'Body','AdvancedSweptSolid',(#1717));
#1737= IFCREPRESENTATIONMAP(#10,#1736);
#1738= IFCMAPPEDITEM(#1737,#1735);
#1739= IFCCARTESIANPOINT((45.3124757036567,695.3125,90.6250042798737));
#1740= IFCCARTESIANTRANSFORMATIONOPERATOR3D($,$,#1739,$,$);
#1741= IFCSHAPEREPRESENTATION(#12,'Body','AdvancedSweptSolid',(#1717));
#1742= IFCREPRESENTATIONMAP(#10,#1741);
#1743= IFCMAPPEDITEM(#1742,#1740);
#1744= IFCCARTESIANPOINT((45.3124757036567,845.3125,90.6250042798737));
#1745= IFCCARTESIANTRANSFORMATIONOPERATOR3D($,$,#1744,$,$);
#1746= IFCSHAPEREPRESENTATION(#12,'Body','AdvancedSweptSolid',(#1717));
#1747= IFCREPRESENTATIONMAP(#10,#1746);
#1748= IFCMAPPEDITEM(#1747,#1745);
#1749= IFCCARTESIANPOINT((45.3124757036567,995.3125,90.6250042798737));
#1750= IFCCARTESIANTRANSFORMATIONOPERATOR3D($,$,#1749,$,$);
#1751= IFCSHAPEREPRESENTATION(#12,'Body','AdvancedSweptSolid',(#1717));
#1752= IFCREPRESENTATIONMAP(#10,#1751);
#1753= IFCMAPPEDITEM(#1752,#1750);
#1754= IFCCARTESIANPOINT((45.3124757036567,1145.3125,90.6250042798737));
#1755= IFCCARTESIANTRANSFORMATIONOPERATOR3D($,$,#1754,$,$);
#1756= IFCSHAPEREPRESENTATION(#12,'Body','AdvancedSweptSolid',(#1717));
#1757= IFCREPRESENTATIONMAP(#10,#1756);
#1758= IFCMAPPEDITEM(#1757,#1755);
#1759= IFCCARTESIANPOINT((45.3124757036567,1295.3125,90.6250042798737));
#1760= IFCCARTESIANTRANSFORMATIONOPERATOR3D($,$,#1759,$,$);
#1761= IFCSHAPEREPRESENTATION(#12,'Body','AdvancedSweptSolid',(#1717));
#1762= IFCREPRESENTATIONMAP(#10,#1761);
#1763= IFCMAPPEDITEM(#1762,#1760);
#1764= IFCCARTESIANPOINT((45.3124757036567,1445.3125,90.6250042798737));
#1765= IFCCARTESIANTRANSFORMATIONOPERATOR3D($,$,#1764,$,$);
#1766= IFCSHAPEREPRESENTATION(#12,'Body','AdvancedSweptSolid',(#1717));
#1767= IFCREPRESENTATIONMAP(#10,#1766);
#1768= IFCMAPPEDITEM(#1767,#1765);
#1769= IFCCARTESIANPOINT((45.3124757036567,1595.3125,90.6250042798737));
#1770= IFCCARTESIANTRANSFORMATIONOPERATOR3D($,$,#1769,$,$);
#1771= IFCSHAPEREPRESENTATION(#12,'Body','AdvancedSweptSolid',(#1717));
#1772= IFCREPRESENTATIONMAP(#10,#1771);
#1773= IFCMAPPEDITEM(#1772,#1770);
#1774= IFCCARTESIANPOINT((45.3124757036567,1745.3125,90.6250042798737));
#1775= IFCCARTESIANTRANSFORMATIONOPERATOR3D($,$,#1774,$,$);
#1776= IFCSHAPEREPRESENTATION(#12,'Body','AdvancedSweptSolid',(#1717));
#1777= IFCREPRESENTATIONMAP(#10,#1776);
#1778= IFCMAPPEDITEM(#1777,#1775);
#1779= IFCCARTESIANPOINT((45.3124757036567,1895.3125,90.6250042798737));
#1780= IFCCARTESIANTRANSFORMATIONOPERATOR3D($,$,#1779,$,$);
#1781= IFCSHAPEREPRESENTATION(#12,'Body','AdvancedSweptSolid',(#1717));
#1782= IFCREPRESENTATIONMAP(#10,#1781);
#1783= IFCMAPPEDITEM(#1782,#1780);
#1784= IFCCARTESIANPOINT((45.3124757036567,2045.3125,90.6250042798737));
#1785= IFCCARTESIANTRANSFORMATIONOPERATOR3D($,$,#1784,$,$);
#1786= IFCSHAPEREPRESENTATION(#12,'Body','AdvancedSweptSolid',(#1717));
#1787= IFCREPRESENTATIONMAP(#10,#1786);
#1788= IFCMAPPEDITEM(#1787,#1785);
#1789= IFCCARTESIANPOINT((45.3124757036567,2195.3125,90.6250042798737));
#1790= IFCCARTESIANTRANSFORMATIONOPERATOR3D($,$,#1789,$,$);
#1791= IFCSHAPEREPRESENTATION(#12,'Body','AdvancedSweptSolid',(#1717));
#1792= IFCREPRESENTATIONMAP(#10,#1791);
#1793= IFCMAPPEDITEM(#1792,#1790);
#1794= IFCCARTESIANPOINT((45.3124757036567,2345.3125,90.6250042798737));
#1795= IFCCARTESIANTRANSFORMATIONOPERATOR3D($,$,#1794,$,$);
#1796= IFCSHAPEREPRESENTATION(#12,'Body','AdvancedSweptSolid',(#1717));
#1797= IFCREPRESENTATIONMAP(#10,#1796);
#1798= IFCMAPPEDITEM(#1797,#1795);
#1799= IFCCARTESIANPOINT((45.3124757036567,2495.3125,90.6250042798737));
#1800= IFCCARTESIANTRANSFORMATIONOPERATOR3D($,$,#1799,$,$);
#1801= IFCSHAPEREPRESENTATION(#12,'Body','AdvancedSweptSolid',(#1717));
#1802= IFCREPRESENTATIONMAP(#10,#1801);
#1803= IFCMAPPEDITEM(#1802,#1800);
#1804= IFCCARTESIANPOINT((45.3124757036567,2645.3125,90.6250042798737));
#1805= IFCCARTESIANTRANSFORMATIONOPERATOR3D($,$,#1804,$,$);
#1806= IFCSHAPEREPRESENTATION(#12,'Body','AdvancedSweptSolid',(#1717));
#1807= IFCREPRESENTATIONMAP(#10,#1806);
#1808= IFCMAPPEDITEM(#1807,#1805);
#1809= IFCCARTESIANPOINT((45.3124757036567,2795.3125,90.6250042798737));
#1810= IFCCARTESIANTRANSFORMATIONOPERATOR3D($,$,#1809,$,$);
#1811= IFCSHAPEREPRESENTATION(#12,'Body','AdvancedSweptSolid',(#1717));
#1812= IFCREPRESENTATIONMAP(#10,#1811);
#1813= IFCMAPPEDITEM(#1812,#1810);
#1814= IFCCARTESIANPOINT((45.3124757036567,2945.3125,90.6250042798737));
#1815= IFCCARTESIANTRANSFORMATIONOPERATOR3D($,$,#1814,$,$);
#1816= IFCSHAPEREPRESENTATION(#12,'Body','AdvancedSweptSolid',(#1717));
#1817= IFCREPRESENTATIONMAP(#10,#1816);
#1818= IFCMAPPEDITEM(#1817,#1815);
#1819= IFCCARTESIANPOINT((45.3124757036567,3095.3125,90.6250042798737));
#1820= IFCCARTESIANTRANSFORMATIONOPERATOR3D($,$,#1819,$,$);
#1821= IFCSHAPEREPRESENTATION(#12,'Body','AdvancedSweptSolid',(#1717));
#1822= IFCREPRESENTATIONMAP(#10,#1821);
#1823= IFCMAPPEDITEM(#1822,#1820);
#1824= IFCCARTESIANPOINT((45.3124757036567,3245.3125,90.6250042798737));
#1825= IFCCARTESIANTRANSFORMATIONOPERATOR3D($,$,#1824,$,$);
#1826= IFCSHAPEREPRESENTATION(#12,'Body','AdvancedSweptSolid',(#1717));
#1827= IFCREPRESENTATIONMAP(#10,#1826);
#1828= IFCMAPPEDITEM(#1827,#1825);
#1829= IFCCARTESIANPOINT((45.3124757036567,3395.3125,90.6250042798737));
#1830= IFCCARTESIANTRANSFORMATIONOPERATOR3D($,$,#1829,$,$);
#1831= IFCSHAPEREPRESENTATION(#12,'Body','AdvancedSweptSolid',(#1717));
#1832= IFCREPRESENTATIONMAP(#10,#1831);
#1833= IFCMAPPEDITEM(#1832,#1830);
#1834= IFCCARTESIANPOINT((45.3124757036567,3545.3125,90.6250042798737));
#1835= IFCCARTESIANTRANSFORMATIONOPERATOR3D($,$,#1834,$,$);
#1836= IFCSHAPEREPRESENTATION(#12,'Body','AdvancedSweptSolid',(#1717));
#1837= IFCREPRESENTATIONMAP(#10,#1836);
#1838= IFCMAPPEDITEM(#1837,#1835);
#1839= IFCCARTESIANPOINT((45.3124757036567,3695.3125,90.6250042798737));
#1840= IFCCARTESIANTRANSFORMATIONOPERATOR3D($,$,#1839,$,$);
#1841= IFCSHAPEREPRESENTATION(#12,'Body','AdvancedSweptSolid',(#1717));
#1842= IFCREPRESENTATIONMAP(#10,#1841);
#1843= IFCMAPPEDITEM(#1842,#1840);
#1844= IFCCARTESIANPOINT((45.3124757036567,3845.3125,90.6250042798737));
#1845= IFCCARTESIANTRANSFORMATIONOPERATOR3D($,$,#1844,$,$);
#1846= IFCSHAPEREPRESENTATION(#12,'Body','AdvancedSweptSolid',(#1717));
#1847= IFCREPRESENTATIONMAP(#10,#1846);
#1848= IFCMAPPEDITEM(#1847,#1845);
#1849= IFCCARTESIANPOINT((45.3124757036567,3995.3125,90.6250042798737));
#1850= IFCCARTESIANTRANSFORMATIONOPERATOR3D($,$,#1849,$,$);
#1851= IFCSHAPEREPRESENTATION(#12,'Body','AdvancedSweptSolid',(#1717));
#1852= IFCREPRESENTATIONMAP(#10,#1851);
#1853= IFCMAPPEDITEM(#1852,#1850);
#1854= IFCSHAPEREPRESENTATION(#12,'Body','MappedRepresentation',(#1723,#1728,#1733,#1738,#1743,#1748,#1753,#1758,#1763,#1768,#1773,#1778,#1783,#1788,#1793,#1798,#1803,#1808,#1813,#1818,#1823,#1828,#1833,#1838,#1843,#1848,#1853));
#1855= IFCPRODUCTDEFINITIONSHAPE($,$,(#1854));
#1856= IFCCARTESIANPOINT((412050.000000225,391134.000366513,-799.998855590791));
#1857= IFCAXIS2PLACEMENT3D(#1856,#9,#8);
#1858= IFCLOCALPLACEMENT(#1067,#1857);
#1859= IFCREINFORCINGBAR('3LMKxJenvA4ukZDBUs$W_z',#49,'TRANSV PLATEA  INF',$,$,#1858,#1855,'IDd5594ed3-a31e-4a13-8ba3-34b7b6fe0fbd',$,10.625,0.,$,.NOTDEFINED.,.NULL.);
#1860= IFCPROPERTYSINGLEVALUE('WEIGHT_TOTAL_IN_GROUP',$,IFCMASSMEASURE(50.99443),$);
#1861= IFCPROPERTYSINGLEVALUE('REBAR_POS',$,IFCLABEL('19'),$);
#1862= IFCPROPERTYSINGLEVALUE('NAME',$,IFCLABEL('TRANSV PLATEA  INF'),$);
#1863= IFCPROPERTYSINGLEVALUE('GUID',$,IFCLABEL('d5594ed3-a31e-4a13-8ba3-34b7b6fe0fbd'),$);
#1864= IFCPROPERTYSINGLEVALUE('DIM_L',$,IFCLENGTHMEASURE(3120.),$);
#1865= IFCPROPERTYSINGLEVALUE('DIM_B',$,IFCLENGTHMEASURE(2970.),$);
#1866= IFCPROPERTYSINGLEVALUE('CONCRETE_COVER_ON_PLANE_MIN',$,IFCLENGTHMEASURE(65.),$);
#1867= IFCPROPERTYSET('0wkQCA5eLEmPXJV1AnVOzD',#5,'Rebar_properties',$,(#74,#75,#76,#71,#1685,#1860,#294,#1861,#1689,#230,#231,#1862,#233,#234,#1290,#236,#1291,#1863,#239,#1864,#302,#303,#1294,#1865,#1296,#307,#1866,#248,#249,#1127,#251));
#1868= IFCTRIMMEDCURVE(#1223,(IFCPARAMETERVALUE(0.)),(IFCPARAMETERVALUE(24.9999999999998)),.T.,.PARAMETER.);
#1869= IFCCOMPOSITECURVESEGMENT(.CONTINUOUS.,.T.,#1868);
#1870= IFCTRIMMEDCURVE(#1149,(IFCPARAMETERVALUE(0.)),(IFCPARAMETERVALUE(2868.74829101562)),.T.,.PARAMETER.);
#1871= IFCCOMPOSITECURVESEGMENT(.CONTINUOUS.,.T.,#1870);
#1872= IFCCARTESIANPOINT((2914.06079101562,5.72981662116945E-11,-24.9999999999857));
#1873= IFCAXIS2PLACEMENT3D(#1872,#89,#147);
#1874= IFCCIRCLE(#1873,45.31);
#1875= IFCTRIMMEDCURVE(#1874,(IFCPARAMETERVALUE(0.)),(IFCPARAMETERVALUE(1.57079632679489)),.T.,.PARAMETER.);
#1876= IFCCOMPOSITECURVESEGMENT(.CONTINUOUS.,.T.,#1875);
#1877= IFCCARTESIANPOINT((2959.37329101562,5.82076609134674E-11,-24.9999999999857));
#1878= IFCLINE(#1877,#1158);
#1879= IFCTRIMMEDCURVE(#1878,(IFCPARAMETERVALUE(0.)),(IFCPARAMETERVALUE(25.0000000000002)),.T.,.PARAMETER.);
#1880= IFCCOMPOSITECURVESEGMENT(.DISCONTINUOUS.,.T.,#1879);
#1881= IFCCOMPOSITECURVE((#1869,#1147,#1871,#1876,#1880),.F.);
#1882= IFCSWEPTDISKSOLID(#1881,5.3125,$,0.,2921.88988366922);
#1883= IFCSTYLEDITEM(#1882,(#1140),$);
#1884= IFCCARTESIANPOINT((45.3125,749.3125,115.625));
#1885= IFCCARTESIANTRANSFORMATIONOPERATOR3D($,$,#1884,$,$);
#1886= IFCSHAPEREPRESENTATION(#12,'Body','AdvancedSweptSolid',(#1882));
#1887= IFCREPRESENTATIONMAP(#10,#1886);
#1888= IFCMAPPEDITEM(#1887,#1885);
#1889= IFCCARTESIANPOINT((45.3125,899.3125,115.625));
#1890= IFCCARTESIANTRANSFORMATIONOPERATOR3D($,$,#1889,$,$);
#1891= IFCSHAPEREPRESENTATION(#12,'Body','AdvancedSweptSolid',(#1882));
#1892= IFCREPRESENTATIONMAP(#10,#1891);
#1893= IFCMAPPEDITEM(#1892,#1890);
#1894= IFCCARTESIANPOINT((45.3125,1049.3125,115.625));
#1895= IFCCARTESIANTRANSFORMATIONOPERATOR3D($,$,#1894,$,$);
#1896= IFCSHAPEREPRESENTATION(#12,'Body','AdvancedSweptSolid',(#1882));
#1897= IFCREPRESENTATIONMAP(#10,#1896);
#1898= IFCMAPPEDITEM(#1897,#1895);
#1899= IFCCARTESIANPOINT((45.3125,1199.3125,115.625));
#1900= IFCCARTESIANTRANSFORMATIONOPERATOR3D($,$,#1899,$,$);
#1901= IFCSHAPEREPRESENTATION(#12,'Body','AdvancedSweptSolid',(#1882));
#1902= IFCREPRESENTATIONMAP(#10,#1901);
#1903= IFCMAPPEDITEM(#1902,#1900);
#1904= IFCCARTESIANPOINT((45.3125,1349.3125,115.625));
#1905= IFCCARTESIANTRANSFORMATIONOPERATOR3D($,$,#1904,$,$);
#1906= IFCSHAPEREPRESENTATION(#12,'Body','AdvancedSweptSolid',(#1882));
#1907= IFCREPRESENTATIONMAP(#10,#1906);
#1908= IFCMAPPEDITEM(#1907,#1905);
#1909= IFCCARTESIANPOINT((45.3125,1499.3125,115.625));
#1910= IFCCARTESIANTRANSFORMATIONOPERATOR3D($,$,#1909,$,$);
#1911= IFCSHAPEREPRESENTATION(#12,'Body','AdvancedSweptSolid',(#1882));
#1912= IFCREPRESENTATIONMAP(#10,#1911);
#1913= IFCMAPPEDITEM(#1912,#1910);
#1914= IFCCARTESIANPOINT((45.3125,1649.3125,115.625));
#1915= IFCCARTESIANTRANSFORMATIONOPERATOR3D($,$,#1914,$,$);
#1916= IFCSHAPEREPRESENTATION(#12,'Body','AdvancedSweptSolid',(#1882));
#1917= IFCREPRESENTATIONMAP(#10,#1916);
#1918= IFCMAPPEDITEM(#1917,#1915);
#1919= IFCCARTESIANPOINT((45.3125,1799.3125,115.625));
#1920= IFCCARTESIANTRANSFORMATIONOPERATOR3D($,$,#1919,$,$);
#1921= IFCSHAPEREPRESENTATION(#12,'Body','AdvancedSweptSolid',(#1882));
#1922= IFCREPRESENTATIONMAP(#10,#1921);
#1923= IFCMAPPEDITEM(#1922,#1920);
#1924= IFCCARTESIANPOINT((45.3125,1949.3125,115.625));
#1925= IFCCARTESIANTRANSFORMATIONOPERATOR3D($,$,#1924,$,$);
#1926= IFCSHAPEREPRESENTATION(#12,'Body','AdvancedSweptSolid',(#1882));
#1927= IFCREPRESENTATIONMAP(#10,#1926);
#1928= IFCMAPPEDITEM(#1927,#1925);
#1929= IFCCARTESIANPOINT((45.3125,2099.3125,115.625));
#1930= IFCCARTESIANTRANSFORMATIONOPERATOR3D($,$,#1929,$,$);
#1931= IFCSHAPEREPRESENTATION(#12,'Body','AdvancedSweptSolid',(#1882));
#1932= IFCREPRESENTATIONMAP(#10,#1931);
#1933= IFCMAPPEDITEM(#1932,#1930);
#1934= IFCCARTESIANPOINT((45.3125,2249.3125,115.625));
#1935= IFCCARTESIANTRANSFORMATIONOPERATOR3D($,$,#1934,$,$);
#1936= IFCSHAPEREPRESENTATION(#12,'Body','AdvancedSweptSolid',(#1882));
#1937= IFCREPRESENTATIONMAP(#10,#1936);
#1938= IFCMAPPEDITEM(#1937,#1935);
#1939= IFCCARTESIANPOINT((45.3125,2399.3125,115.625));
#1940= IFCCARTESIANTRANSFORMATIONOPERATOR3D($,$,#1939,$,$);
#1941= IFCSHAPEREPRESENTATION(#12,'Body','AdvancedSweptSolid',(#1882));
#1942= IFCREPRESENTATIONMAP(#10,#1941);
#1943= IFCMAPPEDITEM(#1942,#1940);
#1944= IFCCARTESIANPOINT((45.3125,2549.3125,115.625));
#1945= IFCCARTESIANTRANSFORMATIONOPERATOR3D($,$,#1944,$,$);
#1946= IFCSHAPEREPRESENTATION(#12,'Body','AdvancedSweptSolid',(#1882));
#1947= IFCREPRESENTATIONMAP(#10,#1946);
#1948= IFCMAPPEDITEM(#1947,#1945);
#1949= IFCTRIMMEDCURVE(#1149,(IFCPARAMETERVALUE(0.)),(IFCPARAMETERVALUE(2868.74829101565)),.T.,.PARAMETER.);
#1950= IFCCOMPOSITECURVESEGMENT(.CONTINUOUS.,.T.,#1949);
#1951= IFCLINE(#1877,#168);
#1952= IFCTRIMMEDCURVE(#1951,(IFCPARAMETERVALUE(0.)),(IFCPARAMETERVALUE(24.9999999999628)),.T.,.PARAMETER.);
#1953= IFCCOMPOSITECURVESEGMENT(.DISCONTINUOUS.,.T.,#1952);
#1954= IFCCOMPOSITECURVE((#1869,#1147,#1950,#1876,#1953),.F.);
#1955= IFCSWEPTDISKSOLID(#1954,5.3125,$,0.,2921.8898836692);
#1956= IFCSTYLEDITEM(#1955,(#1140),$);
#1957= IFCCARTESIANPOINT((45.3125,2699.3125,115.625));
#1958= IFCCARTESIANTRANSFORMATIONOPERATOR3D($,$,#1957,$,$);
#1959= IFCSHAPEREPRESENTATION(#12,'Body','AdvancedSweptSolid',(#1955));
#1960= IFCREPRESENTATIONMAP(#10,#1959);
#1961= IFCMAPPEDITEM(#1960,#1958);
#1962= IFCCARTESIANPOINT((45.3125000000582,2849.3125,115.625));
#1963= IFCCARTESIANTRANSFORMATIONOPERATOR3D($,$,#1962,$,$);
#1964= IFCSHAPEREPRESENTATION(#12,'Body','AdvancedSweptSolid',(#1882));
#1965= IFCREPRESENTATIONMAP(#10,#1964);
#1966= IFCMAPPEDITEM(#1965,#1963);
#1967= IFCCARTESIANPOINT((45.3125000000582,2999.3125,115.625));
#1968= IFCCARTESIANTRANSFORMATIONOPERATOR3D($,$,#1967,$,$);
#1969= IFCSHAPEREPRESENTATION(#12,'Body','AdvancedSweptSolid',(#1882));
#1970= IFCREPRESENTATIONMAP(#10,#1969);
#1971= IFCMAPPEDITEM(#1970,#1968);
#1972= IFCCARTESIANPOINT((45.3125000000582,3149.3125,115.625));
#1973= IFCCARTESIANTRANSFORMATIONOPERATOR3D($,$,#1972,$,$);
#1974= IFCSHAPEREPRESENTATION(#12,'Body','AdvancedSweptSolid',(#1882));
#1975= IFCREPRESENTATIONMAP(#10,#1974);
#1976= IFCMAPPEDITEM(#1975,#1973);
#1977= IFCCARTESIANPOINT((45.3125000000582,3299.3125,115.625));
#1978= IFCCARTESIANTRANSFORMATIONOPERATOR3D($,$,#1977,$,$);
#1979= IFCSHAPEREPRESENTATION(#12,'Body','AdvancedSweptSolid',(#1882));
#1980= IFCREPRESENTATIONMAP(#10,#1979);
#1981= IFCMAPPEDITEM(#1980,#1978);
#1982= IFCCARTESIANPOINT((45.3125000000582,3449.3125,115.625));
#1983= IFCCARTESIANTRANSFORMATIONOPERATOR3D($,$,#1982,$,$);
#1984= IFCSHAPEREPRESENTATION(#12,'Body','AdvancedSweptSolid',(#1882));
#1985= IFCREPRESENTATIONMAP(#10,#1984);
#1986= IFCMAPPEDITEM(#1985,#1983);
#1987= IFCCARTESIANPOINT((45.3125000000582,3599.3125,115.625));
#1988= IFCCARTESIANTRANSFORMATIONOPERATOR3D($,$,#1987,$,$);
#1989= IFCSHAPEREPRESENTATION(#12,'Body','AdvancedSweptSolid',(#1882));
#1990= IFCREPRESENTATIONMAP(#10,#1989);
#1991= IFCMAPPEDITEM(#1990,#1988);
#1992= IFCCARTESIANPOINT((45.3125000000582,3749.3125,115.625));
#1993= IFCCARTESIANTRANSFORMATIONOPERATOR3D($,$,#1992,$,$);
#1994= IFCSHAPEREPRESENTATION(#12,'Body','AdvancedSweptSolid',(#1882));
#1995= IFCREPRESENTATIONMAP(#10,#1994);
#1996= IFCMAPPEDITEM(#1995,#1993);
#1997= IFCCARTESIANPOINT((45.3125000000582,3899.3125,115.625));
#1998= IFCCARTESIANTRANSFORMATIONOPERATOR3D($,$,#1997,$,$);
#1999= IFCSHAPEREPRESENTATION(#12,'Body','AdvancedSweptSolid',(#1882));
#2000= IFCREPRESENTATIONMAP(#10,#1999);
#2001= IFCMAPPEDITEM(#2000,#1998);
#2002= IFCCARTESIANPOINT((45.3125000000582,4049.3125,115.625));
#2003= IFCCARTESIANTRANSFORMATIONOPERATOR3D($,$,#2002,$,$);
#2004= IFCSHAPEREPRESENTATION(#12,'Body','AdvancedSweptSolid',(#1882));
#2005= IFCREPRESENTATIONMAP(#10,#2004);
#2006= IFCMAPPEDITEM(#2005,#2003);
#2007= IFCCARTESIANPOINT((45.3125000000582,4199.3125,115.625));
#2008= IFCCARTESIANTRANSFORMATIONOPERATOR3D($,$,#2007,$,$);
#2009= IFCSHAPEREPRESENTATION(#12,'Body','AdvancedSweptSolid',(#1882));
#2010= IFCREPRESENTATIONMAP(#10,#2009);
#2011= IFCMAPPEDITEM(#2010,#2008);
#2012= IFCCARTESIANPOINT((45.3125000000582,4349.3125,115.625));
#2013= IFCCARTESIANTRANSFORMATIONOPERATOR3D($,$,#2012,$,$);
#2014= IFCSHAPEREPRESENTATION(#12,'Body','AdvancedSweptSolid',(#1882));
#2015= IFCREPRESENTATIONMAP(#10,#2014);
#2016= IFCMAPPEDITEM(#2015,#2013);
#2017= IFCCARTESIANPOINT((45.3125000000582,4499.3125,115.625));
#2018= IFCCARTESIANTRANSFORMATIONOPERATOR3D($,$,#2017,$,$);
#2019= IFCSHAPEREPRESENTATION(#12,'Body','AdvancedSweptSolid',(#1882));
#2020= IFCREPRESENTATIONMAP(#10,#2019);
#2021= IFCMAPPEDITEM(#2020,#2018);
#2022= IFCCARTESIANPOINT((45.3125000000582,4649.3125,115.625));
#2023= IFCCARTESIANTRANSFORMATIONOPERATOR3D($,$,#2022,$,$);
#2024= IFCSHAPEREPRESENTATION(#12,'Body','AdvancedSweptSolid',(#1882));
#2025= IFCREPRESENTATIONMAP(#10,#2024);
#2026= IFCMAPPEDITEM(#2025,#2023);
#2027= IFCSHAPEREPRESENTATION(#12,'Body','MappedRepresentation',(#1888,#1893,#1898,#1903,#1908,#1913,#1918,#1923,#1928,#1933,#1938,#1943,#1948,#1961,#1966,#1971,#1976,#1981,#1986,#1991,#1996,#2001,#2006,#2011,#2016,#2021,#2026));
#2028= IFCPRODUCTDEFINITIONSHAPE($,$,(#2027));
#2029= IFCCARTESIANPOINT((407296.000000225,391134.000366513,-649.999237060467));
#2030= IFCAXIS2PLACEMENT3D(#2029,#147,#8);
#2031= IFCLOCALPLACEMENT(#1067,#2030);
#2032= IFCREINFORCINGBAR('3rmnT9xf51TQOClDPwG1Vi',#49,'TRANSV PLATEA SUP',$,$,#2031,#2028,'IDf5c31749-ee91-4175-a60c-bcd67a4017ec',$,10.625,0.,$,.NOTDEFINED.,.NULL.);
#2033= IFCPROPERTYSINGLEVALUE('NAME',$,IFCLABEL('TRANSV PLATEA SUP'),$);
#2034= IFCPROPERTYSINGLEVALUE('GUID',$,IFCLABEL('f5c31749-ee91-4175-a60c-bcd67a4017ec'),$);
#2035= IFCPROPERTYSET('1B39qmhWP41R8oIsnFrVTD',#5,'Rebar_properties',$,(#74,#75,#76,#71,#1685,#1860,#294,#1861,#1689,#230,#231,#2033,#233,#234,#1290,#236,#1291,#2034,#239,#1864,#302,#303,#1294,#1865,#1296,#307,#1297,#248,#249,#1127,#251));
#2036= IFCTRIMMEDCURVE(#258,(IFCPARAMETERVALUE(0.)),(IFCPARAMETERVALUE(25.0000000000001)),.T.,.PARAMETER.);
#2037= IFCCOMPOSITECURVESEGMENT(.CONTINUOUS.,.T.,#2036);
#2038= IFCTRIMMEDCURVE(#1149,(IFCPARAMETERVALUE(0.)),(IFCPARAMETERVALUE(3918.75000000006)),.T.,.PARAMETER.);
#2039= IFCCOMPOSITECURVESEGMENT(.CONTINUOUS.,.T.,#2038);
#2040= IFCTRIMMEDCURVE(#1172,(IFCPARAMETERVALUE(0.)),(IFCPARAMETERVALUE(24.9999999999999)),.T.,.PARAMETER.);
#2041= IFCCOMPOSITECURVESEGMENT(.DISCONTINUOUS.,.T.,#2040);
#2042= IFCCOMPOSITECURVE((#2037,#1147,#2039,#1156,#2041),.F.);
#2043= IFCSWEPTDISKSOLID(#2042,5.3125,$,0.,3971.89159265365);
#2044= IFCSTYLEDITEM(#2043,(#1140),$);
#2045= IFCCARTESIANPOINT((45.3125,-26.689697265625,100.627326965332));
#2046= IFCCARTESIANTRANSFORMATIONOPERATOR3D($,$,#2045,$,$);
#2047= IFCSHAPEREPRESENTATION(#12,'Body','AdvancedSweptSolid',(#2043));
#2048= IFCREPRESENTATIONMAP(#10,#2047);
#2049= IFCMAPPEDITEM(#2048,#2046);
#2050= IFCCARTESIANPOINT((45.3125,123.310302734375,100.627326965333));
#2051= IFCCARTESIANTRANSFORMATIONOPERATOR3D($,$,#2050,$,$);
#2052= IFCSHAPEREPRESENTATION(#12,'Body','AdvancedSweptSolid',(#2043));
#2053= IFCREPRESENTATIONMAP(#10,#2052);
#2054= IFCMAPPEDITEM(#2053,#2051);
#2055= IFCCARTESIANPOINT((45.3125,273.310302734375,100.627326965333));
#2056= IFCCARTESIANTRANSFORMATIONOPERATOR3D($,$,#2055,$,$);
#2057= IFCSHAPEREPRESENTATION(#12,'Body','AdvancedSweptSolid',(#2043));
#2058= IFCREPRESENTATIONMAP(#10,#2057);
#2059= IFCMAPPEDITEM(#2058,#2056);
#2060= IFCCARTESIANPOINT((45.3125,423.310302734375,100.627326965333));
#2061= IFCCARTESIANTRANSFORMATIONOPERATOR3D($,$,#2060,$,$);
#2062= IFCSHAPEREPRESENTATION(#12,'Body','AdvancedSweptSolid',(#2043));
#2063= IFCREPRESENTATIONMAP(#10,#2062);
#2064= IFCMAPPEDITEM(#2063,#2061);
#2065= IFCCARTESIANPOINT((45.3125000000582,573.310302734375,100.627326965334));
#2066= IFCCARTESIANTRANSFORMATIONOPERATOR3D($,$,#2065,$,$);
#2067= IFCSHAPEREPRESENTATION(#12,'Body','AdvancedSweptSolid',(#2043));
#2068= IFCREPRESENTATIONMAP(#10,#2067);
#2069= IFCMAPPEDITEM(#2068,#2066);
#2070= IFCCARTESIANPOINT((45.3125000000582,723.310302734375,100.627326965334));
#2071= IFCCARTESIANTRANSFORMATIONOPERATOR3D($,$,#2070,$,$);
#2072= IFCSHAPEREPRESENTATION(#12,'Body','AdvancedSweptSolid',(#2043));
#2073= IFCREPRESENTATIONMAP(#10,#2072);
#2074= IFCMAPPEDITEM(#2073,#2071);
#2075= IFCCARTESIANPOINT((45.3125000000582,873.310302734375,100.627326965335));
#2076= IFCCARTESIANTRANSFORMATIONOPERATOR3D($,$,#2075,$,$);
#2077= IFCSHAPEREPRESENTATION(#12,'Body','AdvancedSweptSolid',(#2043));
#2078= IFCREPRESENTATIONMAP(#10,#2077);
#2079= IFCMAPPEDITEM(#2078,#2076);
#2080= IFCCARTESIANPOINT((45.3125000000582,1023.31030273438,100.627326965335));
#2081= IFCCARTESIANTRANSFORMATIONOPERATOR3D($,$,#2080,$,$);
#2082= IFCSHAPEREPRESENTATION(#12,'Body','AdvancedSweptSolid',(#2043));
#2083= IFCREPRESENTATIONMAP(#10,#2082);
#2084= IFCMAPPEDITEM(#2083,#2081);
#2085= IFCCARTESIANPOINT((45.3125000000582,1173.31030273438,100.627326965335));
#2086= IFCCARTESIANTRANSFORMATIONOPERATOR3D($,$,#2085,$,$);
#2087= IFCSHAPEREPRESENTATION(#12,'Body','AdvancedSweptSolid',(#2043));
#2088= IFCREPRESENTATIONMAP(#10,#2087);
#2089= IFCMAPPEDITEM(#2088,#2086);
#2090= IFCCARTESIANPOINT((45.3125000000582,1323.31030273438,100.627326965336));
#2091= IFCCARTESIANTRANSFORMATIONOPERATOR3D($,$,#2090,$,$);
#2092= IFCSHAPEREPRESENTATION(#12,'Body','AdvancedSweptSolid',(#2043));
#2093= IFCREPRESENTATIONMAP(#10,#2092);
#2094= IFCMAPPEDITEM(#2093,#2091);
#2095= IFCCARTESIANPOINT((45.3125000000582,1473.31030273438,100.627326965336));
#2096= IFCCARTESIANTRANSFORMATIONOPERATOR3D($,$,#2095,$,$);
#2097= IFCSHAPEREPRESENTATION(#12,'Body','AdvancedSweptSolid',(#2043));
#2098= IFCREPRESENTATIONMAP(#10,#2097);
#2099= IFCMAPPEDITEM(#2098,#2096);
#2100= IFCCARTESIANPOINT((45.3125000000582,1623.31030273438,100.627326965337));
#2101= IFCCARTESIANTRANSFORMATIONOPERATOR3D($,$,#2100,$,$);
#2102= IFCSHAPEREPRESENTATION(#12,'Body','AdvancedSweptSolid',(#2043));
#2103= IFCREPRESENTATIONMAP(#10,#2102);
#2104= IFCMAPPEDITEM(#2103,#2101);
#2105= IFCCARTESIANPOINT((45.3125000000582,1773.31030273438,100.627326965337));
#2106= IFCCARTESIANTRANSFORMATIONOPERATOR3D($,$,#2105,$,$);
#2107= IFCSHAPEREPRESENTATION(#12,'Body','AdvancedSweptSolid',(#2043));
#2108= IFCREPRESENTATIONMAP(#10,#2107);
#2109= IFCMAPPEDITEM(#2108,#2106);
#2110= IFCCARTESIANPOINT((45.3125000001164,1923.31030273438,100.627326965337));
#2111= IFCCARTESIANTRANSFORMATIONOPERATOR3D($,$,#2110,$,$);
#2112= IFCSHAPEREPRESENTATION(#12,'Body','AdvancedSweptSolid',(#2043));
#2113= IFCREPRESENTATIONMAP(#10,#2112);
#2114= IFCMAPPEDITEM(#2113,#2111);
#2115= IFCCARTESIANPOINT((45.3125000001164,2073.31030273438,100.627326965338));
#2116= IFCCARTESIANTRANSFORMATIONOPERATOR3D($,$,#2115,$,$);
#2117= IFCSHAPEREPRESENTATION(#12,'Body','AdvancedSweptSolid',(#2043));
#2118= IFCREPRESENTATIONMAP(#10,#2117);
#2119= IFCMAPPEDITEM(#2118,#2116);
#2120= IFCCARTESIANPOINT((45.3125000001164,2223.31030273438,100.627326965338));
#2121= IFCCARTESIANTRANSFORMATIONOPERATOR3D($,$,#2120,$,$);
#2122= IFCSHAPEREPRESENTATION(#12,'Body','AdvancedSweptSolid',(#2043));
#2123= IFCREPRESENTATIONMAP(#10,#2122);
#2124= IFCMAPPEDITEM(#2123,#2121);
#2125= IFCCARTESIANPOINT((45.3125000001164,2373.31030273438,100.627326965339));
#2126= IFCCARTESIANTRANSFORMATIONOPERATOR3D($,$,#2125,$,$);
#2127= IFCSHAPEREPRESENTATION(#12,'Body','AdvancedSweptSolid',(#2043));
#2128= IFCREPRESENTATIONMAP(#10,#2127);
#2129= IFCMAPPEDITEM(#2128,#2126);
#2130= IFCSHAPEREPRESENTATION(#12,'Body','MappedRepresentation',(#2049,#2054,#2059,#2064,#2069,#2074,#2079,#2084,#2089,#2094,#2099,#2104,#2109,#2114,#2119,#2124,#2129));
#2131= IFCPRODUCTDEFINITIONSHAPE($,$,(#2130));
#2132= IFCCARTESIANPOINT((412050.000000225,394081.998413389,-800.000763003781));
#2133= IFCAXIS2PLACEMENT3D(#2132,#9,#90);
#2134= IFCLOCALPLACEMENT(#1067,#2133);
#2135= IFCREINFORCINGBAR('01YzVisxTFXxbsXFssL50n',#49,'LONG PLATEA INF',$,$,#2134,#2131,'ID018bd7ec-dbb7-4f87-b976-84fdb6545031',$,10.625,0.,$,.NOTDEFINED.,.NULL.);
#2136= IFCPROPERTYSINGLEVALUE('WEIGHT_TOTAL_IN_GROUP',$,IFCMASSMEASURE(43.1209),$);
#2137= IFCPROPERTYSINGLEVALUE('NUMBER_OF_BARS_IN_GROUP',$,IFCINTEGER(17),$);
#2138= IFCPROPERTYSINGLEVALUE('NAME',$,IFCLABEL('LONG PLATEA INF'),$);
#2139= IFCPROPERTYSINGLEVALUE('GUID',$,IFCLABEL('018bd7ec-dbb7-4f87-b976-84fdb6545031'),$);
#2140= IFCPROPERTYSINGLEVALUE('CONCRETE_COVER_ON_PLANE_MIN',$,IFCLENGTHMEASURE(75.),$);
#2141= IFCPROPERTYSET('0g6C8yJYv39AhCSX76CXKB',#5,'Rebar_properties',$,(#74,#75,#76,#71,#1685,#2136,#294,#1287,#2137,#230,#231,#2138,#233,#234,#1290,#236,#1291,#2139,#239,#1293,#302,#303,#1294,#1295,#1296,#307,#2140,#248,#249,#1127,#251));
#2142= IFCTRIMMEDCURVE(#258,(IFCPARAMETERVALUE(0.)),(IFCPARAMETERVALUE(24.9999999999991)),.T.,.PARAMETER.);
#2143= IFCCOMPOSITECURVESEGMENT(.CONTINUOUS.,.T.,#2142);
#2144= IFCTRIMMEDCURVE(#1159,(IFCPARAMETERVALUE(0.)),(IFCPARAMETERVALUE(25.000000000001)),.T.,.PARAMETER.);
#2145= IFCCOMPOSITECURVESEGMENT(.DISCONTINUOUS.,.T.,#2144);
#2146= IFCCOMPOSITECURVE((#2143,#1147,#2039,#1156,#2145),.F.);
#2147= IFCSWEPTDISKSOLID(#2146,5.3125,$,0.,3971.89159265365);
#2148= IFCSTYLEDITEM(#2147,(#1140),$);
#2149= IFCCARTESIANPOINT((45.3125000036671,65.3146970326197,125.625000000098));
#2150= IFCCARTESIANTRANSFORMATIONOPERATOR3D($,$,#2149,$,$);
#2151= IFCSHAPEREPRESENTATION(#12,'Body','AdvancedSweptSolid',(#2147));
#2152= IFCREPRESENTATIONMAP(#10,#2151);
#2153= IFCMAPPEDITEM(#2152,#2150);
#2154= IFCCARTESIANPOINT((45.312500012049,215.31469703262,125.625000000322));
#2155= IFCCARTESIANTRANSFORMATIONOPERATOR3D($,$,#2154,$,$);
#2156= IFCSHAPEREPRESENTATION(#12,'Body','AdvancedSweptSolid',(#2147));
#2157= IFCREPRESENTATIONMAP(#10,#2156);
#2158= IFCMAPPEDITEM(#2157,#2155);
#2159= IFCCARTESIANPOINT((45.3125000204309,365.31469703262,125.625000000547));
#2160= IFCCARTESIANTRANSFORMATIONOPERATOR3D($,$,#2159,$,$);
#2161= IFCSHAPEREPRESENTATION(#12,'Body','AdvancedSweptSolid',(#2147));
#2162= IFCREPRESENTATIONMAP(#10,#2161);
#2163= IFCMAPPEDITEM(#2162,#2160);
#2164= IFCCARTESIANPOINT((45.3125000287546,515.31469703262,125.625000000771));
#2165= IFCCARTESIANTRANSFORMATIONOPERATOR3D($,$,#2164,$,$);
#2166= IFCSHAPEREPRESENTATION(#12,'Body','AdvancedSweptSolid',(#2147));
#2167= IFCREPRESENTATIONMAP(#10,#2166);
#2168= IFCMAPPEDITEM(#2167,#2165);
#2169= IFCCARTESIANPOINT((45.3125000371365,665.31469703262,125.625000000995));
#2170= IFCCARTESIANTRANSFORMATIONOPERATOR3D($,$,#2169,$,$);
#2171= IFCSHAPEREPRESENTATION(#12,'Body','AdvancedSweptSolid',(#2147));
#2172= IFCREPRESENTATIONMAP(#10,#2171);
#2173= IFCMAPPEDITEM(#2172,#2170);
#2174= IFCCARTESIANPOINT((45.3125000455184,815.31469703262,125.62500000122));
#2175= IFCCARTESIANTRANSFORMATIONOPERATOR3D($,$,#2174,$,$);
#2176= IFCSHAPEREPRESENTATION(#12,'Body','AdvancedSweptSolid',(#2147));
#2177= IFCREPRESENTATIONMAP(#10,#2176);
#2178= IFCMAPPEDITEM(#2177,#2175);
#2179= IFCCARTESIANPOINT((45.3125000539003,965.31469703262,125.625000001444));
#2180= IFCCARTESIANTRANSFORMATIONOPERATOR3D($,$,#2179,$,$);
#2181= IFCSHAPEREPRESENTATION(#12,'Body','AdvancedSweptSolid',(#2147));
#2182= IFCREPRESENTATIONMAP(#10,#2181);
#2183= IFCMAPPEDITEM(#2182,#2180);
#2184= IFCCARTESIANPOINT((45.3125000622822,1115.31469703262,125.625000001669));
#2185= IFCCARTESIANTRANSFORMATIONOPERATOR3D($,$,#2184,$,$);
#2186= IFCSHAPEREPRESENTATION(#12,'Body','AdvancedSweptSolid',(#2147));
#2187= IFCREPRESENTATIONMAP(#10,#2186);
#2188= IFCMAPPEDITEM(#2187,#2185);
#2189= IFCTRIMMEDCURVE(#258,(IFCPARAMETERVALUE(0.)),(IFCPARAMETERVALUE(24.9999999999989)),.T.,.PARAMETER.);
#2190= IFCCOMPOSITECURVESEGMENT(.CONTINUOUS.,.T.,#2189);
#2191= IFCTRIMMEDCURVE(#1172,(IFCPARAMETERVALUE(0.)),(IFCPARAMETERVALUE(25.0000000000008)),.T.,.PARAMETER.);
#2192= IFCCOMPOSITECURVESEGMENT(.DISCONTINUOUS.,.T.,#2191);
#2193= IFCCOMPOSITECURVE((#2190,#1147,#2039,#1156,#2192),.F.);
#2194= IFCSWEPTDISKSOLID(#2193,5.3125,$,0.,3971.89159265365);
#2195= IFCSTYLEDITEM(#2194,(#1140),$);
#2196= IFCCARTESIANPOINT((45.3125000706641,1265.31469703262,125.625000001893));
#2197= IFCCARTESIANTRANSFORMATIONOPERATOR3D($,$,#2196,$,$);
#2198= IFCSHAPEREPRESENTATION(#12,'Body','AdvancedSweptSolid',(#2194));
#2199= IFCREPRESENTATIONMAP(#10,#2198);
#2200= IFCMAPPEDITEM(#2199,#2197);
#2201= IFCCARTESIANPOINT((45.312500079046,1415.31469703262,125.625000002117));
#2202= IFCCARTESIANTRANSFORMATIONOPERATOR3D($,$,#2201,$,$);
#2203= IFCSHAPEREPRESENTATION(#12,'Body','AdvancedSweptSolid',(#2147));
#2204= IFCREPRESENTATIONMAP(#10,#2203);
#2205= IFCMAPPEDITEM(#2204,#2202);
#2206= IFCCARTESIANPOINT((45.3125000874279,1565.31469703262,125.625000002342));
#2207= IFCCARTESIANTRANSFORMATIONOPERATOR3D($,$,#2206,$,$);
#2208= IFCSHAPEREPRESENTATION(#12,'Body','AdvancedSweptSolid',(#2147));
#2209= IFCREPRESENTATIONMAP(#10,#2208);
#2210= IFCMAPPEDITEM(#2209,#2207);
#2211= IFCCARTESIANPOINT((45.3125000958098,1715.31469703262,125.625000002566));
#2212= IFCCARTESIANTRANSFORMATIONOPERATOR3D($,$,#2211,$,$);
#2213= IFCSHAPEREPRESENTATION(#12,'Body','AdvancedSweptSolid',(#2147));
#2214= IFCREPRESENTATIONMAP(#10,#2213);
#2215= IFCMAPPEDITEM(#2214,#2212);
#2216= IFCCARTESIANPOINT((45.3125001041917,1865.31469703262,125.625000002791));
#2217= IFCCARTESIANTRANSFORMATIONOPERATOR3D($,$,#2216,$,$);
#2218= IFCSHAPEREPRESENTATION(#12,'Body','AdvancedSweptSolid',(#2147));
#2219= IFCREPRESENTATIONMAP(#10,#2218);
#2220= IFCMAPPEDITEM(#2219,#2217);
#2221= IFCCARTESIANPOINT((45.3125001125736,2015.31469703262,125.625000003015));
#2222= IFCCARTESIANTRANSFORMATIONOPERATOR3D($,$,#2221,$,$);
#2223= IFCSHAPEREPRESENTATION(#12,'Body','AdvancedSweptSolid',(#2147));
#2224= IFCREPRESENTATIONMAP(#10,#2223);
#2225= IFCMAPPEDITEM(#2224,#2222);
#2226= IFCCARTESIANPOINT((45.3125001209555,2165.31469703262,125.625000003239));
#2227= IFCCARTESIANTRANSFORMATIONOPERATOR3D($,$,#2226,$,$);
#2228= IFCSHAPEREPRESENTATION(#12,'Body','AdvancedSweptSolid',(#2147));
#2229= IFCREPRESENTATIONMAP(#10,#2228);
#2230= IFCMAPPEDITEM(#2229,#2227);
#2231= IFCCARTESIANPOINT((45.3125001293374,2315.31469703262,125.625000003464));
#2232= IFCCARTESIANTRANSFORMATIONOPERATOR3D($,$,#2231,$,$);
#2233= IFCSHAPEREPRESENTATION(#12,'Body','AdvancedSweptSolid',(#2147));
#2234= IFCREPRESENTATIONMAP(#10,#2233);
#2235= IFCMAPPEDITEM(#2234,#2232);
#2236= IFCCARTESIANPOINT((45.3125001377193,2465.31469703262,125.625000003688));
#2237= IFCCARTESIANTRANSFORMATIONOPERATOR3D($,$,#2236,$,$);
#2238= IFCSHAPEREPRESENTATION(#12,'Body','AdvancedSweptSolid',(#2147));
#2239= IFCREPRESENTATIONMAP(#10,#2238);
#2240= IFCMAPPEDITEM(#2239,#2237);
#2241= IFCSHAPEREPRESENTATION(#12,'Body','MappedRepresentation',(#2153,#2158,#2163,#2168,#2173,#2178,#2183,#2188,#2200,#2205,#2210,#2215,#2220,#2225,#2230,#2235,#2240));
#2242= IFCPRODUCTDEFINITIONSHAPE($,$,(#2241));
#2243= IFCCARTESIANPOINT((407950.000000225,394184.000610654,-649.998413085854));
#2244= IFCAXIS2PLACEMENT3D(#2243,#147,#7);
#2245= IFCLOCALPLACEMENT(#1067,#2244);
#2246= IFCREINFORCINGBAR('1vYoJpbrz11Rt0esqxfmY7',#49,'LONG PLATEA SUP',$,$,#2245,#2242,'ID798b24f3-975f-4105-bdc0-a36d3ba70887',$,10.625,0.,$,.NOTDEFINED.,.NULL.);
#2247= IFCPROPERTYSINGLEVALUE('NAME',$,IFCLABEL('LONG PLATEA SUP'),$);
#2248= IFCPROPERTYSINGLEVALUE('GUID',$,IFCLABEL('798b24f3-975f-4105-bdc0-a36d3ba70887'),$);
#2249= IFCPROPERTYSET('0svbTZ_wzBDBDkmEl6Mr00',#5,'Rebar_properties',$,(#74,#75,#76,#71,#1685,#2136,#294,#1287,#2137,#230,#231,#2247,#233,#234,#1290,#236,#1291,#2248,#239,#1293,#302,#303,#1294,#1295,#1296,#307,#1330,#248,#249,#1127,#251));
#2250= IFCTRIMMEDCURVE(#258,(IFCPARAMETERVALUE(0.)),(IFCPARAMETERVALUE(25.)),.T.,.PARAMETER.);
#2251= IFCCOMPOSITECURVESEGMENT(.CONTINUOUS.,.T.,#2250);
#2252= IFCTRIMMEDCURVE(#1149,(IFCPARAMETERVALUE(0.)),(IFCPARAMETERVALUE(3918.75)),.T.,.PARAMETER.);
#2253= IFCCOMPOSITECURVESEGMENT(.CONTINUOUS.,.T.,#2252);
#2254= IFCTRIMMEDCURVE(#1172,(IFCPARAMETERVALUE(0.)),(IFCPARAMETERVALUE(25.)),.T.,.PARAMETER.);
#2255= IFCCOMPOSITECURVESEGMENT(.DISCONTINUOUS.,.T.,#2254);
#2256= IFCCOMPOSITECURVE((#2251,#1147,#2253,#1156,#2255),.F.);
#2257= IFCSWEPTDISKSOLID(#2256,5.3125,$,0.,3971.89159265359);
#2258= IFCSTYLEDITEM(#2257,(#1140),$);
#2259= IFCCARTESIANPOINT((45.3125,55.3125,148.625));
#2260= IFCCARTESIANTRANSFORMATIONOPERATOR3D($,$,#2259,$,$);
#2261= IFCSHAPEREPRESENTATION(#12,'Body','AdvancedSweptSolid',(#2257));
#2262= IFCREPRESENTATIONMAP(#10,#2261);
#2263= IFCMAPPEDITEM(#2262,#2260);
#2264= IFCLINE(#1148,#698);
#2265= IFCTRIMMEDCURVE(#2264,(IFCPARAMETERVALUE(0.)),(IFCPARAMETERVALUE(3918.74999999994)),.T.,.PARAMETER.);
#2266= IFCCOMPOSITECURVESEGMENT(.CONTINUOUS.,.T.,#2265);
#2267= IFCCOMPOSITECURVE((#2251,#1147,#2266,#1156,#2255),.F.);
#2268= IFCSWEPTDISKSOLID(#2267,5.3125,$,0.,3971.89159265353);
#2269= IFCSTYLEDITEM(#2268,(#1140),$);
#2270= IFCCARTESIANPOINT((45.3125000000582,250.3125,148.625));
#2271= IFCCARTESIANTRANSFORMATIONOPERATOR3D($,$,#2270,$,$);
#2272= IFCSHAPEREPRESENTATION(#12,'Body','AdvancedSweptSolid',(#2268));
#2273= IFCREPRESENTATIONMAP(#10,#2272);
#2274= IFCMAPPEDITEM(#2273,#2271);
#2275= IFCCARTESIANPOINT((45.3125000000582,445.3125,148.625));
#2276= IFCCARTESIANTRANSFORMATIONOPERATOR3D($,$,#2275,$,$);
#2277= IFCSHAPEREPRESENTATION(#12,'Body','AdvancedSweptSolid',(#2257));
#2278= IFCREPRESENTATIONMAP(#10,#2277);
#2279= IFCMAPPEDITEM(#2278,#2276);
#2280= IFCSHAPEREPRESENTATION(#12,'Body','MappedRepresentation',(#2263,#2274,#2279));
#2281= IFCPRODUCTDEFINITIONSHAPE($,$,(#2280));
#2282= IFCCARTESIANPOINT((412050.000000225,391634.000366513,-949.998474121034));
#2283= IFCAXIS2PLACEMENT3D(#2282,#9,#90);
#2284= IFCLOCALPLACEMENT(#1067,#2283);
#2285= IFCREINFORCINGBAR('0sG43Wcg5Ae8ynh7tyhvQr',#49,'LONG NERVIO',$,$,#2284,#2281,'ID364040e0-9aa1-4aa0-8f31-ac7dfcaf96b5',$,10.625,0.,$,.NOTDEFINED.,.NULL.);
#2286= IFCPROPERTYSINGLEVALUE('WEIGHT_TOTAL_IN_GROUP',$,IFCMASSMEASURE(7.60946),$);
#2287= IFCPROPERTYSINGLEVALUE('GUID',$,IFCLABEL('364040e0-9aa1-4aa0-8f31-ac7dfcaf96b5'),$);
#2288= IFCPROPERTYSINGLEVALUE('CONCRETE_COVER_ON_PLANE_MIN',$,IFCLENGTHMEASURE(73.),$);
#2289= IFCPROPERTYSINGLEVALUE('CC_TARGET',$,IFCLENGTHMEASURE(195.),$);
#2290= IFCPROPERTYSET('1xJUNchWT2yO$IkDG9uKvE',#5,'Rebar_properties',$,(#74,#75,#76,#71,#1685,#2286,#294,#1287,#229,#230,#231,#1328,#233,#234,#1290,#236,#1291,#2287,#239,#1293,#302,#303,#1294,#1295,#1296,#307,#2288,#2289,#249,#1127,#251));
#2291= IFCDIRECTION((0.693877675959033,6.71660227492034E-14,-0.72009289040074));
#2292= IFCVECTOR(#2291,1.);
#2293= IFCLINE(#6,#2292);
#2294= IFCTRIMMEDCURVE(#2293,(IFCPARAMETERVALUE(0.)),(IFCPARAMETERVALUE(855.893961946477)),.T.,.PARAMETER.);
#2295= IFCCOMPOSITECURVESEGMENT(.CONTINUOUS.,.T.,#2294);
#2296= IFCCARTESIANPOINT((612.113064471059,5.37738742423244E-11,-598.759378261866));
#2297= IFCDIRECTION((-0.720092890400739,1.46691124016928E-13,-0.693877675959033));
#2298= IFCAXIS2PLACEMENT3D(#2296,#89,#2297);
#2299= IFCCIRCLE(#2298,25.31);
#2300= IFCTRIMMEDCURVE(#2299,(IFCPARAMETERVALUE(0.)),(IFCPARAMETERVALUE(0.803474967576723)),.T.,.PARAMETER.);
#2301= IFCCOMPOSITECURVESEGMENT(.CONTINUOUS.,.T.,#2300);
#2302= IFCCARTESIANPOINT((612.101390004894,5.75255398871377E-11,-624.071875569655));
#2303= IFCDIRECTION((0.999999893641058,-5.94670529320133E-14,-0.000461213478106156));
#2304= IFCVECTOR(#2303,1.);
#2305= IFCLINE(#2302,#2304);
#2306= IFCTRIMMEDCURVE(#2305,(IFCPARAMETERVALUE(0.)),(IFCPARAMETERVALUE(2899.23250556368)),.T.,.PARAMETER.);
#2307= IFCCOMPOSITECURVESEGMENT(.CONTINUOUS.,.T.,#2306);
#2308= IFCCARTESIANPOINT((3511.34526167543,-1.03455022326671E-10,-600.096543369595));
#2309= IFCDIRECTION((-0.000461213478103295,-4.51486445699175E-13,-0.999999893641058));
#2310= IFCAXIS2PLACEMENT3D(#2308,#89,#2309);
#2311= IFCCIRCLE(#2310,25.31);
#2312= IFCTRIMMEDCURVE(#2311,(IFCPARAMETERVALUE(0.)),(IFCPARAMETERVALUE(1.58052238089846)),.T.,.PARAMETER.);
#2313= IFCCOMPOSITECURVESEGMENT(.CONTINUOUS.,.T.,#2312);
#2314= IFCCARTESIANPOINT((3536.65667530524,-1.0481926437933E-10,-599.862030446702));
#2315= IFCDIRECTION((-0.00926470806489987,4.50617124066485E-13,0.999957081671245));
#2316= IFCVECTOR(#2315,1.);
#2317= IFCLINE(#2314,#2316);
#2318= IFCTRIMMEDCURVE(#2317,(IFCPARAMETERVALUE(0.)),(IFCPARAMETERVALUE(232.612696635702)),.T.,.PARAMETER.);
#2319= IFCCOMPOSITECURVESEGMENT(.DISCONTINUOUS.,.T.,#2318);
#2320= IFCCOMPOSITECURVE((#2295,#2301,#2307,#2313,#2319),.F.);
#2321= IFCSWEPTDISKSOLID(#2320,5.3125,$,0.,3990.12316149433);
#2322= IFCSTYLEDITEM(#2321,(#1140),$);
#2323= IFCCARTESIANPOINT((-427.008850083429,-716.312500000058,680.766002251243));
#2324= IFCCARTESIANTRANSFORMATIONOPERATOR3D($,$,#2323,$,$);
#2325= IFCSHAPEREPRESENTATION(#12,'Body','AdvancedSweptSolid',(#2321));
#2326= IFCREPRESENTATIONMAP(#10,#2325);
#2327= IFCMAPPEDITEM(#2326,#2324);
#2328= IFCCARTESIANPOINT((-427.008850083429,-866.312500000058,680.766002251243));
#2329= IFCCARTESIANTRANSFORMATIONOPERATOR3D($,$,#2328,$,$);
#2330= IFCSHAPEREPRESENTATION(#12,'Body','AdvancedSweptSolid',(#2321));
#2331= IFCREPRESENTATIONMAP(#10,#2330);
#2332= IFCMAPPEDITEM(#2331,#2329);
#2333= IFCCARTESIANPOINT((-427.008850083429,-1016.31250000006,680.766002251243));
#2334= IFCCARTESIANTRANSFORMATIONOPERATOR3D($,$,#2333,$,$);
#2335= IFCSHAPEREPRESENTATION(#12,'Body','AdvancedSweptSolid',(#2321));
#2336= IFCREPRESENTATIONMAP(#10,#2335);
#2337= IFCMAPPEDITEM(#2336,#2334);
#2338= IFCCARTESIANPOINT((-427.008850083429,-1166.31250000006,680.766002251243));
#2339= IFCCARTESIANTRANSFORMATIONOPERATOR3D($,$,#2338,$,$);
#2340= IFCSHAPEREPRESENTATION(#12,'Body','AdvancedSweptSolid',(#2321));
#2341= IFCREPRESENTATIONMAP(#10,#2340);
#2342= IFCMAPPEDITEM(#2341,#2339);
#2343= IFCCARTESIANPOINT((-427.008850083429,-1316.31250000006,680.766002251243));
#2344= IFCCARTESIANTRANSFORMATIONOPERATOR3D($,$,#2343,$,$);
#2345= IFCSHAPEREPRESENTATION(#12,'Body','AdvancedSweptSolid',(#2321));
#2346= IFCREPRESENTATIONMAP(#10,#2345);
#2347= IFCMAPPEDITEM(#2346,#2344);
#2348= IFCCARTESIANPOINT((-427.008850083429,-1466.31250000006,680.766002251243));
#2349= IFCCARTESIANTRANSFORMATIONOPERATOR3D($,$,#2348,$,$);
#2350= IFCSHAPEREPRESENTATION(#12,'Body','AdvancedSweptSolid',(#2321));
#2351= IFCREPRESENTATIONMAP(#10,#2350);
#2352= IFCMAPPEDITEM(#2351,#2349);
#2353= IFCCARTESIANPOINT((-427.008850083429,-1616.31250000006,680.766002251243));
#2354= IFCCARTESIANTRANSFORMATIONOPERATOR3D($,$,#2353,$,$);
#2355= IFCSHAPEREPRESENTATION(#12,'Body','AdvancedSweptSolid',(#2321));
#2356= IFCREPRESENTATIONMAP(#10,#2355);
#2357= IFCMAPPEDITEM(#2356,#2354);
#2358= IFCTRIMMEDCURVE(#2305,(IFCPARAMETERVALUE(0.)),(IFCPARAMETERVALUE(2899.23250556368)),.T.,.PARAMETER.);
#2359= IFCCOMPOSITECURVESEGMENT(.CONTINUOUS.,.T.,#2358);
#2360= IFCVECTOR(#2315,1.);
#2361= IFCLINE(#2314,#2360);
#2362= IFCTRIMMEDCURVE(#2361,(IFCPARAMETERVALUE(0.)),(IFCPARAMETERVALUE(232.612696635702)),.T.,.PARAMETER.);
#2363= IFCCOMPOSITECURVESEGMENT(.DISCONTINUOUS.,.T.,#2362);
#2364= IFCCOMPOSITECURVE((#2295,#2301,#2359,#2313,#2363),.F.);
#2365= IFCSWEPTDISKSOLID(#2364,5.3125,$,0.,3990.12316149433);
#2366= IFCSTYLEDITEM(#2365,(#1140),$);
#2367= IFCCARTESIANPOINT((-427.008850083429,-1766.31250000006,680.766002251243));
#2368= IFCCARTESIANTRANSFORMATIONOPERATOR3D($,$,#2367,$,$);
#2369= IFCSHAPEREPRESENTATION(#12,'Body','AdvancedSweptSolid',(#2365));
#2370= IFCREPRESENTATIONMAP(#10,#2369);
#2371= IFCMAPPEDITEM(#2370,#2368);
#2372= IFCCARTESIANPOINT((-427.008850083429,-1916.31250000006,680.766002251243));
#2373= IFCCARTESIANTRANSFORMATIONOPERATOR3D($,$,#2372,$,$);
#2374= IFCSHAPEREPRESENTATION(#12,'Body','AdvancedSweptSolid',(#2365));
#2375= IFCREPRESENTATIONMAP(#10,#2374);
#2376= IFCMAPPEDITEM(#2375,#2373);
#2377= IFCCARTESIANPOINT((-427.008850083429,-2066.31250000006,680.766002251243));
#2378= IFCCARTESIANTRANSFORMATIONOPERATOR3D($,$,#2377,$,$);
#2379= IFCSHAPEREPRESENTATION(#12,'Body','AdvancedSweptSolid',(#2365));
#2380= IFCREPRESENTATIONMAP(#10,#2379);
#2381= IFCMAPPEDITEM(#2380,#2378);
#2382= IFCCARTESIANPOINT((-427.008850083429,-2216.31250000006,680.766002251243));
#2383= IFCCARTESIANTRANSFORMATIONOPERATOR3D($,$,#2382,$,$);
#2384= IFCSHAPEREPRESENTATION(#12,'Body','AdvancedSweptSolid',(#2365));
#2385= IFCREPRESENTATIONMAP(#10,#2384);
#2386= IFCMAPPEDITEM(#2385,#2383);
#2387= IFCCARTESIANPOINT((-427.008850083429,-2366.31250000006,680.766002251243));
#2388= IFCCARTESIANTRANSFORMATIONOPERATOR3D($,$,#2387,$,$);
#2389= IFCSHAPEREPRESENTATION(#12,'Body','AdvancedSweptSolid',(#2365));
#2390= IFCREPRESENTATIONMAP(#10,#2389);
#2391= IFCMAPPEDITEM(#2390,#2388);
#2392= IFCCARTESIANPOINT((-427.008850083429,-2516.31250000006,680.766002251243));
#2393= IFCCARTESIANTRANSFORMATIONOPERATOR3D($,$,#2392,$,$);
#2394= IFCSHAPEREPRESENTATION(#12,'Body','AdvancedSweptSolid',(#2365));
#2395= IFCREPRESENTATIONMAP(#10,#2394);
#2396= IFCMAPPEDITEM(#2395,#2393);
#2397= IFCCARTESIANPOINT((-427.008850083429,-2666.31250000006,680.766002251243));
#2398= IFCCARTESIANTRANSFORMATIONOPERATOR3D($,$,#2397,$,$);
#2399= IFCSHAPEREPRESENTATION(#12,'Body','AdvancedSweptSolid',(#2365));
#2400= IFCREPRESENTATIONMAP(#10,#2399);
#2401= IFCMAPPEDITEM(#2400,#2398);
#2402= IFCCARTESIANPOINT((-427.008850083429,-2816.31250000006,680.766002251243));
#2403= IFCCARTESIANTRANSFORMATIONOPERATOR3D($,$,#2402,$,$);
#2404= IFCSHAPEREPRESENTATION(#12,'Body','AdvancedSweptSolid',(#2365));
#2405= IFCREPRESENTATIONMAP(#10,#2404);
#2406= IFCMAPPEDITEM(#2405,#2403);
#2407= IFCCARTESIANPOINT((-427.008850083429,-3266.31250000006,680.766002251243));
#2408= IFCCARTESIANTRANSFORMATIONOPERATOR3D($,$,#2407,$,$);
#2409= IFCSHAPEREPRESENTATION(#12,'Body','AdvancedSweptSolid',(#2365));
#2410= IFCREPRESENTATIONMAP(#10,#2409);
#2411= IFCMAPPEDITEM(#2410,#2408);
#2412= IFCCARTESIANPOINT((-427.008850083429,-3416.31250000006,680.766002251243));
#2413= IFCCARTESIANTRANSFORMATIONOPERATOR3D($,$,#2412,$,$);
#2414= IFCSHAPEREPRESENTATION(#12,'Body','AdvancedSweptSolid',(#2365));
#2415= IFCREPRESENTATIONMAP(#10,#2414);
#2416= IFCMAPPEDITEM(#2415,#2413);
#2417= IFCCARTESIANPOINT((-427.008850083429,-3566.31250000006,680.766002251243));
#2418= IFCCARTESIANTRANSFORMATIONOPERATOR3D($,$,#2417,$,$);
#2419= IFCSHAPEREPRESENTATION(#12,'Body','AdvancedSweptSolid',(#2365));
#2420= IFCREPRESENTATIONMAP(#10,#2419);
#2421= IFCMAPPEDITEM(#2420,#2418);
#2422= IFCVECTOR(#2291,1.);
#2423= IFCLINE(#6,#2422);
#2424= IFCTRIMMEDCURVE(#2423,(IFCPARAMETERVALUE(0.)),(IFCPARAMETERVALUE(855.893961946477)),.T.,.PARAMETER.);
#2425= IFCCOMPOSITECURVESEGMENT(.CONTINUOUS.,.T.,#2424);
#2426= IFCCOMPOSITECURVE((#2425,#2301,#2307,#2313,#2319),.F.);
#2427= IFCSWEPTDISKSOLID(#2426,5.3125,$,0.,3990.12316149433);
#2428= IFCSTYLEDITEM(#2427,(#1140),$);
#2429= IFCCARTESIANPOINT((-427.008850083429,-4016.31250000006,680.766002251243));
#2430= IFCCARTESIANTRANSFORMATIONOPERATOR3D($,$,#2429,$,$);
#2431= IFCSHAPEREPRESENTATION(#12,'Body','AdvancedSweptSolid',(#2427));
#2432= IFCREPRESENTATIONMAP(#10,#2431);
#2433= IFCMAPPEDITEM(#2432,#2430);
#2434= IFCCARTESIANPOINT((-427.008850083429,-4166.31250000006,680.766002251243));
#2435= IFCCARTESIANTRANSFORMATIONOPERATOR3D($,$,#2434,$,$);
#2436= IFCSHAPEREPRESENTATION(#12,'Body','AdvancedSweptSolid',(#2427));
#2437= IFCREPRESENTATIONMAP(#10,#2436);
#2438= IFCMAPPEDITEM(#2437,#2435);
#2439= IFCCARTESIANPOINT((-427.008850083429,-4316.31250000006,680.766002251243));
#2440= IFCCARTESIANTRANSFORMATIONOPERATOR3D($,$,#2439,$,$);
#2441= IFCSHAPEREPRESENTATION(#12,'Body','AdvancedSweptSolid',(#2427));
#2442= IFCREPRESENTATIONMAP(#10,#2441);
#2443= IFCMAPPEDITEM(#2442,#2440);
#2444= IFCCARTESIANPOINT((-427.008850083429,-4466.31250000006,680.766002251243));
#2445= IFCCARTESIANTRANSFORMATIONOPERATOR3D($,$,#2444,$,$);
#2446= IFCSHAPEREPRESENTATION(#12,'Body','AdvancedSweptSolid',(#2427));
#2447= IFCREPRESENTATIONMAP(#10,#2446);
#2448= IFCMAPPEDITEM(#2447,#2445);
#2449= IFCCARTESIANPOINT((-427.008850083429,-4616.31250000006,680.766002251243));
#2450= IFCCARTESIANTRANSFORMATIONOPERATOR3D($,$,#2449,$,$);
#2451= IFCSHAPEREPRESENTATION(#12,'Body','AdvancedSweptSolid',(#2427));
#2452= IFCREPRESENTATIONMAP(#10,#2451);
#2453= IFCMAPPEDITEM(#2452,#2450);
#2454= IFCSHAPEREPRESENTATION(#12,'Body','MappedRepresentation',(#2327,#2332,#2337,#2342,#2347,#2352,#2357,#2371,#2376,#2381,#2386,#2391,#2396,#2401,#2406,#2411,#2416,#2421,#2433,#2438,#2443,#2448,#2453));
#2455= IFCPRODUCTDEFINITIONSHAPE($,$,(#2454));
#2456= IFCCARTESIANPOINT((407296.000000225,391309.29714996,2230.57794189459));
#2457= IFCDIRECTION((0.,-0.00926470799697562,-0.999957081671874));
#2458= IFCAXIS2PLACEMENT3D(#2456,#1281,#2457);
#2459= IFCLOCALPLACEMENT(#1067,#2458);
#2460= IFCREINFORCINGBAR('0I$Fghh0929O_2Hby6rjSb',#49,'TRV MURO',$,$,#2459,#2455,'ID12fcfaab-ac02-4225-8f82-465f06d6d725',$,10.625,0.,$,.NOTDEFINED.,.NULL.);
#2461= IFCPROPERTYSINGLEVALUE('WEIGHT_TOTAL_IN_GROUP',$,IFCMASSMEASURE(57.44579),$);
#2462= IFCPROPERTYSINGLEVALUE('SHAPE',$,IFCLABEL('5_3'),$);
#2463= IFCPROPERTYSINGLEVALUE('REBAR_POS',$,IFCLABEL('210'),$);
#2464= IFCPROPERTYSINGLEVALUE('NUMBER_OF_BARS_IN_GROUP',$,IFCINTEGER(23),$);
#2465= IFCPROPERTYSINGLEVALUE('NAME',$,IFCLABEL('TRV MURO'),$);
#2466= IFCPROPERTYSINGLEVALUE('GUID',$,IFCLABEL('12fcfaab-ac02-4225-8f82-465f06d6d725'),$);
#2467= IFCPROPERTYSINGLEVALUE('DIM_C',$,IFCLENGTHMEASURE(868.),$);
#2468= IFCPROPERTYSINGLEVALUE('DIM_B',$,IFCLENGTHMEASURE(2942.),$);
#2469= IFCPROPERTYSINGLEVALUE('DIM_A',$,IFCLENGTHMEASURE(263.),$);
#2470= IFCPROPERTYSET('04w7wNTE91fP9xVvqGRj4J',#5,'Rebar_properties',$,(#74,#75,#76,#71,#1685,#2461,#2462,#2463,#2464,#230,#231,#2465,#233,#234,#298,#236,#299,#2466,#239,#1692,#302,#303,#2467,#2468,#2469,#307,#1330,#248,#249,#1127,#251));
#2471= IFCDIRECTION((0.720993946581332,6.83596134795379E-14,-0.692941360428915));
#2472= IFCVECTOR(#2471,1.);
#2473= IFCLINE(#6,#2472);
#2474= IFCTRIMMEDCURVE(#2473,(IFCPARAMETERVALUE(0.)),(IFCPARAMETERVALUE(841.265074132046)),.T.,.PARAMETER.);
#2475= IFCCOMPOSITECURVESEGMENT(.CONTINUOUS.,.T.,#2474);
#2476= IFCCARTESIANPOINT((624.087104105357,5.42286215932108E-11,-564.697205677552));
#2477= IFCDIRECTION((-0.692941360428915,1.2957762798185E-13,-0.720993946581332));
#2478= IFCAXIS2PLACEMENT3D(#2476,#89,#2477);
#2479= IFCCIRCLE(#2478,25.31);
#2480= IFCTRIMMEDCURVE(#2479,(IFCPARAMETERVALUE(0.)),(IFCPARAMETERVALUE(0.766031601569751)),.T.,.PARAMETER.);
#2481= IFCCOMPOSITECURVESEGMENT(.CONTINUOUS.,.T.,#2480);
#2482= IFCCARTESIANPOINT((624.099024093688,5.77529135625809E-11,-590.009702870912));
#2483= IFCDIRECTION((0.999999889120411,-3.98836932918837E-14,0.00047091311924556));
#2484= IFCVECTOR(#2483,1.);
#2485= IFCLINE(#2482,#2484);
#2486= IFCTRIMMEDCURVE(#2485,(IFCPARAMETERVALUE(0.)),(IFCPARAMETERVALUE(2881.80665921454)),.T.,.PARAMETER.);
#2487= IFCCOMPOSITECURVESEGMENT(.CONTINUOUS.,.T.,#2486);
#2488= IFCCARTESIANPOINT((3505.91728376302,-5.71844793739729E-11,-613.965119501319));
#2489= IFCDIRECTION((-0.000470913119248517,1.18524023028135E-17,0.999999889120411));
#2490= IFCAXIS2PLACEMENT3D(#2488,#8,#2489);
#2491= IFCCIRCLE(#2490,25.31);
#2492= IFCTRIMMEDCURVE(#2491,(IFCPARAMETERVALUE(0.)),(IFCPARAMETERVALUE(1.5805318893973)),.T.,.PARAMETER.);
#2493= IFCCOMPOSITECURVESEGMENT(.CONTINUOUS.,.T.,#2492);
#2494= IFCCARTESIANPOINT((3531.22869743765,-5.82076609134674E-11,-614.199627586104));
#2495= IFCDIRECTION((-0.00926451692975555,0.,-0.999957083442114));
#2496= IFCVECTOR(#2495,1.);
#2497= IFCLINE(#2494,#2496);
#2498= IFCTRIMMEDCURVE(#2497,(IFCPARAMETERVALUE(0.)),(IFCPARAMETERVALUE(232.607879153238)),.T.,.PARAMETER.);
#2499= IFCCOMPOSITECURVESEGMENT(.DISCONTINUOUS.,.T.,#2498);
#2500= IFCCOMPOSITECURVE((#2475,#2481,#2487,#2493,#2499),.F.);
#2501= IFCSWEPTDISKSOLID(#2500,5.3125,$,0.,3958.02617599079);
#2502= IFCSTYLEDITEM(#2501,(#1140),$);
#2503= IFCCARTESIANPOINT((-485.346302777952,-716.312500000058,533.294725528336));
#2504= IFCCARTESIANTRANSFORMATIONOPERATOR3D($,$,#2503,$,$);
#2505= IFCSHAPEREPRESENTATION(#12,'Body','AdvancedSweptSolid',(#2501));
#2506= IFCREPRESENTATIONMAP(#10,#2505);
#2507= IFCMAPPEDITEM(#2506,#2504);
#2508= IFCTRIMMEDCURVE(#2473,(IFCPARAMETERVALUE(0.)),(IFCPARAMETERVALUE(841.265074132046)),.T.,.PARAMETER.);
#2509= IFCCOMPOSITECURVESEGMENT(.CONTINUOUS.,.T.,#2508);
#2510= IFCCOMPOSITECURVE((#2509,#2481,#2487,#2493,#2499),.F.);
#2511= IFCSWEPTDISKSOLID(#2510,5.3125,$,0.,3958.02617599079);
#2512= IFCSTYLEDITEM(#2511,(#1140),$);
#2513= IFCCARTESIANPOINT((-485.346302777953,-866.312500000058,533.294725528336));
#2514= IFCCARTESIANTRANSFORMATIONOPERATOR3D($,$,#2513,$,$);
#2515= IFCSHAPEREPRESENTATION(#12,'Body','AdvancedSweptSolid',(#2511));
#2516= IFCREPRESENTATIONMAP(#10,#2515);
#2517= IFCMAPPEDITEM(#2516,#2514);
#2518= IFCVECTOR(#2471,1.);
#2519= IFCLINE(#6,#2518);
#2520= IFCTRIMMEDCURVE(#2519,(IFCPARAMETERVALUE(0.)),(IFCPARAMETERVALUE(841.265074132007)),.T.,.PARAMETER.);
#2521= IFCCOMPOSITECURVESEGMENT(.CONTINUOUS.,.T.,#2520);
#2522= IFCTRIMMEDCURVE(#2485,(IFCPARAMETERVALUE(0.)),(IFCPARAMETERVALUE(2881.80665921454)),.T.,.PARAMETER.);
#2523= IFCCOMPOSITECURVESEGMENT(.CONTINUOUS.,.T.,#2522);
#2524= IFCTRIMMEDCURVE(#2497,(IFCPARAMETERVALUE(0.)),(IFCPARAMETERVALUE(232.607879153238)),.T.,.PARAMETER.);
#2525= IFCCOMPOSITECURVESEGMENT(.DISCONTINUOUS.,.T.,#2524);
#2526= IFCCOMPOSITECURVE((#2521,#2481,#2523,#2493,#2525),.F.);
#2527= IFCSWEPTDISKSOLID(#2526,5.3125,$,0.,3958.02617599075);
#2528= IFCSTYLEDITEM(#2527,(#1140),$);
#2529= IFCCARTESIANPOINT((-485.346302777953,-1016.31250000006,533.294725528336));
#2530= IFCCARTESIANTRANSFORMATIONOPERATOR3D($,$,#2529,$,$);
#2531= IFCSHAPEREPRESENTATION(#12,'Body','AdvancedSweptSolid',(#2527));
#2532= IFCREPRESENTATIONMAP(#10,#2531);
#2533= IFCMAPPEDITEM(#2532,#2530);
#2534= IFCTRIMMEDCURVE(#2485,(IFCPARAMETERVALUE(0.)),(IFCPARAMETERVALUE(2881.80665921454)),.T.,.PARAMETER.);
#2535= IFCCOMPOSITECURVESEGMENT(.CONTINUOUS.,.T.,#2534);
#2536= IFCCOMPOSITECURVE((#2521,#2481,#2535,#2493,#2525),.F.);
#2537= IFCSWEPTDISKSOLID(#2536,5.3125,$,0.,3958.02617599075);
#2538= IFCSTYLEDITEM(#2537,(#1140),$);
#2539= IFCCARTESIANPOINT((-485.346302777954,-1166.31250000006,533.294725528336));
#2540= IFCCARTESIANTRANSFORMATIONOPERATOR3D($,$,#2539,$,$);
#2541= IFCSHAPEREPRESENTATION(#12,'Body','AdvancedSweptSolid',(#2537));
#2542= IFCREPRESENTATIONMAP(#10,#2541);
#2543= IFCMAPPEDITEM(#2542,#2540);
#2544= IFCTRIMMEDCURVE(#2473,(IFCPARAMETERVALUE(0.)),(IFCPARAMETERVALUE(841.265074132007)),.T.,.PARAMETER.);
#2545= IFCCOMPOSITECURVESEGMENT(.CONTINUOUS.,.T.,#2544);
#2546= IFCCOMPOSITECURVE((#2545,#2481,#2535,#2493,#2525),.F.);
#2547= IFCSWEPTDISKSOLID(#2546,5.3125,$,0.,3958.02617599075);
#2548= IFCSTYLEDITEM(#2547,(#1140),$);
#2549= IFCCARTESIANPOINT((-485.346302777954,-1316.31250000006,533.294725528336));
#2550= IFCCARTESIANTRANSFORMATIONOPERATOR3D($,$,#2549,$,$);
#2551= IFCSHAPEREPRESENTATION(#12,'Body','AdvancedSweptSolid',(#2547));
#2552= IFCREPRESENTATIONMAP(#10,#2551);
#2553= IFCMAPPEDITEM(#2552,#2550);
#2554= IFCTRIMMEDCURVE(#2473,(IFCPARAMETERVALUE(0.)),(IFCPARAMETERVALUE(841.265074132007)),.T.,.PARAMETER.);
#2555= IFCCOMPOSITECURVESEGMENT(.CONTINUOUS.,.T.,#2554);
#2556= IFCCOMPOSITECURVE((#2555,#2481,#2523,#2493,#2525),.F.);
#2557= IFCSWEPTDISKSOLID(#2556,5.3125,$,0.,3958.02617599075);
#2558= IFCSTYLEDITEM(#2557,(#1140),$);
#2559= IFCCARTESIANPOINT((-485.346302777955,-1466.31250000006,533.294725528336));
#2560= IFCCARTESIANTRANSFORMATIONOPERATOR3D($,$,#2559,$,$);
#2561= IFCSHAPEREPRESENTATION(#12,'Body','AdvancedSweptSolid',(#2557));
#2562= IFCREPRESENTATIONMAP(#10,#2561);
#2563= IFCMAPPEDITEM(#2562,#2560);
#2564= IFCTRIMMEDCURVE(#2485,(IFCPARAMETERVALUE(0.)),(IFCPARAMETERVALUE(2881.80665921454)),.T.,.PARAMETER.);
#2565= IFCCOMPOSITECURVESEGMENT(.CONTINUOUS.,.T.,#2564);
#2566= IFCCOMPOSITECURVE((#2521,#2481,#2565,#2493,#2525),.F.);
#2567= IFCSWEPTDISKSOLID(#2566,5.3125,$,0.,3958.02617599075);
#2568= IFCSTYLEDITEM(#2567,(#1140),$);
#2569= IFCCARTESIANPOINT((-485.346302777956,-1616.31250000006,533.294725528336));
#2570= IFCCARTESIANTRANSFORMATIONOPERATOR3D($,$,#2569,$,$);
#2571= IFCSHAPEREPRESENTATION(#12,'Body','AdvancedSweptSolid',(#2567));
#2572= IFCREPRESENTATIONMAP(#10,#2571);
#2573= IFCMAPPEDITEM(#2572,#2570);
#2574= IFCCARTESIANPOINT((-485.346302777956,-1766.31250000006,533.294725528336));
#2575= IFCCARTESIANTRANSFORMATIONOPERATOR3D($,$,#2574,$,$);
#2576= IFCSHAPEREPRESENTATION(#12,'Body','AdvancedSweptSolid',(#2527));
#2577= IFCREPRESENTATIONMAP(#10,#2576);
#2578= IFCMAPPEDITEM(#2577,#2575);
#2579= IFCCOMPOSITECURVE((#2545,#2481,#2523,#2493,#2525),.F.);
#2580= IFCSWEPTDISKSOLID(#2579,5.3125,$,0.,3958.02617599075);
#2581= IFCSTYLEDITEM(#2580,(#1140),$);
#2582= IFCCARTESIANPOINT((-485.346302777957,-1916.31250000006,533.294725528336));
#2583= IFCCARTESIANTRANSFORMATIONOPERATOR3D($,$,#2582,$,$);
#2584= IFCSHAPEREPRESENTATION(#12,'Body','AdvancedSweptSolid',(#2580));
#2585= IFCREPRESENTATIONMAP(#10,#2584);
#2586= IFCMAPPEDITEM(#2585,#2583);
#2587= IFCTRIMMEDCURVE(#2473,(IFCPARAMETERVALUE(0.)),(IFCPARAMETERVALUE(841.265074132007)),.T.,.PARAMETER.);
#2588= IFCCOMPOSITECURVESEGMENT(.CONTINUOUS.,.T.,#2587);
#2589= IFCVECTOR(#2495,1.);
#2590= IFCLINE(#2494,#2589);
#2591= IFCTRIMMEDCURVE(#2590,(IFCPARAMETERVALUE(0.)),(IFCPARAMETERVALUE(232.607879153296)),.T.,.PARAMETER.);
#2592= IFCCOMPOSITECURVESEGMENT(.DISCONTINUOUS.,.T.,#2591);
#2593= IFCCOMPOSITECURVE((#2588,#2481,#2535,#2493,#2592),.F.);
#2594= IFCSWEPTDISKSOLID(#2593,5.3125,$,0.,3958.02617599081);
#2595= IFCSTYLEDITEM(#2594,(#1140),$);
#2596= IFCCARTESIANPOINT((-485.346302777957,-2066.31250000006,533.294725528336));
#2597= IFCCARTESIANTRANSFORMATIONOPERATOR3D($,$,#2596,$,$);
#2598= IFCSHAPEREPRESENTATION(#12,'Body','AdvancedSweptSolid',(#2594));
#2599= IFCREPRESENTATIONMAP(#10,#2598);
#2600= IFCMAPPEDITEM(#2599,#2597);
#2601= IFCTRIMMEDCURVE(#2473,(IFCPARAMETERVALUE(0.)),(IFCPARAMETERVALUE(841.265074132046)),.T.,.PARAMETER.);
#2602= IFCCOMPOSITECURVESEGMENT(.CONTINUOUS.,.T.,#2601);
#2603= IFCTRIMMEDCURVE(#2497,(IFCPARAMETERVALUE(0.)),(IFCPARAMETERVALUE(232.607879153296)),.T.,.PARAMETER.);
#2604= IFCCOMPOSITECURVESEGMENT(.DISCONTINUOUS.,.T.,#2603);
#2605= IFCCOMPOSITECURVE((#2602,#2481,#2535,#2493,#2604),.F.);
#2606= IFCSWEPTDISKSOLID(#2605,5.3125,$,0.,3958.02617599085);
#2607= IFCSTYLEDITEM(#2606,(#1140),$);
#2608= IFCCARTESIANPOINT((-485.346302777957,-2216.31250000006,533.294725528394));
#2609= IFCCARTESIANTRANSFORMATIONOPERATOR3D($,$,#2608,$,$);
#2610= IFCSHAPEREPRESENTATION(#12,'Body','AdvancedSweptSolid',(#2606));
#2611= IFCREPRESENTATIONMAP(#10,#2610);
#2612= IFCMAPPEDITEM(#2611,#2609);
#2613= IFCTRIMMEDCURVE(#2519,(IFCPARAMETERVALUE(0.)),(IFCPARAMETERVALUE(841.265074132046)),.T.,.PARAMETER.);
#2614= IFCCOMPOSITECURVESEGMENT(.CONTINUOUS.,.T.,#2613);
#2615= IFCCOMPOSITECURVE((#2614,#2481,#2487,#2493,#2499),.F.);
#2616= IFCSWEPTDISKSOLID(#2615,5.3125,$,0.,3958.02617599079);
#2617= IFCSTYLEDITEM(#2616,(#1140),$);
#2618= IFCCARTESIANPOINT((-485.346302777958,-2366.31250000006,533.294725528394));
#2619= IFCCARTESIANTRANSFORMATIONOPERATOR3D($,$,#2618,$,$);
#2620= IFCSHAPEREPRESENTATION(#12,'Body','AdvancedSweptSolid',(#2616));
#2621= IFCREPRESENTATIONMAP(#10,#2620);
#2622= IFCMAPPEDITEM(#2621,#2619);
#2623= IFCTRIMMEDCURVE(#2485,(IFCPARAMETERVALUE(0.)),(IFCPARAMETERVALUE(2881.80665921454)),.T.,.PARAMETER.);
#2624= IFCCOMPOSITECURVESEGMENT(.CONTINUOUS.,.T.,#2623);
#2625= IFCCOMPOSITECURVE((#2614,#2481,#2624,#2493,#2499),.F.);
#2626= IFCSWEPTDISKSOLID(#2625,5.3125,$,0.,3958.02617599079);
#2627= IFCSTYLEDITEM(#2626,(#1140),$);
#2628= IFCCARTESIANPOINT((-485.346302777958,-2516.31250000006,533.294725528394));
#2629= IFCCARTESIANTRANSFORMATIONOPERATOR3D($,$,#2628,$,$);
#2630= IFCSHAPEREPRESENTATION(#12,'Body','AdvancedSweptSolid',(#2626));
#2631= IFCREPRESENTATIONMAP(#10,#2630);
#2632= IFCMAPPEDITEM(#2631,#2629);
#2633= IFCTRIMMEDCURVE(#2519,(IFCPARAMETERVALUE(0.)),(IFCPARAMETERVALUE(841.265074132046)),.T.,.PARAMETER.);
#2634= IFCCOMPOSITECURVESEGMENT(.CONTINUOUS.,.T.,#2633);
#2635= IFCCOMPOSITECURVE((#2634,#2481,#2487,#2493,#2499),.F.);
#2636= IFCSWEPTDISKSOLID(#2635,5.3125,$,0.,3958.02617599079);
#2637= IFCSTYLEDITEM(#2636,(#1140),$);
#2638= IFCCARTESIANPOINT((-485.346302777959,-2666.31250000006,533.294725528394));
#2639= IFCCARTESIANTRANSFORMATIONOPERATOR3D($,$,#2638,$,$);
#2640= IFCSHAPEREPRESENTATION(#12,'Body','AdvancedSweptSolid',(#2636));
#2641= IFCREPRESENTATIONMAP(#10,#2640);
#2642= IFCMAPPEDITEM(#2641,#2639);
#2643= IFCCARTESIANPOINT((-485.346302777959,-2816.31250000006,533.294725528394));
#2644= IFCCARTESIANTRANSFORMATIONOPERATOR3D($,$,#2643,$,$);
#2645= IFCSHAPEREPRESENTATION(#12,'Body','AdvancedSweptSolid',(#2636));
#2646= IFCREPRESENTATIONMAP(#10,#2645);
#2647= IFCMAPPEDITEM(#2646,#2644);
#2648= IFCCARTESIANPOINT((-485.346302777961,-3266.31250000006,533.294725528394));
#2649= IFCCARTESIANTRANSFORMATIONOPERATOR3D($,$,#2648,$,$);
#2650= IFCSHAPEREPRESENTATION(#12,'Body','AdvancedSweptSolid',(#2626));
#2651= IFCREPRESENTATIONMAP(#10,#2650);
#2652= IFCMAPPEDITEM(#2651,#2649);
#2653= IFCTRIMMEDCURVE(#2485,(IFCPARAMETERVALUE(0.)),(IFCPARAMETERVALUE(2881.80665921453)),.T.,.PARAMETER.);
#2654= IFCCOMPOSITECURVESEGMENT(.CONTINUOUS.,.T.,#2653);
#2655= IFCCOMPOSITECURVE((#2634,#2481,#2654,#2493,#2499),.F.);
#2656= IFCSWEPTDISKSOLID(#2655,5.3125,$,0.,3958.02617599079);
#2657= IFCSTYLEDITEM(#2656,(#1140),$);
#2658= IFCCARTESIANPOINT((-485.346302777962,-3416.31250000006,533.294725528394));
#2659= IFCCARTESIANTRANSFORMATIONOPERATOR3D($,$,#2658,$,$);
#2660= IFCSHAPEREPRESENTATION(#12,'Body','AdvancedSweptSolid',(#2656));
#2661= IFCREPRESENTATIONMAP(#10,#2660);
#2662= IFCMAPPEDITEM(#2661,#2659);
#2663= IFCCOMPOSITECURVE((#2602,#2481,#2487,#2493,#2499),.F.);
#2664= IFCSWEPTDISKSOLID(#2663,5.3125,$,0.,3958.02617599079);
#2665= IFCSTYLEDITEM(#2664,(#1140),$);
#2666= IFCCARTESIANPOINT((-485.346302777962,-3566.31250000006,533.294725528394));
#2667= IFCCARTESIANTRANSFORMATIONOPERATOR3D($,$,#2666,$,$);
#2668= IFCSHAPEREPRESENTATION(#12,'Body','AdvancedSweptSolid',(#2664));
#2669= IFCREPRESENTATIONMAP(#10,#2668);
#2670= IFCMAPPEDITEM(#2669,#2667);
#2671= IFCCARTESIANPOINT((-485.346302777964,-4016.31250000006,533.294725528394));
#2672= IFCCARTESIANTRANSFORMATIONOPERATOR3D($,$,#2671,$,$);
#2673= IFCSHAPEREPRESENTATION(#12,'Body','AdvancedSweptSolid',(#2636));
#2674= IFCREPRESENTATIONMAP(#10,#2673);
#2675= IFCMAPPEDITEM(#2674,#2672);
#2676= IFCCARTESIANPOINT((-485.346302777964,-4166.31250000006,533.294725528394));
#2677= IFCCARTESIANTRANSFORMATIONOPERATOR3D($,$,#2676,$,$);
#2678= IFCSHAPEREPRESENTATION(#12,'Body','AdvancedSweptSolid',(#2636));
#2679= IFCREPRESENTATIONMAP(#10,#2678);
#2680= IFCMAPPEDITEM(#2679,#2677);
#2681= IFCCARTESIANPOINT((-485.346302777965,-4316.31250000006,533.294725528394));
#2682= IFCCARTESIANTRANSFORMATIONOPERATOR3D($,$,#2681,$,$);
#2683= IFCSHAPEREPRESENTATION(#12,'Body','AdvancedSweptSolid',(#2664));
#2684= IFCREPRESENTATIONMAP(#10,#2683);
#2685= IFCMAPPEDITEM(#2684,#2682);
#2686= IFCCARTESIANPOINT((-485.346302777966,-4466.31250000006,533.294725528394));
#2687= IFCCARTESIANTRANSFORMATIONOPERATOR3D($,$,#2686,$,$);
#2688= IFCSHAPEREPRESENTATION(#12,'Body','AdvancedSweptSolid',(#2626));
#2689= IFCREPRESENTATIONMAP(#10,#2688);
#2690= IFCMAPPEDITEM(#2689,#2687);
#2691= IFCCARTESIANPOINT((-485.346302777966,-4616.31250000006,533.294725528394));
#2692= IFCCARTESIANTRANSFORMATIONOPERATOR3D($,$,#2691,$,$);
#2693= IFCSHAPEREPRESENTATION(#12,'Body','AdvancedSweptSolid',(#2616));
#2694= IFCREPRESENTATIONMAP(#10,#2693);
#2695= IFCMAPPEDITEM(#2694,#2692);
#2696= IFCSHAPEREPRESENTATION(#12,'Body','MappedRepresentation',(#2507,#2517,#2533,#2543,#2553,#2563,#2573,#2578,#2586,#2600,#2612,#2622,#2632,#2642,#2647,#2652,#2662,#2670,#2675,#2680,#2685,#2690,#2695));
#2697= IFCPRODUCTDEFINITIONSHAPE($,$,(#2696));
#2698= IFCCARTESIANPOINT((407296.000000225,391459.291046445,2166.81524658209));
#2699= IFCDIRECTION((0.,0.999957083441425,0.00926451700407771));
#2700= IFCDIRECTION((0.,0.00926451700407779,-0.999957083441425));
#2701= IFCAXIS2PLACEMENT3D(#2698,#2699,#2700);
#2702= IFCLOCALPLACEMENT(#1067,#2701);
#2703= IFCREINFORCINGBAR('29PN$4Okr6TelTeio1FptJ',#49,'TRV MURO',$,$,#2702,#2697,'ID89657fc4-62ed-4676-8bdd-a2cc813f3dd3',$,10.625,0.,$,.NOTDEFINED.,.NULL.);
#2704= IFCPROPERTYSINGLEVALUE('WEIGHT_TOTAL_IN_GROUP',$,IFCMASSMEASURE(56.97748),$);
#2705= IFCPROPERTYSINGLEVALUE('SHAPE',$,IFCLABEL('56'),$);
#2706= IFCPROPERTYSINGLEVALUE('REBAR_POS',$,IFCLABEL('211'),$);
#2707= IFCPROPERTYSINGLEVALUE('GUID',$,IFCLABEL('89657fc4-62ed-4676-8bdd-a2cc813f3dd3'),$);
#2708= IFCPROPERTYSINGLEVALUE('DIM_C',$,IFCLENGTHMEASURE(263.),$);
#2709= IFCPROPERTYSINGLEVALUE('DIM_B',$,IFCLENGTHMEASURE(2924.),$);
#2710= IFCPROPERTYSINGLEVALUE('DIM_A',$,IFCLENGTHMEASURE(853.),$);
#2711= IFCPROPERTYSINGLEVALUE('CONCRETE_COVER_ON_PLANE_MIN',$,IFCLENGTHMEASURE(-65.),$);
#2712= IFCPROPERTYSET('2FX8RYDSDC4uy0_1cTniEY',#5,'Rebar_properties',$,(#74,#75,#76,#71,#1685,#2704,#2705,#2706,#2464,#230,#231,#2465,#233,#234,#298,#236,#299,#2707,#239,#1692,#302,#303,#2708,#2709,#2710,#307,#2711,#248,#249,#1127,#251));
#2713= IFCTRIMMEDCURVE(#1223,(IFCPARAMETERVALUE(0.)),(IFCPARAMETERVALUE(25.0000000013435)),.T.,.PARAMETER.);
#2714= IFCCOMPOSITECURVESEGMENT(.CONTINUOUS.,.T.,#2713);
#2715= IFCTRIMMEDCURVE(#1145,(IFCPARAMETERVALUE(0.)),(IFCPARAMETERVALUE(1.57079632678451)),.T.,.PARAMETER.);
#2716= IFCCOMPOSITECURVESEGMENT(.CONTINUOUS.,.T.,#2715);
#2717= IFCTRIMMEDCURVE(#2264,(IFCPARAMETERVALUE(0.)),(IFCPARAMETERVALUE(3918.74999998169)),.T.,.PARAMETER.);
#2718= IFCCOMPOSITECURVESEGMENT(.CONTINUOUS.,.T.,#2717);
#2719= IFCTRIMMEDCURVE(#1154,(IFCPARAMETERVALUE(0.)),(IFCPARAMETERVALUE(1.57079632680611)),.T.,.PARAMETER.);
#2720= IFCCOMPOSITECURVESEGMENT(.CONTINUOUS.,.T.,#2719);
#2721= IFCTRIMMEDCURVE(#1172,(IFCPARAMETERVALUE(0.)),(IFCPARAMETERVALUE(25.0000000002487)),.T.,.PARAMETER.);
#2722= IFCCOMPOSITECURVESEGMENT(.DISCONTINUOUS.,.T.,#2721);
#2723= IFCCOMPOSITECURVE((#2714,#2716,#2718,#2720,#2722),.F.);
#2724= IFCSWEPTDISKSOLID(#2723,5.3125,$,0.,3971.89159263687);
#2725= IFCSTYLEDITEM(#2724,(#1140),$);
#2726= IFCCARTESIANPOINT((45.3124999835272,449.999997846154,115.625000004948));
#2727= IFCCARTESIANTRANSFORMATIONOPERATOR3D($,$,#2726,$,$);
#2728= IFCSHAPEREPRESENTATION(#12,'Body','AdvancedSweptSolid',(#2724));
#2729= IFCREPRESENTATIONMAP(#10,#2728);
#2730= IFCMAPPEDITEM(#2729,#2727);
#2731= IFCTRIMMEDCURVE(#258,(IFCPARAMETERVALUE(0.)),(IFCPARAMETERVALUE(25.0000000012284)),.T.,.PARAMETER.);
#2732= IFCCOMPOSITECURVESEGMENT(.CONTINUOUS.,.T.,#2731);
#2733= IFCTRIMMEDCURVE(#1149,(IFCPARAMETERVALUE(0.)),(IFCPARAMETERVALUE(3918.74999998172)),.T.,.PARAMETER.);
#2734= IFCCOMPOSITECURVESEGMENT(.CONTINUOUS.,.T.,#2733);
#2735= IFCTRIMMEDCURVE(#1172,(IFCPARAMETERVALUE(0.)),(IFCPARAMETERVALUE(25.0000000004015)),.T.,.PARAMETER.);
#2736= IFCCOMPOSITECURVESEGMENT(.DISCONTINUOUS.,.T.,#2735);
#2737= IFCCOMPOSITECURVE((#2732,#2716,#2734,#2720,#2736),.F.);
#2738= IFCSWEPTDISKSOLID(#2737,5.3125,$,0.,3971.89159263694);
#2739= IFCSTYLEDITEM(#2738,(#1140),$);
#2740= IFCCARTESIANPOINT((45.3124726733076,599.999997846155,115.625000005937));
#2741= IFCCARTESIANTRANSFORMATIONOPERATOR3D($,$,#2740,$,$);
#2742= IFCSHAPEREPRESENTATION(#12,'Body','AdvancedSweptSolid',(#2738));
#2743= IFCREPRESENTATIONMAP(#10,#2742);
#2744= IFCMAPPEDITEM(#2743,#2741);
#2745= IFCTRIMMEDCURVE(#258,(IFCPARAMETERVALUE(0.)),(IFCPARAMETERVALUE(25.0000000012103)),.T.,.PARAMETER.);
#2746= IFCCOMPOSITECURVESEGMENT(.CONTINUOUS.,.T.,#2745);
#2747= IFCTRIMMEDCURVE(#1149,(IFCPARAMETERVALUE(0.)),(IFCPARAMETERVALUE(3918.74999998167)),.T.,.PARAMETER.);
#2748= IFCCOMPOSITECURVESEGMENT(.CONTINUOUS.,.T.,#2747);
#2749= IFCTRIMMEDCURVE(#1172,(IFCPARAMETERVALUE(0.)),(IFCPARAMETERVALUE(25.0000000003614)),.T.,.PARAMETER.);
#2750= IFCCOMPOSITECURVESEGMENT(.DISCONTINUOUS.,.T.,#2749);
#2751= IFCCOMPOSITECURVE((#2746,#2716,#2748,#2720,#2750),.F.);
#2752= IFCSWEPTDISKSOLID(#2751,5.3125,$,0.,3971.89159263683);
#2753= IFCSTYLEDITEM(#2752,(#1140),$);
#2754= IFCCARTESIANPOINT((45.3124453632627,749.999997846156,115.625000006985));
#2755= IFCCARTESIANTRANSFORMATIONOPERATOR3D($,$,#2754,$,$);
#2756= IFCSHAPEREPRESENTATION(#12,'Body','AdvancedSweptSolid',(#2752));
#2757= IFCREPRESENTATIONMAP(#10,#2756);
#2758= IFCMAPPEDITEM(#2757,#2755);
#2759= IFCTRIMMEDCURVE(#258,(IFCPARAMETERVALUE(0.)),(IFCPARAMETERVALUE(25.0000000012485)),.T.,.PARAMETER.);
#2760= IFCCOMPOSITECURVESEGMENT(.CONTINUOUS.,.T.,#2759);
#2761= IFCTRIMMEDCURVE(#1149,(IFCPARAMETERVALUE(0.)),(IFCPARAMETERVALUE(3918.74999998169)),.T.,.PARAMETER.);
#2762= IFCCOMPOSITECURVESEGMENT(.CONTINUOUS.,.T.,#2761);
#2763= IFCTRIMMEDCURVE(#1172,(IFCPARAMETERVALUE(0.)),(IFCPARAMETERVALUE(25.0000000004021)),.T.,.PARAMETER.);
#2764= IFCCOMPOSITECURVESEGMENT(.DISCONTINUOUS.,.T.,#2763);
#2765= IFCCOMPOSITECURVE((#2760,#2716,#2762,#2720,#2764),.F.);
#2766= IFCSWEPTDISKSOLID(#2765,5.3125,$,0.,3971.89159263693);
#2767= IFCSTYLEDITEM(#2766,(#1140),$);
#2768= IFCCARTESIANPOINT((45.3124180530431,899.999997846156,115.625000008033));
#2769= IFCCARTESIANTRANSFORMATIONOPERATOR3D($,$,#2768,$,$);
#2770= IFCSHAPEREPRESENTATION(#12,'Body','AdvancedSweptSolid',(#2766));
#2771= IFCREPRESENTATIONMAP(#10,#2770);
#2772= IFCMAPPEDITEM(#2771,#2769);
#2773= IFCTRIMMEDCURVE(#258,(IFCPARAMETERVALUE(0.)),(IFCPARAMETERVALUE(25.0000000014017)),.T.,.PARAMETER.);
#2774= IFCCOMPOSITECURVESEGMENT(.CONTINUOUS.,.T.,#2773);
#2775= IFCTRIMMEDCURVE(#1172,(IFCPARAMETERVALUE(0.)),(IFCPARAMETERVALUE(25.0000000003446)),.T.,.PARAMETER.);
#2776= IFCCOMPOSITECURVESEGMENT(.DISCONTINUOUS.,.T.,#2775);
#2777= IFCCOMPOSITECURVE((#2774,#2716,#2734,#2720,#2776),.F.);
#2778= IFCSWEPTDISKSOLID(#2777,5.3125,$,0.,3971.89159263706);
#2779= IFCSTYLEDITEM(#2778,(#1140),$);
#2780= IFCCARTESIANPOINT((45.3123907428235,1049.99999784616,115.625000009139));
#2781= IFCCARTESIANTRANSFORMATIONOPERATOR3D($,$,#2780,$,$);
#2782= IFCSHAPEREPRESENTATION(#12,'Body','AdvancedSweptSolid',(#2778));
#2783= IFCREPRESENTATIONMAP(#10,#2782);
#2784= IFCMAPPEDITEM(#2783,#2781);
#2785= IFCTRIMMEDCURVE(#1149,(IFCPARAMETERVALUE(0.)),(IFCPARAMETERVALUE(3918.7499999817)),.T.,.PARAMETER.);
#2786= IFCCOMPOSITECURVESEGMENT(.CONTINUOUS.,.T.,#2785);
#2787= IFCTRIMMEDCURVE(#1172,(IFCPARAMETERVALUE(0.)),(IFCPARAMETERVALUE(25.0000000003807)),.T.,.PARAMETER.);
#2788= IFCCOMPOSITECURVESEGMENT(.DISCONTINUOUS.,.T.,#2787);
#2789= IFCCOMPOSITECURVE((#2732,#2716,#2786,#2720,#2788),.F.);
#2790= IFCSWEPTDISKSOLID(#2789,5.3125,$,0.,3971.8915926369);
#2791= IFCSTYLEDITEM(#2790,(#1140),$);
#2792= IFCCARTESIANPOINT((45.3123634326621,1199.99999784616,115.625000010128));
#2793= IFCCARTESIANTRANSFORMATIONOPERATOR3D($,$,#2792,$,$);
#2794= IFCSHAPEREPRESENTATION(#12,'Body','AdvancedSweptSolid',(#2790));
#2795= IFCREPRESENTATIONMAP(#10,#2794);
#2796= IFCMAPPEDITEM(#2795,#2793);
#2797= IFCTRIMMEDCURVE(#258,(IFCPARAMETERVALUE(0.)),(IFCPARAMETERVALUE(25.0000000012478)),.T.,.PARAMETER.);
#2798= IFCCOMPOSITECURVESEGMENT(.CONTINUOUS.,.T.,#2797);
#2799= IFCTRIMMEDCURVE(#1172,(IFCPARAMETERVALUE(0.)),(IFCPARAMETERVALUE(25.0000000002864)),.T.,.PARAMETER.);
#2800= IFCCOMPOSITECURVESEGMENT(.DISCONTINUOUS.,.T.,#2799);
#2801= IFCCOMPOSITECURVE((#2798,#2716,#2718,#2720,#2800),.F.);
#2802= IFCSWEPTDISKSOLID(#2801,5.3125,$,0.,3971.89159263681);
#2803= IFCSTYLEDITEM(#2802,(#1140),$);
#2804= IFCCARTESIANPOINT((45.3123361225007,1349.99999784616,115.625000011176));
#2805= IFCCARTESIANTRANSFORMATIONOPERATOR3D($,$,#2804,$,$);
#2806= IFCSHAPEREPRESENTATION(#12,'Body','AdvancedSweptSolid',(#2802));
#2807= IFCREPRESENTATIONMAP(#10,#2806);
#2808= IFCMAPPEDITEM(#2807,#2805);
#2809= IFCTRIMMEDCURVE(#258,(IFCPARAMETERVALUE(0.)),(IFCPARAMETERVALUE(25.0000000012278)),.T.,.PARAMETER.);
#2810= IFCCOMPOSITECURVESEGMENT(.CONTINUOUS.,.T.,#2809);
#2811= IFCTRIMMEDCURVE(#1172,(IFCPARAMETERVALUE(0.)),(IFCPARAMETERVALUE(25.0000000003439)),.T.,.PARAMETER.);
#2812= IFCCOMPOSITECURVESEGMENT(.DISCONTINUOUS.,.T.,#2811);
#2813= IFCCOMPOSITECURVE((#2810,#2716,#2734,#2720,#2812),.F.);
#2814= IFCSWEPTDISKSOLID(#2813,5.3125,$,0.,3971.89159263688);
#2815= IFCSTYLEDITEM(#2814,(#1140),$);
#2816= IFCCARTESIANPOINT((45.3123088122811,1499.99999784616,115.625000012165));
#2817= IFCCARTESIANTRANSFORMATIONOPERATOR3D($,$,#2816,$,$);
#2818= IFCSHAPEREPRESENTATION(#12,'Body','AdvancedSweptSolid',(#2814));
#2819= IFCREPRESENTATIONMAP(#10,#2818);
#2820= IFCMAPPEDITEM(#2819,#2817);
#2821= IFCTRIMMEDCURVE(#1172,(IFCPARAMETERVALUE(0.)),(IFCPARAMETERVALUE(25.000000000382)),.T.,.PARAMETER.);
#2822= IFCCOMPOSITECURVESEGMENT(.DISCONTINUOUS.,.T.,#2821);
#2823= IFCCOMPOSITECURVE((#2714,#2716,#2786,#2720,#2822),.F.);
#2824= IFCSWEPTDISKSOLID(#2823,5.3125,$,0.,3971.89159263702);
#2825= IFCSTYLEDITEM(#2824,(#1140),$);
#2826= IFCCARTESIANPOINT((45.3122815021197,1649.99999784616,115.625000013271));
#2827= IFCCARTESIANTRANSFORMATIONOPERATOR3D($,$,#2826,$,$);
#2828= IFCSHAPEREPRESENTATION(#12,'Body','AdvancedSweptSolid',(#2824));
#2829= IFCREPRESENTATIONMAP(#10,#2828);
#2830= IFCMAPPEDITEM(#2829,#2827);
#2831= IFCTRIMMEDCURVE(#258,(IFCPARAMETERVALUE(0.)),(IFCPARAMETERVALUE(25.0000000012491)),.T.,.PARAMETER.);
#2832= IFCCOMPOSITECURVESEGMENT(.CONTINUOUS.,.T.,#2831);
#2833= IFCCOMPOSITECURVE((#2832,#2716,#2718,#2720,#2736),.F.);
#2834= IFCSWEPTDISKSOLID(#2833,5.3125,$,0.,3971.89159263693);
#2835= IFCSTYLEDITEM(#2834,(#1140),$);
#2836= IFCCARTESIANPOINT((45.3122541919583,1799.99999784616,115.625000014319));
#2837= IFCCARTESIANTRANSFORMATIONOPERATOR3D($,$,#2836,$,$);
#2838= IFCSHAPEREPRESENTATION(#12,'Body','AdvancedSweptSolid',(#2834));
#2839= IFCREPRESENTATIONMAP(#10,#2838);
#2840= IFCMAPPEDITEM(#2839,#2837);
#2841= IFCTRIMMEDCURVE(#258,(IFCPARAMETERVALUE(0.)),(IFCPARAMETERVALUE(25.0000000013429)),.T.,.PARAMETER.);
#2842= IFCCOMPOSITECURVESEGMENT(.CONTINUOUS.,.T.,#2841);
#2843= IFCTRIMMEDCURVE(#1172,(IFCPARAMETERVALUE(0.)),(IFCPARAMETERVALUE(25.000000000287)),.T.,.PARAMETER.);
#2844= IFCCOMPOSITECURVESEGMENT(.DISCONTINUOUS.,.T.,#2843);
#2845= IFCCOMPOSITECURVE((#2842,#2716,#2734,#2720,#2844),.F.);
#2846= IFCSWEPTDISKSOLID(#2845,5.3125,$,0.,3971.89159263694);
#2847= IFCSTYLEDITEM(#2846,(#1140),$);
#2848= IFCCARTESIANPOINT((45.3122268817388,1949.99999784616,115.625000015367));
#2849= IFCCARTESIANTRANSFORMATIONOPERATOR3D($,$,#2848,$,$);
#2850= IFCSHAPEREPRESENTATION(#12,'Body','AdvancedSweptSolid',(#2846));
#2851= IFCREPRESENTATIONMAP(#10,#2850);
#2852= IFCMAPPEDITEM(#2851,#2849);
#2853= IFCTRIMMEDCURVE(#2264,(IFCPARAMETERVALUE(0.)),(IFCPARAMETERVALUE(3918.74999998166)),.T.,.PARAMETER.);
#2854= IFCCOMPOSITECURVESEGMENT(.CONTINUOUS.,.T.,#2853);
#2855= IFCTRIMMEDCURVE(#1172,(IFCPARAMETERVALUE(0.)),(IFCPARAMETERVALUE(25.0000000002857)),.T.,.PARAMETER.);
#2856= IFCCOMPOSITECURVESEGMENT(.DISCONTINUOUS.,.T.,#2855);
#2857= IFCCOMPOSITECURVE((#2810,#2716,#2854,#2720,#2856),.F.);
#2858= IFCSWEPTDISKSOLID(#2857,5.3125,$,0.,3971.89159263677);
#2859= IFCSTYLEDITEM(#2858,(#1140),$);
#2860= IFCCARTESIANPOINT((45.3121995715774,2099.99999784616,115.625000016356));
#2861= IFCCARTESIANTRANSFORMATIONOPERATOR3D($,$,#2860,$,$);
#2862= IFCSHAPEREPRESENTATION(#12,'Body','AdvancedSweptSolid',(#2858));
#2863= IFCREPRESENTATIONMAP(#10,#2862);
#2864= IFCMAPPEDITEM(#2863,#2861);
#2865= IFCTRIMMEDCURVE(#1172,(IFCPARAMETERVALUE(0.)),(IFCPARAMETERVALUE(25.0000000003813)),.T.,.PARAMETER.);
#2866= IFCCOMPOSITECURVESEGMENT(.DISCONTINUOUS.,.T.,#2865);
#2867= IFCCOMPOSITECURVE((#2760,#2716,#2854,#2720,#2866),.F.);
#2868= IFCSWEPTDISKSOLID(#2867,5.3125,$,0.,3971.89159263688);
#2869= IFCSTYLEDITEM(#2868,(#1140),$);
#2870= IFCCARTESIANPOINT((45.312172261416,2249.99999784616,115.625000017404));
#2871= IFCCARTESIANTRANSFORMATIONOPERATOR3D($,$,#2870,$,$);
#2872= IFCSHAPEREPRESENTATION(#12,'Body','AdvancedSweptSolid',(#2868));
#2873= IFCREPRESENTATIONMAP(#10,#2872);
#2874= IFCMAPPEDITEM(#2873,#2871);
#2875= IFCTRIMMEDCURVE(#1159,(IFCPARAMETERVALUE(0.)),(IFCPARAMETERVALUE(25.0000000003433)),.T.,.PARAMETER.);
#2876= IFCCOMPOSITECURVESEGMENT(.DISCONTINUOUS.,.T.,#2875);
#2877= IFCCOMPOSITECURVE((#2732,#2716,#2734,#2720,#2876),.F.);
#2878= IFCSWEPTDISKSOLID(#2877,5.3125,$,0.,3971.89159263688);
#2879= IFCSTYLEDITEM(#2878,(#1140),$);
#2880= IFCCARTESIANPOINT((45.3121449511964,2399.99999784616,115.625000018452));
#2881= IFCCARTESIANTRANSFORMATIONOPERATOR3D($,$,#2880,$,$);
#2882= IFCSHAPEREPRESENTATION(#12,'Body','AdvancedSweptSolid',(#2878));
#2883= IFCREPRESENTATIONMAP(#10,#2882);
#2884= IFCMAPPEDITEM(#2883,#2881);
#2885= IFCSHAPEREPRESENTATION(#12,'Body','MappedRepresentation',(#2730,#2744,#2758,#2772,#2784,#2796,#2808,#2820,#2830,#2840,#2852,#2864,#2874,#2884));
#2886= IFCPRODUCTDEFINITIONSHAPE($,$,(#2885));
#2887= IFCCARTESIANPOINT((412050.000000225,391460.750932901,1866.00104321557));
#2888= IFCDIRECTION((3.48243629559884E-07,-0.999952762026715,-0.00971975900026021));
#2889= IFCAXIS2PLACEMENT3D(#2887,#2888,#90);
#2890= IFCLOCALPLACEMENT(#1067,#2889);
#2891= IFCREINFORCINGBAR('16rlqBSXP7$fT$ZQtH3_gv',#49,'LONG MURO',$,$,#2890,#2886,'ID46d6fd0b-7216-47fe-977f-8dadd10feab9',$,10.625,0.,$,.NOTDEFINED.,.NULL.);
#2892= IFCPROPERTYSINGLEVALUE('GUID',$,IFCLABEL('46d6fd0b-7216-47fe-977f-8dadd10feab9'),$);
#2893= IFCPROPERTYSET('3HTrlpGA97zfQdAgJftePj',#5,'Rebar_properties',$,(#74,#75,#76,#71,#1685,#1286,#294,#1287,#1288,#230,#231,#1289,#233,#234,#1290,#236,#1291,#2892,#239,#1293,#302,#303,#1294,#1295,#1296,#307,#1297,#248,#249,#1127,#251));
#2894= IFCLINE(#6,#158);
#2895= IFCTRIMMEDCURVE(#2894,(IFCPARAMETERVALUE(0.)),(IFCPARAMETERVALUE(4020.00000000006)),.T.,.PARAMETER.);
#2896= IFCSWEPTDISKSOLID(#2895,5.3125,$,0.,4020.00000000006);
#2897= IFCSTYLEDITEM(#2896,(#1140),$);
#2898= IFCCARTESIANPOINT((39.9999999999418,150.814089212324,46.7092106608907));
#2899= IFCCARTESIANTRANSFORMATIONOPERATOR3D($,$,#2898,$,$);
#2900= IFCSHAPEREPRESENTATION(#12,'Body','AdvancedSweptSolid',(#2896));
#2901= IFCREPRESENTATIONMAP(#10,#2900);
#2902= IFCMAPPEDITEM(#2901,#2899);
#2903= IFCCARTESIANPOINT((39.9999999999418,300.814066101563,46.6259446850163));
#2904= IFCCARTESIANTRANSFORMATIONOPERATOR3D($,$,#2903,$,$);
#2905= IFCSHAPEREPRESENTATION(#12,'Body','AdvancedSweptSolid',(#2896));
#2906= IFCREPRESENTATIONMAP(#10,#2905);
#2907= IFCMAPPEDITEM(#2906,#2904);
#2908= IFCCARTESIANPOINT((39.9999999999418,450.814042990803,46.5426787090837));
#2909= IFCCARTESIANTRANSFORMATIONOPERATOR3D($,$,#2908,$,$);
#2910= IFCSHAPEREPRESENTATION(#12,'Body','AdvancedSweptSolid',(#2896));
#2911= IFCREPRESENTATIONMAP(#10,#2910);
#2912= IFCMAPPEDITEM(#2911,#2909);
#2913= IFCSHAPEREPRESENTATION(#12,'Body','MappedRepresentation',(#2902,#2907,#2912));
#2914= IFCPRODUCTDEFINITIONSHAPE($,$,(#2913));
#2915= IFCCARTESIANPOINT((412050.000000225,391459.292480771,2166.8145141603));
#2916= IFCDIRECTION((0.,-0.999957088398015,-0.00926398200368726));
#2917= IFCAXIS2PLACEMENT3D(#2915,#2916,#90);
#2918= IFCLOCALPLACEMENT(#1067,#2917);
#2919= IFCREINFORCINGBAR('3O_yMxKW17ghWo6pBSViBb',#49,'LONG MURO',$,$,#2918,#2914,'IDd8fbc5bb-5200-47aa-b832-1b32dc7ec2e5',$,10.625,0.,$,.NOTDEFINED.,.NULL.);
#2920= IFCPROPERTYSINGLEVALUE('WEIGHT_TOTAL_IN_GROUP',$,IFCMASSMEASURE(7.44102),$);
#2921= IFCPROPERTYSINGLEVALUE('SHAPE',$,IFCLABEL('F101'),$);
#2922= IFCPROPERTYSINGLEVALUE('REBAR_POS',$,IFCLABEL('110'),$);
#2923= IFCPROPERTYSINGLEVALUE('GUID',$,IFCLABEL('d8fbc5bb-5200-47aa-b832-1b32dc7ec2e5'),$);
#2924= IFCPROPERTYSINGLEVALUE('DIM_L',$,IFCLENGTHMEASURE(4020.),$);
#2925= IFCPROPERTYSINGLEVALUE('DIM_A',$,IFCLENGTHMEASURE(4020.),$);
#2926= IFCPROPERTYSET('0RUXY7Qq99_uCwwZKPMqvY',#5,'Rebar_properties',$,(#74,#75,#76,#71,#1685,#2920,#2921,#2922,#229,#230,#231,#1289,#233,#234,#298,#236,#299,#2923,#239,#2924,#302,#303,#734,#1693,#2925,#307,#1297,#248,#249,#1127,#251));
#2927= IFCTRIMMEDCURVE(#2894,(IFCPARAMETERVALUE(0.)),(IFCPARAMETERVALUE(4019.99999999994)),.T.,.PARAMETER.);
#2928= IFCSWEPTDISKSOLID(#2927,5.3125,$,0.,4019.99999999994);
#2929= IFCSTYLEDITEM(#2928,(#1140),$);
#2930= IFCCARTESIANPOINT((40.0000000000582,355.312499994761,45.3124999963329));
#2931= IFCCARTESIANTRANSFORMATIONOPERATOR3D($,$,#2930,$,$);
#2932= IFCSHAPEREPRESENTATION(#12,'Body','AdvancedSweptSolid',(#2928));
#2933= IFCREPRESENTATIONMAP(#10,#2932);
#2934= IFCMAPPEDITEM(#2933,#2931);
#2935= IFCCARTESIANPOINT((40.0000000000582,505.312499992142,45.3124999943539));
#2936= IFCCARTESIANTRANSFORMATIONOPERATOR3D($,$,#2935,$,$);
#2937= IFCSHAPEREPRESENTATION(#12,'Body','AdvancedSweptSolid',(#2928));
#2938= IFCREPRESENTATIONMAP(#10,#2937);
#2939= IFCMAPPEDITEM(#2938,#2936);
#2940= IFCCARTESIANPOINT((40.0000000001164,655.312499989639,45.3124999924912));
#2941= IFCCARTESIANTRANSFORMATIONOPERATOR3D($,$,#2940,$,$);
#2942= IFCSHAPEREPRESENTATION(#12,'Body','AdvancedSweptSolid',(#2928));
#2943= IFCREPRESENTATIONMAP(#10,#2942);
#2944= IFCMAPPEDITEM(#2943,#2941);
#2945= IFCCARTESIANPOINT((40.0000000001164,805.312499987136,45.3124999906286));
#2946= IFCCARTESIANTRANSFORMATIONOPERATOR3D($,$,#2945,$,$);
#2947= IFCSHAPEREPRESENTATION(#12,'Body','AdvancedSweptSolid',(#2928));
#2948= IFCREPRESENTATIONMAP(#10,#2947);
#2949= IFCMAPPEDITEM(#2948,#2946);
#2950= IFCSHAPEREPRESENTATION(#12,'Body','MappedRepresentation',(#2934,#2939,#2944,#2949));
#2951= IFCPRODUCTDEFINITIONSHAPE($,$,(#2950));
#2952= IFCCARTESIANPOINT((412050.000000225,392055.751404111,2648.22149658211));
#2953= IFCDIRECTION((0.,-0.727383682711463,0.686230994727803));
#2954= IFCAXIS2PLACEMENT3D(#2952,#2953,#90);
#2955= IFCLOCALPLACEMENT(#1067,#2954);
#2956= IFCREINFORCINGBAR('1HPTOkIJfFxBROgj0gJadf',#49,'LONG MURO',$,$,#2955,#2951,'ID5165d62e-493a-4fec-b6d8-aad02a4e49e9',$,10.625,0.,$,.NOTDEFINED.,.NULL.);
#2957= IFCPROPERTYSINGLEVALUE('WEIGHT_TOTAL_IN_GROUP',$,IFCMASSMEASURE(9.92136),$);
#2958= IFCPROPERTYSINGLEVALUE('GUID',$,IFCLABEL('5165d62e-493a-4fec-b6d8-aad02a4e49e9'),$);
#2959= IFCPROPERTYSET('2DHSYT2Kf6G9TiFiJZCfvl',#5,'Rebar_properties',$,(#74,#75,#76,#71,#1685,#2957,#2921,#2922,#397,#230,#231,#1289,#233,#234,#298,#236,#299,#2958,#239,#2924,#302,#303,#734,#1693,#2925,#307,#1297,#248,#249,#1127,#251));
#2960= IFCLINE(#6,#698);
#2961= IFCTRIMMEDCURVE(#2960,(IFCPARAMETERVALUE(0.)),(IFCPARAMETERVALUE(4020.00000000012)),.T.,.PARAMETER.);
#2962= IFCSWEPTDISKSOLID(#2961,5.3125,$,0.,4020.00000000012);
#2963= IFCSTYLEDITEM(#2962,(#1140),$);
#2964= IFCCARTESIANPOINT((693.999999996857,201.126575411784,46.6826516431174));
#2965= IFCCARTESIANTRANSFORMATIONOPERATOR3D($,$,#2964,$,$);
#2966= IFCSHAPEREPRESENTATION(#12,'Body','AdvancedSweptSolid',(#2962));
#2967= IFCREPRESENTATIONMAP(#10,#2966);
#2968= IFCMAPPEDITEM(#2967,#2965);
#2969= IFCCARTESIANPOINT((693.999999987369,351.126553407622,46.6014034757973));
#2970= IFCCARTESIANTRANSFORMATIONOPERATOR3D($,$,#2969,$,$);
#2971= IFCSHAPEREPRESENTATION(#12,'Body','AdvancedSweptSolid',(#2962));
#2972= IFCREPRESENTATIONMAP(#10,#2971);
#2973= IFCMAPPEDITEM(#2972,#2970);
#2974= IFCCARTESIANPOINT((693.999999977939,501.12653140346,46.5201553084771));
#2975= IFCCARTESIANTRANSFORMATIONOPERATOR3D($,$,#2974,$,$);
#2976= IFCSHAPEREPRESENTATION(#12,'Body','AdvancedSweptSolid',(#2962));
#2977= IFCREPRESENTATIONMAP(#10,#2976);
#2978= IFCMAPPEDITEM(#2977,#2975);
#2979= IFCSHAPEREPRESENTATION(#12,'Body','MappedRepresentation',(#2968,#2973,#2978));
#2980= IFCPRODUCTDEFINITIONSHAPE($,$,(#2979));
#2981= IFCCARTESIANPOINT((407296.000000225,391309.298935239,2230.57867431647));
#2982= IFCAXIS2PLACEMENT3D(#2981,#1281,#7);
#2983= IFCLOCALPLACEMENT(#1067,#2982);
#2984= IFCREINFORCINGBAR('3jwIZRp4f6QQJ0Mftogdl$',#49,'LONG MURO',$,$,#2983,#2980,'IDede928db-cc4a-4669-a4c0-5a9df2aa7bff',$,10.625,0.,$,.NOTDEFINED.,.NULL.);
#2985= IFCPROPERTYSINGLEVALUE('GUID',$,IFCLABEL('ede928db-cc4a-4669-a4c0-5a9df2aa7bff'),$);
#2986= IFCPROPERTYSET('1InPs5XvTDwfHR2DYxhe71',#5,'Rebar_properties',$,(#74,#75,#76,#71,#1685,#2920,#2921,#2922,#229,#230,#231,#1289,#233,#234,#298,#236,#299,#2985,#239,#2924,#302,#303,#734,#1693,#2925,#307,#1297,#248,#249,#1127,#251));
#2987= IFCCARTESIANPOINT((40.,205.312499999942,45.3124999967404));
#2988= IFCCARTESIANTRANSFORMATIONOPERATOR3D($,$,#2987,$,$);
#2989= IFCSHAPEREPRESENTATION(#12,'Body','AdvancedSweptSolid',(#2896));
#2990= IFCREPRESENTATIONMAP(#10,#2989);
#2991= IFCMAPPEDITEM(#2990,#2988);
#2992= IFCSHAPEREPRESENTATION(#12,'Body','AdvancedSweptSolid',(#2896));
#2993= IFCREPRESENTATIONMAP(#10,#2992);
#2994= IFCMAPPEDITEM(#2993,#2931);
#2995= IFCSHAPEREPRESENTATION(#12,'Body','AdvancedSweptSolid',(#2896));
#2996= IFCREPRESENTATIONMAP(#10,#2995);
#2997= IFCMAPPEDITEM(#2996,#2936);
#2998= IFCSHAPEREPRESENTATION(#12,'Body','AdvancedSweptSolid',(#2896));
#2999= IFCREPRESENTATIONMAP(#10,#2998);
#3000= IFCMAPPEDITEM(#2999,#2941);
#3001= IFCSHAPEREPRESENTATION(#12,'Body','AdvancedSweptSolid',(#2896));
#3002= IFCREPRESENTATIONMAP(#10,#3001);
#3003= IFCMAPPEDITEM(#3002,#2946);
#3004= IFCSHAPEREPRESENTATION(#12,'Body','MappedRepresentation',(#2991,#2994,#2997,#3000,#3003));
#3005= IFCPRODUCTDEFINITIONSHAPE($,$,(#3004));
#3006= IFCCARTESIANPOINT((407950.000000225,391985.041199032,2718.93218994148));
#3007= IFCDIRECTION((0.,0.687176325138651,-0.726490673146558));
#3008= IFCAXIS2PLACEMENT3D(#3006,#3007,#7);
#3009= IFCLOCALPLACEMENT(#1067,#3008);
#3010= IFCREINFORCINGBAR('2nn1hr6Yj7oQ0gpRvGn728',#49,'LONG MURO',$,$,#3009,#3005,'IDb1c41af5-1a2b-47c9-a02a-cdbe50c47088',$,10.625,0.,$,.NOTDEFINED.,.NULL.);
#3011= IFCPROPERTYSINGLEVALUE('WEIGHT_TOTAL_IN_GROUP',$,IFCMASSMEASURE(12.4017),$);
#3012= IFCPROPERTYSINGLEVALUE('NUMBER_OF_BARS_IN_GROUP',$,IFCINTEGER(5),$);
#3013= IFCPROPERTYSINGLEVALUE('GUID',$,IFCLABEL('b1c41af5-1a2b-47c9-a02a-cdbe50c47088'),$);
#3014= IFCPROPERTYSET('3kI9T_zr1FfOcL$0PpOrw9',#5,'Rebar_properties',$,(#74,#75,#76,#71,#1685,#3011,#2921,#2922,#3012,#230,#231,#1289,#233,#234,#298,#236,#299,#3013,#239,#2924,#302,#303,#734,#1693,#2925,#307,#1297,#248,#249,#1127,#251));
#3015= IFCDIRECTION((0.723125572605268,-6.7686890047098E-12,-0.690716588945353));
#3016= IFCVECTOR(#3015,1.);
#3017= IFCLINE(#6,#3016);
#3018= IFCTRIMMEDCURVE(#3017,(IFCPARAMETERVALUE(0.)),(IFCPARAMETERVALUE(841.208636878147)),.T.,.PARAMETER.);
#3019= IFCCOMPOSITECURVESEGMENT(.CONTINUOUS.,.T.,#3018);
#3020= IFCCARTESIANPOINT((625.783240880686,-5.13490860942767E-09,-562.732644199273));
#3021= IFCDIRECTION((-0.690716588945353,-2.20828065847453E-11,-0.723125572605268));
#3022= IFCAXIS2PLACEMENT3D(#3020,#89,#3021);
#3023= IFCCIRCLE(#3022,25.31);
#3024= IFCTRIMMEDCURVE(#3023,(IFCPARAMETERVALUE(0.)),(IFCPARAMETERVALUE(0.76247954492634)),.T.,.PARAMETER.);
#3025= IFCCOMPOSITECURVESEGMENT(.CONTINUOUS.,.T.,#3024);
#3026= IFCCARTESIANPOINT((625.783240880116,-5.65745705838339E-09,-588.045144199273));
#3027= IFCLINE(#3026,#158);
#3028= IFCTRIMMEDCURVE(#3027,(IFCPARAMETERVALUE(0.)),(IFCPARAMETERVALUE(343.875407023274)),.T.,.PARAMETER.);
#3029= IFCCOMPOSITECURVESEGMENT(.DISCONTINUOUS.,.T.,#3028);
#3030= IFCCOMPOSITECURVE((#3019,#3025,#3029),.F.);
#3031= IFCSWEPTDISKSOLID(#3030,5.3125,$,0.,1185.84652344635);
#3032= IFCSTYLEDITEM(#3031,(#1140),$);
#3033= IFCCARTESIANPOINT((-637.808770532148,0.920251125236973,532.732644198055));
#3034= IFCCARTESIANTRANSFORMATIONOPERATOR3D($,$,#3033,$,$);
#3035= IFCSHAPEREPRESENTATION(#12,'Body','AdvancedSweptSolid',(#3031));
#3036= IFCREPRESENTATIONMAP(#10,#3035);
#3037= IFCMAPPEDITEM(#3036,#3034);
#3038= IFCTRIMMEDCURVE(#3017,(IFCPARAMETERVALUE(0.)),(IFCPARAMETERVALUE(841.208636878187)),.T.,.PARAMETER.);
#3039= IFCCOMPOSITECURVESEGMENT(.CONTINUOUS.,.T.,#3038);
#3040= IFCTRIMMEDCURVE(#3027,(IFCPARAMETERVALUE(0.)),(IFCPARAMETERVALUE(343.875407023274)),.T.,.PARAMETER.);
#3041= IFCCOMPOSITECURVESEGMENT(.DISCONTINUOUS.,.T.,#3040);
#3042= IFCCOMPOSITECURVE((#3039,#3025,#3041),.F.);
#3043= IFCSWEPTDISKSOLID(#3042,5.3125,$,0.,1185.84652344639);
#3044= IFCSTYLEDITEM(#3043,(#1140),$);
#3045= IFCCARTESIANPOINT((-638.630585044069,-149.071240404446,531.362574545026));
#3046= IFCCARTESIANTRANSFORMATIONOPERATOR3D($,$,#3045,$,$);
#3047= IFCSHAPEREPRESENTATION(#12,'Body','AdvancedSweptSolid',(#3043));
#3048= IFCREPRESENTATIONMAP(#10,#3047);
#3049= IFCMAPPEDITEM(#3048,#3046);
#3050= IFCTRIMMEDCURVE(#3017,(IFCPARAMETERVALUE(0.)),(IFCPARAMETERVALUE(841.208636878149)),.T.,.PARAMETER.);
#3051= IFCCOMPOSITECURVESEGMENT(.CONTINUOUS.,.T.,#3050);
#3052= IFCTRIMMEDCURVE(#3027,(IFCPARAMETERVALUE(0.)),(IFCPARAMETERVALUE(343.875407023277)),.T.,.PARAMETER.);
#3053= IFCCOMPOSITECURVESEGMENT(.DISCONTINUOUS.,.T.,#3052);
#3054= IFCCOMPOSITECURVE((#3051,#3025,#3053),.F.);
#3055= IFCSWEPTDISKSOLID(#3054,5.3125,$,0.,1185.84652344635);
#3056= IFCSTYLEDITEM(#3055,(#1140),$);
#3057= IFCCARTESIANPOINT((-641.917843091753,-749.03720652312,525.882295932737));
#3058= IFCCARTESIANTRANSFORMATIONOPERATOR3D($,$,#3057,$,$);
#3059= IFCSHAPEREPRESENTATION(#12,'Body','AdvancedSweptSolid',(#3055));
#3060= IFCREPRESENTATIONMAP(#10,#3059);
#3061= IFCMAPPEDITEM(#3060,#3058);
#3062= IFCVECTOR(#3015,1.);
#3063= IFCLINE(#6,#3062);
#3064= IFCTRIMMEDCURVE(#3063,(IFCPARAMETERVALUE(0.)),(IFCPARAMETERVALUE(841.208636878184)),.T.,.PARAMETER.);
#3065= IFCCOMPOSITECURVESEGMENT(.CONTINUOUS.,.T.,#3064);
#3066= IFCTRIMMEDCURVE(#3027,(IFCPARAMETERVALUE(0.)),(IFCPARAMETERVALUE(343.875407023272)),.T.,.PARAMETER.);
#3067= IFCCOMPOSITECURVESEGMENT(.DISCONTINUOUS.,.T.,#3066);
#3068= IFCCOMPOSITECURVE((#3065,#3025,#3067),.F.);
#3069= IFCSWEPTDISKSOLID(#3068,5.3125,$,0.,1185.84652344638);
#3070= IFCSTYLEDITEM(#3069,(#1140),$);
#3071= IFCCARTESIANPOINT((-642.739657603674,-899.028698052862,524.51222627965));
#3072= IFCCARTESIANTRANSFORMATIONOPERATOR3D($,$,#3071,$,$);
#3073= IFCSHAPEREPRESENTATION(#12,'Body','AdvancedSweptSolid',(#3069));
#3074= IFCREPRESENTATIONMAP(#10,#3073);
#3075= IFCMAPPEDITEM(#3074,#3072);
#3076= IFCSHAPEREPRESENTATION(#12,'Body','MappedRepresentation',(#3037,#3049,#3061,#3075));
#3077= IFCPRODUCTDEFINITIONSHAPE($,$,(#3076));
#3078= IFCCARTESIANPOINT((410264.352500372,391459.291534276,2015.99468915976));
#3079= IFCDIRECTION((-0.00913379699998792,0.999939092349928,0.00619559059057536));
#3080= IFCDIRECTION((-0.00547876400058158,0.00614571300061652,-0.999966106103972));
#3081= IFCAXIS2PLACEMENT3D(#3078,#3079,#3080);
#3082= IFCLOCALPLACEMENT(#1067,#3081);
#3083= IFCREINFORCINGBAR('1DLc_1rpb85eMLZJWML$6T',#49,'TRV MURO',$,$,#3082,#3077,'ID4d566f81-d739-4816-8595-8d381657f19d',$,10.625,0.,$,.NOTDEFINED.,.NULL.);
#3084= IFCPROPERTYSINGLEVALUE('HISTORY.CREATED',$,IFCLABEL('11.03.2026 15:32:13'),$);
#3085= IFCPROPERTYSINGLEVALUE('WEIGHT_TOTAL_IN_GROUP',$,IFCMASSMEASURE(2.97209),$);
#3086= IFCPROPERTYSINGLEVALUE('SHAPE',$,IFCLABEL('F103'),$);
#3087= IFCPROPERTYSINGLEVALUE('REBAR_POS',$,IFCLABEL('213'),$);
#3088= IFCPROPERTYSINGLEVALUE('GUID',$,IFCLABEL('4d566f81-d739-4816-8595-8d381657f19d'),$);
#3089= IFCPROPERTYSINGLEVALUE('DIM_L',$,IFCLENGTHMEASURE(1200.),$);
#3090= IFCPROPERTYSINGLEVALUE('DIM_B',$,IFCLENGTHMEASURE(356.),$);
#3091= IFCPROPERTYSINGLEVALUE('CONCRETE_COVER_ON_PLANE_MIN',$,IFCLENGTHMEASURE(-50.),$);
#3092= IFCPROPERTYSET('1Z80DKQFT6zOH4JW3WB8gx',#5,'Rebar_properties',$,(#74,#75,#76,#71,#3084,#3085,#3086,#3087,#397,#230,#231,#2465,#233,#234,#298,#236,#299,#3088,#239,#3089,#302,#303,#734,#3090,#2710,#307,#3091,#248,#249,#1127,#251));
#3093= IFCDIRECTION((0.692029391117228,2.93540797403845E-11,-0.72186932462179));
#3094= IFCVECTOR(#3093,1.);
#3095= IFCLINE(#6,#3094);
#3096= IFCTRIMMEDCURVE(#3095,(IFCPARAMETERVALUE(0.)),(IFCPARAMETERVALUE(855.749924377292)),.T.,.PARAMETER.);
#3097= IFCCOMPOSITECURVESEGMENT(.CONTINUOUS.,.T.,#3096);
#3098= IFCCARTESIANPOINT((610.476416394921,2.49364197744571E-08,-600.222625992729));
#3099= IFCDIRECTION((-0.721869324621789,7.24273554733585E-12,-0.692029391117228));
#3100= IFCAXIS2PLACEMENT3D(#3098,#89,#3099);
#3101= IFCCIRCLE(#3100,25.31);
#3102= IFCTRIMMEDCURVE(#3101,(IFCPARAMETERVALUE(0.)),(IFCPARAMETERVALUE(0.806499748728654)),.T.,.PARAMETER.);
#3103= IFCCOMPOSITECURVESEGMENT(.CONTINUOUS.,.T.,#3102);
#3104= IFCCARTESIANPOINT((610.476416395598,2.5599657787795E-08,-625.535125992729));
#3105= IFCLINE(#3104,#158);
#3106= IFCTRIMMEDCURVE(#3105,(IFCPARAMETERVALUE(0.)),(IFCPARAMETERVALUE(363.475194027105)),.T.,.PARAMETER.);
#3107= IFCCOMPOSITECURVESEGMENT(.DISCONTINUOUS.,.T.,#3106);
#3108= IFCCOMPOSITECURVE((#3097,#3103,#3107),.F.);
#3109= IFCSWEPTDISKSOLID(#3108,5.3125,$,0.,1220.03161815313);
#3110= IFCSTYLEDITEM(#3109,(#1140),$);
#3111= IFCCARTESIANPOINT((-576.079428610367,0.000308150600176305,680.847625994531));
#3112= IFCCARTESIANTRANSFORMATIONOPERATOR3D($,$,#3111,$,$);
#3113= IFCSHAPEREPRESENTATION(#12,'Body','AdvancedSweptSolid',(#3109));
#3114= IFCREPRESENTATIONMAP(#10,#3113);
#3115= IFCMAPPEDITEM(#3114,#3112);
#3116= IFCTRIMMEDCURVE(#3105,(IFCPARAMETERVALUE(0.)),(IFCPARAMETERVALUE(363.475194027105)),.T.,.PARAMETER.);
#3117= IFCCOMPOSITECURVESEGMENT(.DISCONTINUOUS.,.T.,#3116);
#3118= IFCCOMPOSITECURVE((#3097,#3103,#3117),.F.);
#3119= IFCSWEPTDISKSOLID(#3118,5.3125,$,0.,1220.03161815313);
#3120= IFCSTYLEDITEM(#3119,(#1140),$);
#3121= IFCCARTESIANPOINT((-576.079196475399,-149.9996918494,680.847848544479));
#3122= IFCCARTESIANTRANSFORMATIONOPERATOR3D($,$,#3121,$,$);
#3123= IFCSHAPEREPRESENTATION(#12,'Body','AdvancedSweptSolid',(#3119));
#3124= IFCREPRESENTATIONMAP(#10,#3123);
#3125= IFCMAPPEDITEM(#3124,#3122);
#3126= IFCVECTOR(#3093,1.);
#3127= IFCLINE(#6,#3126);
#3128= IFCTRIMMEDCURVE(#3127,(IFCPARAMETERVALUE(0.)),(IFCPARAMETERVALUE(855.749924377256)),.T.,.PARAMETER.);
#3129= IFCCOMPOSITECURVESEGMENT(.CONTINUOUS.,.T.,#3128);
#3130= IFCTRIMMEDCURVE(#3105,(IFCPARAMETERVALUE(0.)),(IFCPARAMETERVALUE(363.475194027112)),.T.,.PARAMETER.);
#3131= IFCCOMPOSITECURVESEGMENT(.DISCONTINUOUS.,.T.,#3130);
#3132= IFCCOMPOSITECURVE((#3129,#3103,#3131),.F.);
#3133= IFCSWEPTDISKSOLID(#3132,5.3125,$,0.,1220.0316181531);
#3134= IFCSTYLEDITEM(#3133,(#1140),$);
#3135= IFCCARTESIANPOINT((-576.078267935524,-749.9996918494,680.848738744273));
#3136= IFCCARTESIANTRANSFORMATIONOPERATOR3D($,$,#3135,$,$);
#3137= IFCSHAPEREPRESENTATION(#12,'Body','AdvancedSweptSolid',(#3133));
#3138= IFCREPRESENTATIONMAP(#10,#3137);
#3139= IFCMAPPEDITEM(#3138,#3136);
#3140= IFCTRIMMEDCURVE(#3127,(IFCPARAMETERVALUE(0.)),(IFCPARAMETERVALUE(855.749924377253)),.T.,.PARAMETER.);
#3141= IFCCOMPOSITECURVESEGMENT(.CONTINUOUS.,.T.,#3140);
#3142= IFCTRIMMEDCURVE(#3105,(IFCPARAMETERVALUE(0.)),(IFCPARAMETERVALUE(363.475194027108)),.T.,.PARAMETER.);
#3143= IFCCOMPOSITECURVESEGMENT(.DISCONTINUOUS.,.T.,#3142);
#3144= IFCCOMPOSITECURVE((#3141,#3103,#3143),.F.);
#3145= IFCSWEPTDISKSOLID(#3144,5.3125,$,0.,1220.03161815309);
#3146= IFCSTYLEDITEM(#3145,(#1140),$);
#3147= IFCCARTESIANPOINT((-576.078035800555,-899.9996918494,680.848961294221));
#3148= IFCCARTESIANTRANSFORMATIONOPERATOR3D($,$,#3147,$,$);
#3149= IFCSHAPEREPRESENTATION(#12,'Body','AdvancedSweptSolid',(#3145));
#3150= IFCREPRESENTATIONMAP(#10,#3149);
#3151= IFCMAPPEDITEM(#3150,#3148);
#3152= IFCSHAPEREPRESENTATION(#12,'Body','MappedRepresentation',(#3115,#3125,#3139,#3151));
#3153= IFCPRODUCTDEFINITIONSHAPE($,$,(#3152));
#3154= IFCCARTESIANPOINT((410257.000000235,391309.297272141,2079.75738518865));
#3155= IFCDIRECTION((1.48400000762192E-06,0.999977546552008,-0.00670122299468894));
#3156= IFCDIRECTION((1.54700002167374E-06,-0.00670122299698414,-0.999977546551897));
#3157= IFCAXIS2PLACEMENT3D(#3154,#3155,#3156);
#3158= IFCLOCALPLACEMENT(#1067,#3157);
#3159= IFCREINFORCINGBAR('2ACry6krH309htSAXoAP1O',#49,'TRV MURO',$,$,#3158,#3153,'ID8a335f06-bb54-4300-9af7-70a872299058',$,10.625,0.,$,.NOTDEFINED.,.NULL.);
#3160= IFCPROPERTYSINGLEVALUE('WEIGHT_TOTAL_IN_GROUP',$,IFCMASSMEASURE(3.05909),$);
#3161= IFCPROPERTYSINGLEVALUE('REBAR_POS',$,IFCLABEL('214'),$);
#3162= IFCPROPERTYSINGLEVALUE('GUID',$,IFCLABEL('8a335f06-bb54-4300-9af7-70a872299058'),$);
#3163= IFCPROPERTYSINGLEVALUE('DIM_L',$,IFCLENGTHMEASURE(1240.),$);
#3164= IFCPROPERTYSINGLEVALUE('DIM_B',$,IFCLENGTHMEASURE(376.),$);
#3165= IFCPROPERTYSINGLEVALUE('DIM_A',$,IFCLENGTHMEASURE(868.),$);
#3166= IFCPROPERTYSET('2F0ELeb$fF_hji4bFvrqze',#5,'Rebar_properties',$,(#74,#75,#76,#71,#3084,#3160,#3086,#3161,#397,#230,#231,#2465,#233,#234,#298,#236,#299,#3162,#239,#3163,#302,#303,#734,#3164,#3165,#307,#1330,#248,#249,#1127,#251));
#3167= IFCDIRECTION((0.999999803887172,5.41721552501548E-05,0.000623931883449172));
#3168= IFCVECTOR(#3167,1.);
#3169= IFCLINE(#6,#3168);
#3170= IFCTRIMMEDCURVE(#3169,(IFCPARAMETERVALUE(0.)),(IFCPARAMETERVALUE(2181.35042779078)),.T.,.PARAMETER.);
#3171= IFCSWEPTDISKSOLID(#3170,5.3125,$,0.,2181.35042779078);
#3172= IFCSTYLEDITEM(#3171,(#1140),$);
#3173= IFCCARTESIANPOINT((1878.65000000002,150.696599868555,45.0150351991761));
#3174= IFCCARTESIANTRANSFORMATIONOPERATOR3D($,$,#3173,$,$);
#3175= IFCSHAPEREPRESENTATION(#12,'Body','AdvancedSweptSolid',(#3171));
#3176= IFCREPRESENTATIONMAP(#10,#3175);
#3177= IFCMAPPEDITEM(#3176,#3174);
#3178= IFCSHAPEREPRESENTATION(#12,'Body','MappedRepresentation',(#3177));
#3179= IFCPRODUCTDEFINITIONSHAPE($,$,(#3178));
#3180= IFCCARTESIANPOINT((412050.000000322,391463.276960466,1716.3674859771));
#3181= IFCAXIS2PLACEMENT3D(#3180,#2916,#90);
#3182= IFCLOCALPLACEMENT(#1067,#3181);
#3183= IFCREINFORCINGBAR('0C4CiZvwX8pgsGjh4ZutyK',#49,'LONG MURO',$,$,#3182,#3179,'ID0c10cb23-e7a8-48ce-ad90-b6b123e37f14',$,10.625,0.,$,.NOTDEFINED.,.NULL.);
#3184= IFCPROPERTYSINGLEVALUE('HISTORY.CREATED',$,IFCLABEL('11.03.2026 15:37:53'),$);
#3185= IFCPROPERTYSINGLEVALUE('WEIGHT_TOTAL_IN_GROUP',$,IFCMASSMEASURE(1.34568),$);
#3186= IFCPROPERTYSINGLEVALUE('REBAR_POS',$,IFCLABEL('111'),$);
#3187= IFCPROPERTYSINGLEVALUE('GUID',$,IFCLABEL('0c10cb23-e7a8-48ce-ad90-b6b123e37f14'),$);
#3188= IFCPROPERTYSINGLEVALUE('DIM_L',$,IFCLENGTHMEASURE(2180.),$);
#3189= IFCPROPERTYSINGLEVALUE('DIM_A',$,IFCLENGTHMEASURE(2181.),$);
#3190= IFCPROPERTYSET('1LMdzti4HB_xCFoRRSV8mH',#5,'Rebar_properties',$,(#74,#75,#76,#71,#3184,#3185,#2921,#3186,#296,#230,#231,#1289,#233,#234,#298,#236,#299,#3187,#239,#3188,#302,#303,#734,#1693,#3189,#307,#1297,#309,#249,#1127,#251));
#3191= IFCDIRECTION((0.999999999989492,4.24434215804636E-08,-4.58412610313088E-06));
#3192= IFCVECTOR(#3191,1.);
#3193= IFCLINE(#6,#3192);
#3194= IFCTRIMMEDCURVE(#3193,(IFCPARAMETERVALUE(0.)),(IFCPARAMETERVALUE(2181.35000004956)),.T.,.PARAMETER.);
#3195= IFCSWEPTDISKSOLID(#3194,5.3125,$,0.,2181.35000004956);
#3196= IFCSTYLEDITEM(#3195,(#1140),$);
#3197= IFCCARTESIANPOINT((694.000141258002,201.125042250345,46.3861741596484));
#3198= IFCCARTESIANTRANSFORMATIONOPERATOR3D($,$,#3197,$,$);
#3199= IFCSHAPEREPRESENTATION(#12,'Body','AdvancedSweptSolid',(#3195));
#3200= IFCREPRESENTATIONMAP(#10,#3199);
#3201= IFCMAPPEDITEM(#3200,#3198);
#3202= IFCSHAPEREPRESENTATION(#12,'Body','MappedRepresentation',(#3201));
#3203= IFCPRODUCTDEFINITIONSHAPE($,$,(#3202));
#3204= IFCCARTESIANPOINT((407296.000000217,391305.214602513,1780.61994807514));
#3205= IFCDIRECTION((0.,0.999957168978814,-0.0092552799998041));
#3206= IFCAXIS2PLACEMENT3D(#3204,#3205,#7);
#3207= IFCLOCALPLACEMENT(#1067,#3206);
#3208= IFCREINFORCINGBAR('18w4yRaWTAEx$m2p1cIAI6',#49,'LONG MURO',$,$,#3207,#3203,'ID48e84f1b-9207-4a3b-bff0-0b306648a486',$,10.625,0.,$,.NOTDEFINED.,.NULL.);
#3209= IFCPROPERTYSINGLEVALUE('HISTORY.CREATED',$,IFCLABEL('11.03.2026 15:40:21'),$);
#3210= IFCPROPERTYSINGLEVALUE('GUID',$,IFCLABEL('48e84f1b-9207-4a3b-bff0-0b306648a486'),$);
#3211= IFCPROPERTYSET('2KBtNsOmvFhQ5XfCT6CGlg',#5,'Rebar_properties',$,(#74,#75,#76,#71,#3209,#3185,#2921,#3186,#296,#230,#231,#1289,#233,#234,#298,#236,#299,#3210,#239,#3188,#302,#303,#734,#1693,#3189,#307,#1297,#309,#249,#1127,#251));
#3212= IFCDIRECTION((-0.999999959593702,-0.000284275560576824,0.));
#3213= IFCVECTOR(#3212,1.);
#3214= IFCLINE(#6,#3213);
#3215= IFCTRIMMEDCURVE(#3214,(IFCPARAMETERVALUE(0.)),(IFCPARAMETERVALUE(527.657037025799)),.T.,.PARAMETER.);
#3216= IFCSWEPTDISKSOLID(#3215,5.3125,$,0.,527.657037025799);
#3217= IFCSTYLEDITEM(#3216,(#1140),$);
#3218= IFCCARTESIANPOINT((870.450000000012,150.967696521375,-45.0090791815892));
#3219= IFCCARTESIANTRANSFORMATIONOPERATOR3D($,$,#3218,$,$);
#3220= IFCSHAPEREPRESENTATION(#12,'Body','AdvancedSweptSolid',(#3216));
#3221= IFCREPRESENTATIONMAP(#10,#3220);
#3222= IFCMAPPEDITEM(#3221,#3219);
#3223= IFCSHAPEREPRESENTATION(#12,'Body','MappedRepresentation',(#3222));
#3224= IFCPRODUCTDEFINITIONSHAPE($,$,(#3223));
#3225= IFCCARTESIANPOINT((410102.951839502,391464.665255588,1716.56411689795));
#3226= IFCAXIS2PLACEMENT3D(#3225,#8,#7);
#3227= IFCLOCALPLACEMENT(#1067,#3226);
#3228= IFCREINFORCINGBAR('3C1NY1MYP6vuS0LQMZTZ3N',#49,'LONG MURO',$,$,#3227,#3224,'IDcc057881-5a26-46e7-8700-55a5a37630d7',$,10.625,0.,$,.NOTDEFINED.,.NULL.);
#3229= IFCPROPERTYSINGLEVALUE('HISTORY.CREATED',$,IFCLABEL('11.03.2026 15:51:34'),$);
#3230= IFCPROPERTYSINGLEVALUE('WEIGHT_TOTAL_IN_GROUP',$,IFCMASSMEASURE(0.32516),$);
#3231= IFCPROPERTYSINGLEVALUE('REBAR_POS',$,IFCLABEL('112'),$);
#3232= IFCPROPERTYSINGLEVALUE('GUID',$,IFCLABEL('cc057881-5a26-46e7-8700-55a5a37630d7'),$);
#3233= IFCPROPERTYSINGLEVALUE('DIM_L',$,IFCLENGTHMEASURE(520.),$);
#3234= IFCPROPERTYSINGLEVALUE('DIM_A',$,IFCLENGTHMEASURE(527.),$);
#3235= IFCPROPERTYSINGLEVALUE('CONCRETE_COVER_ON_PLANE_MIN',$,IFCLENGTHMEASURE(-40.),$);
#3236= IFCPROPERTYSET('3nlJmNikn6oB5tQ1gZDH7x',#5,'Rebar_properties',$,(#74,#75,#76,#71,#3229,#3230,#2921,#3231,#296,#230,#231,#1289,#233,#234,#298,#236,#299,#3232,#239,#3233,#302,#303,#734,#1693,#3234,#307,#3235,#309,#249,#1127,#251));
#3237= IFCTRIMMEDCURVE(#2894,(IFCPARAMETERVALUE(0.)),(IFCPARAMETERVALUE(527.657015748788)),.T.,.PARAMETER.);
#3238= IFCSWEPTDISKSOLID(#3237,5.3125,$,0.,527.657015748788);
#3239= IFCSTYLEDITEM(#3238,(#1140),$);
#3240= IFCCARTESIANPOINT((40.0000000006985,50.3111384981448,45.3124999985448));
#3241= IFCCARTESIANTRANSFORMATIONOPERATOR3D($,$,#3240,$,$);
#3242= IFCSHAPEREPRESENTATION(#12,'Body','AdvancedSweptSolid',(#3238));
#3243= IFCREPRESENTATIONMAP(#10,#3242);
#3244= IFCMAPPEDITEM(#3243,#3241);
#3245= IFCSHAPEREPRESENTATION(#12,'Body','MappedRepresentation',(#3244));
#3246= IFCPRODUCTDEFINITIONSHAPE($,$,(#3245));
#3247= IFCCARTESIANPOINT((410405.74590745,391304.906668646,1629.802324086));
#3248= IFCDIRECTION((-6.92433386575431E-06,0.999952007769259,-0.00979704599773937));
#3249= IFCDIRECTION((0.999999999976027,6.92399998661136E-06,-6.80000000556907E-08));
#3250= IFCAXIS2PLACEMENT3D(#3247,#3248,#3249);
#3251= IFCLOCALPLACEMENT(#1067,#3250);
#3252= IFCREINFORCINGBAR('324ixAN_z0_AWxe8d1Y4zC',#49,'LONG MURO',$,$,#3251,#3246,'IDc212ceca-5fef-40f8-a83b-a089c1884f4c',$,10.625,0.,$,.NOTDEFINED.,.NULL.);
#3253= IFCPROPERTYSINGLEVALUE('GUID',$,IFCLABEL('c212ceca-5fef-40f8-a83b-a089c1884f4c'),$);
#3254= IFCPROPERTYSET('0ohAhtqmb5Be40kBpkps8$',#5,'Rebar_properties',$,(#74,#75,#76,#71,#3229,#3230,#2921,#3231,#296,#230,#231,#1289,#233,#234,#298,#236,#299,#3253,#239,#3233,#302,#303,#734,#1693,#3234,#307,#1297,#309,#249,#1127,#251));
#3255= IFCDIRECTION((0.999999809000056,-0.000591800315070051,-0.000178247690374367));
#3256= IFCVECTOR(#3255,1.);
#3257= IFCLINE(#6,#3256);
#3258= IFCTRIMMEDCURVE(#3257,(IFCPARAMETERVALUE(0.)),(IFCPARAMETERVALUE(762.178691091897)),.T.,.PARAMETER.);
#3259= IFCSWEPTDISKSOLID(#3258,5.3125,$,0.,762.178691091897);
#3260= IFCSTYLEDITEM(#3259,(#1140),$);
#3261= IFCCARTESIANPOINT((147.19574024115,151.269176634673,-44.8430021093809));
#3262= IFCCARTESIANTRANSFORMATIONOPERATOR3D($,$,#3261,$,$);
#3263= IFCSHAPEREPRESENTATION(#12,'Body','AdvancedSweptSolid',(#3259));
#3264= IFCREPRESENTATIONMAP(#10,#3263);
#3265= IFCMAPPEDITEM(#3264,#3262);
#3266= IFCSHAPEREPRESENTATION(#12,'Body','MappedRepresentation',(#3265));
#3267= IFCPRODUCTDEFINITIONSHAPE($,$,(#3266));
#3268= IFCCARTESIANPOINT((411100.722432099,391464.661367502,1716.97174261883));
#3269= IFCDIRECTION((0.00145837829541412,0.999998936565808,-1.88492776942436E-13));
#3270= IFCDIRECTION((0.999998733972508,-0.00145837799995209,-0.000636542999982578));
#3271= IFCAXIS2PLACEMENT3D(#3268,#3269,#3270);
#3272= IFCLOCALPLACEMENT(#1067,#3271);
#3273= IFCREINFORCINGBAR('2XbyQk3UD52gGpBa0vrLqt',#49,'LONG MURO',$,$,#3272,#3267,'IDa197c6ae-0de3-450a-a433-2e4039d55d37',$,10.625,0.,$,.NOTDEFINED.,.NULL.);
#3274= IFCPROPERTYSINGLEVALUE('WEIGHT_TOTAL_IN_GROUP',$,IFCMASSMEASURE(0.47015),$);
#3275= IFCPROPERTYSINGLEVALUE('REBAR_POS',$,IFCLABEL('113'),$);
#3276= IFCPROPERTYSINGLEVALUE('GUID',$,IFCLABEL('a197c6ae-0de3-450a-a433-2e4039d55d37'),$);
#3277= IFCPROPERTYSINGLEVALUE('DIM_L',$,IFCLENGTHMEASURE(760.),$);
#3278= IFCPROPERTYSINGLEVALUE('DIM_A',$,IFCLENGTHMEASURE(762.),$);
#3279= IFCPROPERTYSET('0T1IEO9VnDEvEM0YXZ$kRn',#5,'Rebar_properties',$,(#74,#75,#76,#71,#3229,#3274,#2921,#3275,#296,#230,#231,#1289,#233,#234,#298,#236,#299,#3276,#239,#3277,#302,#303,#734,#1693,#3278,#307,#3235,#309,#249,#1127,#251));
#3280= IFCTRIMMEDCURVE(#2894,(IFCPARAMETERVALUE(0.)),(IFCPARAMETERVALUE(762.176484790456)),.T.,.PARAMETER.);
#3281= IFCSWEPTDISKSOLID(#3280,5.3125,$,0.,762.176484790456);
#3282= IFCSTYLEDITEM(#3281,(#1140),$);
#3283= IFCSHAPEREPRESENTATION(#12,'Body','AdvancedSweptSolid',(#3281));
#3284= IFCREPRESENTATIONMAP(#10,#3283);
#3285= IFCMAPPEDITEM(#3284,#3241);
#3286= IFCSHAPEREPRESENTATION(#12,'Body','MappedRepresentation',(#3285));
#3287= IFCPRODUCTDEFINITIONSHAPE($,$,(#3286));
#3288= IFCCARTESIANPOINT((411207.823515744,391304.912222273,1629.8022696384));
#3289= IFCDIRECTION((2.67852912074881E-05,0.999952007434426,-0.00979704600425614));
#3290= IFCDIRECTION((0.999999999641274,-2.67839999869468E-05,2.62999999904425E-07));
#3291= IFCAXIS2PLACEMENT3D(#3288,#3289,#3290);
#3292= IFCLOCALPLACEMENT(#1067,#3291);
#3293= IFCREINFORCINGBAR('30sKLtfsT7meKC2TWJS4R$',#49,'LONG MURO',$,$,#3292,#3287,'IDc0d94577-a767-47c2-850c-09d8137046ff',$,10.625,0.,$,.NOTDEFINED.,.NULL.);
#3294= IFCPROPERTYSINGLEVALUE('GUID',$,IFCLABEL('c0d94577-a767-47c2-850c-09d8137046ff'),$);
#3295= IFCPROPERTYSET('2giExRnDHC$8eEcou9DEgy',#5,'Rebar_properties',$,(#74,#75,#76,#71,#3229,#3274,#2921,#3275,#296,#230,#231,#1289,#233,#234,#298,#236,#299,#3294,#239,#3277,#302,#303,#734,#1693,#3278,#307,#1297,#309,#249,#1127,#251));
#3296= IFCCOMPOSITECURVE((#2037,#2716,#2039,#2720,#2041),.F.);
#3297= IFCSWEPTDISKSOLID(#3296,5.3125,$,0.,3971.89159265365);
#3298= IFCSTYLEDITEM(#3297,(#1140),$);
#3299= IFCSHAPEREPRESENTATION(#12,'Body','AdvancedSweptSolid',(#3297));
#3300= IFCREPRESENTATIONMAP(#10,#3299);
#3301= IFCMAPPEDITEM(#3300,#2046);
#3302= IFCSHAPEREPRESENTATION(#12,'Body','MappedRepresentation',(#3301));
#3303= IFCPRODUCTDEFINITIONSHAPE($,$,(#3302));
#3304= IFCCARTESIANPOINT((412050.000000225,391181.998413389,-800.000763003799));
#3305= IFCAXIS2PLACEMENT3D(#3304,#9,#90);
#3306= IFCLOCALPLACEMENT(#1067,#3305);
#3307= IFCREINFORCINGBAR('30QSWRO9n4rOFvlagMPMxz',#49,'LONG NERVIO',$,$,#3306,#3303,'IDc069c81b-609c-44d5-83f9-be4a96656efd',$,10.625,0.,$,.NOTDEFINED.,.NULL.);
#3308= IFCPROPERTYSINGLEVALUE('HISTORY.CREATED',$,IFCLABEL('12.03.2026 07:31:01'),$);
#3309= IFCPROPERTYSINGLEVALUE('GUID',$,IFCLABEL('c069c81b-609c-44d5-83f9-be4a96656efd'),$);
#3310= IFCPROPERTYSET('2yXsCY1GX8VQR$z2GETdHD',#5,'Rebar_properties',$,(#74,#75,#76,#71,#3308,#1327,#294,#1287,#296,#230,#231,#1328,#233,#234,#1290,#236,#1291,#3309,#239,#1293,#302,#303,#1294,#1295,#1296,#307,#2140,#309,#249,#1127,#251));
#3311= IFCTRIMMEDCURVE(#258,(IFCPARAMETERVALUE(0.)),(IFCPARAMETERVALUE(24.9999999999992)),.T.,.PARAMETER.);
#3312= IFCCOMPOSITECURVESEGMENT(.CONTINUOUS.,.T.,#3311);
#3313= IFCTRIMMEDCURVE(#1172,(IFCPARAMETERVALUE(0.)),(IFCPARAMETERVALUE(25.0000000000011)),.T.,.PARAMETER.);
#3314= IFCCOMPOSITECURVESEGMENT(.DISCONTINUOUS.,.T.,#3313);
#3315= IFCCOMPOSITECURVE((#3312,#2716,#2039,#2720,#3314),.F.);
#3316= IFCSWEPTDISKSOLID(#3315,5.3125,$,0.,3971.89159265365);
#3317= IFCSTYLEDITEM(#3316,(#1140),$);
#3318= IFCSHAPEREPRESENTATION(#12,'Body','AdvancedSweptSolid',(#3316));
#3319= IFCREPRESENTATIONMAP(#10,#3318);
#3320= IFCMAPPEDITEM(#3319,#2150);
#3321= IFCSHAPEREPRESENTATION(#12,'Body','MappedRepresentation',(#3320));
#3322= IFCPRODUCTDEFINITIONSHAPE($,$,(#3321));
#3323= IFCCARTESIANPOINT((407950.000000225,391284.000610653,-649.998413085871));
#3324= IFCAXIS2PLACEMENT3D(#3323,#147,#7);
#3325= IFCLOCALPLACEMENT(#1067,#3324);
#3326= IFCREINFORCINGBAR('0q$vwTTR10eu2ndKdJN1X3',#49,'LONG NERVIO',$,$,#3325,#3322,'ID34ff9e9d-75b0-40a3-80b1-9d49d35c1843',$,10.625,0.,$,.NOTDEFINED.,.NULL.);
#3327= IFCPROPERTYSINGLEVALUE('GUID',$,IFCLABEL('34ff9e9d-75b0-40a3-80b1-9d49d35c1843'),$);
#3328= IFCPROPERTYSET('3ftHDtx6P5Lxty_VATwyDO',#5,'Rebar_properties',$,(#74,#75,#76,#71,#3308,#1327,#294,#1287,#296,#230,#231,#1328,#233,#234,#1290,#236,#1291,#3327,#239,#1293,#302,#303,#1294,#1295,#1296,#307,#1330,#309,#249,#1127,#251));
#3329= IFCDIRECTION((-0.00931828757290441,1.66267048003938E-10,-0.999956583815872));
#3330= IFCVECTOR(#3329,1.);
#3331= IFCLINE(#6,#3330);
#3332= IFCTRIMMEDCURVE(#3331,(IFCPARAMETERVALUE(0.)),(IFCPARAMETERVALUE(2300.06762635631)),.T.,.PARAMETER.);
#3333= IFCCOMPOSITECURVESEGMENT(.CONTINUOUS.,.T.,#3332);
#3334= IFCCARTESIANPOINT((3.87870944832355,3.82470375370758E-07,-2300.20363535092));
#3335= IFCDIRECTION((-0.999956583815872,-1.7746539089934E-12,0.00931828757290437));
#3336= IFCAXIS2PLACEMENT3D(#3334,#89,#3335);
#3337= IFCCIRCLE(#3336,25.31);
#3338= IFCTRIMMEDCURVE(#3337,(IFCPARAMETERVALUE(0.)),(IFCPARAMETERVALUE(1.58011474922017)),.T.,.PARAMETER.);
#3339= IFCCOMPOSITECURVESEGMENT(.CONTINUOUS.,.T.,#3338);
#3340= IFCCARTESIANPOINT((3.87870944820193,3.86679246844324E-07,-2325.51613535092));
#3341= IFCLINE(#3340,#158);
#3342= IFCTRIMMEDCURVE(#3341,(IFCPARAMETERVALUE(0.)),(IFCPARAMETERVALUE(232.791773342303)),.T.,.PARAMETER.);
#3343= IFCCOMPOSITECURVESEGMENT(.DISCONTINUOUS.,.T.,#3342);
#3344= IFCCOMPOSITECURVE((#3333,#3339,#3343),.F.);
#3345= IFCSWEPTDISKSOLID(#3344,5.3125,$,0.,2534.43951444783);
#3346= IFCSTYLEDITEM(#3345,(#1140),$);
#3347= IFCCARTESIANPOINT((77.5011106884922,-62.3125003958703,2380.82863524925));
#3348= IFCCARTESIANTRANSFORMATIONOPERATOR3D($,$,#3347,$,$);
#3349= IFCSHAPEREPRESENTATION(#12,'Body','AdvancedSweptSolid',(#3345));
#3350= IFCREPRESENTATIONMAP(#10,#3349);
#3351= IFCMAPPEDITEM(#3350,#3348);
#3352= IFCCARTESIANPOINT((77.5011106884922,-212.31250039587,2380.82863500546));
#3353= IFCCARTESIANTRANSFORMATIONOPERATOR3D($,$,#3352,$,$);
#3354= IFCSHAPEREPRESENTATION(#12,'Body','AdvancedSweptSolid',(#3345));
#3355= IFCREPRESENTATIONMAP(#10,#3354);
#3356= IFCMAPPEDITEM(#3355,#3353);
#3357= IFCCARTESIANPOINT((77.5011106884922,-812.31250039587,2380.82863403028));
#3358= IFCCARTESIANTRANSFORMATIONOPERATOR3D($,$,#3357,$,$);
#3359= IFCSHAPEREPRESENTATION(#12,'Body','AdvancedSweptSolid',(#3345));
#3360= IFCREPRESENTATIONMAP(#10,#3359);
#3361= IFCMAPPEDITEM(#3360,#3358);
#3362= IFCCARTESIANPOINT((77.5011106884922,-962.31250039587,2380.82863378648));
#3363= IFCCARTESIANTRANSFORMATIONOPERATOR3D($,$,#3362,$,$);
#3364= IFCSHAPEREPRESENTATION(#12,'Body','AdvancedSweptSolid',(#3345));
#3365= IFCREPRESENTATIONMAP(#10,#3364);
#3366= IFCMAPPEDITEM(#3365,#3363);
#3367= IFCSHAPEREPRESENTATION(#12,'Body','MappedRepresentation',(#3351,#3356,#3361,#3366));
#3368= IFCPRODUCTDEFINITIONSHAPE($,$,(#3367));
#3369= IFCCARTESIANPOINT((410200.000000225,391279.828773852,-949.998474116408));
#3370= IFCAXIS2PLACEMENT3D(#3369,#9,#8);
#3371= IFCLOCALPLACEMENT(#1067,#3370);
#3372= IFCREINFORCINGBAR('2KyIhnb391vevUHuLLXrES',#49,'TRV MURO',$,$,#3371,#3368,'ID94f12af1-9432-41e6-8e5e-47855587539c',$,10.625,0.,$,.NOTDEFINED.,.NULL.);
#3373= IFCPROPERTYSINGLEVALUE('HISTORY.CREATED',$,IFCLABEL('12.03.2026 07:50:43'),$);
#3374= IFCPROPERTYSINGLEVALUE('WEIGHT_TOTAL_IN_GROUP',$,IFCMASSMEASURE(6.34955),$);
#3375= IFCPROPERTYSINGLEVALUE('SHAPE',$,IFCLABEL('F104'),$);
#3376= IFCPROPERTYSINGLEVALUE('REBAR_POS',$,IFCLABEL('212'),$);
#3377= IFCPROPERTYSINGLEVALUE('GUID',$,IFCLABEL('94f12af1-9432-41e6-8e5e-47855587539c'),$);
#3378= IFCPROPERTYSINGLEVALUE('DIM_L',$,IFCLENGTHMEASURE(2590.),$);
#3379= IFCPROPERTYSINGLEVALUE('DIM_B',$,IFCLENGTHMEASURE(263.),$);
#3380= IFCPROPERTYSINGLEVALUE('DIM_A',$,IFCLENGTHMEASURE(2330.),$);
#3381= IFCPROPERTYSET('22mnP7sGD5ifeUBn1APAV0',#5,'Rebar_properties',$,(#74,#75,#76,#71,#3373,#3374,#3375,#3376,#397,#230,#231,#2465,#233,#234,#298,#236,#299,#3377,#239,#3378,#302,#303,#734,#3379,#3380,#307,#1330,#248,#249,#1127,#251));
#3382= IFCTRIMMEDCURVE(#2894,(IFCPARAMETERVALUE(0.)),(IFCPARAMETERVALUE(636.396103172621)),.T.,.PARAMETER.);
#3383= IFCSWEPTDISKSOLID(#3382,5.3125,$,0.,636.396103172621);
#3384= IFCSTYLEDITEM(#3383,(#1140),$);
#3385= IFCCARTESIANPOINT((2.91038304567337E-10,-2.3283064365387E-10,-90.3124999974389));
#3386= IFCCARTESIANTRANSFORMATIONOPERATOR3D($,$,#3385,$,$);
#3387= IFCSHAPEREPRESENTATION(#12,'Body','AdvancedSweptSolid',(#3383));
#3388= IFCREPRESENTATIONMAP(#10,#3387);
#3389= IFCMAPPEDITEM(#3388,#3386);
#3390= IFCCARTESIANPOINT((-1.57160684466362E-07,355.000000005239,-90.3125000008149));
#3391= IFCCARTESIANTRANSFORMATIONOPERATOR3D($,$,#3390,$,$);
#3392= IFCSHAPEREPRESENTATION(#12,'Body','AdvancedSweptSolid',(#3383));
#3393= IFCREPRESENTATIONMAP(#10,#3392);
#3394= IFCMAPPEDITEM(#3393,#3391);
#3395= IFCSHAPEREPRESENTATION(#12,'Body','MappedRepresentation',(#3389,#3394));
#3396= IFCPRODUCTDEFINITIONSHAPE($,$,(#3395));
#3397= IFCCARTESIANPOINT((410399.987793327,391480.566255232,1207.01603677765));
#3398= IFCDIRECTION((9.26898792386061E-10,0.999951917124104,-0.00980629592808129));
#3399= IFCDIRECTION((-0.70710678131954,0.00693409900313249,0.70707278131953));
#3400= IFCAXIS2PLACEMENT3D(#3397,#3398,#3399);
#3401= IFCLOCALPLACEMENT(#1067,#3400);
#3402= IFCREINFORCINGBAR('13ACLvLQv2Tg05Fa_l8tHh',#49,'REFUERZO',$,$,#3401,#3396,'ID4328c579-55ae-4276-a005-3e4faf23746b',$,10.625,0.,$,.NOTDEFINED.,.NULL.);
#3403= IFCPROPERTYSINGLEVALUE('HISTORY.CREATED',$,IFCLABEL('12.03.2026 13:34:02'),$);
#3404= IFCPROPERTYSINGLEVALUE('WEIGHT_TOTAL_IN_GROUP',$,IFCMASSMEASURE(0.78482),$);
#3405= IFCPROPERTYSINGLEVALUE('REBAR_POS',$,IFCLABEL('33'),$);
#3406= IFCPROPERTYSINGLEVALUE('NUMBER_OF_BARS_IN_GROUP',$,IFCINTEGER(2),$);
#3407= IFCPROPERTYSINGLEVALUE('NAME',$,IFCLABEL('REFUERZO'),$);
#3408= IFCPROPERTYSINGLEVALUE('GUID',$,IFCLABEL('4328c579-55ae-4276-a005-3e4faf23746b'),$);
#3409= IFCPROPERTYSINGLEVALUE('DIM_L',$,IFCLENGTHMEASURE(630.),$);
#3410= IFCPROPERTYSINGLEVALUE('DIM_A',$,IFCLENGTHMEASURE(636.),$);
#3411= IFCPROPERTYSINGLEVALUE('CONCRETE_COVER_ON_PLANE_MIN',$,IFCLENGTHMEASURE(-85.),$);
#3412= IFCPROPERTYSINGLEVALUE('CC_TARGET',$,IFCLENGTHMEASURE(355.),$);
#3413= IFCPROPERTYSET('0lkO6AcI5DpRG22b54kUCs',#5,'Rebar_properties',$,(#74,#75,#76,#71,#3403,#3404,#2921,#3405,#3406,#230,#231,#3407,#233,#234,#298,#236,#299,#3408,#239,#3409,#302,#303,#734,#1693,#3410,#307,#3411,#3412,#249,#1127,#251));
#3414= IFCTRIMMEDCURVE(#2894,(IFCPARAMETERVALUE(0.)),(IFCPARAMETERVALUE(636.396103172563)),.T.,.PARAMETER.);
#3415= IFCSWEPTDISKSOLID(#3414,5.3125,$,0.,636.396103172563);
#3416= IFCSTYLEDITEM(#3415,(#1140),$);
#3417= IFCCARTESIANPOINT((-8.32369551062584E-09,-360.312499499705,-90.3125000039581));
#3418= IFCCARTESIANTRANSFORMATIONOPERATOR3D($,$,#3417,$,$);
#3419= IFCSHAPEREPRESENTATION(#12,'Body','AdvancedSweptSolid',(#3415));
#3420= IFCREPRESENTATIONMAP(#10,#3419);
#3421= IFCMAPPEDITEM(#3420,#3418);
#3422= IFCCARTESIANPOINT((1.49186234921217E-07,-5.31249949423363,-90.3125000005239));
#3423= IFCCARTESIANTRANSFORMATIONOPERATOR3D($,$,#3422,$,$);
#3424= IFCSHAPEREPRESENTATION(#12,'Body','AdvancedSweptSolid',(#3415));
#3425= IFCREPRESENTATIONMAP(#10,#3424);
#3426= IFCMAPPEDITEM(#3425,#3423);
#3427= IFCSHAPEREPRESENTATION(#12,'Body','MappedRepresentation',(#3421,#3426));
#3428= IFCPRODUCTDEFINITIONSHAPE($,$,(#3427));
#3429= IFCCARTESIANPOINT((410199.987793083,391480.566255278,1207.01603678436));
#3430= IFCDIRECTION((0.707106781319542,0.00693409900314689,0.707072781319528));
#3431= IFCAXIS2PLACEMENT3D(#3429,#3398,#3430);
#3432= IFCLOCALPLACEMENT(#1067,#3431);
#3433= IFCREINFORCINGBAR('30$1Z$bOr9sf5WAK$$MaEz',#49,'REFUERZO',$,$,#3432,#3428,'IDc0fc18ff-958d-49da-9160-294fff5a43bd',$,10.625,0.,$,.NOTDEFINED.,.NULL.);
#3434= IFCPROPERTYSINGLEVALUE('GUID',$,IFCLABEL('c0fc18ff-958d-49da-9160-294fff5a43bd'),$);
#3435= IFCPROPERTYSET('06eNezLB977gzhyU3xYS8w',#5,'Rebar_properties',$,(#74,#75,#76,#71,#3403,#3404,#2921,#3405,#3406,#230,#231,#3407,#233,#234,#298,#236,#299,#3434,#239,#3409,#302,#303,#734,#1693,#3410,#307,#3411,#3412,#249,#1127,#251));
#3436= IFCTRIMMEDCURVE(#2894,(IFCPARAMETERVALUE(0.)),(IFCPARAMETERVALUE(636.396103170526)),.T.,.PARAMETER.);
#3437= IFCSWEPTDISKSOLID(#3436,5.3125,$,0.,636.396103170526);
#3438= IFCSTYLEDITEM(#3437,(#1140),$);
#3439= IFCSHAPEREPRESENTATION(#12,'Body','AdvancedSweptSolid',(#3437));
#3440= IFCREPRESENTATIONMAP(#10,#3439);
#3441= IFCMAPPEDITEM(#3440,#3418);
#3442= IFCTRIMMEDCURVE(#2894,(IFCPARAMETERVALUE(0.)),(IFCPARAMETERVALUE(636.396103170409)),.T.,.PARAMETER.);
#3443= IFCSWEPTDISKSOLID(#3442,5.3125,$,0.,636.396103170409);
#3444= IFCSTYLEDITEM(#3443,(#1140),$);
#3445= IFCSHAPEREPRESENTATION(#12,'Body','AdvancedSweptSolid',(#3443));
#3446= IFCREPRESENTATIONMAP(#10,#3445);
#3447= IFCMAPPEDITEM(#3446,#3423);
#3448= IFCSHAPEREPRESENTATION(#12,'Body','MappedRepresentation',(#3441,#3447));
#3449= IFCPRODUCTDEFINITIONSHAPE($,$,(#3448));
#3450= IFCCARTESIANPOINT((410399.987793283,391467.412403834,1905.2185988359));
#3451= IFCDIRECTION((-0.707106781324444,-0.00693409800319428,-0.707072781324432));
#3452= IFCAXIS2PLACEMENT3D(#3450,#3398,#3451);
#3453= IFCLOCALPLACEMENT(#1067,#3452);
#3454= IFCREINFORCINGBAR('1k6Plw_kXFb8WDAg1pP27F',#49,'REFUERZO',$,$,#3453,#3449,'ID6e199bfa-fae8-4f94-880d-2aa0736421cf',$,10.625,0.,$,.NOTDEFINED.,.NULL.);
#3455= IFCPROPERTYSINGLEVALUE('GUID',$,IFCLABEL('6e199bfa-fae8-4f94-880d-2aa0736421cf'),$);
#3456= IFCPROPERTYSET('32xfb1ofnAL85hDsIlWheD',#5,'Rebar_properties',$,(#74,#75,#76,#71,#3403,#3404,#2921,#3405,#3406,#230,#231,#3407,#233,#234,#298,#236,#299,#3455,#239,#3409,#302,#303,#734,#1693,#3410,#307,#3411,#3412,#249,#1127,#251));
#3457= IFCTRIMMEDCURVE(#2894,(IFCPARAMETERVALUE(0.)),(IFCPARAMETERVALUE(636.396103170468)),.T.,.PARAMETER.);
#3458= IFCSWEPTDISKSOLID(#3457,5.3125,$,0.,636.396103170468);
#3459= IFCSTYLEDITEM(#3458,(#1140),$);
#3460= IFCSHAPEREPRESENTATION(#12,'Body','AdvancedSweptSolid',(#3458));
#3461= IFCREPRESENTATIONMAP(#10,#3460);
#3462= IFCMAPPEDITEM(#3461,#3386);
#3463= IFCSHAPEREPRESENTATION(#12,'Body','AdvancedSweptSolid',(#3458));
#3464= IFCREPRESENTATIONMAP(#10,#3463);
#3465= IFCMAPPEDITEM(#3464,#3391);
#3466= IFCSHAPEREPRESENTATION(#12,'Body','MappedRepresentation',(#3462,#3465));
#3467= IFCPRODUCTDEFINITIONSHAPE($,$,(#3466));
#3468= IFCCARTESIANPOINT((410199.987793031,391467.412403869,1905.2185988584));
#3469= IFCDIRECTION((0.70710678132444,-0.00693409800315624,-0.707072781324435));
#3470= IFCAXIS2PLACEMENT3D(#3468,#3398,#3469);
#3471= IFCLOCALPLACEMENT(#1067,#3470);
#3472= IFCREINFORCINGBAR('21poSRjPDA69thq$KHOXJz',#49,'REFUERZO',$,$,#3471,#3467,'ID81cf271b-b593-4a18-9deb-d3f5116214fd',$,10.625,0.,$,.NOTDEFINED.,.NULL.);
#3473= IFCPROPERTYSINGLEVALUE('GUID',$,IFCLABEL('81cf271b-b593-4a18-9deb-d3f5116214fd'),$);
#3474= IFCPROPERTYSET('2qbCgjgHf9tw76fYolOKbK',#5,'Rebar_properties',$,(#74,#75,#76,#71,#3403,#3404,#2921,#3405,#3406,#230,#231,#3407,#233,#234,#298,#236,#299,#3473,#239,#3409,#302,#303,#734,#1693,#3410,#307,#3411,#3412,#249,#1127,#251));
#3475= IFCSHAPEREPRESENTATION(#12,'Body','AdvancedSweptSolid',(#3383));
#3476= IFCREPRESENTATIONMAP(#10,#3475);
#3477= IFCMAPPEDITEM(#3476,#3386);
#3478= IFCSHAPEREPRESENTATION(#12,'Body','AdvancedSweptSolid',(#3415));
#3479= IFCREPRESENTATIONMAP(#10,#3478);
#3480= IFCMAPPEDITEM(#3479,#3391);
#3481= IFCSHAPEREPRESENTATION(#12,'Body','MappedRepresentation',(#3477,#3480));
#3482= IFCPRODUCTDEFINITIONSHAPE($,$,(#3481));
#3483= IFCCARTESIANPOINT((411201.000046568,391481.568162046,1234.02083002835));
#3484= IFCAXIS2PLACEMENT3D(#3483,#3398,#3399);
#3485= IFCLOCALPLACEMENT(#1067,#3484);
#3486= IFCREINFORCINGBAR('30T6GVhwD04wTGxoguWTMZ',#49,'REFUERZO',$,$,#3485,#3482,'IDc074641f-afa3-4013-a750-ef2ab881d5a3',$,10.625,0.,$,.NOTDEFINED.,.NULL.);
#3487= IFCPROPERTYSINGLEVALUE('GUID',$,IFCLABEL('c074641f-afa3-4013-a750-ef2ab881d5a3'),$);
#3488= IFCPROPERTYSET('2MdnZ0XxvDTP20NRFZ8zwx',#5,'Rebar_properties',$,(#74,#75,#76,#71,#3403,#3404,#2921,#3405,#3406,#230,#231,#3407,#233,#234,#298,#236,#299,#3487,#239,#3409,#302,#303,#734,#1693,#3410,#307,#3411,#3412,#249,#1127,#251));
#3489= IFCSHAPEREPRESENTATION(#12,'Body','AdvancedSweptSolid',(#3383));
#3490= IFCREPRESENTATIONMAP(#10,#3489);
#3491= IFCMAPPEDITEM(#3490,#3418);
#3492= IFCTRIMMEDCURVE(#2894,(IFCPARAMETERVALUE(0.)),(IFCPARAMETERVALUE(636.396103172505)),.T.,.PARAMETER.);
#3493= IFCSWEPTDISKSOLID(#3492,5.3125,$,0.,636.396103172505);
#3494= IFCSTYLEDITEM(#3493,(#1140),$);
#3495= IFCSHAPEREPRESENTATION(#12,'Body','AdvancedSweptSolid',(#3493));
#3496= IFCREPRESENTATIONMAP(#10,#3495);
#3497= IFCMAPPEDITEM(#3496,#3423);
#3498= IFCSHAPEREPRESENTATION(#12,'Body','MappedRepresentation',(#3491,#3497));
#3499= IFCPRODUCTDEFINITIONSHAPE($,$,(#3498));
#3500= IFCCARTESIANPOINT((411001.000046316,391481.568162081,1234.02083004193));
#3501= IFCAXIS2PLACEMENT3D(#3500,#3398,#3430);
#3502= IFCLOCALPLACEMENT(#1067,#3501);
#3503= IFCREINFORCINGBAR('0A5sJ3ueL3UB1k2V$1Y0Sz',#49,'REFUERZO',$,$,#3502,#3499,'ID0a1764c3-e285-4378-b06e-09ffc188073d',$,10.625,0.,$,.NOTDEFINED.,.NULL.);
#3504= IFCPROPERTYSINGLEVALUE('GUID',$,IFCLABEL('0a1764c3-e285-4378-b06e-09ffc188073d'),$);
#3505= IFCPROPERTYSET('3r$bVoAi11LgtBiDKkZYfF',#5,'Rebar_properties',$,(#74,#75,#76,#71,#3403,#3404,#2921,#3405,#3406,#230,#231,#3407,#233,#234,#298,#236,#299,#3504,#239,#3409,#302,#303,#734,#1693,#3410,#307,#3411,#3412,#249,#1127,#251));
#3506= IFCSHAPEREPRESENTATION(#12,'Body','AdvancedSweptSolid',(#3437));
#3507= IFCREPRESENTATIONMAP(#10,#3506);
#3508= IFCMAPPEDITEM(#3507,#3418);
#3509= IFCSHAPEREPRESENTATION(#12,'Body','AdvancedSweptSolid',(#3443));
#3510= IFCREPRESENTATIONMAP(#10,#3509);
#3511= IFCMAPPEDITEM(#3510,#3423);
#3512= IFCSHAPEREPRESENTATION(#12,'Body','MappedRepresentation',(#3508,#3511));
#3513= IFCPRODUCTDEFINITIONSHAPE($,$,(#3512));
#3514= IFCCARTESIANPOINT((411201.0000465,391468.414310614,1932.2233920895));
#3515= IFCAXIS2PLACEMENT3D(#3514,#3398,#3451);
#3516= IFCLOCALPLACEMENT(#1067,#3515);
#3517= IFCREINFORCINGBAR('2Ue8m2PS96YxmOfxv1NboX',#49,'REFUERZO',$,$,#3516,#3513,'ID9ea08c02-65c2-468b-bc18-a7be415e5ca1',$,10.625,0.,$,.NOTDEFINED.,.NULL.);
#3518= IFCPROPERTYSINGLEVALUE('GUID',$,IFCLABEL('9ea08c02-65c2-468b-bc18-a7be415e5ca1'),$);
#3519= IFCPROPERTYSET('35bzBpH0TACfLzJV0oD2TK',#5,'Rebar_properties',$,(#74,#75,#76,#71,#3403,#3404,#2921,#3405,#3406,#230,#231,#3407,#233,#234,#298,#236,#299,#3518,#239,#3409,#302,#303,#734,#1693,#3410,#307,#3411,#3412,#249,#1127,#251));
#3520= IFCTRIMMEDCURVE(#2960,(IFCPARAMETERVALUE(0.)),(IFCPARAMETERVALUE(636.396103170351)),.T.,.PARAMETER.);
#3521= IFCSWEPTDISKSOLID(#3520,5.3125,$,0.,636.396103170351);
#3522= IFCSTYLEDITEM(#3521,(#1140),$);
#3523= IFCSHAPEREPRESENTATION(#12,'Body','AdvancedSweptSolid',(#3521));
#3524= IFCREPRESENTATIONMAP(#10,#3523);
#3525= IFCMAPPEDITEM(#3524,#3386);
#3526= IFCSHAPEREPRESENTATION(#12,'Body','AdvancedSweptSolid',(#3437));
#3527= IFCREPRESENTATIONMAP(#10,#3526);
#3528= IFCMAPPEDITEM(#3527,#3391);
#3529= IFCSHAPEREPRESENTATION(#12,'Body','MappedRepresentation',(#3525,#3528));
#3530= IFCPRODUCTDEFINITIONSHAPE($,$,(#3529));
#3531= IFCCARTESIANPOINT((411001.000046248,391468.414310649,1932.2233921166));
#3532= IFCAXIS2PLACEMENT3D(#3531,#3398,#3469);
#3533= IFCLOCALPLACEMENT(#1067,#3532);
#3534= IFCREINFORCINGBAR('0LcnLTLQbDMfPepTHBgZdp',#49,'REFUERZO',$,$,#3533,#3530,'ID159b155d-55a9-4d5a-9668-cdd44baa39f3',$,10.625,0.,$,.NOTDEFINED.,.NULL.);
#3535= IFCPROPERTYSINGLEVALUE('GUID',$,IFCLABEL('159b155d-55a9-4d5a-9668-cdd44baa39f3'),$);
#3536= IFCPROPERTYSET('07OF7Oa1b0R8bzpB2hAA_7',#5,'Rebar_properties',$,(#74,#75,#76,#71,#3403,#3404,#2921,#3405,#3406,#230,#231,#3407,#233,#234,#298,#236,#299,#3535,#239,#3409,#302,#303,#734,#1693,#3410,#307,#3411,#3412,#249,#1127,#251));
#3537= IFCCARTESIANPOINT((77.5011106884922,62.3125003958703,2380.82863524925));
#3538= IFCCARTESIANTRANSFORMATIONOPERATOR3D($,$,#3537,$,$);
#3539= IFCSHAPEREPRESENTATION(#12,'Body','AdvancedSweptSolid',(#3345));
#3540= IFCREPRESENTATIONMAP(#10,#3539);
#3541= IFCMAPPEDITEM(#3540,#3538);
#3542= IFCCARTESIANPOINT((77.5011106884922,212.31250039587,2380.82863500546));
#3543= IFCCARTESIANTRANSFORMATIONOPERATOR3D($,$,#3542,$,$);
#3544= IFCSHAPEREPRESENTATION(#12,'Body','AdvancedSweptSolid',(#3345));
#3545= IFCREPRESENTATIONMAP(#10,#3544);
#3546= IFCMAPPEDITEM(#3545,#3543);
#3547= IFCCARTESIANPOINT((77.5011106884922,812.31250039587,2380.82863403028));
#3548= IFCCARTESIANTRANSFORMATIONOPERATOR3D($,$,#3547,$,$);
#3549= IFCSHAPEREPRESENTATION(#12,'Body','AdvancedSweptSolid',(#3345));
#3550= IFCREPRESENTATIONMAP(#10,#3549);
#3551= IFCMAPPEDITEM(#3550,#3548);
#3552= IFCCARTESIANPOINT((77.5011106884922,962.31250039587,2380.82863378648));
#3553= IFCCARTESIANTRANSFORMATIONOPERATOR3D($,$,#3552,$,$);
#3554= IFCSHAPEREPRESENTATION(#12,'Body','AdvancedSweptSolid',(#3345));
#3555= IFCREPRESENTATIONMAP(#10,#3554);
#3556= IFCMAPPEDITEM(#3555,#3553);
#3557= IFCSHAPEREPRESENTATION(#12,'Body','MappedRepresentation',(#3541,#3546,#3551,#3556));
#3558= IFCPRODUCTDEFINITIONSHAPE($,$,(#3557));
#3559= IFCCARTESIANPOINT((410200.000000225,391488.171226148,-949.998474116408));
#3560= IFCAXIS2PLACEMENT3D(#3559,#9,#89);
#3561= IFCLOCALPLACEMENT(#1067,#3560);
#3562= IFCREINFORCINGBAR('15FUvVHaPFQeb6$0bZRS3F',#49,'TRV MURO',$,$,#3561,#3558,'ID453dee5f-4646-4f6a-8946-fc09636dc0cf',$,10.625,0.,$,.NOTDEFINED.,.NULL.);
#3563= IFCPROPERTYSINGLEVALUE('HISTORY.CREATED',$,IFCLABEL('21.04.2026 15:55:13'),$);
#3564= IFCPROPERTYSINGLEVALUE('GUID',$,IFCLABEL('453dee5f-4646-4f6a-8946-fc09636dc0cf'),$);
#3565= IFCPROPERTYSET('3Rjhn4KOfD2f1W5PXyjAC9',#5,'Rebar_properties',$,(#74,#75,#76,#71,#3563,#3374,#3375,#3376,#397,#230,#231,#2465,#233,#234,#298,#236,#299,#3564,#239,#3378,#302,#303,#734,#3379,#3380,#307,#1330,#248,#249,#1127,#251));
#3566= IFCPROPERTYSINGLEVALUE('NAME',$,IFCLABEL('ID Interconnecting OSBL Estabilizadora Temprana TTY'),$);
#3567= IFCPROPERTYSINGLEVALUE('MODEL',$,IFCLABEL('CIV-00-PL-1247-MURO CORTAFUEGO.db1'),$);
#3568= IFCPROPERTYSINGLEVALUE('LOCATION',$,IFCLABEL('NEUQU\S\IN'),$);
#3569= IFCPROPERTYSINGLEVALUE('DATE_START',$,IFCLABEL('fecha inicial'),$);
#3570= IFCPROPERTYSINGLEVALUE('DATE_END',$,IFCLABEL(''),$);
#3571= IFCPROPERTYSINGLEVALUE('DATE',$,$,$);
#3572= IFCPROPERTYSET('06_vhEw81D2weZngjlV1Ow',#5,'PROYECTO',$,(#3566,#3567,#3568,#3569,#3570,#3571));
#3573= IFCRELAGGREGATES('0QiAFx5RD9fPpGNTuO8Xat',#5,$,$,#36,(#40));
#3574= IFCRELAGGREGATES('1qdAj0p11Fhfo3oHOMXCGs',#5,$,$,#40,(#43));
#3575= IFCRELAGGREGATES('1pHOi9kaf70vbHg_XsX8Vm',#5,$,$,#43,(#45));
#3576= IFCRELAGGREGATES('2OH2AgZxPDgevIckCIGBHf',#5,$,$,#51,(#424,#395,#369,#358,#341,#330,#319,#292,#224,#109));
#3577= IFCRELAGGREGATES('3UdTmenn559Q3DLE$4eMZd',#5,$,$,#428,(#562,#542,#522,#511,#500,#489,#478,#467,#456,#439));
#3578= IFCRELAGGREGATES('1gmhpx32zFGfot2RC_Cqko',#5,$,$,#568,(#594));
#3579= IFCRELAGGREGATES('2YtokXupbA7wi5cal9opJI',#5,$,$,#633,(#644));
#3580= IFCRELAGGREGATES('0NmJ9owI96seEtnGUG2uFU',#5,$,$,#649,(#760,#725,#674));
#3581= IFCRELAGGREGATES('0w8C6eiKnB2QidfBjXcq6H',#5,$,$,#764,(#806,#789,#774));
#3582= IFCRELAGGREGATES('3iJDTTZjL7dxuMqV6biBgn',#5,$,$,#811,(#852,#835,#820));
#3583= IFCRELAGGREGATES('0mVVGiFLLAYwDhWh5g9xfJ',#5,$,$,#857,(#889));
#3584= IFCRELAGGREGATES('3Pfnsm2hf4f9Wt1BKsfFaH',#5,$,$,#899,(#919));
#3585= IFCRELAGGREGATES('3Le09uzLv0k9$c4qI39C9H',#5,$,$,#929,(#1064,#1044,#1024,#1013,#1002,#991,#980,#969,#957,#940));
#3586= IFCRELAGGREGATES('1n4X7MoJb1rQf14ShO8VOg',#5,$,$,#1068,(#3562,#3534,#3517,#3503,#3486,#3472,#3454,#3433,#3402,#3372,#3326,#3307,#3293,#3273,#3252,#3228,#3208,#3183,#3159,#3083,#3010,#2984,#2956,#2919,#2891,#2703,#2460,#2285,#2246,#2135,#2032,#1859,#1684,#1357,#1326,#1284,#1115));
#3587= IFCRELCONTAINEDINSPATIALSTRUCTURE('3v4gNUXgnDdRC6S5edptp8',#5,$,$,(#1068,#929,#899,#857,#811,#764,#649,#633,#568,#428,#51),#45);
#3588= IFCRELDEFINESBYPROPERTIES('3q0JfW1FHBoe$JOOBnFpna',#5,$,$,(#51),#78);
#3589= IFCRELDEFINESBYPROPERTIES('1XDlmipcnCxe6$tSSmzh5C',#5,$,$,(#929,#428,#51),#80);
#3590= IFCRELDEFINESBYPROPERTIES('3KG4dboUP4O9YpbWOjRc4x',#5,$,$,(#109),#115);
#3591= IFCRELDEFINESBYPROPERTIES('0ZWKZPOfv658Daczk4FUJl',#5,$,$,(#940,#439,#109),#125);
#3592= IFCRELDEFINESBYPROPERTIES('1SDtigw3j5fhYcnmCusdnC',#5,$,$,(#224),#252);
#3593= IFCRELDEFINESBYPROPERTIES('3vyQBiy1XClRX$GUL5IoC8',#5,$,$,(#292),#310);
#3594= IFCRELDEFINESBYPROPERTIES('3qXgNmOYX64On2V5BIlzD6',#5,$,$,(#319),#321);
#3595= IFCRELDEFINESBYPROPERTIES('3UBP1RwhT13B9gi7KB90M1',#5,$,$,(#330),#332);
#3596= IFCRELDEFINESBYPROPERTIES('1zx4oEB756ffvk79x4$kBs',#5,$,$,(#341),#343);
#3597= IFCRELDEFINESBYPROPERTIES('1fZGqOf0v6NOSpG2V8mxhE',#5,$,$,(#358),#360);
#3598= IFCRELDEFINESBYPROPERTIES('15Vw0UZ4bAEwfCvL8IEhqT',#5,$,$,(#369),#371);
#3599= IFCRELDEFINESBYPROPERTIES('1C4nMEOqH6egPs6113vOnS',#5,$,$,(#395),#400);
#3600= IFCRELDEFINESBYPROPERTIES('3VTtgAIknC$Q7htCQ9kxS1',#5,$,$,(#424),#426);
#3601= IFCRELDEFINESBYPROPERTIES('2qcZHHKTb5Su1Op2QiOlNm',#5,$,$,(#428),#432);
#3602= IFCRELDEFINESBYPROPERTIES('262XJVy4X1jfDcoWGzhJSs',#5,$,$,(#439),#441);
#3603= IFCRELDEFINESBYPROPERTIES('1$3alSXCr3kRI$jUOT9t$w',#5,$,$,(#456),#458);
#3604= IFCRELDEFINESBYPROPERTIES('2aXjrwmHn0duSRNXKvfrKm',#5,$,$,(#467),#469);
#3605= IFCRELDEFINESBYPROPERTIES('1R_z9BXwT0D9_dHkY18mOn',#5,$,$,(#478),#480);
#3606= IFCRELDEFINESBYPROPERTIES('2$QlBflyrAkvBEORZG86AU',#5,$,$,(#489),#491);
#3607= IFCRELDEFINESBYPROPERTIES('2$mHEXExvBie92CbDBWLGN',#5,$,$,(#500),#502);
#3608= IFCRELDEFINESBYPROPERTIES('1hVxOv57D8AhtzWY38GgKc',#5,$,$,(#511),#513);
#3609= IFCRELDEFINESBYPROPERTIES('2siOXg7gHClw9tfn9Et_NP',#5,$,$,(#522),#524);
#3610= IFCRELDEFINESBYPROPERTIES('2e0EVThav9D9JL90LJMkVf',#5,$,$,(#542),#544);
#3611= IFCRELDEFINESBYPROPERTIES('1IHKuX6DX2e8N7RoL5l5k0',#5,$,$,(#562),#564);
#3612= IFCRELDEFINESBYPROPERTIES('1LFWLxbhj0Ju0OzoABav1q',#5,$,$,(#568),#577);
#3613= IFCRELDEFINESBYPROPERTIES('3cs5MVz6T1QQTc2Qbz9aAb',#5,$,$,(#633,#568),#579);
#3614= IFCRELDEFINESBYPROPERTIES('26$b3SNm10Q9B9Z_YVXwiW',#5,$,$,(#594),#621);
#3615= IFCRELDEFINESBYPROPERTIES('1ViAPUA8zAV901vErFa0E0',#5,$,$,(#644,#594),#624);
#3616= IFCRELDEFINESBYPROPERTIES('38uVWJ4ELEjwYlhGRSDwF8',#5,$,$,(#644,#594),#629);
#3617= IFCRELDEFINESBYPROPERTIES('0gLI4mmkf0Xef_zeGCNAeg',#5,$,$,(#633),#638);
#3618= IFCRELDEFINESBYPROPERTIES('2el9vLK6T5Vf3_3rV4rqEp',#5,$,$,(#644),#646);
#3619= IFCRELDEFINESBYPROPERTIES('1cDrWnrBL4N8Np9FH_u6qb',#5,$,$,(#649),#658);
#3620= IFCRELDEFINESBYPROPERTIES('1aJ9hCjNf4zBvV9fRU05d1',#5,$,$,(#811,#764,#649),#660);
#3621= IFCRELDEFINESBYPROPERTIES('1BS183HXzDxgwb$jG67cBY',#5,$,$,(#820,#774,#674),#678);
#3622= IFCRELDEFINESBYPROPERTIES('1I67QO8iX4z9Pvi7KLz$rV',#5,$,$,(#820,#774,#674),#685);
#3623= IFCRELDEFINESBYPROPERTIES('2GCf3zPfrB49rHcGbNS9wU',#5,$,$,(#725),#740);
#3624= IFCRELDEFINESBYPROPERTIES('3I6I2ADlnAkgPaDgBa7oyS',#5,$,$,(#760),#762);
#3625= IFCRELDEFINESBYPROPERTIES('37iRc17HL9zg$l6L$nm5rp',#5,$,$,(#764),#768);
#3626= IFCRELDEFINESBYPROPERTIES('3cEg9BlOvFUBDe5ZVfH2N3',#5,$,$,(#789),#791);
#3627= IFCRELDEFINESBYPROPERTIES('0kbdfzeabAVeJpOnnxLCBM',#5,$,$,(#806),#808);
#3628= IFCRELDEFINESBYPROPERTIES('1OOM9_Db5EpepoIRS6k8Ax',#5,$,$,(#811),#814);
#3629= IFCRELDEFINESBYPROPERTIES('2IIbskH5jAYAGGH$kEqd19',#5,$,$,(#835),#837);
#3630= IFCRELDEFINESBYPROPERTIES('2HyeoubLD7UO6cy4MFXyBz',#5,$,$,(#852),#854);
#3631= IFCRELDEFINESBYPROPERTIES('0stqRbVJXFXf_Gtqfm8nRH',#5,$,$,(#857),#868);
#3632= IFCRELDEFINESBYPROPERTIES('0oTa4r8ab50w1DssxRdR83',#5,$,$,(#899,#857),#870);
#3633= IFCRELDEFINESBYPROPERTIES('3FFssLXlD3$wc2WGblB_Yu',#5,$,$,(#889),#892);
#3634= IFCRELDEFINESBYPROPERTIES('3VE0$myw193Q5A$YzuoLGS',#5,$,$,(#889),#896);
#3635= IFCRELDEFINESBYPROPERTIES('3TCiiNMZPF880mbXzcWpt9',#5,$,$,(#899),#907);
#3636= IFCRELDEFINESBYPROPERTIES('3k5jYH_h525QdVhLtDmjQl',#5,$,$,(#919),#922);
#3637= IFCRELDEFINESBYPROPERTIES('0NlaYSoXf4iAr0WhhT8nb3',#5,$,$,(#919),#926);
#3638= IFCRELDEFINESBYPROPERTIES('2MuJJloOj8G9YezmeIL029',#5,$,$,(#929),#933);
#3639= IFCRELDEFINESBYPROPERTIES('3I5AbjajL1R8LZLLy_tX82',#5,$,$,(#940),#942);
#3640= IFCRELDEFINESBYPROPERTIES('0YkXyPrsrCsum59478SlhS',#5,$,$,(#957),#960);
#3641= IFCRELDEFINESBYPROPERTIES('14A5gUMAX33e9XMi78MVRb',#5,$,$,(#969),#971);
#3642= IFCRELDEFINESBYPROPERTIES('2K9OhEEb10FvfO0gqbqFXT',#5,$,$,(#980),#982);
#3643= IFCRELDEFINESBYPROPERTIES('21qXxFx5zFnhd4rR5jn5WH',#5,$,$,(#991),#993);
#3644= IFCRELDEFINESBYPROPERTIES('2foWi2cX5EYeqxrOLBBes3',#5,$,$,(#1002),#1004);
#3645= IFCRELDEFINESBYPROPERTIES('1R$$r6$G9BD9grtEXhRhUk',#5,$,$,(#1013),#1015);
#3646= IFCRELDEFINESBYPROPERTIES('37P0biugnDLQnLku6gUHXC',#5,$,$,(#1024),#1026);
#3647= IFCRELDEFINESBYPROPERTIES('2Mk0Mkfur2Rfw5bIgJKsZ0',#5,$,$,(#1044),#1046);
#3648= IFCRELDEFINESBYPROPERTIES('35KY_Mk1vFZwFPTWmuzHDJ',#5,$,$,(#1064),#1066);
#3649= IFCRELDEFINESBYPROPERTIES('2uMB$vG6n73Qi4Zz1l6RzW',#5,$,$,(#1068),#1080);
#3650= IFCRELDEFINESBYPROPERTIES('2gGFg8Bnz9Q869pb1UynIP',#5,$,$,(#1068),#1082);
#3651= IFCRELDEFINESBYPROPERTIES('0AYxokFf92yvQFxT4$7oRX',#5,$,$,(#1115),#1131);
#3652= IFCRELDEFINESBYPROPERTIES('1Cx50FENjFDgrv_1omwP5J',#5,$,$,(#1115),#1133);
#3653= IFCRELDEFINESBYPROPERTIES('1sdVG7VYH3PRfTi_mhrDRC',#5,$,$,(#1115),#1138);
#3654= IFCRELDEFINESBYPROPERTIES('1M1GslBdjF7x7csbyV0BEL',#5,$,$,(#1284),#1298);
#3655= IFCRELDEFINESBYPROPERTIES('3WxBZj5CDBcwV7uLxa9Bao',#5,$,$,(#1326),#1331);
#3656= IFCRELDEFINESBYPROPERTIES('2oENNQ7Qn5_RiItzHKLFkT',#5,$,$,(#1357),#1359);
#3657= IFCRELDEFINESBYPROPERTIES('356tdxswv84BWwXu9jZ3gG',#5,$,$,(#1684),#1695);
#3658= IFCRELDEFINESBYPROPERTIES('2xLJmSwef3_exoIc3w1NA$',#5,$,$,(#1859),#1867);
#3659= IFCRELDEFINESBYPROPERTIES('0hbkstAwn0JvpgPghV0Bss',#5,$,$,(#2032),#2035);
#3660= IFCRELDEFINESBYPROPERTIES('0Nhvz$osj2Ch7g9f9NfjAC',#5,$,$,(#2135),#2141);
#3661= IFCRELDEFINESBYPROPERTIES('2wAiv6s8L1MPz2QzQrKtpV',#5,$,$,(#2246),#2249);
#3662= IFCRELDEFINESBYPROPERTIES('3ZjJTxcDz6g99dyZi7qveG',#5,$,$,(#2285),#2290);
#3663= IFCRELDEFINESBYPROPERTIES('2YfNz10sPDfwjSRvu8lwVj',#5,$,$,(#2460),#2470);
#3664= IFCRELDEFINESBYPROPERTIES('07XnnY4rr3a8vAt_77cpBL',#5,$,$,(#2703),#2712);
#3665= IFCRELDEFINESBYPROPERTIES('2fGGpyOGb3xRZIVoWMP5Xc',#5,$,$,(#2891),#2893);
#3666= IFCRELDEFINESBYPROPERTIES('3rW6WepS17vPpMYyZT7cLQ',#5,$,$,(#2919),#2926);
#3667= IFCRELDEFINESBYPROPERTIES('27uA_CJjn9fQtY0Er7PzWx',#5,$,$,(#2956),#2959);
#3668= IFCRELDEFINESBYPROPERTIES('2XaB8yLiT9dfBcDNixUIMG',#5,$,$,(#2984),#2986);
#3669= IFCRELDEFINESBYPROPERTIES('3Ve5L_x7z9vRKtdjLLMP1K',#5,$,$,(#3010),#3014);
#3670= IFCRELDEFINESBYPROPERTIES('3dROh0aLDCawju7CV$jfe6',#5,$,$,(#3083),#3092);
#3671= IFCRELDEFINESBYPROPERTIES('3jE0$niEfB6wcTPZP11M79',#5,$,$,(#3159),#3166);
#3672= IFCRELDEFINESBYPROPERTIES('0vLJPWZ1z9nxqhGuOiXOoq',#5,$,$,(#3183),#3190);
#3673= IFCRELDEFINESBYPROPERTIES('24fZnDUOv9F8Ex6pqOFED4',#5,$,$,(#3208),#3211);
#3674= IFCRELDEFINESBYPROPERTIES('1Vakq9dcb3cfUnrALA1zLX',#5,$,$,(#3228),#3236);
#3675= IFCRELDEFINESBYPROPERTIES('1v6PHpo4D8Wfs1Ou7RBrzv',#5,$,$,(#3252),#3254);
#3676= IFCRELDEFINESBYPROPERTIES('2fyZ2O6if2JhSJTzOMcVn_',#5,$,$,(#3273),#3279);
#3677= IFCRELDEFINESBYPROPERTIES('0$SWxc6Mj3Zhy5s2iOU7LL',#5,$,$,(#3293),#3295);
#3678= IFCRELDEFINESBYPROPERTIES('1$k7gMzsr5UuLCFOuVfD31',#5,$,$,(#3307),#3310);
#3679= IFCRELDEFINESBYPROPERTIES('1dBElbMtb3oA$zj2lXK0Yi',#5,$,$,(#3326),#3328);
#3680= IFCRELDEFINESBYPROPERTIES('27ipENkVP7beuxdnBnTpAr',#5,$,$,(#3372),#3381);
#3681= IFCRELDEFINESBYPROPERTIES('10i_MoxrP7VOLIsSuXRmcA',#5,$,$,(#3402),#3413);
#3682= IFCRELDEFINESBYPROPERTIES('2CL5wn37v4SARA4tMtUYrP',#5,$,$,(#3433),#3435);
#3683= IFCRELDEFINESBYPROPERTIES('20JYF9W0nD5A9_bEeeHeMe',#5,$,$,(#3454),#3456);
#3684= IFCRELDEFINESBYPROPERTIES('09KdWsl9TBjA9KCrUdpWZy',#5,$,$,(#3472),#3474);
#3685= IFCRELDEFINESBYPROPERTIES('2$iiVsoVj4De6tgOsbqqLP',#5,$,$,(#3486),#3488);
#3686= IFCRELDEFINESBYPROPERTIES('0HAKj2TUXCoOPwaqwLUE$o',#5,$,$,(#3503),#3505);
#3687= IFCRELDEFINESBYPROPERTIES('1HRvjZ1XzA1e4E7a82bG2_',#5,$,$,(#3517),#3519);
#3688= IFCRELDEFINESBYPROPERTIES('0R7sEz$En3ueLmif5QVlUm',#5,$,$,(#3534),#3536);
#3689= IFCRELDEFINESBYPROPERTIES('1LzgIAi1j9I8Fk3gE_83oh',#5,$,$,(#3562),#3565);
#3690= IFCRELDEFINESBYPROPERTIES('3YUjI6RW99$O1KeD7axqfW',#5,$,$,(#36),#3572);
#3691= IFCRELDEFINESBYTYPE('2m2F0sCn17VRlTwZLLGYtY',#5,$,$,(#644,#594),#595);
#3692= IFCRELDEFINESBYTYPE('1Iu2quItbDbfk_zFtyntfz',#5,$,$,(#820,#774,#674),#675);
#3693= IFCRELDEFINESBYTYPE('1KF3cxJGL3CPkVprsCU5uy',#5,$,$,(#889),#890);
#3694= IFCRELDEFINESBYTYPE('1$AbufV7n3Je1vSQpxt898',#5,$,$,(#919),#920);
#3695= IFCRELDEFINESBYTYPE('0mL$fuBYH2mQkUIowg2FWI',#5,$,$,(#1115),#1116);
#3696= IFCRELASSOCIATESMATERIAL('1m_T5RkO5BuATFigMGSt0Z',#5,$,$,(#1115,#940,#439,#109),#126);
#3697= IFCRELASSOCIATESMATERIAL('345OARJID89A0CcVbXc3Zd',#5,$,$,(#3562,#3534,#3517,#3503,#3486,#3472,#3454,#3433,#3402,#3372,#3326,#3307,#3293,#3273,#3252,#3228,#3208,#3183,#3159,#3083,#3010,#2984,#2956,#2919,#2891,#2703,#2460,#2285,#2246,#2135,#2032,#1859,#1684,#1357,#1326,#1284,#1064,#1044,#1024,#1013,#1002,#991,#980,#969,#957,#562,#542,#522,#511,#500,#489,#478,#467,#456,#424,#395,#369,#358,#341,#330,#319,#292,#224),#253);
#3698= IFCRELASSOCIATESMATERIAL('1p5s5HuNr4EQKYdEYtGnzb',#5,$,$,(#820,#774,#674,#644,#594),#630);
#3699= IFCRELASSOCIATESMATERIAL('2Fp4shNt59Yewl9UNHPlkw',#5,$,$,(#852,#835,#806,#789,#760,#725),#741);
#3700= IFCRELASSOCIATESMATERIAL('1WE2rxHrLDEQYrESDwI93w',#5,$,$,(#919,#889),#897);
#3701= IFCPRESENTATIONLAYERASSIGNMENT('SOPORTES PCP01',$,(#103,#434,#935),$);
#3702= IFCPRESENTATIONLAYERASSIGNMENT('ESTRIBO',$,(#219,#451,#952),$);
#3703= IFCPRESENTATIONLAYERASSIGNMENT('VERTICAL',$,(#287,#314,#325,#336,#353,#364,#390,#419,#462,#473,#484,#495,#506,#517,#537,#557,#964,#975,#986,#997,#1008,#1019,#1039,#1059),$);
#3704= IFCPRESENTATIONLAYERASSIGNMENT('VIGA',$,(#588,#639),$);
#3705= IFCPRESENTATIONLAYERASSIGNMENT('PLACA',$,(#668,#769,#815),$);
#3706= IFCPRESENTATIONLAYERASSIGNMENT('TRANSV INF',$,(#720,#755,#784,#801,#830,#847),$);
#3707= IFCPRESENTATIONLAYERASSIGNMENT('LOSA',$,(#883,#913),$);
#3708= IFCPRESENTATIONLAYERASSIGNMENT('MURO PCP01',$,(#1109),$);
#3709= IFCPRESENTATIONLAYERASSIGNMENT('LONG MURO',$,(#1278,#2885,#2913,#2950,#2979,#3004,#3178,#3202,#3223,#3245,#3266,#3286),$);
#3710= IFCPRESENTATIONLAYERASSIGNMENT('LONG NERVIO',$,(#1320,#1351,#2280,#3302,#3321),$);
#3711= IFCPRESENTATIONLAYERASSIGNMENT('ESTR NERVIO',$,(#1679),$);
#3712= IFCPRESENTATIONLAYERASSIGNMENT('TRANSV PLATEA  INF',$,(#1854),$);
#3713= IFCPRESENTATIONLAYERASSIGNMENT('TRANSV PLATEA SUP',$,(#2027),$);
#3714= IFCPRESENTATIONLAYERASSIGNMENT('LONG PLATEA INF',$,(#2130),$);
#3715= IFCPRESENTATIONLAYERASSIGNMENT('LONG PLATEA SUP',$,(#2241),$);
#3716= IFCPRESENTATIONLAYERASSIGNMENT('TRV MURO',$,(#2454,#2696,#3076,#3152,#3367,#3557),$);
#3717= IFCPRESENTATIONLAYERASSIGNMENT('REFUERZO',$,(#3395,#3427,#3448,#3466,#3481,#3498,#3512,#3529),$);
ENDSEC;

END-ISO-10303-21;
