ISO-10303-21;
HEADER;
FILE_DESCRIPTION(('ViewDefinition[CoordinationView_V2.0, QuantityTakeOffAddOnView]', 'Option [BaseQuantities:On]', 'Option [GridExport:Off]', 'Option [Assemblies:On]', 'Option [Bolts:On]', 'Option [Rebars:On]', 'Option [PourObjects:Off]', 'Option [Welds:On]', 'Option [SurfaceTreatments:On]', 'Option [LocationBy:-1]', 'Option [ViewColors:Off]', 'Option [SectionedSpine:Off]', 'Option [PropertySets:On]', 'Option [Export all:Off]'),'2;1');
FILE_NAME('SIM25031-A06-CIV-3D-3006-CROMATOGRAFO.ifc','2026-04-14T15:22:58',('HYTECH\\lfrechilla'),('Structural Designer'),'IFC Parser version: 3.13.2','Tekla Structures 2022 Service Pack 4, IFC Export Version: 4.0.0.0 Aug 24 2022','');
FILE_SCHEMA(('IFC2X3'));
ENDSEC;

DATA;
#1= IFCPERSON('HYTECH\\lfrechilla','Undefined',$,$,$,$,$,$);
#2= IFCORGANIZATION($,'Trimble Solutions Corporation',$,$,$);
#3= IFCPERSONANDORGANIZATION(#1,#2,$);
#4= IFCAPPLICATION(#2,'2022 Service Pack 4','Tekla Structures','Multi material modeling');
#5= IFCOWNERHISTORY(#3,#4,$,.NOCHANGE.,$,$,$,1776190977);
#6= IFCCARTESIANPOINT((0.,0.,0.));
#7= IFCDIRECTION((1.,0.,0.));
#8= IFCDIRECTION((0.,1.,0.));
#9= IFCDIRECTION((0.,0.,1.));
#10= IFCAXIS2PLACEMENT3D(#6,#9,#7);
#11= IFCDIRECTION((0.,1.));
#12= IFCGEOMETRICREPRESENTATIONCONTEXT($,'Model',3,1.E-05,#10,#11);
#13= IFCGEOMETRICREPRESENTATIONSUBCONTEXT('Body','Model',*,*,*,*,#12,$,.MODEL_VIEW.,$);
#14= IFCGEOMETRICREPRESENTATIONSUBCONTEXT('Axis','Model',*,*,*,*,#12,$,.GRAPH_VIEW.,$);
#15= IFCSIUNIT(*,.LENGTHUNIT.,.MILLI.,.METRE.);
#16= IFCMEASUREWITHUNIT(IFCRATIOMEASURE(304.8),#15);
#17= IFCDIMENSIONALEXPONENTS(1,0,0,0,0,0,0);
#18= IFCCONVERSIONBASEDUNIT(#17,.LENGTHUNIT.,'FOOT',#16);
#19= IFCSIUNIT(*,.AREAUNIT.,$,.SQUARE_METRE.);
#20= IFCMEASUREWITHUNIT(IFCRATIOMEASURE(0.09290304),#19);
#21= IFCDIMENSIONALEXPONENTS(2,0,0,0,0,0,0);
#22= IFCCONVERSIONBASEDUNIT(#21,.AREAUNIT.,'SQUARE FOOT',#20);
#23= IFCSIUNIT(*,.VOLUMEUNIT.,$,.CUBIC_METRE.);
#24= IFCMEASUREWITHUNIT(IFCRATIOMEASURE(0.028316846592),#23);
#25= IFCDIMENSIONALEXPONENTS(3,0,0,0,0,0,0);
#26= IFCCONVERSIONBASEDUNIT(#25,.VOLUMEUNIT.,'CUBIC FOOT',#24);
#27= IFCSIUNIT(*,.MASSUNIT.,.KILO.,.GRAM.);
#28= IFCSIUNIT(*,.TIMEUNIT.,$,.SECOND.);
#29= IFCSIUNIT(*,.PLANEANGLEUNIT.,$,.RADIAN.);
#30= IFCMEASUREWITHUNIT(IFCRATIOMEASURE(0.0174532925199433),#29);
#31= IFCDIMENSIONALEXPONENTS(0,0,0,0,0,0,0);
#32= IFCCONVERSIONBASEDUNIT(#31,.PLANEANGLEUNIT.,'DEGREE',#30);
#33= IFCSIUNIT(*,.SOLIDANGLEUNIT.,$,.STERADIAN.);
#34= IFCSIUNIT(*,.THERMODYNAMICTEMPERATUREUNIT.,$,.DEGREE_CELSIUS.);
#35= IFCSIUNIT(*,.LUMINOUSINTENSITYUNIT.,$,.LUMEN.);
#36= IFCUNITASSIGNMENT((#15,#19,#23,#27,#28,#29,#33,#34,#35));
#37= IFCPROJECT('3vNs2jQuPD6w$uHnMO7Knm',#5,'ID Interconnecting OSBL Estabilizadora Temprana TTY',$,$,$,$,(#12),#36);
#38= IFCCARTESIANPOINT((0.,0.,100000.));
#39= IFCAXIS2PLACEMENT3D(#38,#9,#7);
#40= IFCLOCALPLACEMENT($,#39);
#41= IFCSITE('1fsweHufDAxAhyXviKWxdp',#5,'Undefined',$,$,#40,$,$,.ELEMENT.,(0,0,0),(0,0,0),$,$,$);
#42= IFCPOSTALADDRESS($,$,$,'NEUQU\S\IN',$,$,$,$,$,$);
#43= IFCLOCALPLACEMENT(#40,#10);
#44= IFCBUILDING('3Fg$HTbcv9UOI5zYwfv70q',#5,'Undefined',$,$,#43,$,$,.ELEMENT.,$,$,#42);
#45= IFCLOCALPLACEMENT(#43,#10);
#46= IFCBUILDINGSTOREY('1tpqFI_RH4n8fgTCeR2iJd',#5,'Undefined',$,$,#45,$,$,.ELEMENT.,0.);
#47= IFCOWNERHISTORY(#3,#4,$,.NOCHANGE.,$,$,$,1772650800);
#48= IFCOWNERHISTORY(#3,#4,$,.NOCHANGE.,$,$,$,1772632800);
#49= IFCLOCALPLACEMENT(#45,#10);
#50= IFCELEMENTASSEMBLY('0jaDB0Aun6ZfrWSuGIljew',#48,'H\S\0 Limpieza',$,$,#49,$,'Z2',.NOTDEFINED.,.NOTDEFINED.);
#51= IFCPROPERTYSINGLEVALUE('AREA_FORM_BOTTOM',$,IFCAREAMEASURE(11.8825),$);
#52= IFCPROPERTYSINGLEVALUE('CAST_UNIT_REBAR_WEIGHT',$,IFCMASSMEASURE(0.),$);
#53= IFCPROPERTYSINGLEVALUE('CAST_UNIT_HEIGHT_TOTAL',$,IFCLENGTHMEASURE(2450.),$);
#54= IFCPROPERTYSINGLEVALUE('BOTTOM_LEVEL_BASEPOINT',$,IFCLABEL(' +98.950'),$);
#55= IFCPROPERTYSINGLEVALUE('TOP_LEVEL_BASEPOINT',$,IFCLABEL(' +99.000'),$);
#56= IFCPROPERTYSINGLEVALUE('COG_Y_BASEPOINT',$,IFCLENGTHMEASURE(397000.),$);
#57= IFCPROPERTYSINGLEVALUE('COG_X_BASEPOINT',$,IFCLENGTHMEASURE(430000.),$);
#58= IFCPROPERTYSINGLEVALUE('WEIGHT_NET',$,IFCMASSMEASURE(1425.9),$);
#59= IFCPROPERTYSINGLEVALUE('VOLUME_NET',$,IFCVOLUMEMEASURE(0.59413),$);
#60= IFCPROPERTYSINGLEVALUE('ATT_303_STATUS_OBRA',$,$,$);
#61= IFCPROPERTYSINGLEVALUE('ATT_303_STATUS_FUND',$,$,$);
#62= IFCPROPERTYSINGLEVALUE('ATT_303_PROVEEDOR_FUND',$,$,$);
#63= IFCPROPERTYSINGLEVALUE('ATT_303_MC_HYTECH',$,$,$);
#64= IFCPROPERTYSINGLEVALUE('ATT_303_PDH_HYTECH',$,$,$);
#65= IFCPROPERTYSINGLEVALUE('ATT_303_EWP_FUND',$,$,$);
#66= IFCPROPERTYSINGLEVALUE('ATT_303_DESC_EQUIP',$,$,$);
#67= IFCPROPERTYSINGLEVALUE('ATT_301_SUPPLIER_HYTECH',$,$,$);
#68= IFCPROPERTYSINGLEVALUE('ATT_301_OWNER_HYTECH',$,$,$);
#69= IFCPROPERTYSINGLEVALUE('ATT_301_GA_HYTECH',$,$,$);
#70= IFCPROPERTYSINGLEVALUE('HISTORY.CREATED_BY',$,IFCLABEL('HYTECH\\aperrotta'),$);
#71= IFCPROPERTYSINGLEVALUE('HISTORY.CREATED',$,IFCLABEL('03.03.2026 13:09:53'),$);
#72= IFCPROPERTYSINGLEVALUE('CREATED_BY',$,$,$);
#73= IFCPROPERTYSINGLEVALUE('HISTORY.MODIFIED_BY',$,IFCLABEL('HYTECH\\aperrotta'),$);
#74= IFCPROPERTYSINGLEVALUE('HISTORY.MODIFIED_ACTION',$,IFCLABEL('update'),$);
#75= IFCPROPERTYSINGLEVALUE('HISTORY.MODIFIED',$,IFCLABEL('04.03.2026 11:10:18'),$);
#76= IFCPROPERTYSINGLEVALUE('GUID',$,IFCLABEL('2d90d2c0-2b8c-468e-9d60-738412beda3a'),$);
#77= IFCPROPERTYSET('0DaPiHUob7yQmzOSUw4pAT',#5,'Fundacion',$,(#51,#52,#53,#54,#55,#56,#57,#58,#59,#60,#61,#62,#63,#64,#65,#66,#67,#68,#69,#70,#71,#72,#73,#74,#75,#76));
#78= IFCQUANTITYLENGTH('Width',$,$,4850.);
#79= IFCELEMENTQUANTITY('2vn7r$Nqn8kf48vHxUJ5nP',#5,'BaseQuantities',$,$,(#78));
#80= IFCCOLOURRGB('Light Yellow',1.,0.898039215686275,0.);
#81= IFCSURFACESTYLERENDERING(#80,0.,$,$,$,$,IFCNORMALISEDRATIOMEASURE(0.00390625),IFCSPECULAREXPONENT(10.),.NOTDEFINED.);
#82= IFCSURFACESTYLE('CONCRETE/H15',.POSITIVE.,(#81));
#83= IFCPRESENTATIONSTYLEASSIGNMENT((#82));
#84= IFCDIRECTION((1.,0.));
#85= IFCCARTESIANPOINT((0.,0.));
#86= IFCAXIS2PLACEMENT2D(#85,#84);
#87= IFCRECTANGLEPROFILEDEF(.AREA.,'2450*4850',#86,4850.,2450.);
#88= IFCDIRECTION((0.,-1.,0.));
#89= IFCDIRECTION((-1.,0.,0.));
#90= IFCCARTESIANPOINT((50.,0.,0.));
#91= IFCAXIS2PLACEMENT3D(#90,#89,#88);
#92= IFCEXTRUDEDAREASOLID(#87,#91,#9,50.);
#93= IFCSHAPEREPRESENTATION(#13,'Body','SweptSolid',(#92));
#94= IFCSTYLEDITEM(#92,(#83),$);
#95= IFCPRODUCTDEFINITIONSHAPE($,$,(#93));
#96= IFCCARTESIANPOINT((430000.,397000.,-1050.));
#97= IFCAXIS2PLACEMENT3D(#96,#89,#9);
#98= IFCLOCALPLACEMENT(#49,#97);
#99= IFCFOOTING('3ebuu8TbD4zBwgRsnd0lCU',#48,'H\S\0 Limpieza','2450*4850',$,#98,#95,'IDe8978e08-7653-44f4-beaa-6f6c6702f31e',.PAD_FOOTING.);
#100= IFCPROPERTYSINGLEVALUE('AREA_FORM_BOTTOM',$,IFCAREAMEASURE(0.2425),$);
#101= IFCPROPERTYSINGLEVALUE('CAST_UNIT_REBAR_WEIGHT',$,$,$);
#102= IFCPROPERTYSINGLEVALUE('CAST_UNIT_HEIGHT_TOTAL',$,$,$);
#103= IFCPROPERTYSINGLEVALUE('CREATED_BY',$,IFCLABEL('HYTECH\\aperrotta'),$);
#104= IFCPROPERTYSINGLEVALUE('GUID',$,IFCLABEL('e8978e08-7653-44f4-beaa-6f6c6702f31e'),$);
#105= IFCPROPERTYSET('34NK2nUsLF7vyLrRWHYCyO',#5,'Fundacion',$,(#100,#101,#102,#54,#55,#56,#57,#58,#59,#60,#61,#62,#63,#64,#65,#66,#67,#68,#69,#70,#71,#103,#73,#74,#75,#104));
#106= IFCQUANTITYLENGTH('Length',$,$,50.);
#107= IFCQUANTITYAREA('OuterSurfaceArea',$,$,24.495);
#108= IFCQUANTITYAREA('GrossSurfaceArea',$,$,24.495);
#109= IFCQUANTITYAREA('CrossSectionArea',$,$,11.8825);
#110= IFCQUANTITYVOLUME('NetVolume',$,$,0.594125);
#111= IFCQUANTITYVOLUME('GrossVolume',$,$,0.594125);
#112= IFCQUANTITYWEIGHT('NetWeight',$,$,1425.9);
#113= IFCQUANTITYWEIGHT('GrossWeight',$,$,1425.9);
#114= IFCQUANTITYLENGTH('Height',$,$,2450.);
#115= IFCELEMENTQUANTITY('2$C0yISF9EGuaZutb6G3_f',#5,'BaseQuantities',$,$,(#106,#107,#108,#109,#110,#111,#112,#113,#78,#114));
#116= IFCMATERIAL('CONCRETE/H15');
#117= IFCOWNERHISTORY(#3,#4,$,.NOCHANGE.,$,$,$,1774976400);
#118= IFCLOCALPLACEMENT(#45,#10);
#119= IFCELEMENTASSEMBLY('3GK5Ef_bPDWRhOGmpOBbZr',#117,'GROUT',$,$,#118,$,'Z1(?)',.NOTDEFINED.,.NOTDEFINED.);
#120= IFCPROPERTYSINGLEVALUE('AREA_FORM_BOTTOM',$,IFCAREAMEASURE(0.039),$);
#121= IFCPROPERTYSINGLEVALUE('CAST_UNIT_HEIGHT_TOTAL',$,IFCLENGTHMEASURE(360.),$);
#122= IFCPROPERTYSINGLEVALUE('BOTTOM_LEVEL_BASEPOINT',$,IFCLABEL(' +99.300'),$);
#123= IFCPROPERTYSINGLEVALUE('TOP_LEVEL_BASEPOINT',$,IFCLABEL(' +99.330'),$);
#124= IFCPROPERTYSINGLEVALUE('COG_Y_BASEPOINT',$,IFCLENGTHMEASURE(394935.),$);
#125= IFCPROPERTYSINGLEVALUE('COG_X_BASEPOINT',$,IFCLENGTHMEASURE(429090.),$);
#126= IFCPROPERTYSINGLEVALUE('WEIGHT_NET',$,IFCMASSMEASURE(3.8232),$);
#127= IFCPROPERTYSINGLEVALUE('VOLUME_NET',$,IFCVOLUMEMEASURE(0.00159),$);
#128= IFCPROPERTYSINGLEVALUE('HISTORY.MODIFIED_BY',$,IFCLABEL('HYTECH\\lfrechilla'),$);
#129= IFCPROPERTYSINGLEVALUE('HISTORY.MODIFIED',$,IFCLABEL('31.03.2026 14:20:59'),$);
#130= IFCPROPERTYSINGLEVALUE('GUID',$,IFCLABEL('d05053a9-fa56-4d81-bad8-430cd82e58f5'),$);
#131= IFCPROPERTYSET('0ZJMTnTyDDoh4Dgngavk1u',#5,'Fundacion',$,(#120,#52,#121,#122,#123,#124,#125,#126,#127,#60,#61,#62,#63,#64,#65,#66,#67,#68,#69,#70,#71,#72,#128,#74,#129,#130));
#132= IFCQUANTITYLENGTH('Width',$,$,190.);
#133= IFCELEMENTQUANTITY('0gW8MGnfz2uvKokX04jnkz',#5,'BaseQuantities',$,$,(#132));
#134= IFCCOLOURRGB('Light Red',0.905882352941176,0.325490196078431,0.36078431372549);
#135= IFCSURFACESTYLERENDERING(#134,0.,$,$,$,$,IFCNORMALISEDRATIOMEASURE(0.00390625),IFCSPECULAREXPONENT(10.),.NOTDEFINED.);
#136= IFCSURFACESTYLE('CONCRETE/H40',.POSITIVE.,(#135));
#137= IFCPRESENTATIONSTYLEASSIGNMENT((#136));
#138= IFCRECTANGLEPROFILEDEF(.AREA.,'360*190',#86,190.,360.);
#139= IFCCARTESIANPOINT((30.,0.,0.));
#140= IFCAXIS2PLACEMENT3D(#139,#89,#88);
#141= IFCEXTRUDEDAREASOLID(#138,#140,#9,30.);
#142= IFCSHAPEREPRESENTATION(#13,'Body','SweptSolid',(#141));
#143= IFCSTYLEDITEM(#141,(#137),$);
#144= IFCPRODUCTDEFINITIONSHAPE($,$,(#142));
#145= IFCCARTESIANPOINT((429090.,394935.,-700.));
#146= IFCAXIS2PLACEMENT3D(#145,#89,#9);
#147= IFCLOCALPLACEMENT(#118,#146);
#148= IFCFOOTING('0$CQi7a8LA_ODrGZIS2GN9',#117,'GROUT','360*190',$,#147,#144,'ID3f31ab07-9085-4af9-8375-42349c0905c9',.PAD_FOOTING.);
#149= IFCPROPERTYSINGLEVALUE('AREA_FORM_BOTTOM',$,IFCAREAMEASURE(0.),$);
#150= IFCPROPERTYSINGLEVALUE('GUID',$,IFCLABEL('3f31ab07-9085-4af9-8375-42349c0905c9'),$);
#151= IFCPROPERTYSET('2mv9aPgETE4O6TMGKsbQoe',#5,'Fundacion',$,(#149,#101,#102,#122,#123,#124,#125,#126,#127,#60,#61,#62,#63,#64,#65,#66,#67,#68,#69,#70,#71,#103,#128,#74,#129,#150));
#152= IFCQUANTITYLENGTH('Length',$,$,30.);
#153= IFCQUANTITYAREA('OuterSurfaceArea',$,$,0.148977878733769);
#154= IFCQUANTITYAREA('GrossSurfaceArea',$,$,0.1698);
#155= IFCQUANTITYAREA('CrossSectionArea',$,$,0.0684);
#156= IFCQUANTITYVOLUME('NetVolume',$,$,0.001593);
#157= IFCQUANTITYVOLUME('GrossVolume',$,$,0.002052);
#158= IFCQUANTITYWEIGHT('NetWeight',$,$,3.8232);
#159= IFCQUANTITYWEIGHT('GrossWeight',$,$,4.9248);
#160= IFCQUANTITYLENGTH('Height',$,$,360.);
#161= IFCELEMENTQUANTITY('1x9qyQrhr69QMTwatf4GBs',#5,'BaseQuantities',$,$,(#152,#153,#154,#155,#156,#157,#158,#159,#132,#160));
#162= IFCMATERIAL('CONCRETE/H40');
#163= IFCLOCALPLACEMENT(#45,#10);
#164= IFCELEMENTASSEMBLY('1JUBrrCAPDjOt8ydUdzCwH',#117,'GROUT',$,$,#163,$,'Z1(?)',.NOTDEFINED.,.NOTDEFINED.);
#165= IFCPROPERTYSINGLEVALUE('COG_Y_BASEPOINT',$,IFCLENGTHMEASURE(397065.),$);
#166= IFCPROPERTYSINGLEVALUE('GUID',$,IFCLABEL('5378bd75-30a6-4db5-8dc8-f277a7f4ce91'),$);
#167= IFCPROPERTYSET('1O6SAymN5CLOE$SfVMKQX9',#5,'Fundacion',$,(#120,#52,#121,#122,#123,#165,#125,#126,#127,#60,#61,#62,#63,#64,#65,#66,#67,#68,#69,#70,#71,#72,#128,#74,#129,#166));
#168= IFCSHAPEREPRESENTATION(#13,'Body','SweptSolid',(#141));
#169= IFCPRODUCTDEFINITIONSHAPE($,$,(#168));
#170= IFCCARTESIANPOINT((429090.,397065.,-700.));
#171= IFCAXIS2PLACEMENT3D(#170,#89,#9);
#172= IFCLOCALPLACEMENT(#163,#171);
#173= IFCFOOTING('0L8DWIfZvFlQq1LuaKkJPr',#117,'GROUT','360*190',$,#172,#169,'ID1520d812-a63e-4fbd-ad01-578914b93675',.PAD_FOOTING.);
#174= IFCPROPERTYSINGLEVALUE('GUID',$,IFCLABEL('1520d812-a63e-4fbd-ad01-578914b93675'),$);
#175= IFCPROPERTYSET('2GRDM0U$X1yeqPCGqOaJOl',#5,'Fundacion',$,(#149,#101,#102,#122,#123,#165,#125,#126,#127,#60,#61,#62,#63,#64,#65,#66,#67,#68,#69,#70,#71,#103,#128,#74,#129,#174));
#176= IFCLOCALPLACEMENT(#45,#10);
#177= IFCELEMENTASSEMBLY('06$$yZMX1DA9ZIK4Ah5av4',#117,'GROUT',$,$,#176,$,'Z1(?)',.NOTDEFINED.,.NOTDEFINED.);
#178= IFCPROPERTYSINGLEVALUE('COG_X_BASEPOINT',$,IFCLENGTHMEASURE(430910.),$);
#179= IFCPROPERTYSINGLEVALUE('GUID',$,IFCLABEL('06ffff23-5a10-4d28-98d2-5042ab164e44'),$);
#180= IFCPROPERTYSET('1EjA6nWlX1UQ$YJe$Fv2Im',#5,'Fundacion',$,(#120,#52,#121,#122,#123,#165,#178,#126,#127,#60,#61,#62,#63,#64,#65,#66,#67,#68,#69,#70,#71,#72,#128,#74,#129,#179));
#181= IFCSHAPEREPRESENTATION(#13,'Body','SweptSolid',(#141));
#182= IFCPRODUCTDEFINITIONSHAPE($,$,(#181));
#183= IFCCARTESIANPOINT((430910.,397065.,-700.));
#184= IFCAXIS2PLACEMENT3D(#183,#89,#9);
#185= IFCLOCALPLACEMENT(#176,#184);
#186= IFCFOOTING('2eAN0h2o95PwN0bKU7HE1G',#117,'GROUT','360*190',$,#185,#182,'IDa829702b-0b22-4567-a5c0-95478744e050',.PAD_FOOTING.);
#187= IFCPROPERTYSINGLEVALUE('GUID',$,IFCLABEL('a829702b-0b22-4567-a5c0-95478744e050'),$);
#188= IFCPROPERTYSET('01qqfYphvCbxbntp_Ravwi',#5,'Fundacion',$,(#149,#101,#102,#122,#123,#165,#178,#126,#127,#60,#61,#62,#63,#64,#65,#66,#67,#68,#69,#70,#71,#103,#128,#74,#129,#187));
#189= IFCLOCALPLACEMENT(#45,#10);
#190= IFCELEMENTASSEMBLY('3KL7atsRT6PQFqoC3i6rJY',#117,'GROUT',$,$,#189,$,'Z1(?)',.NOTDEFINED.,.NOTDEFINED.);
#191= IFCPROPERTYSINGLEVALUE('GUID',$,IFCLABEL('d4547937-d9b7-4665-a3f4-c8c0ec1b54e2'),$);
#192= IFCPROPERTYSET('3PAqqAwmP9LRzH$QMldWT$',#5,'Fundacion',$,(#120,#52,#121,#122,#123,#124,#178,#126,#127,#60,#61,#62,#63,#64,#65,#66,#67,#68,#69,#70,#71,#72,#128,#74,#129,#191));
#193= IFCSHAPEREPRESENTATION(#13,'Body','SweptSolid',(#141));
#194= IFCPRODUCTDEFINITIONSHAPE($,$,(#193));
#195= IFCCARTESIANPOINT((430910.,394935.,-700.));
#196= IFCAXIS2PLACEMENT3D(#195,#89,#9);
#197= IFCLOCALPLACEMENT(#189,#196);
#198= IFCFOOTING('3sWq0lcgz2TwshkSDXtB_g',#117,'GROUT','360*190',$,#197,#194,'IDf683402f-9aaf-4277-adab-b9c361dcbfaa',.PAD_FOOTING.);
#199= IFCPROPERTYSINGLEVALUE('GUID',$,IFCLABEL('f683402f-9aaf-4277-adab-b9c361dcbfaa'),$);
#200= IFCPROPERTYSET('0Dq1mJWz9APxifXkSslg75',#5,'Fundacion',$,(#149,#101,#102,#122,#123,#124,#178,#126,#127,#60,#61,#62,#63,#64,#65,#66,#67,#68,#69,#70,#71,#103,#128,#74,#129,#199));
#201= IFCOWNERHISTORY(#3,#4,$,.NOCHANGE.,$,$,$,1772557200);
#202= IFCOWNERHISTORY(#3,#4,$,.NOCHANGE.,$,$,$,1772636400);
#203= IFCLOCALPLACEMENT(#45,#10);
#204= IFCELEMENTASSEMBLY('3PHUD0yT18lAbXXHJdHx2K',#202,'Cromat\S\sgrafo',$,$,#203,$,'Z3(?)',.NOTDEFINED.,.NOTDEFINED.);
#205= IFCPROPERTYSINGLEVALUE('AREA_FORM_BOTTOM',$,IFCAREAMEASURE(7.1675),$);
#206= IFCPROPERTYSINGLEVALUE('CAST_UNIT_REBAR_WEIGHT',$,IFCMASSMEASURE(216.85667),$);
#207= IFCPROPERTYSINGLEVALUE('CAST_UNIT_HEIGHT_TOTAL',$,IFCLENGTHMEASURE(3350.0006),$);
#208= IFCPROPERTYSINGLEVALUE('BOTTOM_LEVEL_BASEPOINT',$,IFCLABEL(' +99.000'),$);
#209= IFCPROPERTYSINGLEVALUE('TOP_LEVEL_BASEPOINT',$,IFCLABEL(' +99.450'),$);
#210= IFCPROPERTYSINGLEVALUE('COG_Y_BASEPOINT',$,IFCLENGTHMEASURE(396912.09866),$);
#211= IFCPROPERTYSINGLEVALUE('WEIGHT_NET',$,IFCMASSMEASURE(8051.1),$);
#212= IFCPROPERTYSINGLEVALUE('VOLUME_NET',$,IFCVOLUMEMEASURE(3.35462),$);
#213= IFCPROPERTYSINGLEVALUE('HISTORY.MODIFIED',$,IFCLABEL('04.03.2026 12:59:04'),$);
#214= IFCPROPERTYSINGLEVALUE('GUID',$,IFCLABEL('d945e340-f1d0-48bc-a961-8514e747b094'),$);
#215= IFCPROPERTYSET('3mBKkJGbz1YQ6XYm6k_gpj',#5,'Fundacion',$,(#205,#206,#207,#208,#209,#210,#57,#211,#212,#60,#61,#62,#63,#64,#65,#66,#67,#68,#69,#70,#71,#72,#73,#74,#213,#214));
#216= IFCQUANTITYLENGTH('Width',$,$,4750.);
#217= IFCELEMENTQUANTITY('1$Ga9On5j4cRotJO0WpFoe',#5,'BaseQuantities',$,$,(#216));
#218= IFCCOLOURRGB('Dark Gray',0.709803921568627,0.403921568627451,0.2);
#219= IFCSURFACESTYLERENDERING(#218,0.,$,$,$,$,IFCNORMALISEDRATIOMEASURE(0.00390625),IFCSPECULAREXPONENT(10.),.NOTDEFINED.);
#220= IFCSURFACESTYLE('CONCRETE/H30',.POSITIVE.,(#219));
#221= IFCPRESENTATIONSTYLEASSIGNMENT((#220));
#222= IFCRECTANGLEPROFILEDEF(.AREA.,'2350*4750',#86,4750.,2350.);
#223= IFCCARTESIANPOINT((450.,0.,0.));
#224= IFCAXIS2PLACEMENT3D(#223,#89,#88);
#225= IFCEXTRUDEDAREASOLID(#222,#224,#9,450.);
#226= IFCCARTESIANPOINT((1735.65549566684,-5.82076609134674E-11));
#227= IFCCARTESIANPOINT((1735.65549566684,2349.99999999994));
#228= IFCCARTESIANPOINT((0.,2349.99999999983));
#229= IFCPOLYLINE((#85,#226,#227,#228,#85));
#230= IFCARBITRARYCLOSEDPROFILEDEF(.AREA.,'BL1404*1736',#229);
#231= IFCDIRECTION((-0.201652921037292,0.979457043181133,0.));
#232= IFCDIRECTION((0.979457043181133,0.201652921037292,0.));
#233= IFCCARTESIANPOINT((449.999999982148,674.999999956315,-1174.99999999988));
#234= IFCAXIS2PLACEMENT3D(#233,#232,#231);
#235= IFCEXTRUDEDAREASOLID(#230,#234,#9,1404.);
#236= IFCBOOLEANRESULT(.DIFFERENCE.,#225,#235);
#237= IFCRECTANGLEPROFILEDEF(.AREA.,'2350*2750',#86,2750.,2350.);
#238= IFCCARTESIANPOINT((800.,-1000.,0.));
#239= IFCAXIS2PLACEMENT3D(#238,#89,#88);
#240= IFCEXTRUDEDAREASOLID(#237,#239,#9,500.);
#241= IFCBOOLEANRESULT(.DIFFERENCE.,#236,#240);
#242= IFCSHAPEREPRESENTATION(#13,'Body','CSG',(#241));
#243= IFCSTYLEDITEM(#225,(#221),$);
#244= IFCPRODUCTDEFINITIONSHAPE($,$,(#242));
#245= IFCCARTESIANPOINT((430000.,397000.,-1000.));
#246= IFCAXIS2PLACEMENT3D(#245,#89,#9);
#247= IFCLOCALPLACEMENT(#203,#246);
#248= IFCFOOTING('15tWjJMNDA_gK0_3fPy5R$',#202,'Cromat\S\sgrafo','2350*4750',$,#247,#244,'ID45de0b53-5973-4afa-a500-f83a59f056ff',.PAD_FOOTING.);
#249= IFCPROPERTYSINGLEVALUE('AREA_FORM_BOTTOM',$,IFCAREAMEASURE(1.4275),$);
#250= IFCPROPERTYSINGLEVALUE('GUID',$,IFCLABEL('45de0b53-5973-4afa-a500-f83a59f056ff'),$);
#251= IFCPROPERTYSET('00XhXQoYTAk8HSRP14tTM4',#5,'Fundacion',$,(#249,#101,#102,#208,#209,#210,#57,#211,#212,#60,#61,#62,#63,#64,#65,#66,#67,#68,#69,#70,#71,#103,#73,#74,#213,#250));
#252= IFCQUANTITYLENGTH('Length',$,$,450.);
#253= IFCQUANTITYAREA('OuterSurfaceArea',$,$,26.5562904127287);
#254= IFCQUANTITYAREA('GrossSurfaceArea',$,$,28.715);
#255= IFCQUANTITYAREA('CrossSectionArea',$,$,11.1625);
#256= IFCQUANTITYVOLUME('NetVolume',$,$,3.35462499867498);
#257= IFCQUANTITYVOLUME('GrossVolume',$,$,5.023125);
#258= IFCQUANTITYWEIGHT('NetWeight',$,$,8051.09999681996);
#259= IFCQUANTITYWEIGHT('GrossWeight',$,$,12055.5);
#260= IFCQUANTITYLENGTH('Height',$,$,2350.);
#261= IFCELEMENTQUANTITY('3jlpWQOkD5bhpvgNWnuW85',#5,'BaseQuantities',$,$,(#252,#253,#254,#255,#256,#257,#258,#259,#216,#260));
#262= IFCMATERIAL('CONCRETE/H30');
#263= IFCCOLOURRGB('Dark Blue',0.117647058823529,0.262745098039216,0.513725490196078);
#264= IFCSURFACESTYLERENDERING(#263,0.,$,$,$,$,IFCNORMALISEDRATIOMEASURE(0.00390625),IFCSPECULAREXPONENT(10.),.NOTDEFINED.);
#265= IFCSURFACESTYLE('ADN-420',.POSITIVE.,(#264));
#266= IFCPRESENTATIONSTYLEASSIGNMENT((#265));
#267= IFCDIRECTION((0.,0.,-1.));
#268= IFCVECTOR(#267,1.);
#269= IFCLINE(#6,#268);
#270= IFCTRIMMEDCURVE(#269,(IFCPARAMETERVALUE(0.)),(IFCPARAMETERVALUE(120.)),.T.,.PARAMETER.);
#271= IFCCOMPOSITECURVESEGMENT(.CONTINUOUS.,.T.,#270);
#272= IFCCARTESIANPOINT((65.3125,0.,-120.));
#273= IFCAXIS2PLACEMENT3D(#272,#88,#89);
#274= IFCCIRCLE(#273,65.31);
#275= IFCTRIMMEDCURVE(#274,(IFCPARAMETERVALUE(0.)),(IFCPARAMETERVALUE(1.5707963267949)),.T.,.PARAMETER.);
#276= IFCCOMPOSITECURVESEGMENT(.CONTINUOUS.,.T.,#275);
#277= IFCCARTESIANPOINT((65.3125000000002,0.,-185.3125));
#278= IFCVECTOR(#7,1.);
#279= IFCLINE(#277,#278);
#280= IFCTRIMMEDCURVE(#279,(IFCPARAMETERVALUE(0.)),(IFCPARAMETERVALUE(4579.375)),.T.,.PARAMETER.);
#281= IFCCOMPOSITECURVESEGMENT(.DISCONTINUOUS.,.T.,#280);
#282= IFCCOMPOSITECURVE((#271,#276,#281),.F.);
#283= IFCSWEPTDISKSOLID(#282,5.3125,$,0.,4700.9457963268);
#284= IFCSTYLEDITEM(#283,(#266),$);
#285= IFCCARTESIANPOINT((55.3125,65.3125,240.625));
#286= IFCCARTESIANTRANSFORMATIONOPERATOR3D($,$,#285,$,$);
#287= IFCSHAPEREPRESENTATION(#13,'Body','AdvancedSweptSolid',(#283));
#288= IFCREPRESENTATIONMAP(#10,#287);
#289= IFCMAPPEDITEM(#288,#286);
#290= IFCCARTESIANPOINT((55.3125,213.270833333314,240.625));
#291= IFCCARTESIANTRANSFORMATIONOPERATOR3D($,$,#290,$,$);
#292= IFCSHAPEREPRESENTATION(#13,'Body','AdvancedSweptSolid',(#283));
#293= IFCREPRESENTATIONMAP(#10,#292);
#294= IFCMAPPEDITEM(#293,#291);
#295= IFCCARTESIANPOINT((55.3125,361.229166666686,240.625));
#296= IFCCARTESIANTRANSFORMATIONOPERATOR3D($,$,#295,$,$);
#297= IFCSHAPEREPRESENTATION(#13,'Body','AdvancedSweptSolid',(#283));
#298= IFCREPRESENTATIONMAP(#10,#297);
#299= IFCMAPPEDITEM(#298,#296);
#300= IFCCARTESIANPOINT((55.3125,509.1875,240.625));
#301= IFCCARTESIANTRANSFORMATIONOPERATOR3D($,$,#300,$,$);
#302= IFCSHAPEREPRESENTATION(#13,'Body','AdvancedSweptSolid',(#283));
#303= IFCREPRESENTATIONMAP(#10,#302);
#304= IFCMAPPEDITEM(#303,#301);
#305= IFCCARTESIANPOINT((55.3125,657.145833333372,240.625));
#306= IFCCARTESIANTRANSFORMATIONOPERATOR3D($,$,#305,$,$);
#307= IFCSHAPEREPRESENTATION(#13,'Body','AdvancedSweptSolid',(#283));
#308= IFCREPRESENTATIONMAP(#10,#307);
#309= IFCMAPPEDITEM(#308,#306);
#310= IFCCARTESIANPOINT((55.3125,805.104166666686,240.625));
#311= IFCCARTESIANTRANSFORMATIONOPERATOR3D($,$,#310,$,$);
#312= IFCSHAPEREPRESENTATION(#13,'Body','AdvancedSweptSolid',(#283));
#313= IFCREPRESENTATIONMAP(#10,#312);
#314= IFCMAPPEDITEM(#313,#311);
#315= IFCCARTESIANPOINT((55.3125,953.0625,240.625));
#316= IFCCARTESIANTRANSFORMATIONOPERATOR3D($,$,#315,$,$);
#317= IFCSHAPEREPRESENTATION(#13,'Body','AdvancedSweptSolid',(#283));
#318= IFCREPRESENTATIONMAP(#10,#317);
#319= IFCMAPPEDITEM(#318,#316);
#320= IFCCARTESIANPOINT((55.3125,1101.02083333337,240.625));
#321= IFCCARTESIANTRANSFORMATIONOPERATOR3D($,$,#320,$,$);
#322= IFCSHAPEREPRESENTATION(#13,'Body','AdvancedSweptSolid',(#283));
#323= IFCREPRESENTATIONMAP(#10,#322);
#324= IFCMAPPEDITEM(#323,#321);
#325= IFCCARTESIANPOINT((55.3125000000582,1248.97916666669,240.625));
#326= IFCCARTESIANTRANSFORMATIONOPERATOR3D($,$,#325,$,$);
#327= IFCSHAPEREPRESENTATION(#13,'Body','AdvancedSweptSolid',(#283));
#328= IFCREPRESENTATIONMAP(#10,#327);
#329= IFCMAPPEDITEM(#328,#326);
#330= IFCCARTESIANPOINT((55.3125000000582,1396.93750000006,240.625));
#331= IFCCARTESIANTRANSFORMATIONOPERATOR3D($,$,#330,$,$);
#332= IFCSHAPEREPRESENTATION(#13,'Body','AdvancedSweptSolid',(#283));
#333= IFCREPRESENTATIONMAP(#10,#332);
#334= IFCMAPPEDITEM(#333,#331);
#335= IFCCARTESIANPOINT((55.3125000000582,1544.89583333337,240.625));
#336= IFCCARTESIANTRANSFORMATIONOPERATOR3D($,$,#335,$,$);
#337= IFCSHAPEREPRESENTATION(#13,'Body','AdvancedSweptSolid',(#283));
#338= IFCREPRESENTATIONMAP(#10,#337);
#339= IFCMAPPEDITEM(#338,#336);
#340= IFCCARTESIANPOINT((55.3125000000582,1692.85416666669,240.625));
#341= IFCCARTESIANTRANSFORMATIONOPERATOR3D($,$,#340,$,$);
#342= IFCSHAPEREPRESENTATION(#13,'Body','AdvancedSweptSolid',(#283));
#343= IFCREPRESENTATIONMAP(#10,#342);
#344= IFCMAPPEDITEM(#343,#341);
#345= IFCCARTESIANPOINT((55.3125000000582,1840.81250000006,240.625));
#346= IFCCARTESIANTRANSFORMATIONOPERATOR3D($,$,#345,$,$);
#347= IFCSHAPEREPRESENTATION(#13,'Body','AdvancedSweptSolid',(#283));
#348= IFCREPRESENTATIONMAP(#10,#347);
#349= IFCMAPPEDITEM(#348,#346);
#350= IFCCARTESIANPOINT((55.3125000000582,1988.77083333337,240.625));
#351= IFCCARTESIANTRANSFORMATIONOPERATOR3D($,$,#350,$,$);
#352= IFCSHAPEREPRESENTATION(#13,'Body','AdvancedSweptSolid',(#283));
#353= IFCREPRESENTATIONMAP(#10,#352);
#354= IFCMAPPEDITEM(#353,#351);
#355= IFCCARTESIANPOINT((55.3125000000582,2136.72916666674,240.625));
#356= IFCCARTESIANTRANSFORMATIONOPERATOR3D($,$,#355,$,$);
#357= IFCSHAPEREPRESENTATION(#13,'Body','AdvancedSweptSolid',(#283));
#358= IFCREPRESENTATIONMAP(#10,#357);
#359= IFCMAPPEDITEM(#358,#356);
#360= IFCCARTESIANPOINT((55.3125000000582,2284.68750000006,240.625));
#361= IFCCARTESIANTRANSFORMATIONOPERATOR3D($,$,#360,$,$);
#362= IFCSHAPEREPRESENTATION(#13,'Body','AdvancedSweptSolid',(#283));
#363= IFCREPRESENTATIONMAP(#10,#362);
#364= IFCMAPPEDITEM(#363,#361);
#365= IFCSHAPEREPRESENTATION(#13,'Body','MappedRepresentation',(#289,#294,#299,#304,#309,#314,#319,#324,#329,#334,#339,#344,#349,#354,#359,#364));
#366= IFCPRODUCTDEFINITIONSHAPE($,$,(#365));
#367= IFCCARTESIANPOINT((431175.,394625.,-1000.00000000001));
#368= IFCAXIS2PLACEMENT3D(#367,#9,#8);
#369= IFCLOCALPLACEMENT(#203,#368);
#370= IFCREINFORCINGBAR('1AZQ88uqbAk8J7fDVbxJWw',#202,'INF.',$,$,#369,#366,'ID4a8da208-e349-4ab8-84c7-a4d7e5ed383a',$,10.625,0.,$,.NOTDEFINED.,.NULL.);
#371= IFCPROPERTYSINGLEVALUE('WEIGHT_TOTAL_IN_GROUP',$,IFCMASSMEASURE(47.40473),$);
#372= IFCPROPERTYSINGLEVALUE('SHAPE',$,IFCLABEL('F102'),$);
#373= IFCPROPERTYSINGLEVALUE('REBAR_POS',$,IFCLABEL('21'),$);
#374= IFCPROPERTYSINGLEVALUE('NUMBER_OF_BARS_IN_GROUP',$,IFCINTEGER(16),$);
#375= IFCPROPERTYSINGLEVALUE('MATERIAL',$,IFCLABEL('ADN-420'),$);
#376= IFCPROPERTYSINGLEVALUE('MODEL_TOTAL',$,$,$);
#377= IFCPROPERTYSINGLEVALUE('NAME',$,IFCLABEL('INF.'),$);
#378= IFCPROPERTYSINGLEVALUE('LAYER',$,IFCLABEL(''),$);
#379= IFCPROPERTYSINGLEVALUE('HOOK_START_LENGTH',$,$,$);
#380= IFCPROPERTYSINGLEVALUE('HOOK_START_ANGLE',$,$,$);
#381= IFCPROPERTYSINGLEVALUE('HOOK_END_LENGTH',$,$,$);
#382= IFCPROPERTYSINGLEVALUE('HOOK_END_ANGLE',$,IFCLABEL('90.000'),$);
#383= IFCPROPERTYSINGLEVALUE('GUID',$,IFCLABEL('4a8da208-e349-4ab8-84c7-a4d7e5ed383a'),$);
#384= IFCPROPERTYSINGLEVALUE('GRADE',$,IFCLABEL('ADN-420'),$);
#385= IFCPROPERTYSINGLEVALUE('DIM_L',$,IFCLENGTHMEASURE(4840.),$);
#386= IFCPROPERTYSINGLEVALUE('DIM_E',$,$,$);
#387= IFCPROPERTYSINGLEVALUE('DIM_D',$,$,$);
#388= IFCPROPERTYSINGLEVALUE('DIM_C',$,$,$);
#389= IFCPROPERTYSINGLEVALUE('DIM_B',$,IFCLENGTHMEASURE(190.),$);
#390= IFCPROPERTYSINGLEVALUE('DIM_A',$,IFCLENGTHMEASURE(4650.),$);
#391= IFCPROPERTYSINGLEVALUE('DIAMETER_NOMINAL',$,IFCLENGTHMEASURE(10.),$);
#392= IFCPROPERTYSINGLEVALUE('CONCRETE_COVER_ON_PLANE_MIN',$,IFCLENGTHMEASURE(50.),$);
#393= IFCPROPERTYSINGLEVALUE('CC_TARGET',$,IFCLENGTHMEASURE(150.),$);
#394= IFCPROPERTYSINGLEVALUE('CATALOG_NAME',$,IFCLABEL(''),$);
#395= IFCPROPERTYSINGLEVALUE('CAST_UNIT_POS',$,IFCLABEL('Z3(?)'),$);
#396= IFCPROPERTYSINGLEVALUE('ADDED_TO_POUR_UNIT',$,IFCINTEGER(0),$);
#397= IFCPROPERTYSET('0f_NZEAEvCgAubbtAJ0O4p',#5,'Rebar_properties',$,(#73,#74,#213,#70,#71,#371,#372,#373,#374,#375,#376,#377,#378,#379,#380,#381,#382,#383,#384,#385,#386,#387,#388,#389,#390,#391,#392,#393,#394,#395,#396));
#398= IFCMATERIAL('ADN-420');
#399= IFCTRIMMEDCURVE(#269,(IFCPARAMETERVALUE(0.)),(IFCPARAMETERVALUE(120.000000000001)),.T.,.PARAMETER.);
#400= IFCCOMPOSITECURVESEGMENT(.CONTINUOUS.,.T.,#399);
#401= IFCTRIMMEDCURVE(#279,(IFCPARAMETERVALUE(0.)),(IFCPARAMETERVALUE(2088.74999999994)),.T.,.PARAMETER.);
#402= IFCCOMPOSITECURVESEGMENT(.CONTINUOUS.,.T.,#401);
#403= IFCCARTESIANPOINT((2154.06249999994,0.,-120.000000000018));
#404= IFCAXIS2PLACEMENT3D(#403,#88,#267);
#405= IFCCIRCLE(#404,65.31);
#406= IFCTRIMMEDCURVE(#405,(IFCPARAMETERVALUE(0.)),(IFCPARAMETERVALUE(1.5707963267949)),.T.,.PARAMETER.);
#407= IFCCOMPOSITECURVESEGMENT(.CONTINUOUS.,.T.,#406);
#408= IFCCARTESIANPOINT((2219.37499999994,0.,-120.000000000018));
#409= IFCVECTOR(#9,1.);
#410= IFCLINE(#408,#409);
#411= IFCTRIMMEDCURVE(#410,(IFCPARAMETERVALUE(0.)),(IFCPARAMETERVALUE(119.999999999999)),.T.,.PARAMETER.);
#412= IFCCOMPOSITECURVESEGMENT(.DISCONTINUOUS.,.T.,#411);
#413= IFCCOMPOSITECURVE((#400,#276,#402,#407,#412),.F.);
#414= IFCSWEPTDISKSOLID(#413,5.3125,$,0.,2331.89159265353);
#415= IFCSTYLEDITEM(#414,(#266),$);
#416= IFCCARTESIANPOINT((65.3125,95.3125,250.625000000001));
#417= IFCCARTESIANTRANSFORMATIONOPERATOR3D($,$,#416,$,$);
#418= IFCSHAPEREPRESENTATION(#13,'Body','AdvancedSweptSolid',(#414));
#419= IFCREPRESENTATIONMAP(#10,#418);
#420= IFCMAPPEDITEM(#419,#417);
#421= IFCTRIMMEDCURVE(#269,(IFCPARAMETERVALUE(0.)),(IFCPARAMETERVALUE(120.)),.T.,.PARAMETER.);
#422= IFCCOMPOSITECURVESEGMENT(.CONTINUOUS.,.T.,#421);
#423= IFCCOMPOSITECURVE((#422,#276,#402,#407,#412),.F.);
#424= IFCSWEPTDISKSOLID(#423,5.3125,$,0.,2331.89159265353);
#425= IFCSTYLEDITEM(#424,(#266),$);
#426= IFCCARTESIANPOINT((65.3125,245.3125,250.625000000002));
#427= IFCCARTESIANTRANSFORMATIONOPERATOR3D($,$,#426,$,$);
#428= IFCSHAPEREPRESENTATION(#13,'Body','AdvancedSweptSolid',(#424));
#429= IFCREPRESENTATIONMAP(#10,#428);
#430= IFCMAPPEDITEM(#429,#427);
#431= IFCCARTESIANPOINT((65.3125,395.3125,250.625000000003));
#432= IFCCARTESIANTRANSFORMATIONOPERATOR3D($,$,#431,$,$);
#433= IFCSHAPEREPRESENTATION(#13,'Body','AdvancedSweptSolid',(#414));
#434= IFCREPRESENTATIONMAP(#10,#433);
#435= IFCMAPPEDITEM(#434,#432);
#436= IFCCARTESIANPOINT((65.3125000000582,545.3125,250.625000000004));
#437= IFCCARTESIANTRANSFORMATIONOPERATOR3D($,$,#436,$,$);
#438= IFCSHAPEREPRESENTATION(#13,'Body','AdvancedSweptSolid',(#414));
#439= IFCREPRESENTATIONMAP(#10,#438);
#440= IFCMAPPEDITEM(#439,#437);
#441= IFCCARTESIANPOINT((65.3125000000582,695.3125,250.625000000005));
#442= IFCCARTESIANTRANSFORMATIONOPERATOR3D($,$,#441,$,$);
#443= IFCSHAPEREPRESENTATION(#13,'Body','AdvancedSweptSolid',(#414));
#444= IFCREPRESENTATIONMAP(#10,#443);
#445= IFCMAPPEDITEM(#444,#442);
#446= IFCTRIMMEDCURVE(#410,(IFCPARAMETERVALUE(0.)),(IFCPARAMETERVALUE(120.)),.T.,.PARAMETER.);
#447= IFCCOMPOSITECURVESEGMENT(.DISCONTINUOUS.,.T.,#446);
#448= IFCCOMPOSITECURVE((#422,#276,#402,#407,#447),.F.);
#449= IFCSWEPTDISKSOLID(#448,5.3125,$,0.,2331.89159265353);
#450= IFCSTYLEDITEM(#449,(#266),$);
#451= IFCCARTESIANPOINT((65.3125000000582,845.3125,250.625000000007));
#452= IFCCARTESIANTRANSFORMATIONOPERATOR3D($,$,#451,$,$);
#453= IFCSHAPEREPRESENTATION(#13,'Body','AdvancedSweptSolid',(#449));
#454= IFCREPRESENTATIONMAP(#10,#453);
#455= IFCMAPPEDITEM(#454,#452);
#456= IFCCARTESIANPOINT((65.3125000000582,995.3125,250.625000000008));
#457= IFCCARTESIANTRANSFORMATIONOPERATOR3D($,$,#456,$,$);
#458= IFCSHAPEREPRESENTATION(#13,'Body','AdvancedSweptSolid',(#414));
#459= IFCREPRESENTATIONMAP(#10,#458);
#460= IFCMAPPEDITEM(#459,#457);
#461= IFCCARTESIANPOINT((65.3125000000582,1145.3125,250.625000000009));
#462= IFCCARTESIANTRANSFORMATIONOPERATOR3D($,$,#461,$,$);
#463= IFCSHAPEREPRESENTATION(#13,'Body','AdvancedSweptSolid',(#414));
#464= IFCREPRESENTATIONMAP(#10,#463);
#465= IFCMAPPEDITEM(#464,#462);
#466= IFCCARTESIANPOINT((65.3125000000582,1295.3125,250.62500000001));
#467= IFCCARTESIANTRANSFORMATIONOPERATOR3D($,$,#466,$,$);
#468= IFCSHAPEREPRESENTATION(#13,'Body','AdvancedSweptSolid',(#414));
#469= IFCREPRESENTATIONMAP(#10,#468);
#470= IFCMAPPEDITEM(#469,#467);
#471= IFCCOMPOSITECURVE((#400,#276,#402,#407,#447),.F.);
#472= IFCSWEPTDISKSOLID(#471,5.3125,$,0.,2331.89159265353);
#473= IFCSTYLEDITEM(#472,(#266),$);
#474= IFCCARTESIANPOINT((65.3125000001164,1445.3125,250.625000000011));
#475= IFCCARTESIANTRANSFORMATIONOPERATOR3D($,$,#474,$,$);
#476= IFCSHAPEREPRESENTATION(#13,'Body','AdvancedSweptSolid',(#472));
#477= IFCREPRESENTATIONMAP(#10,#476);
#478= IFCMAPPEDITEM(#477,#475);
#479= IFCCARTESIANPOINT((65.3125000001164,1595.3125,250.625000000013));
#480= IFCCARTESIANTRANSFORMATIONOPERATOR3D($,$,#479,$,$);
#481= IFCSHAPEREPRESENTATION(#13,'Body','AdvancedSweptSolid',(#414));
#482= IFCREPRESENTATIONMAP(#10,#481);
#483= IFCMAPPEDITEM(#482,#480);
#484= IFCCARTESIANPOINT((65.3125000001164,1745.3125,250.625000000014));
#485= IFCCARTESIANTRANSFORMATIONOPERATOR3D($,$,#484,$,$);
#486= IFCSHAPEREPRESENTATION(#13,'Body','AdvancedSweptSolid',(#414));
#487= IFCREPRESENTATIONMAP(#10,#486);
#488= IFCMAPPEDITEM(#487,#485);
#489= IFCCARTESIANPOINT((65.3125000001164,1895.3125,250.625000000015));
#490= IFCCARTESIANTRANSFORMATIONOPERATOR3D($,$,#489,$,$);
#491= IFCSHAPEREPRESENTATION(#13,'Body','AdvancedSweptSolid',(#414));
#492= IFCREPRESENTATIONMAP(#10,#491);
#493= IFCMAPPEDITEM(#492,#490);
#494= IFCCARTESIANPOINT((65.3125000001164,2045.3125,250.625000000016));
#495= IFCCARTESIANTRANSFORMATIONOPERATOR3D($,$,#494,$,$);
#496= IFCSHAPEREPRESENTATION(#13,'Body','AdvancedSweptSolid',(#414));
#497= IFCREPRESENTATIONMAP(#10,#496);
#498= IFCMAPPEDITEM(#497,#495);
#499= IFCCARTESIANPOINT((65.3125000001164,2195.3125,250.625000000017));
#500= IFCCARTESIANTRANSFORMATIONOPERATOR3D($,$,#499,$,$);
#501= IFCSHAPEREPRESENTATION(#13,'Body','AdvancedSweptSolid',(#414));
#502= IFCREPRESENTATIONMAP(#10,#501);
#503= IFCMAPPEDITEM(#502,#500);
#504= IFCCARTESIANPOINT((65.3125000001746,2345.3125,250.625000000019));
#505= IFCCARTESIANTRANSFORMATIONOPERATOR3D($,$,#504,$,$);
#506= IFCSHAPEREPRESENTATION(#13,'Body','AdvancedSweptSolid',(#414));
#507= IFCREPRESENTATIONMAP(#10,#506);
#508= IFCMAPPEDITEM(#507,#505);
#509= IFCCARTESIANPOINT((65.3125000001746,2495.3125,250.62500000002));
#510= IFCCARTESIANTRANSFORMATIONOPERATOR3D($,$,#509,$,$);
#511= IFCSHAPEREPRESENTATION(#13,'Body','AdvancedSweptSolid',(#414));
#512= IFCREPRESENTATIONMAP(#10,#511);
#513= IFCMAPPEDITEM(#512,#510);
#514= IFCCARTESIANPOINT((65.3125000001746,2645.3125,250.625000000021));
#515= IFCCARTESIANTRANSFORMATIONOPERATOR3D($,$,#514,$,$);
#516= IFCSHAPEREPRESENTATION(#13,'Body','AdvancedSweptSolid',(#414));
#517= IFCREPRESENTATIONMAP(#10,#516);
#518= IFCMAPPEDITEM(#517,#515);
#519= IFCSHAPEREPRESENTATION(#13,'Body','MappedRepresentation',(#420,#430,#435,#440,#445,#455,#460,#465,#470,#478,#483,#488,#493,#498,#503,#508,#513,#518));
#520= IFCPRODUCTDEFINITIONSHAPE($,$,(#519));
#521= IFCCARTESIANPOINT((431175.,394625.,-700.000000000015));
#522= IFCAXIS2PLACEMENT3D(#521,#267,#89);
#523= IFCLOCALPLACEMENT(#203,#522);
#524= IFCREINFORCINGBAR('2dPPdM8sP9Qxbw$n57ScIQ',#202,'SUP.',$,$,#523,#520,'IDa76599d6-2366-496b-b97a-ff114772649a',$,10.625,0.,$,.NOTDEFINED.,.NULL.);
#525= IFCPROPERTYSINGLEVALUE('WEIGHT_TOTAL_IN_GROUP',$,IFCMASSMEASURE(28.14137),$);
#526= IFCPROPERTYSINGLEVALUE('SHAPE',$,IFCLABEL('F105'),$);
#527= IFCPROPERTYSINGLEVALUE('REBAR_POS',$,IFCLABEL('22'),$);
#528= IFCPROPERTYSINGLEVALUE('NUMBER_OF_BARS_IN_GROUP',$,IFCINTEGER(18),$);
#529= IFCPROPERTYSINGLEVALUE('NAME',$,IFCLABEL('SUP.'),$);
#530= IFCPROPERTYSINGLEVALUE('HOOK_START_ANGLE',$,IFCLABEL('90.000'),$);
#531= IFCPROPERTYSINGLEVALUE('GUID',$,IFCLABEL('a76599d6-2366-496b-b97a-ff114772649a'),$);
#532= IFCPROPERTYSINGLEVALUE('DIM_L',$,IFCLENGTHMEASURE(2610.),$);
#533= IFCPROPERTYSINGLEVALUE('DIM_C',$,IFCLENGTHMEASURE(190.),$);
#534= IFCPROPERTYSINGLEVALUE('DIM_B',$,IFCLENGTHMEASURE(2230.),$);
#535= IFCPROPERTYSINGLEVALUE('DIM_A',$,IFCLENGTHMEASURE(190.),$);
#536= IFCPROPERTYSINGLEVALUE('CONCRETE_COVER_ON_PLANE_MIN',$,IFCLENGTHMEASURE(60.),$);
#537= IFCPROPERTYSET('3pXac8SVzEhRWG0cggwTCX',#5,'Rebar_properties',$,(#73,#74,#213,#70,#71,#525,#526,#527,#528,#375,#376,#529,#378,#379,#530,#381,#382,#531,#384,#532,#386,#387,#533,#534,#535,#391,#536,#393,#394,#395,#396));
#538= IFCLINE(#6,#409);
#539= IFCTRIMMEDCURVE(#538,(IFCPARAMETERVALUE(0.)),(IFCPARAMETERVALUE(120.)),.T.,.PARAMETER.);
#540= IFCCOMPOSITECURVESEGMENT(.CONTINUOUS.,.T.,#539);
#541= IFCCARTESIANPOINT((65.3125,0.,120.));
#542= IFCAXIS2PLACEMENT3D(#541,#8,#89);
#543= IFCCIRCLE(#542,65.31);
#544= IFCTRIMMEDCURVE(#543,(IFCPARAMETERVALUE(0.)),(IFCPARAMETERVALUE(1.5707963267949)),.T.,.PARAMETER.);
#545= IFCCOMPOSITECURVESEGMENT(.CONTINUOUS.,.T.,#544);
#546= IFCCARTESIANPOINT((65.3125,0.,185.3125));
#547= IFCLINE(#546,#278);
#548= IFCTRIMMEDCURVE(#547,(IFCPARAMETERVALUE(0.)),(IFCPARAMETERVALUE(2088.75)),.T.,.PARAMETER.);
#549= IFCCOMPOSITECURVESEGMENT(.CONTINUOUS.,.T.,#548);
#550= IFCCARTESIANPOINT((2154.0625,0.,120.));
#551= IFCAXIS2PLACEMENT3D(#550,#8,#9);
#552= IFCCIRCLE(#551,65.31);
#553= IFCTRIMMEDCURVE(#552,(IFCPARAMETERVALUE(0.)),(IFCPARAMETERVALUE(1.5707963267949)),.T.,.PARAMETER.);
#554= IFCCOMPOSITECURVESEGMENT(.CONTINUOUS.,.T.,#553);
#555= IFCCARTESIANPOINT((2219.375,0.,120.));
#556= IFCLINE(#555,#268);
#557= IFCTRIMMEDCURVE(#556,(IFCPARAMETERVALUE(0.)),(IFCPARAMETERVALUE(120.)),.T.,.PARAMETER.);
#558= IFCCOMPOSITECURVESEGMENT(.DISCONTINUOUS.,.T.,#557);
#559= IFCCOMPOSITECURVE((#540,#545,#549,#554,#558),.F.);
#560= IFCSWEPTDISKSOLID(#559,5.3125,$,0.,2331.89159265359);
#561= IFCSTYLEDITEM(#560,(#266),$);
#562= IFCCARTESIANPOINT((65.3125,85.3125,-250.624999999998));
#563= IFCCARTESIANTRANSFORMATIONOPERATOR3D($,$,#562,$,$);
#564= IFCSHAPEREPRESENTATION(#13,'Body','AdvancedSweptSolid',(#560));
#565= IFCREPRESENTATIONMAP(#10,#564);
#566= IFCMAPPEDITEM(#565,#563);
#567= IFCCARTESIANPOINT((65.3125,235.3125,-250.624999999995));
#568= IFCCARTESIANTRANSFORMATIONOPERATOR3D($,$,#567,$,$);
#569= IFCSHAPEREPRESENTATION(#13,'Body','AdvancedSweptSolid',(#560));
#570= IFCREPRESENTATIONMAP(#10,#569);
#571= IFCMAPPEDITEM(#570,#568);
#572= IFCCARTESIANPOINT((65.3125,385.3125,-250.624999999992));
#573= IFCCARTESIANTRANSFORMATIONOPERATOR3D($,$,#572,$,$);
#574= IFCSHAPEREPRESENTATION(#13,'Body','AdvancedSweptSolid',(#560));
#575= IFCREPRESENTATIONMAP(#10,#574);
#576= IFCMAPPEDITEM(#575,#573);
#577= IFCCARTESIANPOINT((65.3125,535.3125,-250.624999999989));
#578= IFCCARTESIANTRANSFORMATIONOPERATOR3D($,$,#577,$,$);
#579= IFCSHAPEREPRESENTATION(#13,'Body','AdvancedSweptSolid',(#560));
#580= IFCREPRESENTATIONMAP(#10,#579);
#581= IFCMAPPEDITEM(#580,#578);
#582= IFCCARTESIANPOINT((65.3125,685.3125,-250.624999999985));
#583= IFCCARTESIANTRANSFORMATIONOPERATOR3D($,$,#582,$,$);
#584= IFCSHAPEREPRESENTATION(#13,'Body','AdvancedSweptSolid',(#560));
#585= IFCREPRESENTATIONMAP(#10,#584);
#586= IFCMAPPEDITEM(#585,#583);
#587= IFCCARTESIANPOINT((65.3125,835.3125,-250.624999999982));
#588= IFCCARTESIANTRANSFORMATIONOPERATOR3D($,$,#587,$,$);
#589= IFCSHAPEREPRESENTATION(#13,'Body','AdvancedSweptSolid',(#560));
#590= IFCREPRESENTATIONMAP(#10,#589);
#591= IFCMAPPEDITEM(#590,#588);
#592= IFCCARTESIANPOINT((65.3125,985.3125,-250.624999999979));
#593= IFCCARTESIANTRANSFORMATIONOPERATOR3D($,$,#592,$,$);
#594= IFCSHAPEREPRESENTATION(#13,'Body','AdvancedSweptSolid',(#560));
#595= IFCREPRESENTATIONMAP(#10,#594);
#596= IFCMAPPEDITEM(#595,#593);
#597= IFCTRIMMEDCURVE(#538,(IFCPARAMETERVALUE(0.)),(IFCPARAMETERVALUE(120.)),.T.,.PARAMETER.);
#598= IFCCOMPOSITECURVESEGMENT(.CONTINUOUS.,.T.,#597);
#599= IFCTRIMMEDCURVE(#556,(IFCPARAMETERVALUE(0.)),(IFCPARAMETERVALUE(120.)),.T.,.PARAMETER.);
#600= IFCCOMPOSITECURVESEGMENT(.DISCONTINUOUS.,.T.,#599);
#601= IFCCOMPOSITECURVE((#598,#545,#549,#554,#600),.F.);
#602= IFCSWEPTDISKSOLID(#601,5.3125,$,0.,2331.89159265359);
#603= IFCSTYLEDITEM(#602,(#266),$);
#604= IFCCARTESIANPOINT((65.3125,1135.3125,-250.624999999976));
#605= IFCCARTESIANTRANSFORMATIONOPERATOR3D($,$,#604,$,$);
#606= IFCSHAPEREPRESENTATION(#13,'Body','AdvancedSweptSolid',(#602));
#607= IFCREPRESENTATIONMAP(#10,#606);
#608= IFCMAPPEDITEM(#607,#605);
#609= IFCCARTESIANPOINT((65.3125,1285.3125,-250.624999999973));
#610= IFCCARTESIANTRANSFORMATIONOPERATOR3D($,$,#609,$,$);
#611= IFCSHAPEREPRESENTATION(#13,'Body','AdvancedSweptSolid',(#560));
#612= IFCREPRESENTATIONMAP(#10,#611);
#613= IFCMAPPEDITEM(#612,#610);
#614= IFCCARTESIANPOINT((65.3125,1435.3125,-250.62499999997));
#615= IFCCARTESIANTRANSFORMATIONOPERATOR3D($,$,#614,$,$);
#616= IFCSHAPEREPRESENTATION(#13,'Body','AdvancedSweptSolid',(#560));
#617= IFCREPRESENTATIONMAP(#10,#616);
#618= IFCMAPPEDITEM(#617,#615);
#619= IFCCARTESIANPOINT((65.3125,1585.3125,-250.624999999966));
#620= IFCCARTESIANTRANSFORMATIONOPERATOR3D($,$,#619,$,$);
#621= IFCSHAPEREPRESENTATION(#13,'Body','AdvancedSweptSolid',(#560));
#622= IFCREPRESENTATIONMAP(#10,#621);
#623= IFCMAPPEDITEM(#622,#620);
#624= IFCCARTESIANPOINT((65.3125,1735.3125,-250.624999999963));
#625= IFCCARTESIANTRANSFORMATIONOPERATOR3D($,$,#624,$,$);
#626= IFCSHAPEREPRESENTATION(#13,'Body','AdvancedSweptSolid',(#560));
#627= IFCREPRESENTATIONMAP(#10,#626);
#628= IFCMAPPEDITEM(#627,#625);
#629= IFCCARTESIANPOINT((65.3125,1885.3125,-250.62499999996));
#630= IFCCARTESIANTRANSFORMATIONOPERATOR3D($,$,#629,$,$);
#631= IFCSHAPEREPRESENTATION(#13,'Body','AdvancedSweptSolid',(#560));
#632= IFCREPRESENTATIONMAP(#10,#631);
#633= IFCMAPPEDITEM(#632,#630);
#634= IFCCARTESIANPOINT((65.3125,2035.3125,-250.624999999957));
#635= IFCCARTESIANTRANSFORMATIONOPERATOR3D($,$,#634,$,$);
#636= IFCSHAPEREPRESENTATION(#13,'Body','AdvancedSweptSolid',(#560));
#637= IFCREPRESENTATIONMAP(#10,#636);
#638= IFCMAPPEDITEM(#637,#635);
#639= IFCCARTESIANPOINT((65.3125,2185.3125,-250.624999999954));
#640= IFCCARTESIANTRANSFORMATIONOPERATOR3D($,$,#639,$,$);
#641= IFCSHAPEREPRESENTATION(#13,'Body','AdvancedSweptSolid',(#560));
#642= IFCREPRESENTATIONMAP(#10,#641);
#643= IFCMAPPEDITEM(#642,#640);
#644= IFCCARTESIANPOINT((65.3125,2335.3125,-250.624999999951));
#645= IFCCARTESIANTRANSFORMATIONOPERATOR3D($,$,#644,$,$);
#646= IFCSHAPEREPRESENTATION(#13,'Body','AdvancedSweptSolid',(#560));
#647= IFCREPRESENTATIONMAP(#10,#646);
#648= IFCMAPPEDITEM(#647,#645);
#649= IFCCARTESIANPOINT((65.3125,2485.3125,-250.624999999947));
#650= IFCCARTESIANTRANSFORMATIONOPERATOR3D($,$,#649,$,$);
#651= IFCSHAPEREPRESENTATION(#13,'Body','AdvancedSweptSolid',(#560));
#652= IFCREPRESENTATIONMAP(#10,#651);
#653= IFCMAPPEDITEM(#652,#650);
#654= IFCTRIMMEDCURVE(#538,(IFCPARAMETERVALUE(0.)),(IFCPARAMETERVALUE(120.)),.T.,.PARAMETER.);
#655= IFCCOMPOSITECURVESEGMENT(.CONTINUOUS.,.T.,#654);
#656= IFCTRIMMEDCURVE(#556,(IFCPARAMETERVALUE(0.)),(IFCPARAMETERVALUE(120.)),.T.,.PARAMETER.);
#657= IFCCOMPOSITECURVESEGMENT(.DISCONTINUOUS.,.T.,#656);
#658= IFCCOMPOSITECURVE((#655,#545,#549,#554,#657),.F.);
#659= IFCSWEPTDISKSOLID(#658,5.3125,$,0.,2331.89159265359);
#660= IFCSTYLEDITEM(#659,(#266),$);
#661= IFCCARTESIANPOINT((65.3125,2635.3125,-250.624999999944));
#662= IFCCARTESIANTRANSFORMATIONOPERATOR3D($,$,#661,$,$);
#663= IFCSHAPEREPRESENTATION(#13,'Body','AdvancedSweptSolid',(#659));
#664= IFCREPRESENTATIONMAP(#10,#663);
#665= IFCMAPPEDITEM(#664,#662);
#666= IFCSHAPEREPRESENTATION(#13,'Body','MappedRepresentation',(#566,#571,#576,#581,#586,#591,#596,#608,#613,#618,#623,#628,#633,#638,#643,#648,#653,#665));
#667= IFCPRODUCTDEFINITIONSHAPE($,$,(#666));
#668= IFCAXIS2PLACEMENT3D(#367,#267,#89);
#669= IFCLOCALPLACEMENT(#203,#668);
#670= IFCREINFORCINGBAR('1cWS7LKpz3dOW_K2x5hpk2',#202,'INF.',$,$,#669,#667,'ID6681c1d5-533f-439d-883e-502ec5af3b82',$,10.625,0.,$,.NOTDEFINED.,.NULL.);
#671= IFCPROPERTYSINGLEVALUE('HOOK_START_ANGLE',$,IFCLABEL('-90.000'),$);
#672= IFCPROPERTYSINGLEVALUE('HOOK_END_ANGLE',$,IFCLABEL('-90.000'),$);
#673= IFCPROPERTYSINGLEVALUE('GUID',$,IFCLABEL('6681c1d5-533f-439d-883e-502ec5af3b82'),$);
#674= IFCPROPERTYSINGLEVALUE('CONCRETE_COVER_ON_PLANE_MIN',$,IFCLENGTHMEASURE(-60.),$);
#675= IFCPROPERTYSET('2XEuB81OLF6g1G_KKrcnBP',#5,'Rebar_properties',$,(#73,#74,#213,#70,#71,#525,#526,#527,#528,#375,#376,#377,#378,#379,#671,#381,#672,#673,#384,#532,#386,#387,#533,#534,#535,#391,#674,#393,#394,#395,#396));
#676= IFCTRIMMEDCURVE(#269,(IFCPARAMETERVALUE(0.)),(IFCPARAMETERVALUE(270.)),.T.,.PARAMETER.);
#677= IFCCOMPOSITECURVESEGMENT(.CONTINUOUS.,.T.,#676);
#678= IFCCARTESIANPOINT((53.3125,0.,-270.));
#679= IFCAXIS2PLACEMENT3D(#678,#88,#89);
#680= IFCCIRCLE(#679,53.31);
#681= IFCTRIMMEDCURVE(#680,(IFCPARAMETERVALUE(0.)),(IFCPARAMETERVALUE(1.5707963267949)),.T.,.PARAMETER.);
#682= IFCCOMPOSITECURVESEGMENT(.CONTINUOUS.,.T.,#681);
#683= IFCCARTESIANPOINT((53.3125,0.,-323.3125));
#684= IFCLINE(#683,#278);
#685= IFCTRIMMEDCURVE(#684,(IFCPARAMETERVALUE(0.)),(IFCPARAMETERVALUE(2132.75)),.T.,.PARAMETER.);
#686= IFCCOMPOSITECURVESEGMENT(.CONTINUOUS.,.T.,#685);
#687= IFCCARTESIANPOINT((2186.0625,0.,-270.));
#688= IFCAXIS2PLACEMENT3D(#687,#88,#267);
#689= IFCCIRCLE(#688,53.31);
#690= IFCTRIMMEDCURVE(#689,(IFCPARAMETERVALUE(0.)),(IFCPARAMETERVALUE(1.5707963267949)),.T.,.PARAMETER.);
#691= IFCCOMPOSITECURVESEGMENT(.CONTINUOUS.,.T.,#690);
#692= IFCCARTESIANPOINT((2239.375,0.,-270.));
#693= IFCLINE(#692,#409);
#694= IFCTRIMMEDCURVE(#693,(IFCPARAMETERVALUE(0.)),(IFCPARAMETERVALUE(270.)),.T.,.PARAMETER.);
#695= IFCCOMPOSITECURVESEGMENT(.DISCONTINUOUS.,.T.,#694);
#696= IFCCOMPOSITECURVE((#677,#682,#686,#691,#695),.F.);
#697= IFCSWEPTDISKSOLID(#696,5.3125,$,0.,2675.89159265359);
#698= IFCSTYLEDITEM(#697,(#266),$);
#699= IFCCARTESIANPOINT((55.3125,75.3125,388.624999999993));
#700= IFCCARTESIANTRANSFORMATIONOPERATOR3D($,$,#699,$,$);
#701= IFCSHAPEREPRESENTATION(#13,'Body','AdvancedSweptSolid',(#697));
#702= IFCREPRESENTATIONMAP(#10,#701);
#703= IFCMAPPEDITEM(#702,#700);
#704= IFCCARTESIANPOINT((55.3125,225.3125,388.624999999978));
#705= IFCCARTESIANTRANSFORMATIONOPERATOR3D($,$,#704,$,$);
#706= IFCSHAPEREPRESENTATION(#13,'Body','AdvancedSweptSolid',(#697));
#707= IFCREPRESENTATIONMAP(#10,#706);
#708= IFCMAPPEDITEM(#707,#705);
#709= IFCSHAPEREPRESENTATION(#13,'Body','MappedRepresentation',(#703,#708));
#710= IFCPRODUCTDEFINITIONSHAPE($,$,(#709));
#711= IFCCARTESIANPOINT((431175.,397395.,-550.000000000029));
#712= IFCAXIS2PLACEMENT3D(#711,#267,#89);
#713= IFCLOCALPLACEMENT(#203,#712);
#714= IFCREINFORCINGBAR('3_xhHmhbT5q9abvj_2bspC',#202,'SUP.',$,$,#713,#710,'IDfeeeb470-ae57-45d0-9925-e6df82976ccc',$,10.625,0.,$,.NOTDEFINED.,.NULL.);
#715= IFCPROPERTYSINGLEVALUE('WEIGHT_TOTAL_IN_GROUP',$,IFCMASSMEASURE(3.50456),$);
#716= IFCPROPERTYSINGLEVALUE('REBAR_POS',$,IFCLABEL('31'),$);
#717= IFCPROPERTYSINGLEVALUE('NUMBER_OF_BARS_IN_GROUP',$,IFCINTEGER(2),$);
#718= IFCPROPERTYSINGLEVALUE('GUID',$,IFCLABEL('feeeb470-ae57-45d0-9925-e6df82976ccc'),$);
#719= IFCPROPERTYSINGLEVALUE('DIM_L',$,IFCLENGTHMEASURE(2900.),$);
#720= IFCPROPERTYSINGLEVALUE('DIM_C',$,IFCLENGTHMEASURE(328.),$);
#721= IFCPROPERTYSINGLEVALUE('DIM_B',$,IFCLENGTHMEASURE(2250.),$);
#722= IFCPROPERTYSINGLEVALUE('DIM_A',$,IFCLENGTHMEASURE(328.),$);
#723= IFCPROPERTYSET('1NN6J5K5z9eQMgLtkgfePU',#5,'Rebar_properties',$,(#73,#74,#213,#70,#71,#715,#526,#716,#717,#375,#376,#529,#378,#379,#530,#381,#382,#718,#384,#719,#386,#387,#720,#721,#722,#391,#536,#393,#394,#395,#396));
#724= IFCTRIMMEDCURVE(#269,(IFCPARAMETERVALUE(0.)),(IFCPARAMETERVALUE(6.99999999999999)),.T.,.PARAMETER.);
#725= IFCCOMPOSITECURVESEGMENT(.CONTINUOUS.,.T.,#724);
#726= IFCCARTESIANPOINT((53.3125,1.3926637620898E-12,-7.));
#727= IFCAXIS2PLACEMENT3D(#726,#88,#89);
#728= IFCCIRCLE(#727,53.31);
#729= IFCTRIMMEDCURVE(#728,(IFCPARAMETERVALUE(0.)),(IFCPARAMETERVALUE(1.5707963267949)),.T.,.PARAMETER.);
#730= IFCCOMPOSITECURVESEGMENT(.CONTINUOUS.,.T.,#729);
#731= IFCCARTESIANPOINT((53.3125,1.3926637620898E-12,-60.3125));
#732= IFCLINE(#731,#278);
#733= IFCTRIMMEDCURVE(#732,(IFCPARAMETERVALUE(0.)),(IFCPARAMETERVALUE(2132.75000000006)),.T.,.PARAMETER.);
#734= IFCCOMPOSITECURVESEGMENT(.CONTINUOUS.,.T.,#733);
#735= IFCCARTESIANPOINT((2186.06250000006,5.68149971513776E-11,-7.));
#736= IFCAXIS2PLACEMENT3D(#735,#88,#267);
#737= IFCCIRCLE(#736,53.31);
#738= IFCTRIMMEDCURVE(#737,(IFCPARAMETERVALUE(0.)),(IFCPARAMETERVALUE(1.5707963267949)),.T.,.PARAMETER.);
#739= IFCCOMPOSITECURVESEGMENT(.CONTINUOUS.,.T.,#738);
#740= IFCCARTESIANPOINT((2239.37500000006,5.82076609134674E-11,-7.00000000000001));
#741= IFCLINE(#740,#409);
#742= IFCTRIMMEDCURVE(#741,(IFCPARAMETERVALUE(0.)),(IFCPARAMETERVALUE(7.00000000000001)),.T.,.PARAMETER.);
#743= IFCCOMPOSITECURVESEGMENT(.DISCONTINUOUS.,.T.,#742);
#744= IFCCOMPOSITECURVE((#725,#730,#734,#739,#743),.F.);
#745= IFCSWEPTDISKSOLID(#744,5.3125,$,0.,2149.89159265365);
#746= IFCSTYLEDITEM(#745,(#266),$);
#747= IFCCARTESIANPOINT((55.3125,65.3125,115.625));
#748= IFCCARTESIANTRANSFORMATIONOPERATOR3D($,$,#747,$,$);
#749= IFCSHAPEREPRESENTATION(#13,'Body','AdvancedSweptSolid',(#745));
#750= IFCREPRESENTATIONMAP(#10,#749);
#751= IFCMAPPEDITEM(#750,#748);
#752= IFCSHAPEREPRESENTATION(#13,'Body','MappedRepresentation',(#751));
#753= IFCPRODUCTDEFINITIONSHAPE($,$,(#752));
#754= IFCCARTESIANPOINT((431175.,398904.990616875,-824.048789268681));
#755= IFCAXIS2PLACEMENT3D(#754,#267,#89);
#756= IFCLOCALPLACEMENT(#203,#755);
#757= IFCREINFORCINGBAR('3_ocQJcX94xAfUqZxO28Wm',#202,'SUP.',$,$,#756,#753,'IDfeca6693-9a12-44ec-aa5e-d23ed8088830',$,10.625,0.,$,.NOTDEFINED.,.NULL.);
#758= IFCPROPERTYSINGLEVALUE('WEIGHT_TOTAL_IN_GROUP',$,IFCMASSMEASURE(1.42774),$);
#759= IFCPROPERTYSINGLEVALUE('REBAR_POS',$,IFCLABEL('41'),$);
#760= IFCPROPERTYSINGLEVALUE('NUMBER_OF_BARS_IN_GROUP',$,IFCINTEGER(1),$);
#761= IFCPROPERTYSINGLEVALUE('GUID',$,IFCLABEL('feca6693-9a12-44ec-aa5e-d23ed8088830'),$);
#762= IFCPROPERTYSINGLEVALUE('DIM_L',$,IFCLENGTHMEASURE(2380.),$);
#763= IFCPROPERTYSINGLEVALUE('DIM_C',$,IFCLENGTHMEASURE(65.),$);
#764= IFCPROPERTYSINGLEVALUE('DIM_A',$,IFCLENGTHMEASURE(65.),$);
#765= IFCPROPERTYSINGLEVALUE('CC_TARGET',$,IFCLENGTHMEASURE(0.),$);
#766= IFCPROPERTYSET('3P6n2NNJb2wBuVZlSXHd1y',#5,'Rebar_properties',$,(#73,#74,#213,#70,#71,#758,#526,#759,#760,#375,#376,#529,#378,#379,#530,#381,#382,#761,#384,#762,#386,#387,#763,#721,#764,#391,#392,#765,#394,#395,#396));
#767= IFCTRIMMEDCURVE(#269,(IFCPARAMETERVALUE(0.)),(IFCPARAMETERVALUE(40.)),.T.,.PARAMETER.);
#768= IFCCOMPOSITECURVESEGMENT(.CONTINUOUS.,.T.,#767);
#769= IFCCARTESIANPOINT((53.3125,1.3926637620898E-12,-40.));
#770= IFCAXIS2PLACEMENT3D(#769,#88,#89);
#771= IFCCIRCLE(#770,53.31);
#772= IFCTRIMMEDCURVE(#771,(IFCPARAMETERVALUE(0.)),(IFCPARAMETERVALUE(1.5707963267949)),.T.,.PARAMETER.);
#773= IFCCOMPOSITECURVESEGMENT(.CONTINUOUS.,.T.,#772);
#774= IFCCARTESIANPOINT((53.3125,1.3926637620898E-12,-93.3125));
#775= IFCLINE(#774,#278);
#776= IFCTRIMMEDCURVE(#775,(IFCPARAMETERVALUE(0.)),(IFCPARAMETERVALUE(2132.75000000006)),.T.,.PARAMETER.);
#777= IFCCOMPOSITECURVESEGMENT(.CONTINUOUS.,.T.,#776);
#778= IFCCARTESIANPOINT((2186.06250000006,5.68149971513776E-11,-40.));
#779= IFCAXIS2PLACEMENT3D(#778,#88,#267);
#780= IFCCIRCLE(#779,53.31);
#781= IFCTRIMMEDCURVE(#780,(IFCPARAMETERVALUE(0.)),(IFCPARAMETERVALUE(1.5707963267949)),.T.,.PARAMETER.);
#782= IFCCOMPOSITECURVESEGMENT(.CONTINUOUS.,.T.,#781);
#783= IFCCARTESIANPOINT((2239.37500000006,5.82076609134674E-11,-40.));
#784= IFCLINE(#783,#409);
#785= IFCTRIMMEDCURVE(#784,(IFCPARAMETERVALUE(0.)),(IFCPARAMETERVALUE(40.)),.T.,.PARAMETER.);
#786= IFCCOMPOSITECURVESEGMENT(.DISCONTINUOUS.,.T.,#785);
#787= IFCCOMPOSITECURVE((#768,#773,#777,#782,#786),.F.);
#788= IFCSWEPTDISKSOLID(#787,5.3125,$,0.,2215.89159265365);
#789= IFCSTYLEDITEM(#788,(#266),$);
#790= IFCCARTESIANPOINT((55.3125,65.3125,148.625));
#791= IFCCARTESIANTRANSFORMATIONOPERATOR3D($,$,#790,$,$);
#792= IFCSHAPEREPRESENTATION(#13,'Body','AdvancedSweptSolid',(#788));
#793= IFCREPRESENTATIONMAP(#10,#792);
#794= IFCMAPPEDITEM(#793,#791);
#795= IFCSHAPEREPRESENTATION(#13,'Body','MappedRepresentation',(#794));
#796= IFCPRODUCTDEFINITIONSHAPE($,$,(#795));
#797= IFCCARTESIANPOINT((431175.,398754.992060399,-791.050851115651));
#798= IFCAXIS2PLACEMENT3D(#797,#267,#89);
#799= IFCLOCALPLACEMENT(#203,#798);
#800= IFCREINFORCINGBAR('29U0tqI5P2aBXWwIXGWGl1',#202,'SUP.',$,$,#799,#796,'ID89780df4-4856-4290-b860-e92850810bc1',$,10.625,0.,$,.NOTDEFINED.,.NULL.);
#801= IFCPROPERTYSINGLEVALUE('WEIGHT_TOTAL_IN_GROUP',$,IFCMASSMEASURE(1.46846),$);
#802= IFCPROPERTYSINGLEVALUE('REBAR_POS',$,IFCLABEL('39'),$);
#803= IFCPROPERTYSINGLEVALUE('GUID',$,IFCLABEL('89780df4-4856-4290-b860-e92850810bc1'),$);
#804= IFCPROPERTYSINGLEVALUE('DIM_L',$,IFCLENGTHMEASURE(2440.),$);
#805= IFCPROPERTYSINGLEVALUE('DIM_C',$,IFCLENGTHMEASURE(98.),$);
#806= IFCPROPERTYSINGLEVALUE('DIM_A',$,IFCLENGTHMEASURE(98.),$);
#807= IFCPROPERTYSET('1aZlMUI8HA0hLr30oA_7Ie',#5,'Rebar_properties',$,(#73,#74,#213,#70,#71,#801,#526,#802,#760,#375,#376,#529,#378,#379,#530,#381,#382,#803,#384,#804,#386,#387,#805,#721,#806,#391,#392,#765,#394,#395,#396));
#808= IFCTRIMMEDCURVE(#269,(IFCPARAMETERVALUE(0.)),(IFCPARAMETERVALUE(70.)),.T.,.PARAMETER.);
#809= IFCCOMPOSITECURVESEGMENT(.CONTINUOUS.,.T.,#808);
#810= IFCCARTESIANPOINT((53.3125,1.3926637620898E-12,-70.));
#811= IFCAXIS2PLACEMENT3D(#810,#88,#89);
#812= IFCCIRCLE(#811,53.31);
#813= IFCTRIMMEDCURVE(#812,(IFCPARAMETERVALUE(0.)),(IFCPARAMETERVALUE(1.5707963267949)),.T.,.PARAMETER.);
#814= IFCCOMPOSITECURVESEGMENT(.CONTINUOUS.,.T.,#813);
#815= IFCCARTESIANPOINT((53.3125,1.3926637620898E-12,-123.3125));
#816= IFCLINE(#815,#278);
#817= IFCTRIMMEDCURVE(#816,(IFCPARAMETERVALUE(0.)),(IFCPARAMETERVALUE(2132.75000000006)),.T.,.PARAMETER.);
#818= IFCCOMPOSITECURVESEGMENT(.CONTINUOUS.,.T.,#817);
#819= IFCCARTESIANPOINT((2186.06250000006,5.68149971513776E-11,-70.));
#820= IFCAXIS2PLACEMENT3D(#819,#88,#267);
#821= IFCCIRCLE(#820,53.31);
#822= IFCTRIMMEDCURVE(#821,(IFCPARAMETERVALUE(0.)),(IFCPARAMETERVALUE(1.5707963267949)),.T.,.PARAMETER.);
#823= IFCCOMPOSITECURVESEGMENT(.CONTINUOUS.,.T.,#822);
#824= IFCCARTESIANPOINT((2239.37500000006,5.82076609134674E-11,-70.));
#825= IFCLINE(#824,#409);
#826= IFCTRIMMEDCURVE(#825,(IFCPARAMETERVALUE(0.)),(IFCPARAMETERVALUE(70.)),.T.,.PARAMETER.);
#827= IFCCOMPOSITECURVESEGMENT(.DISCONTINUOUS.,.T.,#826);
#828= IFCCOMPOSITECURVE((#809,#814,#818,#823,#827),.F.);
#829= IFCSWEPTDISKSOLID(#828,5.3125,$,0.,2275.89159265365);
#830= IFCSTYLEDITEM(#829,(#266),$);
#831= IFCCARTESIANPOINT((55.3125,65.3125,178.625));
#832= IFCCARTESIANTRANSFORMATIONOPERATOR3D($,$,#831,$,$);
#833= IFCSHAPEREPRESENTATION(#13,'Body','AdvancedSweptSolid',(#829));
#834= IFCREPRESENTATIONMAP(#10,#833);
#835= IFCMAPPEDITEM(#834,#832);
#836= IFCSHAPEREPRESENTATION(#13,'Body','MappedRepresentation',(#835));
#837= IFCPRODUCTDEFINITIONSHAPE($,$,(#836));
#838= IFCCARTESIANPOINT((431175.,398604.993503923,-761.05291296262));
#839= IFCAXIS2PLACEMENT3D(#838,#267,#89);
#840= IFCLOCALPLACEMENT(#203,#839);
#841= IFCREINFORCINGBAR('3JW0wRQwr9wxvv3C7L6KBH',#202,'SUP.',$,$,#840,#837,'IDd3800e9b-6bad-49eb-be79-0cc1d51942d1',$,10.625,0.,$,.NOTDEFINED.,.NULL.);
#842= IFCPROPERTYSINGLEVALUE('WEIGHT_TOTAL_IN_GROUP',$,IFCMASSMEASURE(1.50548),$);
#843= IFCPROPERTYSINGLEVALUE('REBAR_POS',$,IFCLABEL('38'),$);
#844= IFCPROPERTYSINGLEVALUE('GUID',$,IFCLABEL('d3800e9b-6bad-49eb-be79-0cc1d51942d1'),$);
#845= IFCPROPERTYSINGLEVALUE('DIM_L',$,IFCLENGTHMEASURE(2500.),$);
#846= IFCPROPERTYSINGLEVALUE('DIM_C',$,IFCLENGTHMEASURE(128.),$);
#847= IFCPROPERTYSINGLEVALUE('DIM_A',$,IFCLENGTHMEASURE(128.),$);
#848= IFCPROPERTYSET('1jQSnqENX5xxseZkT3Nqc6',#5,'Rebar_properties',$,(#73,#74,#213,#70,#71,#842,#526,#843,#760,#375,#376,#529,#378,#379,#530,#381,#382,#844,#384,#845,#386,#387,#846,#721,#847,#391,#392,#765,#394,#395,#396));
#849= IFCTRIMMEDCURVE(#269,(IFCPARAMETERVALUE(0.)),(IFCPARAMETERVALUE(100.)),.T.,.PARAMETER.);
#850= IFCCOMPOSITECURVESEGMENT(.CONTINUOUS.,.T.,#849);
#851= IFCCARTESIANPOINT((53.3125,1.3926637620898E-12,-100.));
#852= IFCAXIS2PLACEMENT3D(#851,#88,#89);
#853= IFCCIRCLE(#852,53.31);
#854= IFCTRIMMEDCURVE(#853,(IFCPARAMETERVALUE(0.)),(IFCPARAMETERVALUE(1.5707963267949)),.T.,.PARAMETER.);
#855= IFCCOMPOSITECURVESEGMENT(.CONTINUOUS.,.T.,#854);
#856= IFCCARTESIANPOINT((53.3125,1.3926637620898E-12,-153.3125));
#857= IFCLINE(#856,#278);
#858= IFCTRIMMEDCURVE(#857,(IFCPARAMETERVALUE(0.)),(IFCPARAMETERVALUE(2132.75000000006)),.T.,.PARAMETER.);
#859= IFCCOMPOSITECURVESEGMENT(.CONTINUOUS.,.T.,#858);
#860= IFCCARTESIANPOINT((2186.06250000006,5.68149971513776E-11,-100.));
#861= IFCAXIS2PLACEMENT3D(#860,#88,#267);
#862= IFCCIRCLE(#861,53.31);
#863= IFCTRIMMEDCURVE(#862,(IFCPARAMETERVALUE(0.)),(IFCPARAMETERVALUE(1.5707963267949)),.T.,.PARAMETER.);
#864= IFCCOMPOSITECURVESEGMENT(.CONTINUOUS.,.T.,#863);
#865= IFCCARTESIANPOINT((2239.37500000006,5.82076609134674E-11,-100.));
#866= IFCLINE(#865,#409);
#867= IFCTRIMMEDCURVE(#866,(IFCPARAMETERVALUE(0.)),(IFCPARAMETERVALUE(100.)),.T.,.PARAMETER.);
#868= IFCCOMPOSITECURVESEGMENT(.DISCONTINUOUS.,.T.,#867);
#869= IFCCOMPOSITECURVE((#850,#855,#859,#864,#868),.F.);
#870= IFCSWEPTDISKSOLID(#869,5.3125,$,0.,2335.89159265365);
#871= IFCSTYLEDITEM(#870,(#266),$);
#872= IFCCARTESIANPOINT((55.3125,65.3125,208.625));
#873= IFCCARTESIANTRANSFORMATIONOPERATOR3D($,$,#872,$,$);
#874= IFCSHAPEREPRESENTATION(#13,'Body','AdvancedSweptSolid',(#870));
#875= IFCREPRESENTATIONMAP(#10,#874);
#876= IFCMAPPEDITEM(#875,#873);
#877= IFCSHAPEREPRESENTATION(#13,'Body','MappedRepresentation',(#876));
#878= IFCPRODUCTDEFINITIONSHAPE($,$,(#877));
#879= IFCCARTESIANPOINT((431175.,398454.994947447,-731.054974809591));
#880= IFCAXIS2PLACEMENT3D(#879,#267,#89);
#881= IFCLOCALPLACEMENT(#203,#880);
#882= IFCREINFORCINGBAR('0JUsKvbl970uPT65vN6DJF',#202,'SUP.',$,$,#881,#878,'ID137b6539-96f2-4703-865d-185e5718d4cf',$,10.625,0.,$,.NOTDEFINED.,.NULL.);
#883= IFCPROPERTYSINGLEVALUE('WEIGHT_TOTAL_IN_GROUP',$,IFCMASSMEASURE(1.5425),$);
#884= IFCPROPERTYSINGLEVALUE('REBAR_POS',$,IFCLABEL('37'),$);
#885= IFCPROPERTYSINGLEVALUE('GUID',$,IFCLABEL('137b6539-96f2-4703-865d-185e5718d4cf'),$);
#886= IFCPROPERTYSINGLEVALUE('DIM_L',$,IFCLENGTHMEASURE(2560.),$);
#887= IFCPROPERTYSINGLEVALUE('DIM_C',$,IFCLENGTHMEASURE(158.),$);
#888= IFCPROPERTYSINGLEVALUE('DIM_A',$,IFCLENGTHMEASURE(158.),$);
#889= IFCPROPERTYSET('2kjHqROY93nh3MlWNu1G7O',#5,'Rebar_properties',$,(#73,#74,#213,#70,#71,#883,#526,#884,#760,#375,#376,#529,#378,#379,#530,#381,#382,#885,#384,#886,#386,#387,#887,#721,#888,#391,#392,#765,#394,#395,#396));
#890= IFCTRIMMEDCURVE(#269,(IFCPARAMETERVALUE(0.)),(IFCPARAMETERVALUE(130.)),.T.,.PARAMETER.);
#891= IFCCOMPOSITECURVESEGMENT(.CONTINUOUS.,.T.,#890);
#892= IFCCARTESIANPOINT((53.3125,1.3926637620898E-12,-130.));
#893= IFCAXIS2PLACEMENT3D(#892,#88,#89);
#894= IFCCIRCLE(#893,53.31);
#895= IFCTRIMMEDCURVE(#894,(IFCPARAMETERVALUE(0.)),(IFCPARAMETERVALUE(1.5707963267949)),.T.,.PARAMETER.);
#896= IFCCOMPOSITECURVESEGMENT(.CONTINUOUS.,.T.,#895);
#897= IFCCARTESIANPOINT((53.3125,1.3926637620898E-12,-183.3125));
#898= IFCLINE(#897,#278);
#899= IFCTRIMMEDCURVE(#898,(IFCPARAMETERVALUE(0.)),(IFCPARAMETERVALUE(2132.75000000006)),.T.,.PARAMETER.);
#900= IFCCOMPOSITECURVESEGMENT(.CONTINUOUS.,.T.,#899);
#901= IFCCARTESIANPOINT((2186.06250000006,5.68149971513776E-11,-130.));
#902= IFCAXIS2PLACEMENT3D(#901,#88,#267);
#903= IFCCIRCLE(#902,53.31);
#904= IFCTRIMMEDCURVE(#903,(IFCPARAMETERVALUE(0.)),(IFCPARAMETERVALUE(1.5707963267949)),.T.,.PARAMETER.);
#905= IFCCOMPOSITECURVESEGMENT(.CONTINUOUS.,.T.,#904);
#906= IFCCARTESIANPOINT((2239.37500000006,5.82076609134674E-11,-130.));
#907= IFCLINE(#906,#409);
#908= IFCTRIMMEDCURVE(#907,(IFCPARAMETERVALUE(0.)),(IFCPARAMETERVALUE(130.)),.T.,.PARAMETER.);
#909= IFCCOMPOSITECURVESEGMENT(.DISCONTINUOUS.,.T.,#908);
#910= IFCCOMPOSITECURVE((#891,#896,#900,#905,#909),.F.);
#911= IFCSWEPTDISKSOLID(#910,5.3125,$,0.,2395.89159265365);
#912= IFCSTYLEDITEM(#911,(#266),$);
#913= IFCCARTESIANPOINT((55.3125,65.3125,238.625));
#914= IFCCARTESIANTRANSFORMATIONOPERATOR3D($,$,#913,$,$);
#915= IFCSHAPEREPRESENTATION(#13,'Body','AdvancedSweptSolid',(#911));
#916= IFCREPRESENTATIONMAP(#10,#915);
#917= IFCMAPPEDITEM(#916,#914);
#918= IFCSHAPEREPRESENTATION(#13,'Body','MappedRepresentation',(#917));
#919= IFCPRODUCTDEFINITIONSHAPE($,$,(#918));
#920= IFCCARTESIANPOINT((431175.,398304.996390971,-701.057036656562));
#921= IFCAXIS2PLACEMENT3D(#920,#267,#89);
#922= IFCLOCALPLACEMENT(#203,#921);
#923= IFCREINFORCINGBAR('0MBfCjcjTCEAAnb$Wz18lj',#202,'SUP.',$,$,#922,#919,'ID162e932d-9ad7-4c38-a2b1-97f83d048bed',$,10.625,0.,$,.NOTDEFINED.,.NULL.);
#924= IFCPROPERTYSINGLEVALUE('WEIGHT_TOTAL_IN_GROUP',$,IFCMASSMEASURE(1.57952),$);
#925= IFCPROPERTYSINGLEVALUE('REBAR_POS',$,IFCLABEL('36'),$);
#926= IFCPROPERTYSINGLEVALUE('GUID',$,IFCLABEL('162e932d-9ad7-4c38-a2b1-97f83d048bed'),$);
#927= IFCPROPERTYSINGLEVALUE('DIM_L',$,IFCLENGTHMEASURE(2620.),$);
#928= IFCPROPERTYSINGLEVALUE('DIM_C',$,IFCLENGTHMEASURE(188.),$);
#929= IFCPROPERTYSINGLEVALUE('DIM_A',$,IFCLENGTHMEASURE(188.),$);
#930= IFCPROPERTYSET('30Yli$A9r47BhYGzVnmf13',#5,'Rebar_properties',$,(#73,#74,#213,#70,#71,#924,#526,#925,#760,#375,#376,#529,#378,#379,#530,#381,#382,#926,#384,#927,#386,#387,#928,#721,#929,#391,#392,#765,#394,#395,#396));
#931= IFCTRIMMEDCURVE(#269,(IFCPARAMETERVALUE(0.)),(IFCPARAMETERVALUE(160.)),.T.,.PARAMETER.);
#932= IFCCOMPOSITECURVESEGMENT(.CONTINUOUS.,.T.,#931);
#933= IFCCARTESIANPOINT((53.3125,1.3926637620898E-12,-160.));
#934= IFCAXIS2PLACEMENT3D(#933,#88,#89);
#935= IFCCIRCLE(#934,53.31);
#936= IFCTRIMMEDCURVE(#935,(IFCPARAMETERVALUE(0.)),(IFCPARAMETERVALUE(1.5707963267949)),.T.,.PARAMETER.);
#937= IFCCOMPOSITECURVESEGMENT(.CONTINUOUS.,.T.,#936);
#938= IFCCARTESIANPOINT((53.3125,1.3926637620898E-12,-213.3125));
#939= IFCLINE(#938,#278);
#940= IFCTRIMMEDCURVE(#939,(IFCPARAMETERVALUE(0.)),(IFCPARAMETERVALUE(2132.75000000006)),.T.,.PARAMETER.);
#941= IFCCOMPOSITECURVESEGMENT(.CONTINUOUS.,.T.,#940);
#942= IFCCARTESIANPOINT((2186.06250000006,5.68149971513776E-11,-160.));
#943= IFCAXIS2PLACEMENT3D(#942,#88,#267);
#944= IFCCIRCLE(#943,53.31);
#945= IFCTRIMMEDCURVE(#944,(IFCPARAMETERVALUE(0.)),(IFCPARAMETERVALUE(1.5707963267949)),.T.,.PARAMETER.);
#946= IFCCOMPOSITECURVESEGMENT(.CONTINUOUS.,.T.,#945);
#947= IFCCARTESIANPOINT((2239.37500000006,5.82076609134674E-11,-160.));
#948= IFCLINE(#947,#409);
#949= IFCTRIMMEDCURVE(#948,(IFCPARAMETERVALUE(0.)),(IFCPARAMETERVALUE(160.)),.T.,.PARAMETER.);
#950= IFCCOMPOSITECURVESEGMENT(.DISCONTINUOUS.,.T.,#949);
#951= IFCCOMPOSITECURVE((#932,#937,#941,#946,#950),.F.);
#952= IFCSWEPTDISKSOLID(#951,5.3125,$,0.,2455.89159265365);
#953= IFCSTYLEDITEM(#952,(#266),$);
#954= IFCCARTESIANPOINT((55.3125,65.3125,268.625));
#955= IFCCARTESIANTRANSFORMATIONOPERATOR3D($,$,#954,$,$);
#956= IFCSHAPEREPRESENTATION(#13,'Body','AdvancedSweptSolid',(#952));
#957= IFCREPRESENTATIONMAP(#10,#956);
#958= IFCMAPPEDITEM(#957,#955);
#959= IFCSHAPEREPRESENTATION(#13,'Body','MappedRepresentation',(#958));
#960= IFCPRODUCTDEFINITIONSHAPE($,$,(#959));
#961= IFCCARTESIANPOINT((431175.,398154.997834495,-671.059098503532));
#962= IFCAXIS2PLACEMENT3D(#961,#267,#89);
#963= IFCLOCALPLACEMENT(#203,#962);
#964= IFCREINFORCINGBAR('0mhgUEsCv84Bed_WAfPxrx',#202,'SUP.',$,$,#963,#960,'ID30aea78e-d8ce-4810-ba27-fa02a967bd7b',$,10.625,0.,$,.NOTDEFINED.,.NULL.);
#965= IFCPROPERTYSINGLEVALUE('WEIGHT_TOTAL_IN_GROUP',$,IFCMASSMEASURE(1.61654),$);
#966= IFCPROPERTYSINGLEVALUE('REBAR_POS',$,IFCLABEL('35'),$);
#967= IFCPROPERTYSINGLEVALUE('GUID',$,IFCLABEL('30aea78e-d8ce-4810-ba27-fa02a967bd7b'),$);
#968= IFCPROPERTYSINGLEVALUE('DIM_L',$,IFCLENGTHMEASURE(2680.),$);
#969= IFCPROPERTYSINGLEVALUE('DIM_C',$,IFCLENGTHMEASURE(218.),$);
#970= IFCPROPERTYSINGLEVALUE('DIM_A',$,IFCLENGTHMEASURE(218.),$);
#971= IFCPROPERTYSET('1vN1MJKYHEqurbQd6QR7Os',#5,'Rebar_properties',$,(#73,#74,#213,#70,#71,#965,#526,#966,#760,#375,#376,#529,#378,#379,#530,#381,#382,#967,#384,#968,#386,#387,#969,#721,#970,#391,#392,#765,#394,#395,#396));
#972= IFCTRIMMEDCURVE(#269,(IFCPARAMETERVALUE(0.)),(IFCPARAMETERVALUE(190.)),.T.,.PARAMETER.);
#973= IFCCOMPOSITECURVESEGMENT(.CONTINUOUS.,.T.,#972);
#974= IFCCARTESIANPOINT((53.3125,1.3926637620898E-12,-190.));
#975= IFCAXIS2PLACEMENT3D(#974,#88,#89);
#976= IFCCIRCLE(#975,53.31);
#977= IFCTRIMMEDCURVE(#976,(IFCPARAMETERVALUE(0.)),(IFCPARAMETERVALUE(1.5707963267949)),.T.,.PARAMETER.);
#978= IFCCOMPOSITECURVESEGMENT(.CONTINUOUS.,.T.,#977);
#979= IFCCARTESIANPOINT((53.3125,1.3926637620898E-12,-243.3125));
#980= IFCLINE(#979,#278);
#981= IFCTRIMMEDCURVE(#980,(IFCPARAMETERVALUE(0.)),(IFCPARAMETERVALUE(2132.75000000006)),.T.,.PARAMETER.);
#982= IFCCOMPOSITECURVESEGMENT(.CONTINUOUS.,.T.,#981);
#983= IFCCARTESIANPOINT((2186.06250000006,5.68149971513776E-11,-190.));
#984= IFCAXIS2PLACEMENT3D(#983,#88,#267);
#985= IFCCIRCLE(#984,53.31);
#986= IFCTRIMMEDCURVE(#985,(IFCPARAMETERVALUE(0.)),(IFCPARAMETERVALUE(1.5707963267949)),.T.,.PARAMETER.);
#987= IFCCOMPOSITECURVESEGMENT(.CONTINUOUS.,.T.,#986);
#988= IFCCARTESIANPOINT((2239.37500000006,5.82076609134674E-11,-190.));
#989= IFCLINE(#988,#409);
#990= IFCTRIMMEDCURVE(#989,(IFCPARAMETERVALUE(0.)),(IFCPARAMETERVALUE(190.)),.T.,.PARAMETER.);
#991= IFCCOMPOSITECURVESEGMENT(.DISCONTINUOUS.,.T.,#990);
#992= IFCCOMPOSITECURVE((#973,#978,#982,#987,#991),.F.);
#993= IFCSWEPTDISKSOLID(#992,5.3125,$,0.,2515.89159265365);
#994= IFCSTYLEDITEM(#993,(#266),$);
#995= IFCCARTESIANPOINT((55.3125,65.3125,298.625));
#996= IFCCARTESIANTRANSFORMATIONOPERATOR3D($,$,#995,$,$);
#997= IFCSHAPEREPRESENTATION(#13,'Body','AdvancedSweptSolid',(#993));
#998= IFCREPRESENTATIONMAP(#10,#997);
#999= IFCMAPPEDITEM(#998,#996);
#1000= IFCSHAPEREPRESENTATION(#13,'Body','MappedRepresentation',(#999));
#1001= IFCPRODUCTDEFINITIONSHAPE($,$,(#1000));
#1002= IFCCARTESIANPOINT((431175.,398004.999278019,-641.0611603505));
#1003= IFCAXIS2PLACEMENT3D(#1002,#267,#89);
#1004= IFCLOCALPLACEMENT(#203,#1003);
#1005= IFCREINFORCINGBAR('1AAyzy7lnFVOJ1eQhvVRca',#202,'SUP.',$,$,#1004,#1001,'ID4a2bcf7c-1efc-4f7d-84c1-a1aaf97db9a4',$,10.625,0.,$,.NOTDEFINED.,.NULL.);
#1006= IFCPROPERTYSINGLEVALUE('WEIGHT_TOTAL_IN_GROUP',$,IFCMASSMEASURE(1.65356),$);
#1007= IFCPROPERTYSINGLEVALUE('REBAR_POS',$,IFCLABEL('34'),$);
#1008= IFCPROPERTYSINGLEVALUE('GUID',$,IFCLABEL('4a2bcf7c-1efc-4f7d-84c1-a1aaf97db9a4'),$);
#1009= IFCPROPERTYSINGLEVALUE('DIM_L',$,IFCLENGTHMEASURE(2740.),$);
#1010= IFCPROPERTYSINGLEVALUE('DIM_C',$,IFCLENGTHMEASURE(248.),$);
#1011= IFCPROPERTYSINGLEVALUE('DIM_A',$,IFCLENGTHMEASURE(248.),$);
#1012= IFCPROPERTYSET('2G3eXrzMr0sPHxxx5gjOw7',#5,'Rebar_properties',$,(#73,#74,#213,#70,#71,#1006,#526,#1007,#760,#375,#376,#529,#378,#379,#530,#381,#382,#1008,#384,#1009,#386,#387,#1010,#721,#1011,#391,#392,#765,#394,#395,#396));
#1013= IFCTRIMMEDCURVE(#269,(IFCPARAMETERVALUE(0.)),(IFCPARAMETERVALUE(220.)),.T.,.PARAMETER.);
#1014= IFCCOMPOSITECURVESEGMENT(.CONTINUOUS.,.T.,#1013);
#1015= IFCCARTESIANPOINT((53.3125,1.3926637620898E-12,-220.));
#1016= IFCAXIS2PLACEMENT3D(#1015,#88,#89);
#1017= IFCCIRCLE(#1016,53.31);
#1018= IFCTRIMMEDCURVE(#1017,(IFCPARAMETERVALUE(0.)),(IFCPARAMETERVALUE(1.5707963267949)),.T.,.PARAMETER.);
#1019= IFCCOMPOSITECURVESEGMENT(.CONTINUOUS.,.T.,#1018);
#1020= IFCCARTESIANPOINT((53.3125,1.3926637620898E-12,-273.3125));
#1021= IFCLINE(#1020,#278);
#1022= IFCTRIMMEDCURVE(#1021,(IFCPARAMETERVALUE(0.)),(IFCPARAMETERVALUE(2132.75000000006)),.T.,.PARAMETER.);
#1023= IFCCOMPOSITECURVESEGMENT(.CONTINUOUS.,.T.,#1022);
#1024= IFCCARTESIANPOINT((2186.06250000006,5.68149971513776E-11,-220.));
#1025= IFCAXIS2PLACEMENT3D(#1024,#88,#267);
#1026= IFCCIRCLE(#1025,53.31);
#1027= IFCTRIMMEDCURVE(#1026,(IFCPARAMETERVALUE(0.)),(IFCPARAMETERVALUE(1.5707963267949)),.T.,.PARAMETER.);
#1028= IFCCOMPOSITECURVESEGMENT(.CONTINUOUS.,.T.,#1027);
#1029= IFCCARTESIANPOINT((2239.37500000006,5.82076609134674E-11,-220.));
#1030= IFCLINE(#1029,#409);
#1031= IFCTRIMMEDCURVE(#1030,(IFCPARAMETERVALUE(0.)),(IFCPARAMETERVALUE(220.)),.T.,.PARAMETER.);
#1032= IFCCOMPOSITECURVESEGMENT(.DISCONTINUOUS.,.T.,#1031);
#1033= IFCCOMPOSITECURVE((#1014,#1019,#1023,#1028,#1032),.F.);
#1034= IFCSWEPTDISKSOLID(#1033,5.3125,$,0.,2575.89159265365);
#1035= IFCSTYLEDITEM(#1034,(#266),$);
#1036= IFCCARTESIANPOINT((55.3125,65.3125,328.625));
#1037= IFCCARTESIANTRANSFORMATIONOPERATOR3D($,$,#1036,$,$);
#1038= IFCSHAPEREPRESENTATION(#13,'Body','AdvancedSweptSolid',(#1034));
#1039= IFCREPRESENTATIONMAP(#10,#1038);
#1040= IFCMAPPEDITEM(#1039,#1037);
#1041= IFCSHAPEREPRESENTATION(#13,'Body','MappedRepresentation',(#1040));
#1042= IFCPRODUCTDEFINITIONSHAPE($,$,(#1041));
#1043= IFCCARTESIANPOINT((431175.,397855.000721543,-611.063222197471));
#1044= IFCAXIS2PLACEMENT3D(#1043,#267,#89);
#1045= IFCLOCALPLACEMENT(#203,#1044);
#1046= IFCREINFORCINGBAR('25SOjPai56kgN93Zoihg6b',#202,'SUP.',$,$,#1045,#1042,'ID85718b59-92c1-46ba-a5c9-0e3cacaea1a5',$,10.625,0.,$,.NOTDEFINED.,.NULL.);
#1047= IFCPROPERTYSINGLEVALUE('WEIGHT_TOTAL_IN_GROUP',$,IFCMASSMEASURE(1.69058),$);
#1048= IFCPROPERTYSINGLEVALUE('REBAR_POS',$,IFCLABEL('33'),$);
#1049= IFCPROPERTYSINGLEVALUE('GUID',$,IFCLABEL('85718b59-92c1-46ba-a5c9-0e3cacaea1a5'),$);
#1050= IFCPROPERTYSINGLEVALUE('DIM_L',$,IFCLENGTHMEASURE(2800.),$);
#1051= IFCPROPERTYSINGLEVALUE('DIM_C',$,IFCLENGTHMEASURE(278.),$);
#1052= IFCPROPERTYSINGLEVALUE('DIM_A',$,IFCLENGTHMEASURE(278.),$);
#1053= IFCPROPERTYSET('1uCr03QUzCjB0fYRShVgPW',#5,'Rebar_properties',$,(#73,#74,#213,#70,#71,#1047,#526,#1048,#760,#375,#376,#529,#378,#379,#530,#381,#382,#1049,#384,#1050,#386,#387,#1051,#721,#1052,#391,#392,#765,#394,#395,#396));
#1054= IFCTRIMMEDCURVE(#269,(IFCPARAMETERVALUE(0.)),(IFCPARAMETERVALUE(250.)),.T.,.PARAMETER.);
#1055= IFCCOMPOSITECURVESEGMENT(.CONTINUOUS.,.T.,#1054);
#1056= IFCCARTESIANPOINT((53.3125,1.3926637620898E-12,-250.));
#1057= IFCAXIS2PLACEMENT3D(#1056,#88,#89);
#1058= IFCCIRCLE(#1057,53.31);
#1059= IFCTRIMMEDCURVE(#1058,(IFCPARAMETERVALUE(0.)),(IFCPARAMETERVALUE(1.5707963267949)),.T.,.PARAMETER.);
#1060= IFCCOMPOSITECURVESEGMENT(.CONTINUOUS.,.T.,#1059);
#1061= IFCCARTESIANPOINT((53.3125,1.3926637620898E-12,-303.3125));
#1062= IFCLINE(#1061,#278);
#1063= IFCTRIMMEDCURVE(#1062,(IFCPARAMETERVALUE(0.)),(IFCPARAMETERVALUE(2132.75000000006)),.T.,.PARAMETER.);
#1064= IFCCOMPOSITECURVESEGMENT(.CONTINUOUS.,.T.,#1063);
#1065= IFCCARTESIANPOINT((2186.06250000006,5.68149971513776E-11,-250.));
#1066= IFCAXIS2PLACEMENT3D(#1065,#88,#267);
#1067= IFCCIRCLE(#1066,53.31);
#1068= IFCTRIMMEDCURVE(#1067,(IFCPARAMETERVALUE(0.)),(IFCPARAMETERVALUE(1.5707963267949)),.T.,.PARAMETER.);
#1069= IFCCOMPOSITECURVESEGMENT(.CONTINUOUS.,.T.,#1068);
#1070= IFCCARTESIANPOINT((2239.37500000006,5.82076609134674E-11,-250.));
#1071= IFCLINE(#1070,#409);
#1072= IFCTRIMMEDCURVE(#1071,(IFCPARAMETERVALUE(0.)),(IFCPARAMETERVALUE(250.)),.T.,.PARAMETER.);
#1073= IFCCOMPOSITECURVESEGMENT(.DISCONTINUOUS.,.T.,#1072);
#1074= IFCCOMPOSITECURVE((#1055,#1060,#1064,#1069,#1073),.F.);
#1075= IFCSWEPTDISKSOLID(#1074,5.3125,$,0.,2635.89159265365);
#1076= IFCSTYLEDITEM(#1075,(#266),$);
#1077= IFCCARTESIANPOINT((55.3125,65.3125,358.625));
#1078= IFCCARTESIANTRANSFORMATIONOPERATOR3D($,$,#1077,$,$);
#1079= IFCSHAPEREPRESENTATION(#13,'Body','AdvancedSweptSolid',(#1075));
#1080= IFCREPRESENTATIONMAP(#10,#1079);
#1081= IFCMAPPEDITEM(#1080,#1078);
#1082= IFCSHAPEREPRESENTATION(#13,'Body','MappedRepresentation',(#1081));
#1083= IFCPRODUCTDEFINITIONSHAPE($,$,(#1082));
#1084= IFCCARTESIANPOINT((431175.,397705.002165067,-581.065284044442));
#1085= IFCAXIS2PLACEMENT3D(#1084,#267,#89);
#1086= IFCLOCALPLACEMENT(#203,#1085);
#1087= IFCREINFORCINGBAR('3YtXVj0kv5kxdzjN1EDzkQ',#202,'SUP.',$,$,#1086,#1083,'IDe2de17ed-02ee-45bb-b9fd-b5704e37db9a',$,10.625,0.,$,.NOTDEFINED.,.NULL.);
#1088= IFCPROPERTYSINGLEVALUE('WEIGHT_TOTAL_IN_GROUP',$,IFCMASSMEASURE(1.7276),$);
#1089= IFCPROPERTYSINGLEVALUE('REBAR_POS',$,IFCLABEL('32'),$);
#1090= IFCPROPERTYSINGLEVALUE('GUID',$,IFCLABEL('e2de17ed-02ee-45bb-b9fd-b5704e37db9a'),$);
#1091= IFCPROPERTYSINGLEVALUE('DIM_L',$,IFCLENGTHMEASURE(2860.),$);
#1092= IFCPROPERTYSINGLEVALUE('DIM_C',$,IFCLENGTHMEASURE(308.),$);
#1093= IFCPROPERTYSINGLEVALUE('DIM_A',$,IFCLENGTHMEASURE(308.),$);
#1094= IFCPROPERTYSET('2cn4WwIcn8fg75SLPWEWyW',#5,'Rebar_properties',$,(#73,#74,#213,#70,#71,#1088,#526,#1089,#760,#375,#376,#529,#378,#379,#530,#381,#382,#1090,#384,#1091,#386,#387,#1092,#721,#1093,#391,#392,#765,#394,#395,#396));
#1095= IFCDIRECTION((-0.201652921019968,0.,-0.9794570431847));
#1096= IFCVECTOR(#1095,1.);
#1097= IFCLINE(#6,#1096);
#1098= IFCTRIMMEDCURVE(#1097,(IFCPARAMETERVALUE(0.)),(IFCPARAMETERVALUE(1663.36708398626)),.T.,.PARAMETER.);
#1099= IFCCOMPOSITECURVESEGMENT(.CONTINUOUS.,.T.,#1098);
#1100= IFCCARTESIANPOINT((-271.452043081295,0.,-1642.36706221605));
#1101= IFCDIRECTION((-0.9794570431847,0.,0.201652921019968));
#1102= IFCAXIS2PLACEMENT3D(#1100,#88,#1101);
#1103= IFCCIRCLE(#1102,65.31);
#1104= IFCTRIMMEDCURVE(#1103,(IFCPARAMETERVALUE(0.)),(IFCPARAMETERVALUE(0.203045217610301)),.T.,.PARAMETER.);
#1105= IFCCOMPOSITECURVESEGMENT(.CONTINUOUS.,.T.,#1104);
#1106= IFCCARTESIANPOINT((-336.764543081295,0.,-1642.36706221605));
#1107= IFCLINE(#1106,#268);
#1108= IFCTRIMMEDCURVE(#1107,(IFCPARAMETERVALUE(0.)),(IFCPARAMETERVALUE(167.086587998891)),.T.,.PARAMETER.);
#1109= IFCCOMPOSITECURVESEGMENT(.CONTINUOUS.,.T.,#1108);
#1110= IFCCARTESIANPOINT((-271.452043081291,0.,-1809.45365021494));
#1111= IFCAXIS2PLACEMENT3D(#1110,#88,#89);
#1112= IFCCIRCLE(#1111,65.31);
#1113= IFCTRIMMEDCURVE(#1112,(IFCPARAMETERVALUE(0.)),(IFCPARAMETERVALUE(1.57079632679487)),.T.,.PARAMETER.);
#1114= IFCCOMPOSITECURVESEGMENT(.CONTINUOUS.,.T.,#1113);
#1115= IFCCARTESIANPOINT((-271.452043081291,0.,-1874.76615021494));
#1116= IFCLINE(#1115,#278);
#1117= IFCTRIMMEDCURVE(#1116,(IFCPARAMETERVALUE(0.)),(IFCPARAMETERVALUE(200.749999999996)),.T.,.PARAMETER.);
#1118= IFCCOMPOSITECURVESEGMENT(.CONTINUOUS.,.T.,#1117);
#1119= IFCCARTESIANPOINT((-70.7020430812948,0.,-1821.45365021494));
#1120= IFCAXIS2PLACEMENT3D(#1119,#88,#267);
#1121= IFCCIRCLE(#1120,53.31);
#1122= IFCTRIMMEDCURVE(#1121,(IFCPARAMETERVALUE(0.)),(IFCPARAMETERVALUE(1.5707963267949)),.T.,.PARAMETER.);
#1123= IFCCOMPOSITECURVESEGMENT(.CONTINUOUS.,.T.,#1122);
#1124= IFCCARTESIANPOINT((-17.3895430812948,0.,-1821.45365021494));
#1125= IFCLINE(#1124,#409);
#1126= IFCTRIMMEDCURVE(#1125,(IFCPARAMETERVALUE(0.)),(IFCPARAMETERVALUE(250.)),.T.,.PARAMETER.);
#1127= IFCCOMPOSITECURVESEGMENT(.DISCONTINUOUS.,.T.,#1126);
#1128= IFCCOMPOSITECURVE((#1099,#1105,#1109,#1114,#1118,#1123,#1127),.F.);
#1129= IFCSWEPTDISKSOLID(#1128,5.3125,$,0.,2284.54830985634);
#1130= IFCSTYLEDITEM(#1129,(#266),$);
#1131= IFCCARTESIANPOINT((392.077043081859,75.3125,1930.07865021494));
#1132= IFCCARTESIANTRANSFORMATIONOPERATOR3D($,$,#1131,$,$);
#1133= IFCSHAPEREPRESENTATION(#13,'Body','AdvancedSweptSolid',(#1129));
#1134= IFCREPRESENTATIONMAP(#10,#1133);
#1135= IFCMAPPEDITEM(#1134,#1132);
#1136= IFCTRIMMEDCURVE(#1116,(IFCPARAMETERVALUE(0.)),(IFCPARAMETERVALUE(200.749999999996)),.T.,.PARAMETER.);
#1137= IFCCOMPOSITECURVESEGMENT(.CONTINUOUS.,.T.,#1136);
#1138= IFCCOMPOSITECURVE((#1099,#1105,#1109,#1114,#1137,#1123,#1127),.F.);
#1139= IFCSWEPTDISKSOLID(#1138,5.3125,$,0.,2284.54830985634);
#1140= IFCSTYLEDITEM(#1139,(#266),$);
#1141= IFCCARTESIANPOINT((392.077043082973,221.9375,1930.07865021494));
#1142= IFCCARTESIANTRANSFORMATIONOPERATOR3D($,$,#1141,$,$);
#1143= IFCSHAPEREPRESENTATION(#13,'Body','AdvancedSweptSolid',(#1139));
#1144= IFCREPRESENTATIONMAP(#10,#1143);
#1145= IFCMAPPEDITEM(#1144,#1142);
#1146= IFCCARTESIANPOINT((392.077043084086,368.5625,1930.07865021494));
#1147= IFCCARTESIANTRANSFORMATIONOPERATOR3D($,$,#1146,$,$);
#1148= IFCSHAPEREPRESENTATION(#13,'Body','AdvancedSweptSolid',(#1129));
#1149= IFCREPRESENTATIONMAP(#10,#1148);
#1150= IFCMAPPEDITEM(#1149,#1147);
#1151= IFCCARTESIANPOINT((392.077043085199,515.1875,1930.07865021494));
#1152= IFCCARTESIANTRANSFORMATIONOPERATOR3D($,$,#1151,$,$);
#1153= IFCSHAPEREPRESENTATION(#13,'Body','AdvancedSweptSolid',(#1129));
#1154= IFCREPRESENTATIONMAP(#10,#1153);
#1155= IFCMAPPEDITEM(#1154,#1152);
#1156= IFCCARTESIANPOINT((392.077043086312,661.8125,1930.07865021494));
#1157= IFCCARTESIANTRANSFORMATIONOPERATOR3D($,$,#1156,$,$);
#1158= IFCSHAPEREPRESENTATION(#13,'Body','AdvancedSweptSolid',(#1139));
#1159= IFCREPRESENTATIONMAP(#10,#1158);
#1160= IFCMAPPEDITEM(#1159,#1157);
#1161= IFCCARTESIANPOINT((392.077043087425,808.4375,1930.07865021494));
#1162= IFCCARTESIANTRANSFORMATIONOPERATOR3D($,$,#1161,$,$);
#1163= IFCSHAPEREPRESENTATION(#13,'Body','AdvancedSweptSolid',(#1129));
#1164= IFCREPRESENTATIONMAP(#10,#1163);
#1165= IFCMAPPEDITEM(#1164,#1162);
#1166= IFCCARTESIANPOINT((392.077043088538,955.0625,1930.07865021494));
#1167= IFCCARTESIANTRANSFORMATIONOPERATOR3D($,$,#1166,$,$);
#1168= IFCSHAPEREPRESENTATION(#13,'Body','AdvancedSweptSolid',(#1129));
#1169= IFCREPRESENTATIONMAP(#10,#1168);
#1170= IFCMAPPEDITEM(#1169,#1167);
#1171= IFCTRIMMEDCURVE(#1116,(IFCPARAMETERVALUE(0.)),(IFCPARAMETERVALUE(200.749999999996)),.T.,.PARAMETER.);
#1172= IFCCOMPOSITECURVESEGMENT(.CONTINUOUS.,.T.,#1171);
#1173= IFCCOMPOSITECURVE((#1099,#1105,#1109,#1114,#1172,#1123,#1127),.F.);
#1174= IFCSWEPTDISKSOLID(#1173,5.3125,$,0.,2284.54830985634);
#1175= IFCSTYLEDITEM(#1174,(#266),$);
#1176= IFCCARTESIANPOINT((392.077043089651,1101.6875,1930.07865021494));
#1177= IFCCARTESIANTRANSFORMATIONOPERATOR3D($,$,#1176,$,$);
#1178= IFCSHAPEREPRESENTATION(#13,'Body','AdvancedSweptSolid',(#1174));
#1179= IFCREPRESENTATIONMAP(#10,#1178);
#1180= IFCMAPPEDITEM(#1179,#1177);
#1181= IFCCARTESIANPOINT((392.077043090764,1248.3125,1930.07865021494));
#1182= IFCCARTESIANTRANSFORMATIONOPERATOR3D($,$,#1181,$,$);
#1183= IFCSHAPEREPRESENTATION(#13,'Body','AdvancedSweptSolid',(#1129));
#1184= IFCREPRESENTATIONMAP(#10,#1183);
#1185= IFCMAPPEDITEM(#1184,#1182);
#1186= IFCCARTESIANPOINT((392.077043091878,1394.9375,1930.07865021494));
#1187= IFCCARTESIANTRANSFORMATIONOPERATOR3D($,$,#1186,$,$);
#1188= IFCSHAPEREPRESENTATION(#13,'Body','AdvancedSweptSolid',(#1139));
#1189= IFCREPRESENTATIONMAP(#10,#1188);
#1190= IFCMAPPEDITEM(#1189,#1187);
#1191= IFCCARTESIANPOINT((392.077043092991,1541.5625,1930.07865021494));
#1192= IFCCARTESIANTRANSFORMATIONOPERATOR3D($,$,#1191,$,$);
#1193= IFCSHAPEREPRESENTATION(#13,'Body','AdvancedSweptSolid',(#1129));
#1194= IFCREPRESENTATIONMAP(#10,#1193);
#1195= IFCMAPPEDITEM(#1194,#1192);
#1196= IFCCARTESIANPOINT((392.077043094104,1688.1875,1930.07865021494));
#1197= IFCCARTESIANTRANSFORMATIONOPERATOR3D($,$,#1196,$,$);
#1198= IFCSHAPEREPRESENTATION(#13,'Body','AdvancedSweptSolid',(#1129));
#1199= IFCREPRESENTATIONMAP(#10,#1198);
#1200= IFCMAPPEDITEM(#1199,#1197);
#1201= IFCCARTESIANPOINT((392.077043095217,1834.8125,1930.07865021494));
#1202= IFCCARTESIANTRANSFORMATIONOPERATOR3D($,$,#1201,$,$);
#1203= IFCSHAPEREPRESENTATION(#13,'Body','AdvancedSweptSolid',(#1139));
#1204= IFCREPRESENTATIONMAP(#10,#1203);
#1205= IFCMAPPEDITEM(#1204,#1202);
#1206= IFCCARTESIANPOINT((392.07704309633,1981.4375,1930.07865021494));
#1207= IFCCARTESIANTRANSFORMATIONOPERATOR3D($,$,#1206,$,$);
#1208= IFCSHAPEREPRESENTATION(#13,'Body','AdvancedSweptSolid',(#1129));
#1209= IFCREPRESENTATIONMAP(#10,#1208);
#1210= IFCMAPPEDITEM(#1209,#1207);
#1211= IFCCARTESIANPOINT((392.077043097443,2128.0625,1930.07865021494));
#1212= IFCCARTESIANTRANSFORMATIONOPERATOR3D($,$,#1211,$,$);
#1213= IFCSHAPEREPRESENTATION(#13,'Body','AdvancedSweptSolid',(#1129));
#1214= IFCREPRESENTATIONMAP(#10,#1213);
#1215= IFCMAPPEDITEM(#1214,#1212);
#1216= IFCCARTESIANPOINT((392.077043098556,2274.6875,1930.07865021494));
#1217= IFCCARTESIANTRANSFORMATIONOPERATOR3D($,$,#1216,$,$);
#1218= IFCSHAPEREPRESENTATION(#13,'Body','AdvancedSweptSolid',(#1139));
#1219= IFCREPRESENTATIONMAP(#10,#1218);
#1220= IFCMAPPEDITEM(#1219,#1217);
#1221= IFCSHAPEREPRESENTATION(#13,'Body','MappedRepresentation',(#1135,#1145,#1150,#1155,#1160,#1165,#1170,#1180,#1185,#1190,#1195,#1200,#1205,#1210,#1215,#1220));
#1222= IFCPRODUCTDEFINITIONSHAPE($,$,(#1221));
#1223= IFCCARTESIANPOINT((431175.,397375.,-549.999999999985));
#1224= IFCAXIS2PLACEMENT3D(#1223,#8,#267);
#1225= IFCLOCALPLACEMENT(#203,#1224);
#1226= IFCREINFORCINGBAR('2G3nCbxvbB8QcfRQFL_S7g',#202,'SUP.',$,$,#1225,#1222,'ID900f1325-ef99-4b21-a9a9-6da3d5f9c1ea',$,10.625,0.,$,.NOTDEFINED.,.NULL.);
#1227= IFCPROPERTYSINGLEVALUE('WEIGHT_TOTAL_IN_GROUP',$,IFCMASSMEASURE(24.48996),$);
#1228= IFCPROPERTYSINGLEVALUE('SHAPE',$,IFCLABEL('F110'),$);
#1229= IFCPROPERTYSINGLEVALUE('REBAR_POS',$,IFCLABEL('11'),$);
#1230= IFCPROPERTYSINGLEVALUE('GUID',$,IFCLABEL('900f1325-ef99-4b21-a9a9-6da3d5f9c1ea'),$);
#1231= IFCPROPERTYSINGLEVALUE('DIM_L',$,$,$);
#1232= IFCPROPERTYSINGLEVALUE('DIM_B',$,$,$);
#1233= IFCPROPERTYSINGLEVALUE('DIM_A',$,$,$);
#1234= IFCPROPERTYSINGLEVALUE('CC_TARGET',$,IFCLENGTHMEASURE(146.625),$);
#1235= IFCPROPERTYSET('3MYPIh_PP2Sx7UWhpKbp2V',#5,'Rebar_properties',$,(#73,#74,#213,#70,#71,#1227,#1228,#1229,#374,#375,#376,#529,#378,#379,#380,#381,#382,#1230,#384,#1231,#386,#387,#388,#1232,#1233,#391,#392,#1234,#394,#395,#396));
#1236= IFCDIRECTION((-0.20601048168443,1.73133954435402E-18,-0.978549784853152));
#1237= IFCVECTOR(#1236,1.);
#1238= IFCLINE(#6,#1237);
#1239= IFCTRIMMEDCURVE(#1238,(IFCPARAMETERVALUE(0.)),(IFCPARAMETERVALUE(120.000000001528)),.T.,.PARAMETER.);
#1240= IFCCOMPOSITECURVESEGMENT(.CONTINUOUS.,.T.,#1239);
#1241= IFCCARTESIANPOINT((39.1902750207751,-1.01607611213694E-12,-130.881033768888));
#1242= IFCDIRECTION((-0.978549784853152,1.55603272403027E-14,0.206010481684428));
#1243= IFCAXIS2PLACEMENT3D(#1241,#88,#1242);
#1244= IFCCIRCLE(#1243,65.31);
#1245= IFCTRIMMEDCURVE(#1244,(IFCPARAMETERVALUE(0.)),(IFCPARAMETERVALUE(1.57079632677137)),.T.,.PARAMETER.);
#1246= IFCCOMPOSITECURVESEGMENT(.CONTINUOUS.,.T.,#1245);
#1247= IFCCARTESIANPOINT((25.7352154342575,-1.01607611213694E-12,-194.792566591793));
#1248= IFCDIRECTION((0.978549784848306,-1.55681961785129E-14,-0.206010481707448));
#1249= IFCVECTOR(#1248,1.);
#1250= IFCLINE(#1247,#1249);
#1251= IFCTRIMMEDCURVE(#1250,(IFCPARAMETERVALUE(0.)),(IFCPARAMETERVALUE(3666.81528831308)),.T.,.PARAMETER.);
#1252= IFCCOMPOSITECURVESEGMENT(.CONTINUOUS.,.T.,#1251);
#1253= IFCCARTESIANPOINT((3627.35158647802,-5.32693888999347E-11,-886.2834176465));
#1254= IFCAXIS2PLACEMENT3D(#1253,#88,#1236);
#1255= IFCCIRCLE(#1254,65.31);
#1256= IFCTRIMMEDCURVE(#1255,(IFCPARAMETERVALUE(0.)),(IFCPARAMETERVALUE(0.207496227096029)),.T.,.PARAMETER.);
#1257= IFCCOMPOSITECURVESEGMENT(.CONTINUOUS.,.T.,#1256);
#1258= IFCCARTESIANPOINT((3627.35158647728,-5.82076609134674E-11,-951.5959176465));
#1259= IFCLINE(#1258,#278);
#1260= IFCTRIMMEDCURVE(#1259,(IFCPARAMETERVALUE(0.)),(IFCPARAMETERVALUE(921.266032003122)),.T.,.PARAMETER.);
#1261= IFCCOMPOSITECURVESEGMENT(.DISCONTINUOUS.,.T.,#1260);
#1262= IFCCOMPOSITECURVE((#1240,#1246,#1252,#1257,#1261),.F.);
#1263= IFCSWEPTDISKSOLID(#1262,5.3125,$,0.,4709.8596128716);
#1264= IFCSTYLEDITEM(#1263,(#266),$);
#1265= IFCCARTESIANPOINT((-3614.79187504458,-55.3124999999418,1006.90841764667));
#1266= IFCCARTESIANTRANSFORMATIONOPERATOR3D($,$,#1265,$,$);
#1267= IFCSHAPEREPRESENTATION(#13,'Body','AdvancedSweptSolid',(#1263));
#1268= IFCREPRESENTATIONMAP(#10,#1267);
#1269= IFCMAPPEDITEM(#1268,#1266);
#1270= IFCTRIMMEDCURVE(#1238,(IFCPARAMETERVALUE(0.)),(IFCPARAMETERVALUE(120.000000001543)),.T.,.PARAMETER.);
#1271= IFCCOMPOSITECURVESEGMENT(.CONTINUOUS.,.T.,#1270);
#1272= IFCVECTOR(#1248,1.);
#1273= IFCLINE(#1247,#1272);
#1274= IFCTRIMMEDCURVE(#1273,(IFCPARAMETERVALUE(0.)),(IFCPARAMETERVALUE(3666.81528831308)),.T.,.PARAMETER.);
#1275= IFCCOMPOSITECURVESEGMENT(.CONTINUOUS.,.T.,#1274);
#1276= IFCVECTOR(#7,1.);
#1277= IFCLINE(#1258,#1276);
#1278= IFCTRIMMEDCURVE(#1277,(IFCPARAMETERVALUE(0.)),(IFCPARAMETERVALUE(921.266032003123)),.T.,.PARAMETER.);
#1279= IFCCOMPOSITECURVESEGMENT(.DISCONTINUOUS.,.T.,#1278);
#1280= IFCCOMPOSITECURVE((#1271,#1246,#1275,#1257,#1279),.F.);
#1281= IFCSWEPTDISKSOLID(#1280,5.3125,$,0.,4709.85961287161);
#1282= IFCSTYLEDITEM(#1281,(#266),$);
#1283= IFCCARTESIANPOINT((-3614.79187504452,-204.60416666657,1006.90841764667));
#1284= IFCCARTESIANTRANSFORMATIONOPERATOR3D($,$,#1283,$,$);
#1285= IFCSHAPEREPRESENTATION(#13,'Body','AdvancedSweptSolid',(#1281));
#1286= IFCREPRESENTATIONMAP(#10,#1285);
#1287= IFCMAPPEDITEM(#1286,#1284);
#1288= IFCTRIMMEDCURVE(#1250,(IFCPARAMETERVALUE(0.)),(IFCPARAMETERVALUE(3666.81528831308)),.T.,.PARAMETER.);
#1289= IFCCOMPOSITECURVESEGMENT(.CONTINUOUS.,.T.,#1288);
#1290= IFCCOMPOSITECURVE((#1240,#1246,#1289,#1257,#1279),.F.);
#1291= IFCSWEPTDISKSOLID(#1290,5.3125,$,0.,4709.8596128716);
#1292= IFCSTYLEDITEM(#1291,(#266),$);
#1293= IFCCARTESIANPOINT((-3614.79187504452,-353.895833333256,1006.90841764667));
#1294= IFCCARTESIANTRANSFORMATIONOPERATOR3D($,$,#1293,$,$);
#1295= IFCSHAPEREPRESENTATION(#13,'Body','AdvancedSweptSolid',(#1291));
#1296= IFCREPRESENTATIONMAP(#10,#1295);
#1297= IFCMAPPEDITEM(#1296,#1294);
#1298= IFCCARTESIANPOINT((-3614.79187504452,-503.187499999942,1006.90841764667));
#1299= IFCCARTESIANTRANSFORMATIONOPERATOR3D($,$,#1298,$,$);
#1300= IFCSHAPEREPRESENTATION(#13,'Body','AdvancedSweptSolid',(#1263));
#1301= IFCREPRESENTATIONMAP(#10,#1300);
#1302= IFCMAPPEDITEM(#1301,#1299);
#1303= IFCCARTESIANPOINT((-3614.79187504452,-652.47916666657,1006.90841764669));
#1304= IFCCARTESIANTRANSFORMATIONOPERATOR3D($,$,#1303,$,$);
#1305= IFCSHAPEREPRESENTATION(#13,'Body','AdvancedSweptSolid',(#1281));
#1306= IFCREPRESENTATIONMAP(#10,#1305);
#1307= IFCMAPPEDITEM(#1306,#1304);
#1308= IFCCARTESIANPOINT((-3614.79187504452,-801.770833333256,1006.90841764669));
#1309= IFCCARTESIANTRANSFORMATIONOPERATOR3D($,$,#1308,$,$);
#1310= IFCSHAPEREPRESENTATION(#13,'Body','AdvancedSweptSolid',(#1281));
#1311= IFCREPRESENTATIONMAP(#10,#1310);
#1312= IFCMAPPEDITEM(#1311,#1309);
#1313= IFCVECTOR(#1236,1.);
#1314= IFCLINE(#6,#1313);
#1315= IFCTRIMMEDCURVE(#1314,(IFCPARAMETERVALUE(0.)),(IFCPARAMETERVALUE(120.000000001505)),.T.,.PARAMETER.);
#1316= IFCCOMPOSITECURVESEGMENT(.CONTINUOUS.,.T.,#1315);
#1317= IFCTRIMMEDCURVE(#1250,(IFCPARAMETERVALUE(0.)),(IFCPARAMETERVALUE(3666.81528831312)),.T.,.PARAMETER.);
#1318= IFCCOMPOSITECURVESEGMENT(.CONTINUOUS.,.T.,#1317);
#1319= IFCTRIMMEDCURVE(#1259,(IFCPARAMETERVALUE(0.)),(IFCPARAMETERVALUE(921.266032003064)),.T.,.PARAMETER.);
#1320= IFCCOMPOSITECURVESEGMENT(.DISCONTINUOUS.,.T.,#1319);
#1321= IFCCOMPOSITECURVE((#1316,#1246,#1318,#1257,#1320),.F.);
#1322= IFCSWEPTDISKSOLID(#1321,5.3125,$,0.,4709.85961287155);
#1323= IFCSTYLEDITEM(#1322,(#266),$);
#1324= IFCCARTESIANPOINT((-3614.79187504447,-951.062499999942,1006.90841764667));
#1325= IFCCARTESIANTRANSFORMATIONOPERATOR3D($,$,#1324,$,$);
#1326= IFCSHAPEREPRESENTATION(#13,'Body','AdvancedSweptSolid',(#1322));
#1327= IFCREPRESENTATIONMAP(#10,#1326);
#1328= IFCMAPPEDITEM(#1327,#1325);
#1329= IFCTRIMMEDCURVE(#1238,(IFCPARAMETERVALUE(0.)),(IFCPARAMETERVALUE(120.000000001513)),.T.,.PARAMETER.);
#1330= IFCCOMPOSITECURVESEGMENT(.CONTINUOUS.,.T.,#1329);
#1331= IFCTRIMMEDCURVE(#1273,(IFCPARAMETERVALUE(0.)),(IFCPARAMETERVALUE(3666.81528831308)),.T.,.PARAMETER.);
#1332= IFCCOMPOSITECURVESEGMENT(.CONTINUOUS.,.T.,#1331);
#1333= IFCCOMPOSITECURVE((#1330,#1246,#1332,#1257,#1279),.F.);
#1334= IFCSWEPTDISKSOLID(#1333,5.3125,$,0.,4709.85961287158);
#1335= IFCSTYLEDITEM(#1334,(#266),$);
#1336= IFCCARTESIANPOINT((-3614.79187504447,-1100.35416666657,1006.90841764667));
#1337= IFCCARTESIANTRANSFORMATIONOPERATOR3D($,$,#1336,$,$);
#1338= IFCSHAPEREPRESENTATION(#13,'Body','AdvancedSweptSolid',(#1334));
#1339= IFCREPRESENTATIONMAP(#10,#1338);
#1340= IFCMAPPEDITEM(#1339,#1337);
#1341= IFCVECTOR(#1236,1.);
#1342= IFCLINE(#6,#1341);
#1343= IFCTRIMMEDCURVE(#1342,(IFCPARAMETERVALUE(0.)),(IFCPARAMETERVALUE(120.000000001529)),.T.,.PARAMETER.);
#1344= IFCCOMPOSITECURVESEGMENT(.CONTINUOUS.,.T.,#1343);
#1345= IFCTRIMMEDCURVE(#1250,(IFCPARAMETERVALUE(0.)),(IFCPARAMETERVALUE(3666.81528831308)),.T.,.PARAMETER.);
#1346= IFCCOMPOSITECURVESEGMENT(.CONTINUOUS.,.T.,#1345);
#1347= IFCCOMPOSITECURVE((#1344,#1246,#1346,#1257,#1261),.F.);
#1348= IFCSWEPTDISKSOLID(#1347,5.3125,$,0.,4709.8596128716);
#1349= IFCSTYLEDITEM(#1348,(#266),$);
#1350= IFCCARTESIANPOINT((-3614.79187504447,-1249.64583333326,1006.90841764669));
#1351= IFCCARTESIANTRANSFORMATIONOPERATOR3D($,$,#1350,$,$);
#1352= IFCSHAPEREPRESENTATION(#13,'Body','AdvancedSweptSolid',(#1348));
#1353= IFCREPRESENTATIONMAP(#10,#1352);
#1354= IFCMAPPEDITEM(#1353,#1351);
#1355= IFCCARTESIANPOINT((-3614.79187504447,-1398.93749999994,1006.90841764669));
#1356= IFCCARTESIANTRANSFORMATIONOPERATOR3D($,$,#1355,$,$);
#1357= IFCSHAPEREPRESENTATION(#13,'Body','AdvancedSweptSolid',(#1291));
#1358= IFCREPRESENTATIONMAP(#10,#1357);
#1359= IFCMAPPEDITEM(#1358,#1356);
#1360= IFCVECTOR(#1236,1.);
#1361= IFCLINE(#6,#1360);
#1362= IFCTRIMMEDCURVE(#1361,(IFCPARAMETERVALUE(0.)),(IFCPARAMETERVALUE(120.00000000152)),.T.,.PARAMETER.);
#1363= IFCCOMPOSITECURVESEGMENT(.CONTINUOUS.,.T.,#1362);
#1364= IFCTRIMMEDCURVE(#1273,(IFCPARAMETERVALUE(0.)),(IFCPARAMETERVALUE(3666.81528831306)),.T.,.PARAMETER.);
#1365= IFCCOMPOSITECURVESEGMENT(.CONTINUOUS.,.T.,#1364);
#1366= IFCCOMPOSITECURVE((#1363,#1246,#1365,#1257,#1279),.F.);
#1367= IFCSWEPTDISKSOLID(#1366,5.3125,$,0.,4709.85961287157);
#1368= IFCSTYLEDITEM(#1367,(#266),$);
#1369= IFCCARTESIANPOINT((-3614.79187504441,-1548.22916666657,1006.90841764669));
#1370= IFCCARTESIANTRANSFORMATIONOPERATOR3D($,$,#1369,$,$);
#1371= IFCSHAPEREPRESENTATION(#13,'Body','AdvancedSweptSolid',(#1367));
#1372= IFCREPRESENTATIONMAP(#10,#1371);
#1373= IFCMAPPEDITEM(#1372,#1370);
#1374= IFCTRIMMEDCURVE(#1342,(IFCPARAMETERVALUE(0.)),(IFCPARAMETERVALUE(120.000000001505)),.T.,.PARAMETER.);
#1375= IFCCOMPOSITECURVESEGMENT(.CONTINUOUS.,.T.,#1374);
#1376= IFCTRIMMEDCURVE(#1250,(IFCPARAMETERVALUE(0.)),(IFCPARAMETERVALUE(3666.81528831312)),.T.,.PARAMETER.);
#1377= IFCCOMPOSITECURVESEGMENT(.CONTINUOUS.,.T.,#1376);
#1378= IFCCOMPOSITECURVE((#1375,#1246,#1377,#1257,#1320),.F.);
#1379= IFCSWEPTDISKSOLID(#1378,5.3125,$,0.,4709.85961287156);
#1380= IFCSTYLEDITEM(#1379,(#266),$);
#1381= IFCCARTESIANPOINT((-3614.79187504441,-1697.52083333326,1006.90841764669));
#1382= IFCCARTESIANTRANSFORMATIONOPERATOR3D($,$,#1381,$,$);
#1383= IFCSHAPEREPRESENTATION(#13,'Body','AdvancedSweptSolid',(#1379));
#1384= IFCREPRESENTATIONMAP(#10,#1383);
#1385= IFCMAPPEDITEM(#1384,#1382);
#1386= IFCTRIMMEDCURVE(#1273,(IFCPARAMETERVALUE(0.)),(IFCPARAMETERVALUE(3666.81528831312)),.T.,.PARAMETER.);
#1387= IFCCOMPOSITECURVESEGMENT(.CONTINUOUS.,.T.,#1386);
#1388= IFCTRIMMEDCURVE(#1259,(IFCPARAMETERVALUE(0.)),(IFCPARAMETERVALUE(921.266032003065)),.T.,.PARAMETER.);
#1389= IFCCOMPOSITECURVESEGMENT(.DISCONTINUOUS.,.T.,#1388);
#1390= IFCCOMPOSITECURVE((#1316,#1246,#1387,#1257,#1389),.F.);
#1391= IFCSWEPTDISKSOLID(#1390,5.3125,$,0.,4709.85961287155);
#1392= IFCSTYLEDITEM(#1391,(#266),$);
#1393= IFCCARTESIANPOINT((-3614.79187504435,-1846.81249999994,1006.90841764667));
#1394= IFCCARTESIANTRANSFORMATIONOPERATOR3D($,$,#1393,$,$);
#1395= IFCSHAPEREPRESENTATION(#13,'Body','AdvancedSweptSolid',(#1391));
#1396= IFCREPRESENTATIONMAP(#10,#1395);
#1397= IFCMAPPEDITEM(#1396,#1394);
#1398= IFCTRIMMEDCURVE(#1342,(IFCPARAMETERVALUE(0.)),(IFCPARAMETERVALUE(120.00000000152)),.T.,.PARAMETER.);
#1399= IFCCOMPOSITECURVESEGMENT(.CONTINUOUS.,.T.,#1398);
#1400= IFCTRIMMEDCURVE(#1250,(IFCPARAMETERVALUE(0.)),(IFCPARAMETERVALUE(3666.81528831312)),.T.,.PARAMETER.);
#1401= IFCCOMPOSITECURVESEGMENT(.CONTINUOUS.,.T.,#1400);
#1402= IFCCOMPOSITECURVE((#1399,#1246,#1401,#1257,#1320),.F.);
#1403= IFCSWEPTDISKSOLID(#1402,5.3125,$,0.,4709.85961287157);
#1404= IFCSTYLEDITEM(#1403,(#266),$);
#1405= IFCCARTESIANPOINT((-3614.79187504435,-1996.10416666657,1006.90841764669));
#1406= IFCCARTESIANTRANSFORMATIONOPERATOR3D($,$,#1405,$,$);
#1407= IFCSHAPEREPRESENTATION(#13,'Body','AdvancedSweptSolid',(#1403));
#1408= IFCREPRESENTATIONMAP(#10,#1407);
#1409= IFCMAPPEDITEM(#1408,#1406);
#1410= IFCTRIMMEDCURVE(#1361,(IFCPARAMETERVALUE(0.)),(IFCPARAMETERVALUE(120.00000000152)),.T.,.PARAMETER.);
#1411= IFCCOMPOSITECURVESEGMENT(.CONTINUOUS.,.T.,#1410);
#1412= IFCTRIMMEDCURVE(#1273,(IFCPARAMETERVALUE(0.)),(IFCPARAMETERVALUE(3666.81528831312)),.T.,.PARAMETER.);
#1413= IFCCOMPOSITECURVESEGMENT(.CONTINUOUS.,.T.,#1412);
#1414= IFCCOMPOSITECURVE((#1411,#1246,#1413,#1257,#1389),.F.);
#1415= IFCSWEPTDISKSOLID(#1414,5.3125,$,0.,4709.85961287157);
#1416= IFCSTYLEDITEM(#1415,(#266),$);
#1417= IFCCARTESIANPOINT((-3614.79187504435,-2145.39583333326,1006.90841764669));
#1418= IFCCARTESIANTRANSFORMATIONOPERATOR3D($,$,#1417,$,$);
#1419= IFCSHAPEREPRESENTATION(#13,'Body','AdvancedSweptSolid',(#1415));
#1420= IFCREPRESENTATIONMAP(#10,#1419);
#1421= IFCMAPPEDITEM(#1420,#1418);
#1422= IFCCARTESIANPOINT((-3614.79187504435,-2294.68749999994,1006.90841764669));
#1423= IFCCARTESIANTRANSFORMATIONOPERATOR3D($,$,#1422,$,$);
#1424= IFCSHAPEREPRESENTATION(#13,'Body','AdvancedSweptSolid',(#1415));
#1425= IFCREPRESENTATIONMAP(#10,#1424);
#1426= IFCMAPPEDITEM(#1425,#1423);
#1427= IFCSHAPEREPRESENTATION(#13,'Body','MappedRepresentation',(#1269,#1287,#1297,#1302,#1307,#1312,#1328,#1340,#1354,#1359,#1373,#1385,#1397,#1409,#1421,#1426));
#1428= IFCPRODUCTDEFINITIONSHAPE($,$,(#1427));
#1429= IFCCARTESIANPOINT((431175.,398425.,-700.));
#1430= IFCDIRECTION((0.,-0.206010481956997,-0.978549784795769));
#1431= IFCDIRECTION((0.,0.978549784795768,-0.206010481957004));
#1432= IFCAXIS2PLACEMENT3D(#1429,#1430,#1431);
#1433= IFCLOCALPLACEMENT(#203,#1432);
#1434= IFCREINFORCINGBAR('0A6Pt7iuT6$wH7D3Gxi4B4',#202,'SUP.',$,$,#1433,#1428,'ID0a199dc7-b387-46ff-a447-34343bb042c4',$,10.625,0.,$,.NOTDEFINED.,.NULL.);
#1435= IFCPROPERTYSINGLEVALUE('WEIGHT_TOTAL_IN_GROUP',$,IFCMASSMEASURE(47.62438),$);
#1436= IFCPROPERTYSINGLEVALUE('SHAPE',$,IFCLABEL('F109'),$);
#1437= IFCPROPERTYSINGLEVALUE('REBAR_POS',$,IFCLABEL('23'),$);
#1438= IFCPROPERTYSINGLEVALUE('GUID',$,IFCLABEL('0a199dc7-b387-46ff-a447-34343bb042c4'),$);
#1439= IFCPROPERTYSINGLEVALUE('CC_TARGET',$,IFCLENGTHMEASURE(149.29167),$);
#1440= IFCPROPERTYSET('3Hq9p30yjFZ90r1OtluQkb',#5,'Rebar_properties',$,(#73,#74,#213,#70,#71,#1435,#1436,#1437,#374,#375,#376,#529,#378,#379,#380,#381,#382,#1438,#384,#1231,#386,#387,#388,#1232,#1233,#391,#392,#1439,#394,#395,#396));
#1441= IFCCARTESIANPOINT((55.3125,65.3125,378.624999999994));
#1442= IFCCARTESIANTRANSFORMATIONOPERATOR3D($,$,#1441,$,$);
#1443= IFCSHAPEREPRESENTATION(#13,'Body','AdvancedSweptSolid',(#697));
#1444= IFCREPRESENTATIONMAP(#10,#1443);
#1445= IFCMAPPEDITEM(#1444,#1442);
#1446= IFCCARTESIANPOINT((55.3125,215.3125,378.624999999979));
#1447= IFCCARTESIANTRANSFORMATIONOPERATOR3D($,$,#1446,$,$);
#1448= IFCSHAPEREPRESENTATION(#13,'Body','AdvancedSweptSolid',(#697));
#1449= IFCREPRESENTATIONMAP(#10,#1448);
#1450= IFCMAPPEDITEM(#1449,#1447);
#1451= IFCSHAPEREPRESENTATION(#13,'Body','MappedRepresentation',(#1445,#1450));
#1452= IFCPRODUCTDEFINITIONSHAPE($,$,(#1451));
#1453= IFCCARTESIANPOINT((431175.,397675.625,-993.937500000015));
#1454= IFCAXIS2PLACEMENT3D(#1453,#9,#89);
#1455= IFCLOCALPLACEMENT(#203,#1454);
#1456= IFCREINFORCINGBAR('0hDOVAUBPCGPVIsIJh7b8G',#202,'INF.',$,$,#1455,#1452,'ID2b3587ca-78b6-4c41-97d2-d924eb1e5210',$,10.625,0.,$,.NOTDEFINED.,.NULL.);
#1457= IFCPROPERTYSINGLEVALUE('GUID',$,IFCLABEL('2b3587ca-78b6-4c41-97d2-d924eb1e5210'),$);
#1458= IFCPROPERTYSET('0N6c4MMzT3ZvZrDJmRiMp0',#5,'Rebar_properties',$,(#73,#74,#213,#70,#71,#715,#526,#716,#717,#375,#376,#377,#378,#379,#530,#381,#382,#1457,#384,#719,#386,#387,#720,#721,#722,#391,#392,#393,#394,#395,#396));
#1459= IFCSHAPEREPRESENTATION(#13,'Body','AdvancedSweptSolid',(#1075));
#1460= IFCREPRESENTATIONMAP(#10,#1459);
#1461= IFCMAPPEDITEM(#1460,#1078);
#1462= IFCSHAPEREPRESENTATION(#13,'Body','MappedRepresentation',(#1461));
#1463= IFCPRODUCTDEFINITIONSHAPE($,$,(#1462));
#1464= IFCCARTESIANPOINT((431175.,397825.617834933,-991.144715955558));
#1465= IFCAXIS2PLACEMENT3D(#1464,#9,#89);
#1466= IFCLOCALPLACEMENT(#203,#1465);
#1467= IFCREINFORCINGBAR('2497_E0CTDgh8nWAPzUIg6',#202,'INF.',$,$,#1466,#1463,'ID84247f8e-00c7-4daa-b231-80a67d792a86',$,10.625,0.,$,.NOTDEFINED.,.NULL.);
#1468= IFCPROPERTYSINGLEVALUE('GUID',$,IFCLABEL('84247f8e-00c7-4daa-b231-80a67d792a86'),$);
#1469= IFCPROPERTYSET('3SRcjGrgn8P97$Vu0kd8NL',#5,'Rebar_properties',$,(#73,#74,#213,#70,#71,#1088,#526,#1089,#760,#375,#376,#377,#378,#379,#530,#381,#382,#1468,#384,#1091,#386,#387,#1092,#721,#1093,#391,#392,#765,#394,#395,#396));
#1470= IFCSHAPEREPRESENTATION(#13,'Body','AdvancedSweptSolid',(#1034));
#1471= IFCREPRESENTATIONMAP(#10,#1470);
#1472= IFCMAPPEDITEM(#1471,#1037);
#1473= IFCSHAPEREPRESENTATION(#13,'Body','MappedRepresentation',(#1472));
#1474= IFCPRODUCTDEFINITIONSHAPE($,$,(#1473));
#1475= IFCCARTESIANPOINT((431175.,397975.619278457,-991.146777802529));
#1476= IFCAXIS2PLACEMENT3D(#1475,#9,#89);
#1477= IFCLOCALPLACEMENT(#203,#1476);
#1478= IFCREINFORCINGBAR('1UAZlrvf1EXv8FtcfoyJcL',#202,'INF.',$,$,#1477,#1474,'ID5e2a3bf5-e690-4e87-920f-de6a72f13995',$,10.625,0.,$,.NOTDEFINED.,.NULL.);
#1479= IFCPROPERTYSINGLEVALUE('GUID',$,IFCLABEL('5e2a3bf5-e690-4e87-920f-de6a72f13995'),$);
#1480= IFCPROPERTYSET('3d7ktr5IfBmwbE84aRYNAJ',#5,'Rebar_properties',$,(#73,#74,#213,#70,#71,#1047,#526,#1048,#760,#375,#376,#377,#378,#379,#530,#381,#382,#1479,#384,#1050,#386,#387,#1051,#721,#1052,#391,#392,#765,#394,#395,#396));
#1481= IFCSHAPEREPRESENTATION(#13,'Body','AdvancedSweptSolid',(#993));
#1482= IFCREPRESENTATIONMAP(#10,#1481);
#1483= IFCMAPPEDITEM(#1482,#996);
#1484= IFCSHAPEREPRESENTATION(#13,'Body','MappedRepresentation',(#1483));
#1485= IFCPRODUCTDEFINITIONSHAPE($,$,(#1484));
#1486= IFCCARTESIANPOINT((431175.,398125.620721981,-994.998839649499));
#1487= IFCAXIS2PLACEMENT3D(#1486,#9,#89);
#1488= IFCLOCALPLACEMENT(#203,#1487);
#1489= IFCREINFORCINGBAR('1dnDv8tNPBsPde5W0Z_F9n',#202,'INF.',$,$,#1488,#1485,'ID67c4de48-dd76-4bd9-99e8-160023f8f271',$,10.625,0.,$,.NOTDEFINED.,.NULL.);
#1490= IFCPROPERTYSINGLEVALUE('GUID',$,IFCLABEL('67c4de48-dd76-4bd9-99e8-160023f8f271'),$);
#1491= IFCPROPERTYSET('2LeNHSmVL57fpAgzsIRStW',#5,'Rebar_properties',$,(#73,#74,#213,#70,#71,#1006,#526,#1007,#760,#375,#376,#377,#378,#379,#530,#381,#382,#1490,#384,#1009,#386,#387,#1010,#721,#1011,#391,#392,#765,#394,#395,#396));
#1492= IFCSHAPEREPRESENTATION(#13,'Body','AdvancedSweptSolid',(#952));
#1493= IFCREPRESENTATIONMAP(#10,#1492);
#1494= IFCMAPPEDITEM(#1493,#955);
#1495= IFCSHAPEREPRESENTATION(#13,'Body','MappedRepresentation',(#1494));
#1496= IFCPRODUCTDEFINITIONSHAPE($,$,(#1495));
#1497= IFCCARTESIANPOINT((431175.,398275.622165505,-991.650901496469));
#1498= IFCAXIS2PLACEMENT3D(#1497,#9,#89);
#1499= IFCLOCALPLACEMENT(#203,#1498);
#1500= IFCREINFORCINGBAR('362BXlTa57GhxLWe94vR9N',#202,'INF.',$,$,#1499,#1496,'IDc608b86f-7641-4742-bed5-828244e5b257',$,10.625,0.,$,.NOTDEFINED.,.NULL.);
#1501= IFCPROPERTYSINGLEVALUE('GUID',$,IFCLABEL('c608b86f-7641-4742-bed5-828244e5b257'),$);
#1502= IFCPROPERTYSET('3OfW0zDJv80OuyymtqHYPQ',#5,'Rebar_properties',$,(#73,#74,#213,#70,#71,#965,#526,#966,#760,#375,#376,#377,#378,#379,#530,#381,#382,#1501,#384,#968,#386,#387,#969,#721,#970,#391,#392,#765,#394,#395,#396));
#1503= IFCSHAPEREPRESENTATION(#13,'Body','AdvancedSweptSolid',(#911));
#1504= IFCREPRESENTATIONMAP(#10,#1503);
#1505= IFCMAPPEDITEM(#1504,#914);
#1506= IFCSHAPEREPRESENTATION(#13,'Body','MappedRepresentation',(#1505));
#1507= IFCPRODUCTDEFINITIONSHAPE($,$,(#1506));
#1508= IFCCARTESIANPOINT((431175.,398425.623609029,-991.902963343438));
#1509= IFCAXIS2PLACEMENT3D(#1508,#9,#89);
#1510= IFCLOCALPLACEMENT(#203,#1509);
#1511= IFCREINFORCINGBAR('2tRS872652Kxgi74KnD1Wr',#202,'INF.',$,$,#1510,#1507,'IDb76dc207-0861-4253-baac-1c4531341835',$,10.625,0.,$,.NOTDEFINED.,.NULL.);
#1512= IFCPROPERTYSINGLEVALUE('GUID',$,IFCLABEL('b76dc207-0861-4253-baac-1c4531341835'),$);
#1513= IFCPROPERTYSET('26SgojNbbC9vP8uKwryTAe',#5,'Rebar_properties',$,(#73,#74,#213,#70,#71,#924,#526,#925,#760,#375,#376,#377,#378,#379,#530,#381,#382,#1512,#384,#927,#386,#387,#928,#721,#929,#391,#392,#765,#394,#395,#396));
#1514= IFCSHAPEREPRESENTATION(#13,'Body','AdvancedSweptSolid',(#870));
#1515= IFCREPRESENTATIONMAP(#10,#1514);
#1516= IFCMAPPEDITEM(#1515,#873);
#1517= IFCSHAPEREPRESENTATION(#13,'Body','MappedRepresentation',(#1516));
#1518= IFCPRODUCTDEFINITIONSHAPE($,$,(#1517));
#1519= IFCCARTESIANPOINT((431175.,398575.625052553,-992.135025190409));
#1520= IFCAXIS2PLACEMENT3D(#1519,#9,#89);
#1521= IFCLOCALPLACEMENT(#203,#1520);
#1522= IFCREINFORCINGBAR('1p07Ye3Qz7qfHefKeQJGzC',#202,'INF.',$,$,#1521,#1518,'ID730078a8-0daf-47d2-9468-a54a1a4d0f4c',$,10.625,0.,$,.NOTDEFINED.,.NULL.);
#1523= IFCPROPERTYSINGLEVALUE('GUID',$,IFCLABEL('730078a8-0daf-47d2-9468-a54a1a4d0f4c'),$);
#1524= IFCPROPERTYSET('1zJlh2zobEu9HwYqkCWYuH',#5,'Rebar_properties',$,(#73,#74,#213,#70,#71,#883,#526,#884,#760,#375,#376,#377,#378,#379,#530,#381,#382,#1523,#384,#886,#386,#387,#887,#721,#888,#391,#392,#765,#394,#395,#396));
#1525= IFCSHAPEREPRESENTATION(#13,'Body','AdvancedSweptSolid',(#829));
#1526= IFCREPRESENTATIONMAP(#10,#1525);
#1527= IFCMAPPEDITEM(#1526,#832);
#1528= IFCSHAPEREPRESENTATION(#13,'Body','MappedRepresentation',(#1527));
#1529= IFCPRODUCTDEFINITIONSHAPE($,$,(#1528));
#1530= IFCCARTESIANPOINT((431175.,398725.626496077,-989.73708703738));
#1531= IFCAXIS2PLACEMENT3D(#1530,#9,#89);
#1532= IFCLOCALPLACEMENT(#203,#1531);
#1533= IFCREINFORCINGBAR('1BQ6m_Fsz5Sh$9H28Emtl2',#202,'INF.',$,$,#1532,#1529,'ID4b686c3e-3f6f-4572-bfc9-44220ec37bc2',$,10.625,0.,$,.NOTDEFINED.,.NULL.);
#1534= IFCPROPERTYSINGLEVALUE('GUID',$,IFCLABEL('4b686c3e-3f6f-4572-bfc9-44220ec37bc2'),$);
#1535= IFCPROPERTYSET('11YEj8ATn4kf3XuIJ3lP7$',#5,'Rebar_properties',$,(#73,#74,#213,#70,#71,#842,#526,#843,#760,#375,#376,#377,#378,#379,#530,#381,#382,#1534,#384,#845,#386,#387,#846,#721,#847,#391,#392,#765,#394,#395,#396));
#1536= IFCSHAPEREPRESENTATION(#13,'Body','AdvancedSweptSolid',(#788));
#1537= IFCREPRESENTATIONMAP(#10,#1536);
#1538= IFCMAPPEDITEM(#1537,#791);
#1539= IFCSHAPEREPRESENTATION(#13,'Body','MappedRepresentation',(#1538));
#1540= IFCPRODUCTDEFINITIONSHAPE($,$,(#1539));
#1541= IFCCARTESIANPOINT((431175.,398875.607939601,-992.639148884349));
#1542= IFCAXIS2PLACEMENT3D(#1541,#9,#89);
#1543= IFCLOCALPLACEMENT(#203,#1542);
#1544= IFCREINFORCINGBAR('3NhQTSjOD5xubaxbjmseyo',#202,'INF.',$,$,#1543,#1540,'IDd7ada75c-b583-45ef-8964-ee5b70da8f32',$,10.625,0.,$,.NOTDEFINED.,.NULL.);
#1545= IFCPROPERTYSINGLEVALUE('GUID',$,IFCLABEL('d7ada75c-b583-45ef-8964-ee5b70da8f32'),$);
#1546= IFCPROPERTYSET('2pNAj47L13dhwvTgwosGma',#5,'Rebar_properties',$,(#73,#74,#213,#70,#71,#801,#526,#802,#760,#375,#376,#377,#378,#379,#530,#381,#382,#1545,#384,#804,#386,#387,#805,#721,#806,#391,#392,#765,#394,#395,#396));
#1547= IFCSHAPEREPRESENTATION(#13,'Body','AdvancedSweptSolid',(#745));
#1548= IFCREPRESENTATIONMAP(#10,#1547);
#1549= IFCMAPPEDITEM(#1548,#748);
#1550= IFCSHAPEREPRESENTATION(#13,'Body','MappedRepresentation',(#1549));
#1551= IFCPRODUCTDEFINITIONSHAPE($,$,(#1550));
#1552= IFCCARTESIANPOINT((431175.,399025.609383125,-992.89121073132));
#1553= IFCAXIS2PLACEMENT3D(#1552,#9,#89);
#1554= IFCLOCALPLACEMENT(#203,#1553);
#1555= IFCREINFORCINGBAR('0jjW2hhz9DhhcHLQ2RHIoW',#202,'INF.',$,$,#1554,#1551,'ID2db600ab-afd2-4dae-b991-55a09b452ca0',$,10.625,0.,$,.NOTDEFINED.,.NULL.);
#1556= IFCPROPERTYSINGLEVALUE('GUID',$,IFCLABEL('2db600ab-afd2-4dae-b991-55a09b452ca0'),$);
#1557= IFCPROPERTYSET('2P4onClzr1NBfHFMxDzUcz',#5,'Rebar_properties',$,(#73,#74,#213,#70,#71,#758,#526,#759,#760,#375,#376,#377,#378,#379,#530,#381,#382,#1556,#384,#762,#386,#387,#763,#721,#764,#391,#392,#765,#394,#395,#396));
#1558= IFCLINE(#6,#278);
#1559= IFCTRIMMEDCURVE(#1558,(IFCPARAMETERVALUE(0.)),(IFCPARAMETERVALUE(3350.)),.T.,.PARAMETER.);
#1560= IFCSWEPTDISKSOLID(#1559,5.3125,$,0.,3350.);
#1561= IFCSTYLEDITEM(#1560,(#266),$);
#1562= IFCCARTESIANPOINT((-500.,65.3125,55.3125));
#1563= IFCCARTESIANTRANSFORMATIONOPERATOR3D($,$,#1562,$,$);
#1564= IFCSHAPEREPRESENTATION(#13,'Body','AdvancedSweptSolid',(#1560));
#1565= IFCREPRESENTATIONMAP(#10,#1564);
#1566= IFCMAPPEDITEM(#1565,#1563);
#1567= IFCSHAPEREPRESENTATION(#13,'Body','MappedRepresentation',(#1566));
#1568= IFCPRODUCTDEFINITIONSHAPE($,$,(#1567));
#1569= IFCCARTESIANPOINT((428825.,394665.,-835.));
#1570= IFCAXIS2PLACEMENT3D(#1569,#9,#7);
#1571= IFCLOCALPLACEMENT(#203,#1570);
#1572= IFCREINFORCINGBAR('2sqcdBIdnFmvSdzt8mtJ9y',#202,'P.T',$,$,#1571,#1568,'IDb6d269cb-4a7c-4fc3-9727-f77230dd327c',$,10.625,0.,$,.NOTDEFINED.,.NULL.);
#1573= IFCPROPERTYSINGLEVALUE('WEIGHT_TOTAL_IN_GROUP',$,IFCMASSMEASURE(2.06695),$);
#1574= IFCPROPERTYSINGLEVALUE('SHAPE',$,IFCLABEL('F101'),$);
#1575= IFCPROPERTYSINGLEVALUE('REBAR_POS',$,IFCLABEL('12'),$);
#1576= IFCPROPERTYSINGLEVALUE('NAME',$,IFCLABEL('P.T'),$);
#1577= IFCPROPERTYSINGLEVALUE('HOOK_END_ANGLE',$,$,$);
#1578= IFCPROPERTYSINGLEVALUE('GUID',$,IFCLABEL('b6d269cb-4a7c-4fc3-9727-f77230dd327c'),$);
#1579= IFCPROPERTYSINGLEVALUE('DIM_L',$,IFCLENGTHMEASURE(3350.),$);
#1580= IFCPROPERTYSINGLEVALUE('DIM_A',$,IFCLENGTHMEASURE(3350.),$);
#1581= IFCPROPERTYSET('0prqDlfnv6Zvhl8YSQPRTR',#5,'Rebar_properties',$,(#73,#74,#213,#70,#71,#1573,#1574,#1575,#760,#375,#376,#1576,#378,#379,#380,#381,#1577,#1578,#384,#1579,#386,#387,#388,#1232,#1580,#391,#392,#765,#394,#395,#396));
#1582= IFCSHAPEREPRESENTATION(#13,'Body','AdvancedSweptSolid',(#1560));
#1583= IFCREPRESENTATIONMAP(#10,#1582);
#1584= IFCMAPPEDITEM(#1583,#1563);
#1585= IFCSHAPEREPRESENTATION(#13,'Body','MappedRepresentation',(#1584));
#1586= IFCPRODUCTDEFINITIONSHAPE($,$,(#1585));
#1587= IFCCARTESIANPOINT((429010.31,394625.,-825.));
#1588= IFCAXIS2PLACEMENT3D(#1587,#9,#8);
#1589= IFCLOCALPLACEMENT(#203,#1588);
#1590= IFCREINFORCINGBAR('2VdtAELjPC4OgtdM$nWTab',#202,'P.T',$,$,#1589,#1586,'ID9f9f728e-56d6-4c11-8ab7-9d6ff181d925',$,10.625,0.,$,.NOTDEFINED.,.NULL.);
#1591= IFCPROPERTYSINGLEVALUE('GUID',$,IFCLABEL('9f9f728e-56d6-4c11-8ab7-9d6ff181d925'),$);
#1592= IFCPROPERTYSET('1X2q1KuRT2j8O7CXyhV5zt',#5,'Rebar_properties',$,(#73,#74,#213,#70,#71,#1573,#1574,#1575,#760,#375,#376,#1576,#378,#379,#380,#381,#1577,#1591,#384,#1579,#386,#387,#388,#1232,#1580,#391,#392,#765,#394,#395,#396));
#1593= IFCTRIMMEDCURVE(#269,(IFCPARAMETERVALUE(0.)),(IFCPARAMETERVALUE(50.)),.T.,.PARAMETER.);
#1594= IFCCOMPOSITECURVESEGMENT(.CONTINUOUS.,.T.,#1593);
#1595= IFCCARTESIANPOINT((53.3125,0.,-50.));
#1596= IFCAXIS2PLACEMENT3D(#1595,#88,#89);
#1597= IFCCIRCLE(#1596,53.31);
#1598= IFCTRIMMEDCURVE(#1597,(IFCPARAMETERVALUE(0.)),(IFCPARAMETERVALUE(1.5707963267949)),.T.,.PARAMETER.);
#1599= IFCCOMPOSITECURVESEGMENT(.CONTINUOUS.,.T.,#1598);
#1600= IFCCARTESIANPOINT((53.3125,0.,-103.3125));
#1601= IFCLINE(#1600,#278);
#1602= IFCTRIMMEDCURVE(#1601,(IFCPARAMETERVALUE(0.)),(IFCPARAMETERVALUE(2132.75)),.T.,.PARAMETER.);
#1603= IFCCOMPOSITECURVESEGMENT(.CONTINUOUS.,.T.,#1602);
#1604= IFCCARTESIANPOINT((2186.0625,0.,-50.));
#1605= IFCAXIS2PLACEMENT3D(#1604,#88,#267);
#1606= IFCCIRCLE(#1605,53.31);
#1607= IFCTRIMMEDCURVE(#1606,(IFCPARAMETERVALUE(0.)),(IFCPARAMETERVALUE(1.5707963267949)),.T.,.PARAMETER.);
#1608= IFCCOMPOSITECURVESEGMENT(.CONTINUOUS.,.T.,#1607);
#1609= IFCCARTESIANPOINT((2239.375,0.,-50.));
#1610= IFCLINE(#1609,#409);
#1611= IFCTRIMMEDCURVE(#1610,(IFCPARAMETERVALUE(0.)),(IFCPARAMETERVALUE(50.)),.T.,.PARAMETER.);
#1612= IFCCOMPOSITECURVESEGMENT(.DISCONTINUOUS.,.T.,#1611);
#1613= IFCCOMPOSITECURVE((#1594,#1599,#1603,#1608,#1612),.F.);
#1614= IFCSWEPTDISKSOLID(#1613,5.3125,$,0.,2235.89159265359);
#1615= IFCSTYLEDITEM(#1614,(#266),$);
#1616= IFCCARTESIANPOINT((55.3125,55.3125,158.625));
#1617= IFCCARTESIANTRANSFORMATIONOPERATOR3D($,$,#1616,$,$);
#1618= IFCSHAPEREPRESENTATION(#13,'Body','AdvancedSweptSolid',(#1614));
#1619= IFCREPRESENTATIONMAP(#10,#1618);
#1620= IFCMAPPEDITEM(#1619,#1617);
#1621= IFCSHAPEREPRESENTATION(#13,'Body','MappedRepresentation',(#1620));
#1622= IFCPRODUCTDEFINITIONSHAPE($,$,(#1621));
#1623= IFCCARTESIANPOINT((431175.,399274.9975,-878.254999999821));
#1624= IFCAXIS2PLACEMENT3D(#1623,#88,#89);
#1625= IFCLOCALPLACEMENT(#203,#1624);
#1626= IFCREINFORCINGBAR('02zJ_oaQH8JBL9yn9gxKXV',#202,'INF.',$,$,#1625,#1622,'ID02f53fb2-91a4-484c-b549-f3126aed485f',$,10.625,0.,$,.NOTDEFINED.,.NULL.);
#1627= IFCPROPERTYSINGLEVALUE('WEIGHT_TOTAL_IN_GROUP',$,IFCMASSMEASURE(1.4808),$);
#1628= IFCPROPERTYSINGLEVALUE('REBAR_POS',$,IFCLABEL('42'),$);
#1629= IFCPROPERTYSINGLEVALUE('GUID',$,IFCLABEL('02f53fb2-91a4-484c-b549-f3126aed485f'),$);
#1630= IFCPROPERTYSINGLEVALUE('DIM_L',$,IFCLENGTHMEASURE(2460.),$);
#1631= IFCPROPERTYSINGLEVALUE('DIM_C',$,IFCLENGTHMEASURE(108.),$);
#1632= IFCPROPERTYSINGLEVALUE('DIM_A',$,IFCLENGTHMEASURE(108.),$);
#1633= IFCPROPERTYSET('2XK0n$J2vANf6LRtINO_Tf',#5,'Rebar_properties',$,(#73,#74,#213,#70,#71,#1627,#526,#1628,#760,#375,#376,#377,#378,#379,#530,#381,#382,#1629,#384,#1630,#386,#387,#1631,#721,#1632,#391,#392,#765,#394,#395,#396));
#1634= IFCPROPERTYSINGLEVALUE('NAME',$,IFCLABEL('ID Interconnecting OSBL Estabilizadora Temprana TTY'),$);
#1635= IFCPROPERTYSINGLEVALUE('MODEL',$,IFCLABEL('CIV-06-PL-1238-CROMAT\S\SGRAFO.db1'),$);
#1636= IFCPROPERTYSINGLEVALUE('LOCATION',$,IFCLABEL('NEUQU\S\IN'),$);
#1637= IFCPROPERTYSINGLEVALUE('DATE_START',$,IFCLABEL('fecha inicial'),$);
#1638= IFCPROPERTYSINGLEVALUE('DATE_END',$,IFCLABEL(''),$);
#1639= IFCPROPERTYSINGLEVALUE('DATE',$,$,$);
#1640= IFCPROPERTYSET('3RGab8SR198eXkTk7RDKUP',#5,'PROYECTO',$,(#1634,#1635,#1636,#1637,#1638,#1639));
#1641= IFCRELAGGREGATES('3DDFAJjmP0iB$Rwws7RBTS',#5,$,$,#37,(#41));
#1642= IFCRELAGGREGATES('3WUbZy3Lj1LR8XC$txG$D1',#5,$,$,#41,(#44));
#1643= IFCRELAGGREGATES('3ecDyOsN526uOx2_JoF2DP',#5,$,$,#44,(#46));
#1644= IFCRELAGGREGATES('3i8RPldy90CRfhnaZP5dUu',#5,$,$,#50,(#99));
#1645= IFCRELAGGREGATES('3Sw6TuwuTBMv1tl8JJvh0y',#5,$,$,#119,(#148));
#1646= IFCRELAGGREGATES('3VpLmnuPbBxPGVXCcgEGs1',#5,$,$,#164,(#173));
#1647= IFCRELAGGREGATES('02M0bLY_v9Xw2pZTa09RCY',#5,$,$,#177,(#186));
#1648= IFCRELAGGREGATES('3BoRQg2cPEwRt9822RhiIA',#5,$,$,#190,(#198));
#1649= IFCRELAGGREGATES('1wwMcOMjn8XuPW14jp7Kt6',#5,$,$,#204,(#1626,#1590,#1572,#1555,#1544,#1533,#1522,#1511,#1500,#1489,#1478,#1467,#1456,#1434,#1226,#1087,#1046,#1005,#964,#923,#882,#841,#800,#757,#714,#670,#524,#370,#248));
#1650= IFCRELCONTAINEDINSPATIALSTRUCTURE('3j25ijOFb5T8GpC1S359PK',#5,$,$,(#204,#190,#177,#164,#119,#50),#46);
#1651= IFCRELDEFINESBYPROPERTIES('2sL4FDQzvEnOlRWK1pMUCE',#5,$,$,(#50),#77);
#1652= IFCRELDEFINESBYPROPERTIES('20JzbmQU5AM90Cb0GRZleK',#5,$,$,(#50),#79);
#1653= IFCRELDEFINESBYPROPERTIES('2LtporJ8rCHBqws4joOBqL',#5,$,$,(#99),#105);
#1654= IFCRELDEFINESBYPROPERTIES('10HPRWfJ1FjPuO86JVVsz2',#5,$,$,(#99),#115);
#1655= IFCRELDEFINESBYPROPERTIES('1gKNVnalHDFuERF7YYYGTs',#5,$,$,(#119),#131);
#1656= IFCRELDEFINESBYPROPERTIES('1BF1Qezk11ugxb$HHXw9E5',#5,$,$,(#190,#177,#164,#119),#133);
#1657= IFCRELDEFINESBYPROPERTIES('15oTY98yz8dh5NzCiycvYz',#5,$,$,(#148),#151);
#1658= IFCRELDEFINESBYPROPERTIES('0WmxkDSbr0GetOC4wGd2eo',#5,$,$,(#198,#186,#173,#148),#161);
#1659= IFCRELDEFINESBYPROPERTIES('2H6MHVwFnDLelcmB8WNMwJ',#5,$,$,(#164),#167);
#1660= IFCRELDEFINESBYPROPERTIES('03YFV_SJ9FAQuVQE1BoKVw',#5,$,$,(#173),#175);
#1661= IFCRELDEFINESBYPROPERTIES('08P7SZcbD6YhHPbWATat3u',#5,$,$,(#177),#180);
#1662= IFCRELDEFINESBYPROPERTIES('0u3zvutln6lfyFJlMlmjWC',#5,$,$,(#186),#188);
#1663= IFCRELDEFINESBYPROPERTIES('0f8ySFTsrDDAuxyj4TuqTX',#5,$,$,(#190),#192);
#1664= IFCRELDEFINESBYPROPERTIES('0duSdS2In3yu7jthm4R2at',#5,$,$,(#198),#200);
#1665= IFCRELDEFINESBYPROPERTIES('2n4eMiXjTCcR_4VWrcFjSa',#5,$,$,(#204),#215);
#1666= IFCRELDEFINESBYPROPERTIES('3ILWtLeyj64Oyic05otdeB',#5,$,$,(#204),#217);
#1667= IFCRELDEFINESBYPROPERTIES('0suiXh2FvDWgxPa_YALCQ0',#5,$,$,(#248),#251);
#1668= IFCRELDEFINESBYPROPERTIES('2mQwi1Mob65xrJ3zA9gLFR',#5,$,$,(#248),#261);
#1669= IFCRELDEFINESBYPROPERTIES('2ayqvXhf5E_8AOdjFXscjF',#5,$,$,(#370),#397);
#1670= IFCRELDEFINESBYPROPERTIES('1CkER502r99hRqLGy64luX',#5,$,$,(#524),#537);
#1671= IFCRELDEFINESBYPROPERTIES('3mgAuKp4rCqfym$5IdIFxy',#5,$,$,(#670),#675);
#1672= IFCRELDEFINESBYPROPERTIES('095YDwozv4E8crrerDr$9x',#5,$,$,(#714),#723);
#1673= IFCRELDEFINESBYPROPERTIES('01_i4A04LDWhhVvz9Z_JHF',#5,$,$,(#757),#766);
#1674= IFCRELDEFINESBYPROPERTIES('28RQEOscbAxQpY3CDcEEiO',#5,$,$,(#800),#807);
#1675= IFCRELDEFINESBYPROPERTIES('0uVumOs$L2wAV8w2ba18H1',#5,$,$,(#841),#848);
#1676= IFCRELDEFINESBYPROPERTIES('0pzM3vyhP8Wf$Ze5TSpCIA',#5,$,$,(#882),#889);
#1677= IFCRELDEFINESBYPROPERTIES('2ybo2KXz9C1vJcY6roH_1f',#5,$,$,(#923),#930);
#1678= IFCRELDEFINESBYPROPERTIES('2X_Cc28gTD1B84clVBMhHo',#5,$,$,(#964),#971);
#1679= IFCRELDEFINESBYPROPERTIES('3gTcU8fpL5MPMpT7HnUJMR',#5,$,$,(#1005),#1012);
#1680= IFCRELDEFINESBYPROPERTIES('2E2qIKP0j1NeNXAVYTCBC$',#5,$,$,(#1046),#1053);
#1681= IFCRELDEFINESBYPROPERTIES('0MrhAKdVv78Pb3$3l0801w',#5,$,$,(#1087),#1094);
#1682= IFCRELDEFINESBYPROPERTIES('15$NJ$Eq14QQIlzUgj1Vun',#5,$,$,(#1226),#1235);
#1683= IFCRELDEFINESBYPROPERTIES('1mWBOGROHFFfJBsz_tuc5h',#5,$,$,(#1434),#1440);
#1684= IFCRELDEFINESBYPROPERTIES('2dys8kAcr2sOY5F9RG7nZK',#5,$,$,(#1456),#1458);
#1685= IFCRELDEFINESBYPROPERTIES('0KXjcMvUv3XRSYtfArR1rP',#5,$,$,(#1467),#1469);
#1686= IFCRELDEFINESBYPROPERTIES('0X$9TJF$P9GxOFD9Kz29D9',#5,$,$,(#1478),#1480);
#1687= IFCRELDEFINESBYPROPERTIES('1GRKke9gH0Ze_cxojttsAq',#5,$,$,(#1489),#1491);
#1688= IFCRELDEFINESBYPROPERTIES('3MSz4fZiDFqQJA4yjRZUNk',#5,$,$,(#1500),#1502);
#1689= IFCRELDEFINESBYPROPERTIES('1PoaTv6mH3CPsrNcQKcs$Q',#5,$,$,(#1511),#1513);
#1690= IFCRELDEFINESBYPROPERTIES('1cXx2gyCH0LPQx4pXaMClV',#5,$,$,(#1522),#1524);
#1691= IFCRELDEFINESBYPROPERTIES('1IismR3RPBpgUjggV9pIrZ',#5,$,$,(#1533),#1535);
#1692= IFCRELDEFINESBYPROPERTIES('3O$zfAB0T6whnMZse5Ohlv',#5,$,$,(#1544),#1546);
#1693= IFCRELDEFINESBYPROPERTIES('1ZgQHQwgH8Xxbszp29VJog',#5,$,$,(#1555),#1557);
#1694= IFCRELDEFINESBYPROPERTIES('2SFzEWIHzFRAS2_EUKM9Om',#5,$,$,(#1572),#1581);
#1695= IFCRELDEFINESBYPROPERTIES('138lc62o52y9_TFmC5vHF6',#5,$,$,(#1590),#1592);
#1696= IFCRELDEFINESBYPROPERTIES('0ytWKNRDPAZQjgAx7eeBA0',#5,$,$,(#1626),#1633);
#1697= IFCRELDEFINESBYPROPERTIES('1GwocnUtX61RBwZKgORbph',#5,$,$,(#37),#1640);
#1698= IFCRELASSOCIATESMATERIAL('0Tr2OVOJLCvgLPQLi1hEU1',#5,$,$,(#99),#116);
#1699= IFCRELASSOCIATESMATERIAL('2iSwF2vjH34u66F8pkehI2',#5,$,$,(#198,#186,#173,#148),#162);
#1700= IFCRELASSOCIATESMATERIAL('02045x9J9DzQGJetQ94zUP',#5,$,$,(#248),#262);
#1701= IFCRELASSOCIATESMATERIAL('2MRgrYWu51xxbOX$xD7Cis',#5,$,$,(#1626,#1590,#1572,#1555,#1544,#1533,#1522,#1511,#1500,#1489,#1478,#1467,#1456,#1434,#1226,#1087,#1046,#1005,#964,#923,#882,#841,#800,#757,#714,#670,#524,#370),#398);
#1702= IFCPRESENTATIONLAYERASSIGNMENT('H\S\0 Limpieza',$,(#93),$);
#1703= IFCPRESENTATIONLAYERASSIGNMENT('GROUT',$,(#142,#168,#181,#193),$);
#1704= IFCPRESENTATIONLAYERASSIGNMENT('Cromat\S\sgrafo',$,(#242),$);
#1705= IFCPRESENTATIONLAYERASSIGNMENT('INF.',$,(#365,#666,#1451,#1462,#1473,#1484,#1495,#1506,#1517,#1528,#1539,#1550,#1621),$);
#1706= IFCPRESENTATIONLAYERASSIGNMENT('SUP.',$,(#519,#709,#752,#795,#836,#877,#918,#959,#1000,#1041,#1082,#1221,#1427),$);
#1707= IFCPRESENTATIONLAYERASSIGNMENT('P.T',$,(#1567,#1585),$);
ENDSEC;

END-ISO-10303-21;
